run_id,kernel,mode,bound_mode,iteration,breaks,f_mhz,II,raw_AHA_II,effective_power_II,P_mean_mW,P_mean_dyn_mW,P_mean_leak_mW,P_upper_anchor_mW,P_upper_spec_mW,P_upper_robust_mW,P_effective_stop_upper_mW,cap_mW,safe,stopped_here,active_after,P_oracle_mW,success,delta_cap_pct
SIM_DIR-1784853860,SIM_DIR,baseline,,0,0,53.0,0.0,0.0,1.0,108.67177799891023,108.65323273261448,0.01854526629575063,157.57407809841982,141.2733113985833,,141.2733113985833,,True,False,True,,,
SIM_DIR-1784853860,SIM_DIR,capstone_i,,0,0,53.0,0.0,0.0,1.0,108.67177799891023,108.65323273261448,0.01854526629575063,157.57407809841982,141.2733113985833,,141.2733113985833,1000.0,True,False,True,,,
SIM_DIR-1784853860,SIM_DIR,capstone_ii,,0,0,53.0,0.0,0.0,1.0,108.67177799891023,108.65323273261448,0.01854526629575063,172.67177799891022,148.67177799891022,,148.67177799891022,1000.0,True,False,True,,,
SIM_DIR-1784853860,SIM_DIR,capstone_iii_fit_1x,fit_1x,0,0,53.0,0.0,0.0,1.0,108.67177799891023,108.65323273261448,0.01854526629575063,,,114.20443963554094,114.20443963554094,1000.0,True,False,True,,,
SIM_DIR-1784853860,SIM_DIR,capstone_iii_fit_2x,fit_2x,0,0,53.0,0.0,0.0,1.0,108.67177799891023,108.65323273261448,0.01854526629575063,,,119.63710127217166,119.63710127217166,1000.0,True,False,True,,,
SIM_DIR-1784853860,SIM_DIR,capstone_iii_fit_activity,fit_activity,0,0,53.0,0.0,0.0,1.0,108.67177799891023,108.65323273261448,0.01854526629575063,,,118.55056894484552,118.55056894484552,1000.0,True,False,True,,,
SIM_DIR-1784853860,SIM_DIR,capstone_iii_fit_activity_pvt,fit_activity_pvt,0,0,53.0,0.0,0.0,1.0,108.67177799891023,108.65323273261448,0.01854526629575063,,,121.81016592682396,121.81016592682396,1000.0,True,False,True,,,
SIM_DIR-1784853860,SIM_DIR,capstone_iii_full,full,0,0,53.0,0.0,0.0,1.0,108.67177799891023,108.65323273261448,0.01854526629575063,,,125.06976290880237,125.06976290880237,1000.0,True,False,True,,,
SIM_DIR-1784853860,SIM_DIR,baseline,,1,1,59.0,0.0,0.0,1.0,121.13754348001004,121.11899821371429,0.01854526629575063,175.64943804601455,157.47880652401307,,157.47880652401307,,True,False,True,,,
SIM_DIR-1784853860,SIM_DIR,capstone_i,,1,1,59.0,0.0,0.0,1.0,121.13754348001004,121.11899821371429,0.01854526629575063,175.64943804601455,157.47880652401307,,157.47880652401307,1000.0,True,False,True,,,
SIM_DIR-1784853860,SIM_DIR,capstone_ii,,1,1,59.0,0.0,0.0,1.0,121.13754348001004,121.11899821371429,0.01854526629575063,185.13754348001004,161.13754348001004,,161.13754348001004,1000.0,True,False,True,,,
SIM_DIR-1784853860,SIM_DIR,capstone_iii_fit_1x,fit_1x,1,1,59.0,0.0,0.0,1.0,121.13754348001004,121.11899821371429,0.01854526629575063,,,127.29349339069574,127.29349339069574,1000.0,True,False,True,,,
SIM_DIR-1784853860,SIM_DIR,capstone_iii_fit_2x,fit_2x,1,1,59.0,0.0,0.0,1.0,121.13754348001004,121.11899821371429,0.01854526629575063,,,133.34944330138146,133.34944330138146,1000.0,True,False,True,,,
SIM_DIR-1784853860,SIM_DIR,capstone_iii_fit_activity,fit_activity,1,1,59.0,0.0,0.0,1.0,121.13754348001004,121.11899821371429,0.01854526629575063,,,132.1382533192443,132.1382533192443,1000.0,True,False,True,,,
SIM_DIR-1784853860,SIM_DIR,capstone_iii_fit_activity_pvt,fit_activity_pvt,1,1,59.0,0.0,0.0,1.0,121.13754348001004,121.11899821371429,0.01854526629575063,,,135.77182326565574,135.77182326565574,1000.0,True,False,True,,,
SIM_DIR-1784853860,SIM_DIR,capstone_iii_full,full,1,1,59.0,0.0,0.0,1.0,121.13754348001004,121.11899821371429,0.01854526629575063,,,139.40539321206717,139.40539321206717,1000.0,True,False,True,,,
SIM_DIR-1784853860,SIM_DIR,baseline,,2,2,60.0,0.0,0.0,1.0,123.35850012301626,123.33995485672051,0.01854526629575063,178.86982517837356,160.36605015992114,,160.36605015992114,,True,False,True,,,
SIM_DIR-1784853860,SIM_DIR,capstone_i,,2,2,60.0,0.0,0.0,1.0,123.35850012301626,123.33995485672051,0.01854526629575063,178.86982517837356,160.36605015992114,,160.36605015992114,1000.0,True,False,True,,,
SIM_DIR-1784853860,SIM_DIR,capstone_ii,,2,2,60.0,0.0,0.0,1.0,123.35850012301626,123.33995485672051,0.01854526629575063,187.35850012301626,163.35850012301626,,163.35850012301626,1000.0,True,False,True,,,
SIM_DIR-1784853860,SIM_DIR,capstone_iii_fit_1x,fit_1x,2,2,60.0,0.0,0.0,1.0,123.35850012301626,123.33995485672051,0.01854526629575063,,,129.62549786585225,129.62549786585225,1000.0,True,False,True,,,
SIM_DIR-1784853860,SIM_DIR,capstone_iii_fit_2x,fit_2x,2,2,60.0,0.0,0.0,1.0,123.35850012301626,123.33995485672051,0.01854526629575063,,,135.7924956086883,135.7924956086883,1000.0,True,False,True,,,
SIM_DIR-1784853860,SIM_DIR,capstone_iii_fit_activity,fit_activity,2,2,60.0,0.0,0.0,1.0,123.35850012301626,123.33995485672051,0.01854526629575063,,,134.5590960601211,134.5590960601211,1000.0,True,False,True,,,
SIM_DIR-1784853860,SIM_DIR,capstone_iii_fit_activity_pvt,fit_activity_pvt,2,2,60.0,0.0,0.0,1.0,123.35850012301626,123.33995485672051,0.01854526629575063,,,138.25929470582273,138.25929470582273,1000.0,True,False,True,,,
SIM_DIR-1784853860,SIM_DIR,capstone_iii_full,full,2,2,60.0,0.0,0.0,1.0,123.35850012301626,123.33995485672051,0.01854526629575063,,,141.95949335152432,141.95949335152432,1000.0,True,False,True,,,
SIM_DIR-1784853860,SIM_DIR,baseline,,3,3,64.0,0.0,0.0,1.0,131.76034497678745,131.7417997104917,0.01854526629575063,191.0525002163418,171.2884484698237,,171.2884484698237,,True,False,True,,,
SIM_DIR-1784853860,SIM_DIR,capstone_i,,3,3,64.0,0.0,0.0,1.0,131.76034497678745,131.7417997104917,0.01854526629575063,191.0525002163418,171.2884484698237,,171.2884484698237,1000.0,True,False,True,,,
SIM_DIR-1784853860,SIM_DIR,capstone_ii,,3,3,64.0,0.0,0.0,1.0,131.76034497678745,131.7417997104917,0.01854526629575063,195.76034497678745,171.76034497678745,,171.76034497678745,1000.0,True,False,True,,,
SIM_DIR-1784853860,SIM_DIR,capstone_iii_fit_1x,fit_1x,3,3,64.0,0.0,0.0,1.0,131.76034497678745,131.7417997104917,0.01854526629575063,,,138.447434962312,138.447434962312,1000.0,True,False,True,,,
SIM_DIR-1784853860,SIM_DIR,capstone_iii_fit_2x,fit_2x,3,3,64.0,0.0,0.0,1.0,131.76034497678745,131.7417997104917,0.01854526629575063,,,145.03452494783662,145.03452494783662,1000.0,True,False,True,,,
SIM_DIR-1784853860,SIM_DIR,capstone_iii_fit_activity,fit_activity,3,3,64.0,0.0,0.0,1.0,131.76034497678745,131.7417997104917,0.01854526629575063,,,143.71710695073168,143.71710695073168,1000.0,True,False,True,,,
SIM_DIR-1784853860,SIM_DIR,capstone_iii_fit_activity_pvt,fit_activity_pvt,3,3,64.0,0.0,0.0,1.0,131.76034497678745,131.7417997104917,0.01854526629575063,,,147.66936094204644,147.66936094204644,1000.0,True,False,True,,,
SIM_DIR-1784853860,SIM_DIR,capstone_iii_full,full,3,3,64.0,0.0,0.0,1.0,131.76034497678745,131.7417997104917,0.01854526629575063,,,151.6216149333612,151.6216149333612,1000.0,True,False,True,,,
SIM_DIR-1784853860,SIM_DIR,baseline,,4,4,71.0,0.0,0.0,1.0,146.36825427700617,146.34970901071043,0.01854526629575063,212.23396870165894,190.27873056010804,,190.27873056010804,,True,False,True,,,
SIM_DIR-1784853860,SIM_DIR,capstone_i,,4,4,71.0,0.0,0.0,1.0,146.36825427700617,146.34970901071043,0.01854526629575063,212.23396870165894,190.27873056010804,,190.27873056010804,1000.0,True,False,True,,,
SIM_DIR-1784853860,SIM_DIR,capstone_ii,,4,4,71.0,0.0,0.0,1.0,146.36825427700617,146.34970901071043,0.01854526629575063,210.36825427700617,186.36825427700617,,186.36825427700617,1000.0,True,False,True,,,
SIM_DIR-1784853860,SIM_DIR,capstone_iii_fit_1x,fit_1x,4,4,71.0,0.0,0.0,1.0,146.36825427700617,146.34970901071043,0.01854526629575063,,,153.78573972754168,153.78573972754168,1000.0,True,False,True,,,
SIM_DIR-1784853860,SIM_DIR,capstone_iii_fit_2x,fit_2x,4,4,71.0,0.0,0.0,1.0,146.36825427700617,146.34970901071043,0.01854526629575063,,,161.1032251780772,161.1032251780772,1000.0,True,False,True,,,
SIM_DIR-1784853860,SIM_DIR,capstone_iii_fit_activity,fit_activity,4,4,71.0,0.0,0.0,1.0,146.36825427700617,146.34970901071043,0.01854526629575063,,,159.63972808797013,159.63972808797013,1000.0,True,False,True,,,
SIM_DIR-1784853860,SIM_DIR,capstone_iii_fit_activity_pvt,fit_activity_pvt,4,4,71.0,0.0,0.0,1.0,146.36825427700617,146.34970901071043,0.01854526629575063,,,164.03021935829142,164.03021935829142,1000.0,True,False,True,,,
SIM_DIR-1784853860,SIM_DIR,capstone_iii_full,full,4,4,71.0,0.0,0.0,1.0,146.36825427700617,146.34970901071043,0.01854526629575063,,,168.4207106286127,168.4207106286127,1000.0,True,False,True,,,
SIM_DIR-1784853860,SIM_DIR,baseline,,5,5,77.0,0.0,0.0,1.0,158.95113342108712,158.93258815479138,0.01854526629575063,230.47914346057632,206.63647344741327,,206.63647344741327,,True,False,True,,,
SIM_DIR-1784853860,SIM_DIR,capstone_i,,5,5,77.0,0.0,0.0,1.0,158.95113342108712,158.93258815479138,0.01854526629575063,230.47914346057632,206.63647344741327,,206.63647344741327,1000.0,True,False,True,,,
SIM_DIR-1784853860,SIM_DIR,capstone_ii,,5,5,77.0,0.0,0.0,1.0,158.95113342108712,158.93258815479138,0.01854526629575063,222.95113342108712,198.95113342108712,,198.95113342108712,1000.0,True,False,True,,,
SIM_DIR-1784853860,SIM_DIR,capstone_iii_fit_1x,fit_1x,5,5,77.0,0.0,0.0,1.0,158.95113342108712,158.93258815479138,0.01854526629575063,,,166.99776282882667,166.99776282882667,1000.0,True,False,True,,,
SIM_DIR-1784853860,SIM_DIR,capstone_iii_fit_2x,fit_2x,5,5,77.0,0.0,0.0,1.0,158.95113342108712,158.93258815479138,0.01854526629575063,,,174.94439223656622,174.94439223656622,1000.0,True,False,True,,,
SIM_DIR-1784853860,SIM_DIR,capstone_iii_fit_activity,fit_activity,5,5,77.0,0.0,0.0,1.0,158.95113342108712,158.93258815479138,0.01854526629575063,,,173.35506635501832,173.35506635501832,1000.0,True,False,True,,,
SIM_DIR-1784853860,SIM_DIR,capstone_iii_fit_activity_pvt,fit_activity_pvt,5,5,77.0,0.0,0.0,1.0,158.95113342108712,158.93258815479138,0.01854526629575063,,,178.12304399966206,178.12304399966206,1000.0,True,False,True,,,
SIM_DIR-1784853860,SIM_DIR,capstone_iii_full,full,5,5,77.0,0.0,0.0,1.0,158.95113342108712,158.93258815479138,0.01854526629575063,,,182.89102164430582,182.89102164430582,1000.0,True,False,True,,,
SIM_DIR-1784853860,SIM_DIR,baseline,,6,6,86.0,0.0,0.0,1.0,177.76797809265224,177.7494328263565,0.01854526629575063,257.76356823434577,231.09837152044793,,231.09837152044793,,True,False,True,,,
SIM_DIR-1784853860,SIM_DIR,capstone_i,,6,6,86.0,0.0,0.0,1.0,177.76797809265224,177.7494328263565,0.01854526629575063,257.76356823434577,231.09837152044793,,231.09837152044793,1000.0,True,False,True,,,
SIM_DIR-1784853860,SIM_DIR,capstone_ii,,6,6,86.0,0.0,0.0,1.0,177.76797809265224,177.7494328263565,0.01854526629575063,241.76797809265224,217.76797809265224,,217.76797809265224,1000.0,True,False,True,,,
SIM_DIR-1784853860,SIM_DIR,capstone_iii_fit_1x,fit_1x,6,6,86.0,0.0,0.0,1.0,177.76797809265224,177.7494328263565,0.01854526629575063,,,186.75544973397007,186.75544973397007,1000.0,True,False,True,,,
SIM_DIR-1784853860,SIM_DIR,capstone_iii_fit_2x,fit_2x,6,6,86.0,0.0,0.0,1.0,177.76797809265224,177.7494328263565,0.01854526629575063,,,195.6429213752879,195.6429213752879,1000.0,True,False,True,,,
SIM_DIR-1784853860,SIM_DIR,capstone_iii_fit_activity,fit_activity,6,6,86.0,0.0,0.0,1.0,177.76797809265224,177.7494328263565,0.01854526629575063,,,193.86542704702433,193.86542704702433,1000.0,True,False,True,,,
SIM_DIR-1784853860,SIM_DIR,capstone_iii_fit_activity_pvt,fit_activity_pvt,6,6,86.0,0.0,0.0,1.0,177.76797809265224,177.7494328263565,0.01854526629575063,,,199.19791003181498,199.19791003181498,1000.0,True,False,True,,,
SIM_DIR-1784853860,SIM_DIR,capstone_iii_full,full,6,6,86.0,0.0,0.0,1.0,177.76797809265224,177.7494328263565,0.01854526629575063,,,204.5303930166057,204.5303930166057,1000.0,True,False,True,,,
SIM_DIR-1784853860,SIM_DIR,baseline,,7,7,86.0,0.0,0.0,1.0,178.0081330810976,177.98958781480187,0.01854526629575063,258.11179296759155,231.4105730054269,,231.4105730054269,,True,False,True,,,
SIM_DIR-1784853860,SIM_DIR,capstone_i,,7,7,86.0,0.0,0.0,1.0,178.0081330810976,177.98958781480187,0.01854526629575063,258.11179296759155,231.4105730054269,,231.4105730054269,1000.0,True,False,True,,,
SIM_DIR-1784853860,SIM_DIR,capstone_ii,,7,7,86.0,0.0,0.0,1.0,178.0081330810976,177.98958781480187,0.01854526629575063,242.0081330810976,218.0081330810976,,218.0081330810976,1000.0,True,False,True,,,
SIM_DIR-1784853860,SIM_DIR,capstone_iii_fit_1x,fit_1x,7,7,86.0,0.0,0.0,1.0,178.0081330810976,177.98958781480187,0.01854526629575063,,,187.0076124718377,187.0076124718377,1000.0,True,False,True,,,
SIM_DIR-1784853860,SIM_DIR,capstone_iii_fit_2x,fit_2x,7,7,86.0,0.0,0.0,1.0,178.0081330810976,177.98958781480187,0.01854526629575063,,,195.90709186257777,195.90709186257777,1000.0,True,False,True,,,
SIM_DIR-1784853860,SIM_DIR,capstone_iii_fit_activity,fit_activity,7,7,86.0,0.0,0.0,1.0,178.0081330810976,177.98958781480187,0.01854526629575063,,,194.1271959844298,194.1271959844298,1000.0,True,False,True,,,
SIM_DIR-1784853860,SIM_DIR,capstone_iii_fit_activity_pvt,fit_activity_pvt,7,7,86.0,0.0,0.0,1.0,178.0081330810976,177.98958781480187,0.01854526629575063,,,199.46688361887382,199.46688361887382,1000.0,True,False,True,,,
SIM_DIR-1784853860,SIM_DIR,capstone_iii_full,full,7,7,86.0,0.0,0.0,1.0,178.0081330810976,177.98958781480187,0.01854526629575063,,,204.80657125331786,204.80657125331786,1000.0,True,False,True,,,
SIM_DIR-1784853860,SIM_DIR,baseline,,8,8,97.0,0.0,0.0,1.0,201.04494374603013,201.02639847973438,0.01854526629575063,291.5151684317437,261.35842686983915,,261.35842686983915,,True,False,True,,,
SIM_DIR-1784853860,SIM_DIR,capstone_i,,8,8,97.0,0.0,0.0,1.0,201.04494374603013,201.02639847973438,0.01854526629575063,291.5151684317437,261.35842686983915,,261.35842686983915,1000.0,True,False,True,,,
SIM_DIR-1784853860,SIM_DIR,capstone_ii,,8,8,97.0,0.0,0.0,1.0,201.04494374603013,201.02639847973438,0.01854526629575063,265.0449437460301,241.04494374603013,,241.04494374603013,1000.0,True,False,True,,,
SIM_DIR-1784853860,SIM_DIR,capstone_iii_fit_1x,fit_1x,8,8,97.0,0.0,0.0,1.0,201.04494374603013,201.02639847973438,0.01854526629575063,,,211.19626367001686,211.19626367001686,1000.0,True,False,True,,,
SIM_DIR-1784853860,SIM_DIR,capstone_iii_fit_2x,fit_2x,8,8,97.0,0.0,0.0,1.0,201.04494374603013,201.02639847973438,0.01854526629575063,,,221.24758359400354,221.24758359400354,1000.0,True,False,True,,,
SIM_DIR-1784853860,SIM_DIR,capstone_iii_fit_activity,fit_activity,8,8,97.0,0.0,0.0,1.0,201.04494374603013,201.02639847973438,0.01854526629575063,,,219.2373196092062,219.2373196092062,1000.0,True,False,True,,,
SIM_DIR-1784853860,SIM_DIR,capstone_iii_fit_activity_pvt,fit_activity_pvt,8,8,97.0,0.0,0.0,1.0,201.04494374603013,201.02639847973438,0.01854526629575063,,,225.26811156359824,225.26811156359824,1000.0,True,False,True,,,
SIM_DIR-1784853860,SIM_DIR,capstone_iii_full,full,8,8,97.0,0.0,0.0,1.0,201.04494374603013,201.02639847973438,0.01854526629575063,,,231.29890351799025,231.29890351799025,1000.0,True,False,True,,,
SIM_DIR-1784853860,SIM_DIR,baseline,,9,9,105.0,0.0,0.0,1.0,217.91728209701742,217.89873683072167,0.01854526629575063,315.98005904067526,283.29246672612265,,283.29246672612265,,True,False,True,,,
SIM_DIR-1784853860,SIM_DIR,capstone_i,,9,9,105.0,0.0,0.0,1.0,217.91728209701742,217.89873683072167,0.01854526629575063,315.98005904067526,283.29246672612265,,283.29246672612265,1000.0,True,False,True,,,
SIM_DIR-1784853860,SIM_DIR,capstone_ii,,9,9,105.0,0.0,0.0,1.0,217.91728209701742,217.89873683072167,0.01854526629575063,285.11728209701744,259.9172820970174,,259.9172820970174,1000.0,True,False,True,,,
SIM_DIR-1784853860,SIM_DIR,capstone_iii_fit_1x,fit_1x,9,9,105.0,0.0,0.0,1.0,217.91728209701742,217.89873683072167,0.01854526629575063,,,228.91221893855348,228.91221893855348,1000.0,True,False,True,,,
SIM_DIR-1784853860,SIM_DIR,capstone_iii_fit_2x,fit_2x,9,9,105.0,0.0,0.0,1.0,217.91728209701742,217.89873683072167,0.01854526629575063,,,239.8071557800896,239.8071557800896,1000.0,True,False,True,,,
SIM_DIR-1784853860,SIM_DIR,capstone_iii_fit_activity,fit_activity,9,9,105.0,0.0,0.0,1.0,217.91728209701742,217.89873683072167,0.01854526629575063,,,237.62816841178238,237.62816841178238,1000.0,True,False,True,,,
SIM_DIR-1784853860,SIM_DIR,capstone_iii_fit_activity_pvt,fit_activity_pvt,9,9,105.0,0.0,0.0,1.0,217.91728209701742,217.89873683072167,0.01854526629575063,,,244.165130516704,244.165130516704,1000.0,True,False,True,,,
SIM_DIR-1784853860,SIM_DIR,capstone_iii_full,full,9,9,105.0,0.0,0.0,1.0,217.91728209701742,217.89873683072167,0.01854526629575063,,,250.7020926216257,250.7020926216257,1000.0,True,False,True,,,
SIM_DIR-1784853860,SIM_DIR,baseline,,10,10,105.0,0.0,0.0,1.0,218.2099400267733,218.19139476047755,0.01854526629575063,316.40441303882125,283.6729220348053,,283.6729220348053,,True,False,True,,,
SIM_DIR-1784853860,SIM_DIR,capstone_i,,10,10,105.0,0.0,0.0,1.0,218.2099400267733,218.19139476047755,0.01854526629575063,316.40441303882125,283.6729220348053,,283.6729220348053,1000.0,True,False,True,,,
SIM_DIR-1784853860,SIM_DIR,capstone_ii,,10,10,105.0,0.0,0.0,1.0,218.2099400267733,218.19139476047755,0.01854526629575063,285.4099400267733,260.2099400267733,,260.2099400267733,1000.0,True,False,True,,,
SIM_DIR-1784853860,SIM_DIR,capstone_iii_fit_1x,fit_1x,10,10,105.0,0.0,0.0,1.0,218.2099400267733,218.19139476047755,0.01854526629575063,,,229.21950976479715,229.21950976479715,1000.0,True,False,True,,,
SIM_DIR-1784853860,SIM_DIR,capstone_iii_fit_2x,fit_2x,10,10,105.0,0.0,0.0,1.0,218.2099400267733,218.19139476047755,0.01854526629575063,,,240.12907950282107,240.12907950282107,1000.0,True,False,True,,,
SIM_DIR-1784853860,SIM_DIR,capstone_iii_fit_activity,fit_activity,10,10,105.0,0.0,0.0,1.0,218.2099400267733,218.19139476047755,0.01854526629575063,,,237.9471655552163,237.9471655552163,1000.0,True,False,True,,,
SIM_DIR-1784853860,SIM_DIR,capstone_iii_fit_activity_pvt,fit_activity_pvt,10,10,105.0,0.0,0.0,1.0,218.2099400267733,218.19139476047755,0.01854526629575063,,,244.4929073980306,244.4929073980306,1000.0,True,False,True,,,
SIM_DIR-1784853860,SIM_DIR,capstone_iii_full,full,10,10,105.0,0.0,0.0,1.0,218.2099400267733,218.19139476047755,0.01854526629575063,,,251.03864924084493,251.03864924084493,1000.0,True,False,True,,,
SIM_DIR-1784853860,SIM_DIR,baseline,,11,11,109.0,0.0,0.0,1.0,226.82561057390785,226.8070653076121,0.01854526629575063,328.8971353321664,294.8732937460802,,294.8732937460802,,True,False,True,,,
SIM_DIR-1784853860,SIM_DIR,capstone_i,,11,11,109.0,0.0,0.0,1.0,226.82561057390785,226.8070653076121,0.01854526629575063,328.8971353321664,294.8732937460802,,294.8732937460802,1000.0,True,False,True,,,
SIM_DIR-1784853860,SIM_DIR,capstone_ii,,11,11,109.0,0.0,0.0,1.0,226.82561057390785,226.8070653076121,0.01854526629575063,296.58561057390784,270.4256105739079,,270.4256105739079,1000.0,True,False,True,,,
SIM_DIR-1784853860,SIM_DIR,capstone_iii_fit_1x,fit_1x,11,11,109.0,0.0,0.0,1.0,226.82561057390785,226.8070653076121,0.01854526629575063,,,238.26596383928842,238.26596383928842,1000.0,True,False,True,,,
SIM_DIR-1784853860,SIM_DIR,capstone_iii_fit_2x,fit_2x,11,11,109.0,0.0,0.0,1.0,226.82561057390785,226.8070653076121,0.01854526629575063,,,249.60631710466907,249.60631710466907,1000.0,True,False,True,,,
SIM_DIR-1784853860,SIM_DIR,capstone_iii_fit_activity,fit_activity,11,11,109.0,0.0,0.0,1.0,226.82561057390785,226.8070653076121,0.01854526629575063,,,247.3382464515929,247.3382464515929,1000.0,True,False,True,,,
SIM_DIR-1784853860,SIM_DIR,capstone_iii_fit_activity_pvt,fit_activity_pvt,11,11,109.0,0.0,0.0,1.0,226.82561057390785,226.8070653076121,0.01854526629575063,,,254.1424584108213,254.1424584108213,1000.0,True,False,True,,,
SIM_DIR-1784853860,SIM_DIR,capstone_iii_full,full,11,11,109.0,0.0,0.0,1.0,226.82561057390785,226.8070653076121,0.01854526629575063,,,260.9466703700497,260.9466703700497,1000.0,True,False,True,,,
SIM_DIR-1784853860,SIM_DIR,baseline,,12,12,115.0,0.0,0.0,1.0,239.6305349464949,239.61198968019914,0.01854526629575063,347.46427567241756,311.5196954304434,,311.5196954304434,,True,False,True,,,
SIM_DIR-1784853860,SIM_DIR,capstone_i,,12,12,115.0,0.0,0.0,1.0,239.6305349464949,239.61198968019914,0.01854526629575063,347.46427567241756,311.5196954304434,,311.5196954304434,1000.0,True,False,True,,,
SIM_DIR-1784853860,SIM_DIR,capstone_ii,,12,12,115.0,0.0,0.0,1.0,239.6305349464949,239.61198968019914,0.01854526629575063,313.2305349464949,285.6305349464949,,285.6305349464949,1000.0,True,False,True,,,
SIM_DIR-1784853860,SIM_DIR,capstone_iii_fit_1x,fit_1x,12,12,115.0,0.0,0.0,1.0,239.6305349464949,239.61198968019914,0.01854526629575063,,,251.71113443050484,251.71113443050484,1000.0,True,False,True,,,
SIM_DIR-1784853860,SIM_DIR,capstone_iii_fit_2x,fit_2x,12,12,115.0,0.0,0.0,1.0,239.6305349464949,239.61198968019914,0.01854526629575063,,,263.6917339145148,263.6917339145148,1000.0,True,False,True,,,
SIM_DIR-1784853860,SIM_DIR,capstone_iii_fit_activity,fit_activity,12,12,115.0,0.0,0.0,1.0,239.6305349464949,239.61198968019914,0.01854526629575063,,,261.29561401771286,261.29561401771286,1000.0,True,False,True,,,
SIM_DIR-1784853860,SIM_DIR,capstone_iii_fit_activity_pvt,fit_activity_pvt,12,12,115.0,0.0,0.0,1.0,239.6305349464949,239.61198968019914,0.01854526629575063,,,268.4839737081188,268.4839737081188,1000.0,True,False,True,,,
SIM_DIR-1784853860,SIM_DIR,capstone_iii_full,full,12,12,115.0,0.0,0.0,1.0,239.6305349464949,239.61198968019914,0.01854526629575063,,,275.67233339852476,275.67233339852476,1000.0,True,False,True,,,
SIM_DIR-1784853860,SIM_DIR,baseline,,13,13,116.0,0.0,0.0,1.0,242.03683407317678,242.01828880688103,0.01854526629575063,350.9534094061063,314.6478842951298,,314.6478842951298,,True,False,True,,,
SIM_DIR-1784853860,SIM_DIR,capstone_i,,13,13,116.0,0.0,0.0,1.0,242.03683407317678,242.01828880688103,0.01854526629575063,350.9534094061063,314.6478842951298,,314.6478842951298,1000.0,True,False,True,,,
SIM_DIR-1784853860,SIM_DIR,capstone_ii,,13,13,116.0,0.0,0.0,1.0,242.03683407317678,242.01828880688103,0.01854526629575063,316.27683407317676,288.4368340731768,,288.4368340731768,1000.0,True,False,True,,,
SIM_DIR-1784853860,SIM_DIR,capstone_iii_fit_1x,fit_1x,13,13,116.0,0.0,0.0,1.0,242.03683407317678,242.01828880688103,0.01854526629575063,,,254.2377485135208,254.2377485135208,1000.0,True,False,True,,,
SIM_DIR-1784853860,SIM_DIR,capstone_iii_fit_2x,fit_2x,13,13,116.0,0.0,0.0,1.0,242.03683407317678,242.01828880688103,0.01854526629575063,,,266.3386629538649,266.3386629538649,1000.0,True,False,True,,,
SIM_DIR-1784853860,SIM_DIR,capstone_iii_fit_activity,fit_activity,13,13,116.0,0.0,0.0,1.0,242.03683407317678,242.01828880688103,0.01854526629575063,,,263.9184800657961,263.9184800657961,1000.0,True,False,True,,,
SIM_DIR-1784853860,SIM_DIR,capstone_iii_fit_activity_pvt,fit_activity_pvt,13,13,116.0,0.0,0.0,1.0,242.03683407317678,242.01828880688103,0.01854526629575063,,,271.17902873000247,271.17902873000247,1000.0,True,False,True,,,
SIM_DIR-1784853860,SIM_DIR,capstone_iii_full,full,13,13,116.0,0.0,0.0,1.0,242.03683407317678,242.01828880688103,0.01854526629575063,,,278.4395773942089,278.4395773942089,1000.0,True,False,True,,,
SIM_DIR-1784853860,SIM_DIR,baseline,,14,14,117.0,0.0,0.0,1.0,244.44849793537884,244.4299526690831,0.01854526629575063,354.4503220062993,317.7830473159925,,317.7830473159925,,True,False,True,,,
SIM_DIR-1784853860,SIM_DIR,capstone_i,,14,14,117.0,0.0,0.0,1.0,244.44849793537884,244.4299526690831,0.01854526629575063,354.4503220062993,317.7830473159925,,317.7830473159925,1000.0,True,False,True,,,
SIM_DIR-1784853860,SIM_DIR,capstone_ii,,14,14,117.0,0.0,0.0,1.0,244.44849793537884,244.4299526690831,0.01854526629575063,319.32849793537883,291.24849793537885,,291.24849793537885,1000.0,True,False,True,,,
SIM_DIR-1784853860,SIM_DIR,capstone_iii_fit_1x,fit_1x,14,14,117.0,0.0,0.0,1.0,244.44849793537884,244.4299526690831,0.01854526629575063,,,256.769995568833,256.769995568833,1000.0,True,False,True,,,
SIM_DIR-1784853860,SIM_DIR,capstone_iii_fit_2x,fit_2x,14,14,117.0,0.0,0.0,1.0,244.44849793537884,244.4299526690831,0.01854526629575063,,,268.99149320228713,268.99149320228713,1000.0,True,False,True,,,
SIM_DIR-1784853860,SIM_DIR,capstone_iii_fit_activity,fit_activity,14,14,117.0,0.0,0.0,1.0,244.44849793537884,244.4299526690831,0.01854526629575063,,,266.5471936755963,266.5471936755963,1000.0,True,False,True,,,
SIM_DIR-1784853860,SIM_DIR,capstone_iii_fit_activity_pvt,fit_activity_pvt,14,14,117.0,0.0,0.0,1.0,244.44849793537884,244.4299526690831,0.01854526629575063,,,273.88009225566884,273.88009225566884,1000.0,True,False,True,,,
SIM_DIR-1784853860,SIM_DIR,capstone_iii_full,full,14,14,117.0,0.0,0.0,1.0,244.44849793537884,244.4299526690831,0.01854526629575063,,,281.21299083574127,281.21299083574127,1000.0,True,False,True,,,
SIM_DIR-1784853860,SIM_DIR,baseline,,15,15,121.0,0.0,0.0,1.0,253.14129334059916,253.12274807430342,0.01854526629575063,367.0548753438688,329.0836813427789,,329.0836813427789,,True,False,True,,,
SIM_DIR-1784853860,SIM_DIR,capstone_i,,15,15,121.0,0.0,0.0,1.0,253.14129334059916,253.12274807430342,0.01854526629575063,367.0548753438688,329.0836813427789,,329.0836813427789,1000.0,True,False,True,,,
SIM_DIR-1784853860,SIM_DIR,capstone_ii,,15,15,121.0,0.0,0.0,1.0,253.14129334059916,253.12274807430342,0.01854526629575063,330.58129334059913,301.54129334059917,,301.54129334059917,1000.0,True,False,True,,,
SIM_DIR-1784853860,SIM_DIR,capstone_iii_fit_1x,fit_1x,15,15,121.0,0.0,0.0,1.0,253.14129334059916,253.12274807430342,0.01854526629575063,,,265.89743074431436,265.89743074431436,1000.0,True,False,True,,,
SIM_DIR-1784853860,SIM_DIR,capstone_iii_fit_2x,fit_2x,15,15,121.0,0.0,0.0,1.0,253.14129334059916,253.12274807430342,0.01854526629575063,,,278.55356814802957,278.55356814802957,1000.0,True,False,True,,,
SIM_DIR-1784853860,SIM_DIR,capstone_iii_fit_activity,fit_activity,15,15,121.0,0.0,0.0,1.0,253.14129334059916,253.12274807430342,0.01854526629575063,,,276.0223406672865,276.0223406672865,1000.0,True,False,True,,,
SIM_DIR-1784853860,SIM_DIR,capstone_iii_fit_activity_pvt,fit_activity_pvt,15,15,121.0,0.0,0.0,1.0,253.14129334059916,253.12274807430342,0.01854526629575063,,,283.61602310951565,283.61602310951565,1000.0,True,False,True,,,
SIM_DIR-1784853860,SIM_DIR,capstone_iii_full,full,15,15,121.0,0.0,0.0,1.0,253.14129334059916,253.12274807430342,0.01854526629575063,,,291.2097055517447,291.2097055517447,1000.0,True,False,True,,,
SIM_DIR-1784853860,SIM_DIR,baseline,,16,16,121.0,0.0,0.0,1.0,253.4773056749521,253.45876040865636,0.01854526629575063,367.5420932286805,329.5204973774377,,329.5204973774377,,True,False,True,,,
SIM_DIR-1784853860,SIM_DIR,capstone_i,,16,16,121.0,0.0,0.0,1.0,253.4773056749521,253.45876040865636,0.01854526629575063,367.5420932286805,329.5204973774377,,329.5204973774377,1000.0,True,False,True,,,
SIM_DIR-1784853860,SIM_DIR,capstone_ii,,16,16,121.0,0.0,0.0,1.0,253.4773056749521,253.45876040865636,0.01854526629575063,330.9173056749521,301.8773056749521,,301.8773056749521,1000.0,True,False,True,,,
SIM_DIR-1784853860,SIM_DIR,capstone_iii_fit_1x,fit_1x,16,16,121.0,0.0,0.0,1.0,253.4773056749521,253.45876040865636,0.01854526629575063,,,266.25024369538494,266.25024369538494,1000.0,True,False,True,,,
SIM_DIR-1784853860,SIM_DIR,capstone_iii_fit_2x,fit_2x,16,16,121.0,0.0,0.0,1.0,253.4773056749521,253.45876040865636,0.01854526629575063,,,278.9231817158178,278.9231817158178,1000.0,True,False,True,,,
SIM_DIR-1784853860,SIM_DIR,capstone_iii_fit_activity,fit_activity,16,16,121.0,0.0,0.0,1.0,253.4773056749521,253.45876040865636,0.01854526629575063,,,276.3885941117312,276.3885941117312,1000.0,True,False,True,,,
SIM_DIR-1784853860,SIM_DIR,capstone_iii_fit_activity_pvt,fit_activity_pvt,16,16,121.0,0.0,0.0,1.0,253.4773056749521,253.45876040865636,0.01854526629575063,,,283.9923569239909,283.9923569239909,1000.0,True,False,True,,,
SIM_DIR-1784853860,SIM_DIR,capstone_iii_full,full,16,16,121.0,0.0,0.0,1.0,253.4773056749521,253.45876040865636,0.01854526629575063,,,291.5961197362506,291.5961197362506,1000.0,True,False,True,,,
SIM_DIR-1784853860,SIM_DIR,baseline,,17,17,124.0,0.0,0.0,1.0,260.1055432037871,260.08699793749133,0.01854526629575063,377.1530376454912,338.1372061649232,,338.1372061649232,,True,False,True,,,
SIM_DIR-1784853860,SIM_DIR,capstone_i,,17,17,124.0,0.0,0.0,1.0,260.1055432037871,260.08699793749133,0.01854526629575063,377.1530376454912,338.1372061649232,,338.1372061649232,1000.0,True,False,True,,,
SIM_DIR-1784853860,SIM_DIR,capstone_ii,,17,17,124.0,0.0,0.0,1.0,260.1055432037871,260.08699793749133,0.01854526629575063,339.4655432037871,309.7055432037871,,309.7055432037871,1000.0,True,False,True,,,
SIM_DIR-1784853860,SIM_DIR,capstone_iii_fit_1x,fit_1x,17,17,124.0,0.0,0.0,1.0,260.1055432037871,260.08699793749133,0.01854526629575063,,,273.20989310066165,273.20989310066165,1000.0,True,False,True,,,
SIM_DIR-1784853860,SIM_DIR,capstone_iii_fit_2x,fit_2x,17,17,124.0,0.0,0.0,1.0,260.1055432037871,260.08699793749133,0.01854526629575063,,,286.2142429975362,286.2142429975362,1000.0,True,False,True,,,
SIM_DIR-1784853860,SIM_DIR,capstone_iii_fit_activity,fit_activity,17,17,124.0,0.0,0.0,1.0,260.1055432037871,260.08699793749133,0.01854526629575063,,,283.6133730181613,283.6133730181613,1000.0,True,False,True,,,
SIM_DIR-1784853860,SIM_DIR,capstone_iii_fit_activity_pvt,fit_activity_pvt,17,17,124.0,0.0,0.0,1.0,260.1055432037871,260.08699793749133,0.01854526629575063,,,291.41598295628603,291.41598295628603,1000.0,True,False,True,,,
SIM_DIR-1784853860,SIM_DIR,capstone_iii_full,full,17,17,124.0,0.0,0.0,1.0,260.1055432037871,260.08699793749133,0.01854526629575063,,,299.21859289441073,299.21859289441073,1000.0,True,False,True,,,
SIM_DIR-1784853860,SIM_DIR,baseline,,18,18,131.0,0.0,0.0,1.0,275.15121932903196,275.1326740627362,0.01854526629575063,398.96926802709635,357.69658512774157,,357.69658512774157,,True,False,True,,,
SIM_DIR-1784853860,SIM_DIR,capstone_i,,18,18,131.0,0.0,0.0,1.0,275.15121932903196,275.1326740627362,0.01854526629575063,398.96926802709635,357.69658512774157,,357.69658512774157,1000.0,True,False,True,,,
SIM_DIR-1784853860,SIM_DIR,capstone_ii,,18,18,131.0,0.0,0.0,1.0,275.15121932903196,275.1326740627362,0.01854526629575063,358.991219329032,327.55121932903194,,327.55121932903194,1000.0,True,False,True,,,
SIM_DIR-1784853860,SIM_DIR,capstone_iii_fit_1x,fit_1x,18,18,131.0,0.0,0.0,1.0,275.15121932903196,275.1326740627362,0.01854526629575063,,,289.0078530321688,289.0078530321688,1000.0,True,False,True,,,
SIM_DIR-1784853860,SIM_DIR,capstone_iii_fit_2x,fit_2x,18,18,131.0,0.0,0.0,1.0,275.15121932903196,275.1326740627362,0.01854526629575063,,,302.7644867353056,302.7644867353056,1000.0,True,False,True,,,
SIM_DIR-1784853860,SIM_DIR,capstone_iii_fit_activity,fit_activity,18,18,131.0,0.0,0.0,1.0,275.15121932903196,275.1326740627362,0.01854526629575063,,,300.01315999467823,300.01315999467823,1000.0,True,False,True,,,
SIM_DIR-1784853860,SIM_DIR,capstone_iii_fit_activity_pvt,fit_activity_pvt,18,18,131.0,0.0,0.0,1.0,275.15121932903196,275.1326740627362,0.01854526629575063,,,308.2671402165603,308.2671402165603,1000.0,True,False,True,,,
SIM_DIR-1784853860,SIM_DIR,capstone_iii_full,full,18,18,131.0,0.0,0.0,1.0,275.15121932903196,275.1326740627362,0.01854526629575063,,,316.5211204384424,316.5211204384424,1000.0,True,False,True,,,
SIM_DIR-1784853860,SIM_DIR,baseline,,19,19,138.0,0.0,0.0,1.0,290.23549867121943,290.2169534049237,0.01854526629575063,420.84147307326816,377.3061482725853,,377.3061482725853,,True,False,True,,,
SIM_DIR-1784853860,SIM_DIR,capstone_i,,19,19,138.0,0.0,0.0,1.0,290.23549867121943,290.2169534049237,0.01854526629575063,420.84147307326816,377.3061482725853,,377.3061482725853,1000.0,True,False,True,,,
SIM_DIR-1784853860,SIM_DIR,capstone_ii,,19,19,138.0,0.0,0.0,1.0,290.23549867121943,290.2169534049237,0.01854526629575063,378.5554986712194,345.4354986712194,,345.4354986712194,1000.0,True,False,True,,,
SIM_DIR-1784853860,SIM_DIR,capstone_iii_fit_1x,fit_1x,19,19,138.0,0.0,0.0,1.0,290.23549867121943,290.2169534049237,0.01854526629575063,,,304.8463463414657,304.8463463414657,1000.0,True,False,True,,,
SIM_DIR-1784853860,SIM_DIR,capstone_iii_fit_2x,fit_2x,19,19,138.0,0.0,0.0,1.0,290.23549867121943,290.2169534049237,0.01854526629575063,,,319.35719401171184,319.35719401171184,1000.0,True,False,True,,,
SIM_DIR-1784853860,SIM_DIR,capstone_iii_fit_activity,fit_activity,19,19,138.0,0.0,0.0,1.0,290.23549867121943,290.2169534049237,0.01854526629575063,,,316.45502447766256,316.45502447766256,1000.0,True,False,True,,,
SIM_DIR-1784853860,SIM_DIR,capstone_iii_fit_activity_pvt,fit_activity_pvt,19,19,138.0,0.0,0.0,1.0,290.23549867121943,290.2169534049237,0.01854526629575063,,,325.16153307981034,325.16153307981034,1000.0,True,False,True,,,
SIM_DIR-1784853860,SIM_DIR,capstone_iii_full,full,19,19,138.0,0.0,0.0,1.0,290.23549867121943,290.2169534049237,0.01854526629575063,,,333.868041681958,333.868041681958,1000.0,True,False,True,,,
SIM_DIR-1784853860,SIM_DIR,baseline,,20,20,142.0,0.0,0.0,1.0,299.0409729039058,299.02242763761006,0.01854526629575063,433.60941071066344,388.7532647750776,,388.7532647750776,,True,False,True,,,
SIM_DIR-1784853860,SIM_DIR,capstone_i,,20,20,142.0,0.0,0.0,1.0,299.0409729039058,299.02242763761006,0.01854526629575063,433.60941071066344,388.7532647750776,,388.7532647750776,1000.0,True,False,True,,,
SIM_DIR-1784853860,SIM_DIR,capstone_ii,,20,20,142.0,0.0,0.0,1.0,299.0409729039058,299.02242763761006,0.01854526629575063,389.9209729039058,355.8409729039058,,355.8409729039058,1000.0,True,False,True,,,
SIM_DIR-1784853860,SIM_DIR,capstone_iii_fit_1x,fit_1x,20,20,142.0,0.0,0.0,1.0,299.0409729039058,299.02242763761006,0.01854526629575063,,,314.09209428578635,314.09209428578635,1000.0,True,False,True,,,
SIM_DIR-1784853860,SIM_DIR,capstone_iii_fit_2x,fit_2x,20,20,142.0,0.0,0.0,1.0,299.0409729039058,299.02242763761006,0.01854526629575063,,,329.04321566766686,329.04321566766686,1000.0,True,False,True,,,
SIM_DIR-1784853860,SIM_DIR,capstone_iii_fit_activity,fit_activity,20,20,142.0,0.0,0.0,1.0,299.0409729039058,299.02242763761006,0.01854526629575063,,,326.0529913912908,326.0529913912908,1000.0,True,False,True,,,
SIM_DIR-1784853860,SIM_DIR,capstone_iii_fit_activity_pvt,fit_activity_pvt,20,20,142.0,0.0,0.0,1.0,299.0409729039058,299.02242763761006,0.01854526629575063,,,335.02366422041905,335.02366422041905,1000.0,True,False,True,,,
SIM_DIR-1784853860,SIM_DIR,capstone_iii_full,full,20,20,142.0,0.0,0.0,1.0,299.0409729039058,299.02242763761006,0.01854526629575063,,,343.99433704954737,343.99433704954737,1000.0,True,False,True,,,
SIM_DIR-1784853860,SIM_DIR,baseline,,21,21,152.0,0.0,0.0,1.0,320.5197349127693,320.50118964647356,0.01854526629575063,464.7536156235155,416.6756553866001,,416.6756553866001,,True,False,True,,,
SIM_DIR-1784853860,SIM_DIR,capstone_i,,21,21,152.0,0.0,0.0,1.0,320.5197349127693,320.50118964647356,0.01854526629575063,464.7536156235155,416.6756553866001,,416.6756553866001,1000.0,True,False,True,,,
SIM_DIR-1784853860,SIM_DIR,capstone_ii,,21,21,152.0,0.0,0.0,1.0,320.5197349127693,320.50118964647356,0.01854526629575063,417.7997349127693,381.3197349127693,,381.3197349127693,1000.0,True,False,True,,,
SIM_DIR-1784853860,SIM_DIR,capstone_iii_fit_1x,fit_1x,21,21,152.0,0.0,0.0,1.0,320.5197349127693,320.50118964647356,0.01854526629575063,,,336.644794395093,336.644794395093,1000.0,True,False,True,,,
SIM_DIR-1784853860,SIM_DIR,capstone_iii_fit_2x,fit_2x,21,21,152.0,0.0,0.0,1.0,320.5197349127693,320.50118964647356,0.01854526629575063,,,352.6698538774167,352.6698538774167,1000.0,True,False,True,,,
SIM_DIR-1784853860,SIM_DIR,capstone_iii_fit_activity,fit_activity,21,21,152.0,0.0,0.0,1.0,320.5197349127693,320.50118964647356,0.01854526629575063,,,349.464841980952,349.464841980952,1000.0,True,False,True,,,
SIM_DIR-1784853860,SIM_DIR,capstone_iii_fit_activity_pvt,fit_activity_pvt,21,21,152.0,0.0,0.0,1.0,320.5197349127693,320.50118964647356,0.01854526629575063,,,359.07987767034615,359.07987767034615,1000.0,True,False,True,,,
SIM_DIR-1784853860,SIM_DIR,capstone_iii_full,full,21,21,152.0,0.0,0.0,1.0,320.5197349127693,320.50118964647356,0.01854526629575063,,,368.6949133597403,368.6949133597403,1000.0,True,False,True,,,
SIM_DIR-1784853860,SIM_DIR,baseline,,22,22,153.0,0.0,0.0,1.0,323.05166114638854,323.0331158800928,0.01854526629575063,468.42490866226336,419.9671594903051,,419.9671594903051,,True,False,True,,,
SIM_DIR-1784853860,SIM_DIR,capstone_i,,22,22,153.0,0.0,0.0,1.0,323.05166114638854,323.0331158800928,0.01854526629575063,468.42490866226336,419.9671594903051,,419.9671594903051,1000.0,True,False,True,,,
SIM_DIR-1784853860,SIM_DIR,capstone_ii,,22,22,153.0,0.0,0.0,1.0,323.05166114638854,323.0331158800928,0.01854526629575063,420.97166114638856,384.2516611463885,,384.2516611463885,1000.0,True,False,True,,,
SIM_DIR-1784853860,SIM_DIR,capstone_iii_fit_1x,fit_1x,22,22,153.0,0.0,0.0,1.0,323.05166114638854,323.0331158800928,0.01854526629575063,,,339.30331694039324,339.30331694039324,1000.0,True,False,True,,,
SIM_DIR-1784853860,SIM_DIR,capstone_iii_fit_2x,fit_2x,22,22,153.0,0.0,0.0,1.0,323.05166114638854,323.0331158800928,0.01854526629575063,,,355.45497273439787,355.45497273439787,1000.0,True,False,True,,,
SIM_DIR-1784853860,SIM_DIR,capstone_iii_fit_activity,fit_activity,22,22,153.0,0.0,0.0,1.0,323.05166114638854,323.0331158800928,0.01854526629575063,,,352.22464157559693,352.22464157559693,1000.0,True,False,True,,,
SIM_DIR-1784853860,SIM_DIR,capstone_iii_fit_activity_pvt,fit_activity_pvt,22,22,153.0,0.0,0.0,1.0,323.05166114638854,323.0331158800928,0.01854526629575063,,,361.91563505199974,361.91563505199974,1000.0,True,False,True,,,
SIM_DIR-1784853860,SIM_DIR,capstone_iii_full,full,22,22,153.0,0.0,0.0,1.0,323.05166114638854,323.0331158800928,0.01854526629575063,,,371.6066285284025,371.6066285284025,1000.0,True,False,True,,,
SIM_DIR-1784853860,SIM_DIR,baseline,,23,23,162.0,0.0,0.0,1.0,342.50161839834897,342.4830731320532,0.01854526629575063,496.627346677606,445.2521039178537,,445.2521039178537,,True,False,True,,,
SIM_DIR-1784853860,SIM_DIR,capstone_i,,23,23,162.0,0.0,0.0,1.0,342.50161839834897,342.4830731320532,0.01854526629575063,496.627346677606,445.2521039178537,,445.2521039178537,1000.0,True,False,True,,,
SIM_DIR-1784853860,SIM_DIR,capstone_ii,,23,23,162.0,0.0,0.0,1.0,342.50161839834897,342.4830731320532,0.01854526629575063,446.181618398349,407.301618398349,,407.301618398349,1000.0,True,False,True,,,
SIM_DIR-1784853860,SIM_DIR,capstone_iii_fit_1x,fit_1x,23,23,162.0,0.0,0.0,1.0,342.50161839834897,342.4830731320532,0.01854526629575063,,,359.7257720549517,359.7257720549517,1000.0,True,False,True,,,
SIM_DIR-1784853860,SIM_DIR,capstone_iii_fit_2x,fit_2x,23,23,162.0,0.0,0.0,1.0,342.50161839834897,342.4830731320532,0.01854526629575063,,,376.8499257115543,376.8499257115543,1000.0,True,False,True,,,
SIM_DIR-1784853860,SIM_DIR,capstone_iii_fit_activity,fit_activity,23,23,162.0,0.0,0.0,1.0,342.50161839834897,342.4830731320532,0.01854526629575063,,,373.42509498023384,373.42509498023384,1000.0,True,False,True,,,
SIM_DIR-1784853860,SIM_DIR,capstone_iii_fit_activity_pvt,fit_activity_pvt,23,23,162.0,0.0,0.0,1.0,342.50161839834897,342.4830731320532,0.01854526629575063,,,383.6995871741954,383.6995871741954,1000.0,True,False,True,,,
SIM_DIR-1784853860,SIM_DIR,capstone_iii_full,full,23,23,162.0,0.0,0.0,1.0,342.50161839834897,342.4830731320532,0.01854526629575063,,,393.974079368157,393.974079368157,1000.0,True,False,True,,,
SIM_DIR-1784853860,SIM_DIR,baseline,,24,24,163.0,0.0,0.0,1.0,345.0662258771809,345.04768061088515,0.01854526629575063,500.3460275219123,448.5860936403352,,448.5860936403352,,True,False,True,,,
SIM_DIR-1784853860,SIM_DIR,capstone_i,,24,24,163.0,0.0,0.0,1.0,345.0662258771809,345.04768061088515,0.01854526629575063,500.3460275219123,448.5860936403352,,448.5860936403352,1000.0,True,False,True,,,
SIM_DIR-1784853860,SIM_DIR,capstone_ii,,24,24,163.0,0.0,0.0,1.0,345.0662258771809,345.04768061088515,0.01854526629575063,449.3862258771809,410.2662258771809,,410.2662258771809,1000.0,True,False,True,,,
SIM_DIR-1784853860,SIM_DIR,capstone_iii_fit_1x,fit_1x,24,24,163.0,0.0,0.0,1.0,345.0662258771809,345.04768061088515,0.01854526629575063,,,362.41860990772517,362.41860990772517,1000.0,True,False,True,,,
SIM_DIR-1784853860,SIM_DIR,capstone_iii_fit_2x,fit_2x,24,24,163.0,0.0,0.0,1.0,345.0662258771809,345.04768061088515,0.01854526629575063,,,379.6709939382694,379.6709939382694,1000.0,True,False,True,,,
SIM_DIR-1784853860,SIM_DIR,capstone_iii_fit_activity,fit_activity,24,24,163.0,0.0,0.0,1.0,345.0662258771809,345.04768061088515,0.01854526629575063,,,376.2205171321606,376.2205171321606,1000.0,True,False,True,,,
SIM_DIR-1784853860,SIM_DIR,capstone_iii_fit_activity_pvt,fit_activity_pvt,24,24,163.0,0.0,0.0,1.0,345.0662258771809,345.04768061088515,0.01854526629575063,,,386.57194755048715,386.57194755048715,1000.0,True,False,True,,,
SIM_DIR-1784853860,SIM_DIR,capstone_iii_full,full,24,24,163.0,0.0,0.0,1.0,345.0662258771809,345.04768061088515,0.01854526629575063,,,396.9233779688137,396.9233779688137,1000.0,True,False,True,,,
SIM_DIR-1784853860,SIM_DIR,baseline,,25,25,166.0,0.0,0.0,1.0,351.87533938999303,351.8567941236973,0.01854526629575063,510.21924211548986,457.43794120699096,,457.43794120699096,,True,False,True,,,
SIM_DIR-1784853860,SIM_DIR,capstone_i,,25,25,166.0,0.0,0.0,1.0,351.87533938999303,351.8567941236973,0.01854526629575063,510.21924211548986,457.43794120699096,,457.43794120699096,1000.0,True,False,True,,,
SIM_DIR-1784853860,SIM_DIR,capstone_ii,,25,25,166.0,0.0,0.0,1.0,351.87533938999303,351.8567941236973,0.01854526629575063,458.11533938999304,418.275339389993,,418.275339389993,1000.0,True,False,True,,,
SIM_DIR-1784853860,SIM_DIR,capstone_iii_fit_1x,fit_1x,25,25,166.0,0.0,0.0,1.0,351.87533938999303,351.8567941236973,0.01854526629575063,,,369.56817909617797,369.56817909617797,1000.0,True,False,True,,,
SIM_DIR-1784853860,SIM_DIR,capstone_iii_fit_2x,fit_2x,25,25,166.0,0.0,0.0,1.0,351.87533938999303,351.8567941236973,0.01854526629575063,,,387.1610188023628,387.1610188023628,1000.0,True,False,True,,,
SIM_DIR-1784853860,SIM_DIR,capstone_iii_fit_activity,fit_activity,25,25,166.0,0.0,0.0,1.0,351.87533938999303,351.8567941236973,0.01854526629575063,,,383.64245086112584,383.64245086112584,1000.0,True,False,True,,,
SIM_DIR-1784853860,SIM_DIR,capstone_iii_fit_activity_pvt,fit_activity_pvt,25,25,166.0,0.0,0.0,1.0,351.87533938999303,351.8567941236973,0.01854526629575063,,,394.1981546848367,394.1981546848367,1000.0,True,False,True,,,
SIM_DIR-1784853860,SIM_DIR,capstone_iii_full,full,25,25,166.0,0.0,0.0,1.0,351.87533938999303,351.8567941236973,0.01854526629575063,,,404.7538585085477,404.7538585085477,1000.0,True,False,True,,,
SIM_DIR-1784853860,SIM_DIR,baseline,,26,26,167.0,0.0,0.0,1.0,354.4560003408586,354.4374550745629,0.01854526629575063,513.961200494245,460.7928004431162,,460.7928004431162,,True,False,True,,,
SIM_DIR-1784853860,SIM_DIR,capstone_i,,26,26,167.0,0.0,0.0,1.0,354.4560003408586,354.4374550745629,0.01854526629575063,513.961200494245,460.7928004431162,,460.7928004431162,1000.0,True,False,True,,,
SIM_DIR-1784853860,SIM_DIR,capstone_ii,,26,26,167.0,0.0,0.0,1.0,354.4560003408586,354.4374550745629,0.01854526629575063,461.3360003408586,421.25600034085863,,421.25600034085863,1000.0,True,False,True,,,
SIM_DIR-1784853860,SIM_DIR,capstone_iii_fit_1x,fit_1x,26,26,167.0,0.0,0.0,1.0,354.4560003408586,354.4374550745629,0.01854526629575063,,,372.2778730945868,372.2778730945868,1000.0,True,False,True,,,
SIM_DIR-1784853860,SIM_DIR,capstone_iii_fit_2x,fit_2x,26,26,167.0,0.0,0.0,1.0,354.4560003408586,354.4374550745629,0.01854526629575063,,,389.999745848315,389.999745848315,1000.0,True,False,True,,,
SIM_DIR-1784853860,SIM_DIR,capstone_iii_fit_activity,fit_activity,26,26,167.0,0.0,0.0,1.0,354.4560003408586,354.4374550745629,0.01854526629575063,,,386.4553712975694,386.4553712975694,1000.0,True,False,True,,,
SIM_DIR-1784853860,SIM_DIR,capstone_iii_fit_activity_pvt,fit_activity_pvt,26,26,167.0,0.0,0.0,1.0,354.4560003408586,354.4374550745629,0.01854526629575063,,,397.0884949498062,397.0884949498062,1000.0,True,False,True,,,
SIM_DIR-1784853860,SIM_DIR,capstone_iii_full,full,26,26,167.0,0.0,0.0,1.0,354.4560003408586,354.4374550745629,0.01854526629575063,,,407.72161860204307,407.72161860204307,1000.0,True,False,True,,,
SIM_DIR-1784853860,SIM_DIR,baseline,,27,27,170.0,0.0,0.0,1.0,361.2921978287262,361.27365256243047,0.01854526629575063,523.873686851653,469.6798571773441,,469.6798571773441,,True,False,True,,,
SIM_DIR-1784853860,SIM_DIR,capstone_i,,27,27,170.0,0.0,0.0,1.0,361.2921978287262,361.27365256243047,0.01854526629575063,523.873686851653,469.6798571773441,,469.6798571773441,1000.0,True,False,True,,,
SIM_DIR-1784853860,SIM_DIR,capstone_ii,,27,27,170.0,0.0,0.0,1.0,361.2921978287262,361.27365256243047,0.01854526629575063,470.0921978287262,429.2921978287262,,429.2921978287262,1000.0,True,False,True,,,
SIM_DIR-1784853860,SIM_DIR,capstone_iii_fit_1x,fit_1x,27,27,170.0,0.0,0.0,1.0,361.2921978287262,361.27365256243047,0.01854526629575063,,,379.45588045684775,379.45588045684775,1000.0,True,False,True,,,
SIM_DIR-1784853860,SIM_DIR,capstone_iii_fit_2x,fit_2x,27,27,170.0,0.0,0.0,1.0,361.2921978287262,361.27365256243047,0.01854526629575063,,,397.51956308496926,397.51956308496926,1000.0,True,False,True,,,
SIM_DIR-1784853860,SIM_DIR,capstone_iii_fit_activity,fit_activity,27,27,170.0,0.0,0.0,1.0,361.2921978287262,361.27365256243047,0.01854526629575063,,,393.90682655934495,393.90682655934495,1000.0,True,False,True,,,
SIM_DIR-1784853860,SIM_DIR,capstone_iii_fit_activity_pvt,fit_activity_pvt,27,27,170.0,0.0,0.0,1.0,361.2921978287262,361.27365256243047,0.01854526629575063,,,404.7450361362179,404.7450361362179,1000.0,True,False,True,,,
SIM_DIR-1784853860,SIM_DIR,capstone_iii_full,full,27,27,170.0,0.0,0.0,1.0,361.2921978287262,361.27365256243047,0.01854526629575063,,,415.5832457130908,415.5832457130908,1000.0,True,False,True,,,
SIM_DIR-1784853860,SIM_DIR,baseline,,28,28,171.0,0.0,0.0,1.0,363.8888875220541,363.8703422557584,0.01854526629575063,527.6388869069784,473.05555377867034,,473.05555377867034,,True,False,True,,,
SIM_DIR-1784853860,SIM_DIR,capstone_i,,28,28,171.0,0.0,0.0,1.0,363.8888875220541,363.8703422557584,0.01854526629575063,527.6388869069784,473.05555377867034,,473.05555377867034,1000.0,True,False,True,,,
SIM_DIR-1784853860,SIM_DIR,capstone_ii,,28,28,171.0,0.0,0.0,1.0,363.8888875220541,363.8703422557584,0.01854526629575063,473.3288875220541,432.2888875220541,,432.2888875220541,1000.0,True,False,True,,,
SIM_DIR-1784853860,SIM_DIR,capstone_iii_fit_1x,fit_1x,28,28,171.0,0.0,0.0,1.0,363.8888875220541,363.8703422557584,0.01854526629575063,,,382.1824046348421,382.1824046348421,1000.0,True,False,True,,,
SIM_DIR-1784853860,SIM_DIR,capstone_iii_fit_2x,fit_2x,28,28,171.0,0.0,0.0,1.0,363.8888875220541,363.8703422557584,0.01854526629575063,,,400.37592174763,400.37592174763,1000.0,True,False,True,,,
SIM_DIR-1784853860,SIM_DIR,capstone_iii_fit_activity,fit_activity,28,28,171.0,0.0,0.0,1.0,363.8888875220541,363.8703422557584,0.01854526629575063,,,396.7372183250724,396.7372183250724,1000.0,True,False,True,,,
SIM_DIR-1784853860,SIM_DIR,capstone_iii_fit_activity_pvt,fit_activity_pvt,28,28,171.0,0.0,0.0,1.0,363.8888875220541,363.8703422557584,0.01854526629575063,,,407.65332859274514,407.65332859274514,1000.0,True,False,True,,,
SIM_DIR-1784853860,SIM_DIR,capstone_iii_full,full,28,28,171.0,0.0,0.0,1.0,363.8888875220541,363.8703422557584,0.01854526629575063,,,418.5694388604179,418.5694388604179,1000.0,True,False,True,,,
SIM_DIR-1784853860,SIM_DIR,baseline,,29,29,181.0,0.0,0.0,1.0,385.6667015720726,385.64815630577687,0.01854526629575063,559.2167172795052,501.3667120436944,,501.3667120436944,,True,False,True,,,
SIM_DIR-1784853860,SIM_DIR,capstone_i,,29,29,181.0,0.0,0.0,1.0,385.6667015720726,385.64815630577687,0.01854526629575063,559.2167172795052,501.3667120436944,,501.3667120436944,1000.0,True,False,True,,,
SIM_DIR-1784853860,SIM_DIR,capstone_ii,,29,29,181.0,0.0,0.0,1.0,385.6667015720726,385.64815630577687,0.01854526629575063,501.50670157207264,458.0667015720726,,458.0667015720726,1000.0,True,False,True,,,
SIM_DIR-1784853860,SIM_DIR,capstone_iii_fit_1x,fit_1x,29,29,181.0,0.0,0.0,1.0,385.6667015720726,385.64815630577687,0.01854526629575063,,,405.04910938736145,405.04910938736145,1000.0,True,False,True,,,
SIM_DIR-1784853860,SIM_DIR,capstone_iii_fit_2x,fit_2x,29,29,181.0,0.0,0.0,1.0,385.6667015720726,385.64815630577687,0.01854526629575063,,,424.3315172026503,424.3315172026503,1000.0,True,False,True,,,
SIM_DIR-1784853860,SIM_DIR,capstone_iii_fit_activity,fit_activity,29,29,181.0,0.0,0.0,1.0,385.6667015720726,385.64815630577687,0.01854526629575063,,,420.4750356395926,420.4750356395926,1000.0,True,False,True,,,
SIM_DIR-1784853860,SIM_DIR,capstone_iii_fit_activity_pvt,fit_activity_pvt,29,29,181.0,0.0,0.0,1.0,385.6667015720726,385.64815630577687,0.01854526629575063,,,432.0444803287658,432.0444803287658,1000.0,True,False,True,,,
SIM_DIR-1784853860,SIM_DIR,capstone_iii_full,full,29,29,181.0,0.0,0.0,1.0,385.6667015720726,385.64815630577687,0.01854526629575063,,,443.61392501793915,443.61392501793915,1000.0,True,False,True,,,
SIM_DIR-1784853860,SIM_DIR,baseline,,30,30,195.0,0.0,0.0,1.0,416.03297253945004,416.0144272731543,0.01854526629575063,603.2478101822026,540.8428643012851,,540.8428643012851,,True,False,True,,,
SIM_DIR-1784853860,SIM_DIR,capstone_i,,30,30,195.0,0.0,0.0,1.0,416.03297253945004,416.0144272731543,0.01854526629575063,603.2478101822026,540.8428643012851,,540.8428643012851,1000.0,True,False,True,,,
SIM_DIR-1784853860,SIM_DIR,capstone_ii,,30,30,195.0,0.0,0.0,1.0,416.03297253945004,416.0144272731543,0.01854526629575063,540.83297253945,494.03297253945004,,494.03297253945004,1000.0,True,False,True,,,
SIM_DIR-1784853860,SIM_DIR,capstone_iii_fit_1x,fit_1x,30,30,195.0,0.0,0.0,1.0,416.03297253945004,416.0144272731543,0.01854526629575063,,,436.9336939031078,436.9336939031078,1000.0,True,False,True,,,
SIM_DIR-1784853860,SIM_DIR,capstone_iii_fit_2x,fit_2x,30,30,195.0,0.0,0.0,1.0,416.03297253945004,416.0144272731543,0.01854526629575063,,,457.73441526676544,457.73441526676544,1000.0,True,False,True,,,
SIM_DIR-1784853860,SIM_DIR,capstone_iii_fit_activity,fit_activity,30,30,195.0,0.0,0.0,1.0,416.03297253945004,416.0144272731543,0.01854526629575063,,,453.57427099403395,453.57427099403395,1000.0,True,False,True,,,
SIM_DIR-1784853860,SIM_DIR,capstone_iii_fit_activity_pvt,fit_activity_pvt,30,30,195.0,0.0,0.0,1.0,416.03297253945004,416.0144272731543,0.01854526629575063,,,466.05470381222864,466.05470381222864,1000.0,True,False,True,,,
SIM_DIR-1784853860,SIM_DIR,capstone_iii_full,full,30,30,195.0,0.0,0.0,1.0,416.03297253945004,416.0144272731543,0.01854526629575063,,,478.5351366304232,478.5351366304232,1000.0,True,False,True,,,
SIM_DIR-1784853860,SIM_DIR,baseline,,31,31,201.0,0.0,0.0,1.0,429.38676844795543,429.3682231816597,0.01854526629575063,622.6108142495353,558.2027989823421,,558.2027989823421,,True,False,True,,,
SIM_DIR-1784853860,SIM_DIR,capstone_i,,31,31,201.0,0.0,0.0,1.0,429.38676844795543,429.3682231816597,0.01854526629575063,622.6108142495353,558.2027989823421,,558.2027989823421,1000.0,True,False,True,,,
SIM_DIR-1784853860,SIM_DIR,capstone_ii,,31,31,201.0,0.0,0.0,1.0,429.38676844795543,429.3682231816597,0.01854526629575063,558.0267684479554,509.7867684479554,,509.7867684479554,1000.0,True,False,True,,,
SIM_DIR-1784853860,SIM_DIR,capstone_iii_fit_1x,fit_1x,31,31,201.0,0.0,0.0,1.0,429.38676844795543,429.3682231816597,0.01854526629575063,,,450.9551796070385,450.9551796070385,1000.0,True,False,True,,,
SIM_DIR-1784853860,SIM_DIR,capstone_iii_fit_2x,fit_2x,31,31,201.0,0.0,0.0,1.0,429.38676844795543,429.3682231816597,0.01854526629575063,,,472.42359076612144,472.42359076612144,1000.0,True,False,True,,,
SIM_DIR-1784853860,SIM_DIR,capstone_iii_fit_activity,fit_activity,31,31,201.0,0.0,0.0,1.0,429.38676844795543,429.3682231816597,0.01854526629575063,,,468.1299085343049,468.1299085343049,1000.0,True,False,True,,,
SIM_DIR-1784853860,SIM_DIR,capstone_iii_fit_activity_pvt,fit_activity_pvt,31,31,201.0,0.0,0.0,1.0,429.38676844795543,429.3682231816597,0.01854526629575063,,,481.0109552297546,481.0109552297546,1000.0,True,False,True,,,
SIM_DIR-1784853860,SIM_DIR,capstone_iii_full,full,31,31,201.0,0.0,0.0,1.0,429.38676844795543,429.3682231816597,0.01854526629575063,,,493.8920019252044,493.8920019252044,1000.0,True,False,True,,,
SIM_DIR-1784853860,SIM_DIR,baseline,,32,32,202.0,0.0,0.0,1.0,432.0787272331121,432.06018196681634,0.01854526629575063,626.5141544880125,561.7023454030457,,561.7023454030457,,True,False,True,,,
SIM_DIR-1784853860,SIM_DIR,capstone_i,,32,32,202.0,0.0,0.0,1.0,432.0787272331121,432.06018196681634,0.01854526629575063,626.5141544880125,561.7023454030457,,561.7023454030457,1000.0,True,False,True,,,
SIM_DIR-1784853860,SIM_DIR,capstone_ii,,32,32,202.0,0.0,0.0,1.0,432.0787272331121,432.06018196681634,0.01854526629575063,561.3587272331121,512.878727233112,,512.878727233112,1000.0,True,False,True,,,
SIM_DIR-1784853860,SIM_DIR,capstone_iii_fit_1x,fit_1x,32,32,202.0,0.0,0.0,1.0,432.0787272331121,432.06018196681634,0.01854526629575063,,,453.781736331453,453.781736331453,1000.0,True,False,True,,,
SIM_DIR-1784853860,SIM_DIR,capstone_iii_fit_2x,fit_2x,32,32,202.0,0.0,0.0,1.0,432.0787272331121,432.06018196681634,0.01854526629575063,,,475.3847454297938,475.3847454297938,1000.0,True,False,True,,,
SIM_DIR-1784853860,SIM_DIR,capstone_iii_fit_activity,fit_activity,32,32,202.0,0.0,0.0,1.0,432.0787272331121,432.06018196681634,0.01854526629575063,,,471.0641436101256,471.0641436101256,1000.0,True,False,True,,,
SIM_DIR-1784853860,SIM_DIR,capstone_iii_fit_activity_pvt,fit_activity_pvt,32,32,202.0,0.0,0.0,1.0,432.0787272331121,432.06018196681634,0.01854526629575063,,,484.0259490691301,484.0259490691301,1000.0,True,False,True,,,
SIM_DIR-1784853860,SIM_DIR,capstone_iii_full,full,32,32,202.0,0.0,0.0,1.0,432.0787272331121,432.06018196681634,0.01854526629575063,,,496.98775452813453,496.98775452813453,1000.0,True,False,True,,,
SIM_DIR-1784853860,SIM_DIR,baseline,,33,33,202.0,0.0,0.0,1.0,432.6342211286232,432.61567586232746,0.01854526629575063,627.3196206365036,562.4244874672102,,562.4244874672102,,True,False,True,,,
SIM_DIR-1784853860,SIM_DIR,capstone_i,,33,33,202.0,0.0,0.0,1.0,432.6342211286232,432.61567586232746,0.01854526629575063,627.3196206365036,562.4244874672102,,562.4244874672102,1000.0,True,False,True,,,
SIM_DIR-1784853860,SIM_DIR,capstone_ii,,33,33,202.0,0.0,0.0,1.0,432.6342211286232,432.61567586232746,0.01854526629575063,561.9142211286232,513.4342211286232,,513.4342211286232,1000.0,True,False,True,,,
SIM_DIR-1784853860,SIM_DIR,capstone_iii_fit_1x,fit_1x,33,33,202.0,0.0,0.0,1.0,432.6342211286232,432.61567586232746,0.01854526629575063,,,454.3650049217396,454.3650049217396,1000.0,True,False,True,,,
SIM_DIR-1784853860,SIM_DIR,capstone_iii_fit_2x,fit_2x,33,33,202.0,0.0,0.0,1.0,432.6342211286232,432.61567586232746,0.01854526629575063,,,475.995788714856,475.995788714856,1000.0,True,False,True,,,
SIM_DIR-1784853860,SIM_DIR,capstone_iii_fit_activity,fit_activity,33,33,202.0,0.0,0.0,1.0,432.6342211286232,432.61567586232746,0.01854526629575063,,,471.6696319562327,471.6696319562327,1000.0,True,False,True,,,
SIM_DIR-1784853860,SIM_DIR,capstone_iii_fit_activity_pvt,fit_activity_pvt,33,33,202.0,0.0,0.0,1.0,432.6342211286232,432.61567586232746,0.01854526629575063,,,484.64810223210253,484.64810223210253,1000.0,True,False,True,,,
SIM_DIR-1784853860,SIM_DIR,capstone_iii_full,full,33,33,202.0,0.0,0.0,1.0,432.6342211286232,432.61567586232746,0.01854526629575063,,,497.62657250797236,497.62657250797236,1000.0,True,False,True,,,
SIM_DIR-1784853860,SIM_DIR,baseline,,34,34,205.0,0.0,0.0,1.0,439.6226430749544,439.60409780865865,0.01854526629575063,637.4528324586838,571.5094359974407,,571.5094359974407,,True,False,True,,,
SIM_DIR-1784853860,SIM_DIR,capstone_i,,34,34,205.0,0.0,0.0,1.0,439.6226430749544,439.60409780865865,0.01854526629575063,637.4528324586838,571.5094359974407,,571.5094359974407,1000.0,True,False,True,,,
SIM_DIR-1784853860,SIM_DIR,capstone_ii,,34,34,205.0,0.0,0.0,1.0,439.6226430749544,439.60409780865865,0.01854526629575063,570.8226430749544,521.6226430749543,,521.6226430749543,1000.0,True,False,True,,,
SIM_DIR-1784853860,SIM_DIR,capstone_iii_fit_1x,fit_1x,34,34,205.0,0.0,0.0,1.0,439.6226430749544,439.60409780865865,0.01854526629575063,,,461.7028479653873,461.7028479653873,1000.0,True,False,True,,,
SIM_DIR-1784853860,SIM_DIR,capstone_iii_fit_2x,fit_2x,34,34,205.0,0.0,0.0,1.0,439.6226430749544,439.60409780865865,0.01854526629575063,,,483.6830528558202,483.6830528558202,1000.0,True,False,True,,,
SIM_DIR-1784853860,SIM_DIR,capstone_iii_fit_activity,fit_activity,34,34,205.0,0.0,0.0,1.0,439.6226430749544,439.60409780865865,0.01854526629575063,,,479.28701187773373,479.28701187773373,1000.0,True,False,True,,,
SIM_DIR-1784853860,SIM_DIR,capstone_iii_fit_activity_pvt,fit_activity_pvt,34,34,205.0,0.0,0.0,1.0,439.6226430749544,439.60409780865865,0.01854526629575063,,,492.4751348119934,492.4751348119934,1000.0,True,False,True,,,
SIM_DIR-1784853860,SIM_DIR,capstone_iii_full,full,34,34,205.0,0.0,0.0,1.0,439.6226430749544,439.60409780865865,0.01854526629575063,,,505.6632577462532,505.6632577462532,1000.0,True,False,True,,,
SIM_DIR-1784853860,SIM_DIR,baseline,,35,35,209.0,0.0,0.0,1.0,448.7744033965884,448.75585813029267,0.01854526629575063,650.7228849250532,583.406724415565,,583.406724415565,,True,False,True,,,
SIM_DIR-1784853860,SIM_DIR,capstone_i,,35,35,209.0,0.0,0.0,1.0,448.7744033965884,448.75585813029267,0.01854526629575063,650.7228849250532,583.406724415565,,583.406724415565,1000.0,True,False,True,,,
SIM_DIR-1784853860,SIM_DIR,capstone_ii,,35,35,209.0,0.0,0.0,1.0,448.7744033965884,448.75585813029267,0.01854526629575063,582.5344033965885,532.3744033965884,,532.3744033965884,1000.0,True,False,True,,,
SIM_DIR-1784853860,SIM_DIR,capstone_iii_fit_1x,fit_1x,35,35,209.0,0.0,0.0,1.0,448.7744033965884,448.75585813029267,0.01854526629575063,,,471.31219630310306,471.31219630310306,1000.0,True,False,True,,,
SIM_DIR-1784853860,SIM_DIR,capstone_iii_fit_2x,fit_2x,35,35,209.0,0.0,0.0,1.0,448.7744033965884,448.75585813029267,0.01854526629575063,,,493.74998920961764,493.74998920961764,1000.0,True,False,True,,,
SIM_DIR-1784853860,SIM_DIR,capstone_iii_fit_activity,fit_activity,35,35,209.0,0.0,0.0,1.0,448.7744033965884,448.75585813029267,0.01854526629575063,,,489.2624306283147,489.2624306283147,1000.0,True,False,True,,,
SIM_DIR-1784853860,SIM_DIR,capstone_iii_fit_activity_pvt,fit_activity_pvt,35,35,209.0,0.0,0.0,1.0,448.7744033965884,448.75585813029267,0.01854526629575063,,,502.72510637222354,502.72510637222354,1000.0,True,False,True,,,
SIM_DIR-1784853860,SIM_DIR,capstone_iii_full,full,35,35,209.0,0.0,0.0,1.0,448.7744033965884,448.75585813029267,0.01854526629575063,,,516.1877821161323,516.1877821161323,1000.0,True,False,True,,,
SIM_DIR-1784853860,SIM_DIR,baseline,,36,36,212.0,0.0,0.0,1.0,455.7979217477146,455.77937648141886,0.01854526629575063,660.9069865341862,592.537298272029,,592.537298272029,,True,False,True,,,
SIM_DIR-1784853860,SIM_DIR,capstone_i,,36,36,212.0,0.0,0.0,1.0,455.7979217477146,455.77937648141886,0.01854526629575063,660.9069865341862,592.537298272029,,592.537298272029,1000.0,True,False,True,,,
SIM_DIR-1784853860,SIM_DIR,capstone_ii,,36,36,212.0,0.0,0.0,1.0,455.7979217477146,455.77937648141886,0.01854526629575063,591.4779217477146,540.5979217477146,,540.5979217477146,1000.0,True,False,True,,,
SIM_DIR-1784853860,SIM_DIR,capstone_iii_fit_1x,fit_1x,36,36,212.0,0.0,0.0,1.0,455.7979217477146,455.77937648141886,0.01854526629575063,,,478.68689057178557,478.68689057178557,1000.0,True,False,True,,,
SIM_DIR-1784853860,SIM_DIR,capstone_iii_fit_2x,fit_2x,36,36,212.0,0.0,0.0,1.0,455.7979217477146,455.77937648141886,0.01854526629575063,,,501.4758593958565,501.4758593958565,1000.0,True,False,True,,,
SIM_DIR-1784853860,SIM_DIR,capstone_iii_fit_activity,fit_activity,36,36,212.0,0.0,0.0,1.0,455.7979217477146,455.77937648141886,0.01854526629575063,,,496.91806563104234,496.91806563104234,1000.0,True,False,True,,,
SIM_DIR-1784853860,SIM_DIR,capstone_iii_fit_activity_pvt,fit_activity_pvt,36,36,212.0,0.0,0.0,1.0,455.7979217477146,455.77937648141886,0.01854526629575063,,,510.5914469254849,510.5914469254849,1000.0,True,False,True,,,
SIM_DIR-1784853860,SIM_DIR,capstone_iii_full,full,36,36,212.0,0.0,0.0,1.0,455.7979217477146,455.77937648141886,0.01854526629575063,,,524.2648282199275,524.2648282199275,1000.0,True,False,True,,,
SIM_DIR-1784853860,SIM_DIR,baseline,,37,37,217.0,0.0,0.0,1.0,467.1428905561055,467.12434528980975,0.01854526629575063,677.357191306353,607.2857577229372,,607.2857577229372,,True,False,True,,,
SIM_DIR-1784853860,SIM_DIR,capstone_i,,37,37,217.0,0.0,0.0,1.0,467.1428905561055,467.12434528980975,0.01854526629575063,677.357191306353,607.2857577229372,,607.2857577229372,1000.0,True,False,True,,,
SIM_DIR-1784853860,SIM_DIR,capstone_ii,,37,37,217.0,0.0,0.0,1.0,467.1428905561055,467.12434528980975,0.01854526629575063,606.0228905561055,553.9428905561055,,553.9428905561055,1000.0,True,False,True,,,
SIM_DIR-1784853860,SIM_DIR,capstone_iii_fit_1x,fit_1x,37,37,217.0,0.0,0.0,1.0,467.1428905561055,467.12434528980975,0.01854526629575063,,,490.599107820596,490.599107820596,1000.0,True,False,True,,,
SIM_DIR-1784853860,SIM_DIR,capstone_iii_fit_2x,fit_2x,37,37,217.0,0.0,0.0,1.0,467.1428905561055,467.12434528980975,0.01854526629575063,,,513.9553250850864,513.9553250850864,1000.0,True,False,True,,,
SIM_DIR-1784853860,SIM_DIR,capstone_iii_fit_activity,fit_activity,37,37,217.0,0.0,0.0,1.0,467.1428905561055,467.12434528980975,0.01854526629575063,,,509.2840816321884,509.2840816321884,1000.0,True,False,True,,,
SIM_DIR-1784853860,SIM_DIR,capstone_iii_fit_activity_pvt,fit_activity_pvt,37,37,217.0,0.0,0.0,1.0,467.1428905561055,467.12434528980975,0.01854526629575063,,,523.2978119908827,523.2978119908827,1000.0,True,False,True,,,
SIM_DIR-1784853860,SIM_DIR,capstone_iii_full,full,37,37,217.0,0.0,0.0,1.0,467.1428905561055,467.12434528980975,0.01854526629575063,,,537.3115423495769,537.3115423495769,1000.0,True,False,True,,,
SIM_DIR-1784853860,SIM_DIR,baseline,,38,38,219.0,0.0,0.0,1.0,472.0488074178548,472.03026215155904,0.01854526629575063,684.4707707558895,613.6634496432113,,613.6634496432113,,True,False,True,,,
SIM_DIR-1784853860,SIM_DIR,capstone_i,,38,38,219.0,0.0,0.0,1.0,472.0488074178548,472.03026215155904,0.01854526629575063,684.4707707558895,613.6634496432113,,613.6634496432113,1000.0,True,False,True,,,
SIM_DIR-1784853860,SIM_DIR,capstone_ii,,38,38,219.0,0.0,0.0,1.0,472.0488074178548,472.03026215155904,0.01854526629575063,612.2088074178548,559.6488074178548,,559.6488074178548,1000.0,True,False,True,,,
SIM_DIR-1784853860,SIM_DIR,capstone_iii_fit_1x,fit_1x,38,38,219.0,0.0,0.0,1.0,472.0488074178548,472.03026215155904,0.01854526629575063,,,495.75032052543276,495.75032052543276,1000.0,True,False,True,,,
SIM_DIR-1784853860,SIM_DIR,capstone_iii_fit_2x,fit_2x,38,38,219.0,0.0,0.0,1.0,472.0488074178548,472.03026215155904,0.01854526629575063,,,519.3518336330108,519.3518336330108,1000.0,True,False,True,,,
SIM_DIR-1784853860,SIM_DIR,capstone_iii_fit_activity,fit_activity,38,38,219.0,0.0,0.0,1.0,472.0488074178548,472.03026215155904,0.01854526629575063,,,514.6315310114951,514.6315310114951,1000.0,True,False,True,,,
SIM_DIR-1784853860,SIM_DIR,capstone_iii_fit_activity_pvt,fit_activity_pvt,38,38,219.0,0.0,0.0,1.0,472.0488074178548,472.03026215155904,0.01854526629575063,,,528.7924388760418,528.7924388760418,1000.0,True,False,True,,,
SIM_DIR-1784853860,SIM_DIR,capstone_iii_full,full,38,38,219.0,0.0,0.0,1.0,472.0488074178548,472.03026215155904,0.01854526629575063,,,542.9533467405887,542.9533467405887,1000.0,True,False,True,,,
SIM_DIR-1784853860,SIM_DIR,baseline,,39,39,222.0,0.0,0.0,1.0,479.1235042006249,479.10495893432915,0.01854526629575063,694.7290810909061,622.8605554608124,,622.8605554608124,,True,False,True,,,
SIM_DIR-1784853860,SIM_DIR,capstone_i,,39,39,222.0,0.0,0.0,1.0,479.1235042006249,479.10495893432915,0.01854526629575063,694.7290810909061,622.8605554608124,,622.8605554608124,1000.0,True,False,True,,,
SIM_DIR-1784853860,SIM_DIR,capstone_ii,,39,39,222.0,0.0,0.0,1.0,479.1235042006249,479.10495893432915,0.01854526629575063,621.2035042006249,567.9235042006248,,567.9235042006248,1000.0,True,False,True,,,
SIM_DIR-1784853860,SIM_DIR,capstone_iii_fit_1x,fit_1x,39,39,222.0,0.0,0.0,1.0,479.1235042006249,479.10495893432915,0.01854526629575063,,,503.1787521473414,503.1787521473414,1000.0,True,False,True,,,
SIM_DIR-1784853860,SIM_DIR,capstone_iii_fit_2x,fit_2x,39,39,222.0,0.0,0.0,1.0,479.1235042006249,479.10495893432915,0.01854526629575063,,,527.1340000940578,527.1340000940578,1000.0,True,False,True,,,
SIM_DIR-1784853860,SIM_DIR,capstone_iii_fit_activity,fit_activity,39,39,222.0,0.0,0.0,1.0,479.1235042006249,479.10495893432915,0.01854526629575063,,,522.3429505047145,522.3429505047145,1000.0,True,False,True,,,
SIM_DIR-1784853860,SIM_DIR,capstone_iii_fit_activity_pvt,fit_activity_pvt,39,39,222.0,0.0,0.0,1.0,479.1235042006249,479.10495893432915,0.01854526629575063,,,536.7160992727445,536.7160992727445,1000.0,True,False,True,,,
SIM_DIR-1784853860,SIM_DIR,capstone_iii_full,full,39,39,222.0,0.0,0.0,1.0,479.1235042006249,479.10495893432915,0.01854526629575063,,,551.0892480407742,551.0892480407742,1000.0,True,False,True,,,
SIM_DIR-1784853860,SIM_DIR,baseline,,40,40,223.0,0.0,0.0,1.0,481.8925828898125,481.87403762351676,0.01854526629575063,698.7442451902281,626.4603577567563,,626.4603577567563,,True,False,True,,,
SIM_DIR-1784853860,SIM_DIR,capstone_i,,40,40,223.0,0.0,0.0,1.0,481.8925828898125,481.87403762351676,0.01854526629575063,698.7442451902281,626.4603577567563,,626.4603577567563,1000.0,True,False,True,,,
SIM_DIR-1784853860,SIM_DIR,capstone_ii,,40,40,223.0,0.0,0.0,1.0,481.8925828898125,481.87403762351676,0.01854526629575063,624.6125828898125,571.0925828898125,,571.0925828898125,1000.0,True,False,True,,,
SIM_DIR-1784853860,SIM_DIR,capstone_iii_fit_1x,fit_1x,40,40,223.0,0.0,0.0,1.0,481.8925828898125,481.87403762351676,0.01854526629575063,,,506.08628477098836,506.08628477098836,1000.0,True,False,True,,,
SIM_DIR-1784853860,SIM_DIR,capstone_iii_fit_2x,fit_2x,40,40,223.0,0.0,0.0,1.0,481.8925828898125,481.87403762351676,0.01854526629575063,,,530.1799866521643,530.1799866521643,1000.0,True,False,True,,,
SIM_DIR-1784853860,SIM_DIR,capstone_iii_fit_activity,fit_activity,40,40,223.0,0.0,0.0,1.0,481.8925828898125,481.87403762351676,0.01854526629575063,,,525.3612462759291,525.3612462759291,1000.0,True,False,True,,,
SIM_DIR-1784853860,SIM_DIR,capstone_iii_fit_activity_pvt,fit_activity_pvt,40,40,223.0,0.0,0.0,1.0,481.8925828898125,481.87403762351676,0.01854526629575063,,,539.8174674046346,539.8174674046346,1000.0,True,False,True,,,
SIM_DIR-1784853860,SIM_DIR,capstone_iii_full,full,40,40,223.0,0.0,0.0,1.0,481.8925828898125,481.87403762351676,0.01854526629575063,,,554.2736885333401,554.2736885333401,1000.0,True,False,True,,,
SIM_DIR-1784853860,SIM_DIR,baseline,,41,41,224.0,0.0,0.0,1.0,484.66681983366476,484.648274567369,0.01854526629575063,702.7668887588139,630.0668657837642,,630.0668657837642,,True,False,True,,,
SIM_DIR-1784853860,SIM_DIR,capstone_i,,41,41,224.0,0.0,0.0,1.0,484.66681983366476,484.648274567369,0.01854526629575063,702.7668887588139,630.0668657837642,,630.0668657837642,1000.0,True,False,True,,,
SIM_DIR-1784853860,SIM_DIR,capstone_ii,,41,41,224.0,0.0,0.0,1.0,484.66681983366476,484.648274567369,0.01854526629575063,628.0268198336648,574.2668198336647,,574.2668198336647,1000.0,True,False,True,,,
SIM_DIR-1784853860,SIM_DIR,capstone_iii_fit_1x,fit_1x,41,41,224.0,0.0,0.0,1.0,484.66681983366476,484.648274567369,0.01854526629575063,,,508.9992335620332,508.9992335620332,1000.0,True,False,True,,,
SIM_DIR-1784853860,SIM_DIR,capstone_iii_fit_2x,fit_2x,41,41,224.0,0.0,0.0,1.0,484.66681983366476,484.648274567369,0.01854526629575063,,,533.2316472904017,533.2316472904017,1000.0,True,False,True,,,
SIM_DIR-1784853860,SIM_DIR,capstone_iii_fit_activity,fit_activity,41,41,224.0,0.0,0.0,1.0,484.66681983366476,484.648274567369,0.01854526629575063,,,528.385164544728,528.385164544728,1000.0,True,False,True,,,
SIM_DIR-1784853860,SIM_DIR,capstone_iii_fit_activity_pvt,fit_activity_pvt,41,41,224.0,0.0,0.0,1.0,484.66681983366476,484.648274567369,0.01854526629575063,,,542.924612781749,542.924612781749,1000.0,True,False,True,,,
SIM_DIR-1784853860,SIM_DIR,capstone_iii_full,full,41,41,224.0,0.0,0.0,1.0,484.66681983366476,484.648274567369,0.01854526629575063,,,557.4640610187702,557.4640610187702,1000.0,True,False,True,,,
SIM_DIR-1784853860,SIM_DIR,baseline,,42,42,224.0,0.0,0.0,1.0,485.2798675627982,485.26132229650244,0.01854526629575063,703.6558079660573,630.8638278316376,,630.8638278316376,,True,False,True,,,
SIM_DIR-1784853860,SIM_DIR,capstone_i,,42,42,224.0,0.0,0.0,1.0,485.2798675627982,485.26132229650244,0.01854526629575063,703.6558079660573,630.8638278316376,,630.8638278316376,1000.0,True,False,True,,,
SIM_DIR-1784853860,SIM_DIR,capstone_ii,,42,42,224.0,0.0,0.0,1.0,485.2798675627982,485.26132229650244,0.01854526629575063,628.6398675627981,574.8798675627982,,574.8798675627982,1000.0,True,False,True,,,
SIM_DIR-1784853860,SIM_DIR,capstone_iii_fit_1x,fit_1x,42,42,224.0,0.0,0.0,1.0,485.2798675627982,485.26132229650244,0.01854526629575063,,,509.6429336776233,509.6429336776233,1000.0,True,False,True,,,
SIM_DIR-1784853860,SIM_DIR,capstone_iii_fit_2x,fit_2x,42,42,224.0,0.0,0.0,1.0,485.2798675627982,485.26132229650244,0.01854526629575063,,,533.9059997924485,533.9059997924485,1000.0,True,False,True,,,
SIM_DIR-1784853860,SIM_DIR,capstone_iii_fit_activity,fit_activity,42,42,224.0,0.0,0.0,1.0,485.2798675627982,485.26132229650244,0.01854526629575063,,,529.0533865694835,529.0533865694835,1000.0,True,False,True,,,
SIM_DIR-1784853860,SIM_DIR,capstone_iii_fit_activity_pvt,fit_activity_pvt,42,42,224.0,0.0,0.0,1.0,485.2798675627982,485.26132229650244,0.01854526629575063,,,543.6112262383785,543.6112262383785,1000.0,True,False,True,,,
SIM_DIR-1784853860,SIM_DIR,capstone_iii_full,full,42,42,224.0,0.0,0.0,1.0,485.2798675627982,485.26132229650244,0.01854526629575063,,,558.1690659072735,558.1690659072735,1000.0,True,False,True,,,
SIM_DIR-1784853860,SIM_DIR,baseline,,43,43,225.0,0.0,0.0,1.0,488.0616787904735,488.04313352417773,0.01854526629575063,707.6894342461866,634.4801824276155,,634.4801824276155,,True,False,True,,,
SIM_DIR-1784853860,SIM_DIR,capstone_i,,43,43,225.0,0.0,0.0,1.0,488.0616787904735,488.04313352417773,0.01854526629575063,707.6894342461866,634.4801824276155,,634.4801824276155,1000.0,True,False,True,,,
SIM_DIR-1784853860,SIM_DIR,capstone_ii,,43,43,225.0,0.0,0.0,1.0,488.0616787904735,488.04313352417773,0.01854526629575063,632.0616787904735,578.0616787904735,,578.0616787904735,1000.0,True,False,True,,,
SIM_DIR-1784853860,SIM_DIR,capstone_iii_fit_1x,fit_1x,43,43,225.0,0.0,0.0,1.0,488.0616787904735,488.04313352417773,0.01854526629575063,,,512.5638354666825,512.5638354666825,1000.0,True,False,True,,,
SIM_DIR-1784853860,SIM_DIR,capstone_iii_fit_2x,fit_2x,43,43,225.0,0.0,0.0,1.0,488.0616787904735,488.04313352417773,0.01854526629575063,,,536.9659921428913,536.9659921428913,1000.0,True,False,True,,,
SIM_DIR-1784853860,SIM_DIR,capstone_iii_fit_activity,fit_activity,43,43,225.0,0.0,0.0,1.0,488.0616787904735,488.04313352417773,0.01854526629575063,,,532.0855608076495,532.0855608076495,1000.0,True,False,True,,,
SIM_DIR-1784853860,SIM_DIR,capstone_iii_fit_activity_pvt,fit_activity_pvt,43,43,225.0,0.0,0.0,1.0,488.0616787904735,488.04313352417773,0.01854526629575063,,,546.7268548133748,546.7268548133748,1000.0,True,False,True,,,
SIM_DIR-1784853860,SIM_DIR,capstone_iii_full,full,43,43,225.0,0.0,0.0,1.0,488.0616787904735,488.04313352417773,0.01854526629575063,,,561.3681488191003,561.3681488191003,1000.0,True,False,True,,,
SIM_DIR-1784853860,SIM_DIR,baseline,,44,44,226.0,0.0,0.0,1.0,490.84864290007783,490.8300976337821,0.01854526629575063,711.7305322051128,638.1032357701012,,638.1032357701012,,True,False,True,,,
SIM_DIR-1784853860,SIM_DIR,capstone_i,,44,44,226.0,0.0,0.0,1.0,490.84864290007783,490.8300976337821,0.01854526629575063,711.7305322051128,638.1032357701012,,638.1032357701012,1000.0,True,False,True,,,
SIM_DIR-1784853860,SIM_DIR,capstone_ii,,44,44,226.0,0.0,0.0,1.0,490.84864290007783,490.8300976337821,0.01854526629575063,635.4886429000778,581.2486429000778,,581.2486429000778,1000.0,True,False,True,,,
SIM_DIR-1784853860,SIM_DIR,capstone_iii_fit_1x,fit_1x,44,44,226.0,0.0,0.0,1.0,490.84864290007783,490.8300976337821,0.01854526629575063,,,515.490147781767,515.490147781767,1000.0,True,False,True,,,
SIM_DIR-1784853860,SIM_DIR,capstone_iii_fit_2x,fit_2x,44,44,226.0,0.0,0.0,1.0,490.84864290007783,490.8300976337821,0.01854526629575063,,,540.031652663456,540.031652663456,1000.0,True,False,True,,,
SIM_DIR-1784853860,SIM_DIR,capstone_iii_fit_activity,fit_activity,44,44,226.0,0.0,0.0,1.0,490.84864290007783,490.8300976337821,0.01854526629575063,,,535.1233516871182,535.1233516871182,1000.0,True,False,True,,,
SIM_DIR-1784853860,SIM_DIR,capstone_iii_fit_activity_pvt,fit_activity_pvt,44,44,226.0,0.0,0.0,1.0,490.84864290007783,490.8300976337821,0.01854526629575063,,,549.8482546161317,549.8482546161317,1000.0,True,False,True,,,
SIM_DIR-1784853860,SIM_DIR,capstone_iii_full,full,44,44,226.0,0.0,0.0,1.0,490.84864290007783,490.8300976337821,0.01854526629575063,,,564.5731575451452,564.5731575451452,1000.0,True,False,True,,,
SIM_DIR-1784853860,SIM_DIR,baseline,,45,45,227.0,0.0,0.0,1.0,493.640757664089,493.62221239779325,0.01854526629575063,715.779098612929,641.7329849633157,,641.7329849633157,,True,False,True,,,
SIM_DIR-1784853860,SIM_DIR,capstone_i,,45,45,227.0,0.0,0.0,1.0,493.640757664089,493.62221239779325,0.01854526629575063,715.779098612929,641.7329849633157,,641.7329849633157,1000.0,True,False,True,,,
SIM_DIR-1784853860,SIM_DIR,capstone_ii,,45,45,227.0,0.0,0.0,1.0,493.640757664089,493.62221239779325,0.01854526629575063,638.920757664089,584.440757664089,,584.440757664089,1000.0,True,False,True,,,
SIM_DIR-1784853860,SIM_DIR,capstone_iii_fit_1x,fit_1x,45,45,227.0,0.0,0.0,1.0,493.640757664089,493.62221239779325,0.01854526629575063,,,518.4218682839787,518.4218682839787,1000.0,True,False,True,,,
SIM_DIR-1784853860,SIM_DIR,capstone_iii_fit_2x,fit_2x,45,45,227.0,0.0,0.0,1.0,493.640757664089,493.62221239779325,0.01854526629575063,,,543.1029789038683,543.1029789038683,1000.0,True,False,True,,,
SIM_DIR-1784853860,SIM_DIR,capstone_iii_fit_activity,fit_activity,45,45,227.0,0.0,0.0,1.0,493.640757664089,493.62221239779325,0.01854526629575063,,,538.1667567798904,538.1667567798904,1000.0,True,False,True,,,
SIM_DIR-1784853860,SIM_DIR,capstone_iii_fit_activity_pvt,fit_activity_pvt,45,45,227.0,0.0,0.0,1.0,493.640757664089,493.62221239779325,0.01854526629575063,,,552.9754231518242,552.9754231518242,1000.0,True,False,True,,,
SIM_DIR-1784853860,SIM_DIR,capstone_iii_full,full,45,45,227.0,0.0,0.0,1.0,493.640757664089,493.62221239779325,0.01854526629575063,,,567.784089523758,567.784089523758,1000.0,True,False,True,,,
SIM_DIR-1784853860,SIM_DIR,baseline,,46,46,230.0,0.0,0.0,1.0,500.7925776788744,500.77403241257866,0.01854526629575063,726.1492376343679,651.0303509825368,,651.0303509825368,,True,False,True,,,
SIM_DIR-1784853860,SIM_DIR,capstone_i,,46,46,230.0,0.0,0.0,1.0,500.7925776788744,500.77403241257866,0.01854526629575063,726.1492376343679,651.0303509825368,,651.0303509825368,1000.0,True,False,True,,,
SIM_DIR-1784853860,SIM_DIR,capstone_ii,,46,46,230.0,0.0,0.0,1.0,500.7925776788744,500.77403241257866,0.01854526629575063,647.9925776788743,592.7925776788744,,592.7925776788744,1000.0,True,False,True,,,
SIM_DIR-1784853860,SIM_DIR,capstone_iii_fit_1x,fit_1x,46,46,230.0,0.0,0.0,1.0,500.7925776788744,500.77403241257866,0.01854526629575063,,,525.9312792995033,525.9312792995033,1000.0,True,False,True,,,
SIM_DIR-1784853860,SIM_DIR,capstone_iii_fit_2x,fit_2x,46,46,230.0,0.0,0.0,1.0,500.7925776788744,500.77403241257866,0.01854526629575063,,,550.9699809201323,550.9699809201323,1000.0,True,False,True,,,
SIM_DIR-1784853860,SIM_DIR,capstone_iii_fit_activity,fit_activity,46,46,230.0,0.0,0.0,1.0,500.7925776788744,500.77403241257866,0.01854526629575063,,,545.9622405960065,545.9622405960065,1000.0,True,False,True,,,
SIM_DIR-1784853860,SIM_DIR,capstone_iii_fit_activity_pvt,fit_activity_pvt,46,46,230.0,0.0,0.0,1.0,500.7925776788744,500.77403241257866,0.01854526629575063,,,560.9854615683838,560.9854615683838,1000.0,True,False,True,,,
SIM_DIR-1784853860,SIM_DIR,capstone_iii_full,full,46,46,230.0,0.0,0.0,1.0,500.7925776788744,500.77403241257866,0.01854526629575063,,,576.0086825407612,576.0086825407612,1000.0,True,False,True,,,
SIM_DIR-1784853860,SIM_DIR,baseline,,47,47,235.0,0.0,0.0,1.0,512.3204797373252,512.3019344710294,0.01854526629575063,742.8646956191214,666.0166236585228,,666.0166236585228,,True,False,True,,,
SIM_DIR-1784853860,SIM_DIR,capstone_i,,47,47,235.0,0.0,0.0,1.0,512.3204797373252,512.3019344710294,0.01854526629575063,742.8646956191214,666.0166236585228,,666.0166236585228,1000.0,True,False,True,,,
SIM_DIR-1784853860,SIM_DIR,capstone_ii,,47,47,235.0,0.0,0.0,1.0,512.3204797373252,512.3019344710294,0.01854526629575063,662.7204797373251,606.3204797373252,,606.3204797373252,1000.0,True,False,True,,,
SIM_DIR-1784853860,SIM_DIR,capstone_iii_fit_1x,fit_1x,47,47,235.0,0.0,0.0,1.0,512.3204797373252,512.3019344710294,0.01854526629575063,,,538.0355764608767,538.0355764608767,1000.0,True,False,True,,,
SIM_DIR-1784853860,SIM_DIR,capstone_iii_fit_2x,fit_2x,47,47,235.0,0.0,0.0,1.0,512.3204797373252,512.3019344710294,0.01854526629575063,,,563.6506731844282,563.6506731844282,1000.0,True,False,True,,,
SIM_DIR-1784853860,SIM_DIR,capstone_iii_fit_activity,fit_activity,47,47,235.0,0.0,0.0,1.0,512.3204797373252,512.3019344710294,0.01854526629575063,,,558.5276538397178,558.5276538397178,1000.0,True,False,True,,,
SIM_DIR-1784853860,SIM_DIR,capstone_iii_fit_activity_pvt,fit_activity_pvt,47,47,235.0,0.0,0.0,1.0,512.3204797373252,512.3019344710294,0.01854526629575063,,,573.8967118738487,573.8967118738487,1000.0,True,False,True,,,
SIM_DIR-1784853860,SIM_DIR,capstone_iii_full,full,47,47,235.0,0.0,0.0,1.0,512.3204797373252,512.3019344710294,0.01854526629575063,,,589.2657699079796,589.2657699079796,1000.0,True,False,True,,,
SIM_DIR-1784853860,SIM_DIR,baseline,,48,48,237.0,0.0,0.0,1.0,517.3271407391138,517.3085954728181,0.01854526629575063,750.1243540717151,672.525282960848,,672.525282960848,,True,False,True,,,
SIM_DIR-1784853860,SIM_DIR,capstone_i,,48,48,237.0,0.0,0.0,1.0,517.3271407391138,517.3085954728181,0.01854526629575063,750.1243540717151,672.525282960848,,672.525282960848,1000.0,True,False,True,,,
SIM_DIR-1784853860,SIM_DIR,capstone_ii,,48,48,237.0,0.0,0.0,1.0,517.3271407391138,517.3085954728181,0.01854526629575063,669.0071407391138,612.1271407391139,,612.1271407391139,1000.0,True,False,True,,,
SIM_DIR-1784853860,SIM_DIR,capstone_iii_fit_1x,fit_1x,48,48,237.0,0.0,0.0,1.0,517.3271407391138,517.3085954728181,0.01854526629575063,,,543.2925705127548,543.2925705127548,1000.0,True,False,True,,,
SIM_DIR-1784853860,SIM_DIR,capstone_iii_fit_2x,fit_2x,48,48,237.0,0.0,0.0,1.0,517.3271407391138,517.3085954728181,0.01854526629575063,,,569.1580002863956,569.1580002863956,1000.0,True,False,True,,,
SIM_DIR-1784853860,SIM_DIR,capstone_iii_fit_activity,fit_activity,48,48,237.0,0.0,0.0,1.0,517.3271407391138,517.3085954728181,0.01854526629575063,,,563.9849143316675,563.9849143316675,1000.0,True,False,True,,,
SIM_DIR-1784853860,SIM_DIR,capstone_iii_fit_activity_pvt,fit_activity_pvt,48,48,237.0,0.0,0.0,1.0,517.3271407391138,517.3085954728181,0.01854526629575063,,,579.504172195852,579.504172195852,1000.0,True,False,True,,,
SIM_DIR-1784853860,SIM_DIR,capstone_iii_full,full,48,48,237.0,0.0,0.0,1.0,517.3271407391138,517.3085954728181,0.01854526629575063,,,595.0234300600366,595.0234300600366,1000.0,True,False,True,,,
SIM_DIR-1784853860,SIM_DIR,baseline,,49,49,239.0,0.0,0.0,1.0,522.3443896943256,522.3258444280299,0.01854526629575063,757.3993650567721,679.0477066026233,,679.0477066026233,,True,False,True,,,
SIM_DIR-1784853860,SIM_DIR,capstone_i,,49,49,239.0,0.0,0.0,1.0,522.3443896943256,522.3258444280299,0.01854526629575063,757.3993650567721,679.0477066026233,,679.0477066026233,1000.0,True,False,True,,,
SIM_DIR-1784853860,SIM_DIR,capstone_ii,,49,49,239.0,0.0,0.0,1.0,522.3443896943256,522.3258444280299,0.01854526629575063,675.3043896943257,617.9443896943257,,617.9443896943257,1000.0,True,False,True,,,
SIM_DIR-1784853860,SIM_DIR,capstone_iii_fit_1x,fit_1x,49,49,239.0,0.0,0.0,1.0,522.3443896943256,522.3258444280299,0.01854526629575063,,,548.5606819157272,548.5606819157272,1000.0,True,False,True,,,
SIM_DIR-1784853860,SIM_DIR,capstone_iii_fit_2x,fit_2x,49,49,239.0,0.0,0.0,1.0,522.3443896943256,522.3258444280299,0.01854526629575063,,,574.6769741371287,574.6769741371287,1000.0,True,False,True,,,
SIM_DIR-1784853860,SIM_DIR,capstone_iii_fit_activity,fit_activity,49,49,239.0,0.0,0.0,1.0,522.3443896943256,522.3258444280299,0.01854526629575063,,,569.4537156928484,569.4537156928484,1000.0,True,False,True,,,
SIM_DIR-1784853860,SIM_DIR,capstone_iii_fit_activity_pvt,fit_activity_pvt,49,49,239.0,0.0,0.0,1.0,522.3443896943256,522.3258444280299,0.01854526629575063,,,585.1234910256893,585.1234910256893,1000.0,True,False,True,,,
SIM_DIR-1784853860,SIM_DIR,capstone_iii_full,full,49,49,239.0,0.0,0.0,1.0,522.3443896943256,522.3258444280299,0.01854526629575063,,,600.7932663585302,600.7932663585302,1000.0,True,False,True,,,
SIM_DIR-1784853860,SIM_DIR,baseline,,50,50,242.0,0.0,0.0,1.0,529.5604099844145,529.5418647181187,0.01854526629575063,767.862594477401,688.4285329797389,,688.4285329797389,,True,False,True,,,
SIM_DIR-1784853860,SIM_DIR,capstone_i,,50,50,242.0,0.0,0.0,1.0,529.5604099844145,529.5418647181187,0.01854526629575063,767.862594477401,688.4285329797389,,688.4285329797389,1000.0,True,False,True,,,
SIM_DIR-1784853860,SIM_DIR,capstone_ii,,50,50,242.0,0.0,0.0,1.0,529.5604099844145,529.5418647181187,0.01854526629575063,684.4404099844145,626.3604099844144,,626.3604099844144,1000.0,True,False,True,,,
SIM_DIR-1784853860,SIM_DIR,capstone_iii_fit_1x,fit_1x,50,50,242.0,0.0,0.0,1.0,529.5604099844145,529.5418647181187,0.01854526629575063,,,556.1375032203204,556.1375032203204,1000.0,True,False,True,,,
SIM_DIR-1784853860,SIM_DIR,capstone_iii_fit_2x,fit_2x,50,50,242.0,0.0,0.0,1.0,529.5604099844145,529.5418647181187,0.01854526629575063,,,582.6145964562263,582.6145964562263,1000.0,True,False,True,,,
SIM_DIR-1784853860,SIM_DIR,capstone_iii_fit_activity,fit_activity,50,50,242.0,0.0,0.0,1.0,529.5604099844145,529.5418647181187,0.01854526629575063,,,577.3191778090452,577.3191778090452,1000.0,True,False,True,,,
SIM_DIR-1784853860,SIM_DIR,capstone_iii_fit_activity_pvt,fit_activity_pvt,50,50,242.0,0.0,0.0,1.0,529.5604099844145,529.5418647181187,0.01854526629575063,,,593.2054337505887,593.2054337505887,1000.0,True,False,True,,,
SIM_DIR-1784853860,SIM_DIR,capstone_iii_full,full,50,50,242.0,0.0,0.0,1.0,529.5604099844145,529.5418647181187,0.01854526629575063,,,609.0916896921323,609.0916896921323,1000.0,True,False,True,,,
SIM_DIR-1784853860,SIM_DIR,baseline,,51,51,246.0,0.0,0.0,1.0,538.98336869813,538.9648234318342,0.01854526629575063,781.5258846122885,700.678379307569,,700.678379307569,,True,False,True,,,
SIM_DIR-1784853860,SIM_DIR,capstone_i,,51,51,246.0,0.0,0.0,1.0,538.98336869813,538.9648234318342,0.01854526629575063,781.5258846122885,700.678379307569,,700.678379307569,1000.0,True,False,True,,,
SIM_DIR-1784853860,SIM_DIR,capstone_ii,,51,51,246.0,0.0,0.0,1.0,538.98336869813,538.9648234318342,0.01854526629575063,696.4233686981299,637.38336869813,,637.38336869813,1000.0,True,False,True,,,
SIM_DIR-1784853860,SIM_DIR,capstone_iii_fit_1x,fit_1x,51,51,246.0,0.0,0.0,1.0,538.98336869813,538.9648234318342,0.01854526629575063,,,566.0316098697217,566.0316098697217,1000.0,True,False,True,,,
SIM_DIR-1784853860,SIM_DIR,capstone_iii_fit_2x,fit_2x,51,51,246.0,0.0,0.0,1.0,538.98336869813,538.9648234318342,0.01854526629575063,,,592.9798510413135,592.9798510413135,1000.0,True,False,True,,,
SIM_DIR-1784853860,SIM_DIR,capstone_iii_fit_activity,fit_activity,51,51,246.0,0.0,0.0,1.0,538.98336869813,538.9648234318342,0.01854526629575063,,,587.5902028069952,587.5902028069952,1000.0,True,False,True,,,
SIM_DIR-1784853860,SIM_DIR,capstone_iii_fit_activity_pvt,fit_activity_pvt,51,51,246.0,0.0,0.0,1.0,538.98336869813,538.9648234318342,0.01854526629575063,,,603.7591475099501,603.7591475099501,1000.0,True,False,True,,,
SIM_DIR-1784853860,SIM_DIR,capstone_iii_full,full,51,51,246.0,0.0,0.0,1.0,538.98336869813,538.9648234318342,0.01854526629575063,,,619.9280922129051,619.9280922129051,1000.0,True,False,True,,,
SIM_DIR-1784853860,SIM_DIR,baseline,,52,52,249.0,0.0,0.0,1.0,546.2341510048363,546.2156057385406,0.01854526629575063,792.0395189570127,710.1043963062873,,710.1043963062873,,True,False,True,,,
SIM_DIR-1784853860,SIM_DIR,capstone_i,,52,52,249.0,0.0,0.0,1.0,546.2341510048363,546.2156057385406,0.01854526629575063,792.0395189570127,710.1043963062873,,710.1043963062873,1000.0,True,False,True,,,
SIM_DIR-1784853860,SIM_DIR,capstone_ii,,52,52,249.0,0.0,0.0,1.0,546.2341510048363,546.2156057385406,0.01854526629575063,705.5941510048364,645.8341510048364,,645.8341510048364,1000.0,True,False,True,,,
SIM_DIR-1784853860,SIM_DIR,capstone_iii_fit_1x,fit_1x,52,52,249.0,0.0,0.0,1.0,546.2341510048363,546.2156057385406,0.01854526629575063,,,573.6449312917633,573.6449312917633,1000.0,True,False,True,,,
SIM_DIR-1784853860,SIM_DIR,capstone_iii_fit_2x,fit_2x,52,52,249.0,0.0,0.0,1.0,546.2341510048363,546.2156057385406,0.01854526629575063,,,600.9557115786905,600.9557115786905,1000.0,True,False,True,,,
SIM_DIR-1784853860,SIM_DIR,capstone_iii_fit_activity,fit_activity,52,52,249.0,0.0,0.0,1.0,546.2341510048363,546.2156057385406,0.01854526629575063,,,595.493555521305,595.493555521305,1000.0,True,False,True,,,
SIM_DIR-1784853860,SIM_DIR,capstone_iii_fit_activity_pvt,fit_activity_pvt,52,52,249.0,0.0,0.0,1.0,546.2341510048363,546.2156057385406,0.01854526629575063,,,611.8800236934612,611.8800236934612,1000.0,True,False,True,,,
SIM_DIR-1784853860,SIM_DIR,capstone_iii_full,full,52,52,249.0,0.0,0.0,1.0,546.2341510048363,546.2156057385406,0.01854526629575063,,,628.2664918656174,628.2664918656174,1000.0,True,False,True,,,
SIM_DIR-1784853860,SIM_DIR,baseline,,53,53,253.0,0.0,0.0,1.0,555.6972951641878,555.6787498978921,0.01854526629575063,805.7610779880723,722.4064837134442,,722.4064837134442,,True,False,True,,,
SIM_DIR-1784853860,SIM_DIR,capstone_i,,53,53,253.0,0.0,0.0,1.0,555.6972951641878,555.6787498978921,0.01854526629575063,805.7610779880723,722.4064837134442,,722.4064837134442,1000.0,True,False,True,,,
SIM_DIR-1784853860,SIM_DIR,capstone_ii,,53,53,253.0,0.0,0.0,1.0,555.6972951641878,555.6787498978921,0.01854526629575063,717.6172951641878,656.8972951641879,,656.8972951641879,1000.0,True,False,True,,,
SIM_DIR-1784853860,SIM_DIR,capstone_iii_fit_1x,fit_1x,53,53,253.0,0.0,0.0,1.0,555.6972951641878,555.6787498978921,0.01854526629575063,,,583.5812326590825,583.5812326590825,1000.0,True,False,True,,,
SIM_DIR-1784853860,SIM_DIR,capstone_iii_fit_2x,fit_2x,53,53,253.0,0.0,0.0,1.0,555.6972951641878,555.6787498978921,0.01854526629575063,,,611.3651701539771,611.3651701539771,1000.0,True,False,True,,,
SIM_DIR-1784853860,SIM_DIR,capstone_iii_fit_activity,fit_activity,53,53,253.0,0.0,0.0,1.0,555.6972951641878,555.6787498978921,0.01854526629575063,,,605.8083826549981,605.8083826549981,1000.0,True,False,True,,,
SIM_DIR-1784853860,SIM_DIR,capstone_iii_fit_activity_pvt,fit_activity_pvt,53,53,253.0,0.0,0.0,1.0,555.6972951641878,555.6787498978921,0.01854526629575063,,,622.478745151935,622.478745151935,1000.0,True,False,True,,,
SIM_DIR-1784853860,SIM_DIR,capstone_iii_full,full,53,53,253.0,0.0,0.0,1.0,555.6972951641878,555.6787498978921,0.01854526629575063,,,639.1491076488717,639.1491076488717,1000.0,True,False,True,,,
SIM_DIR-1784853860,SIM_DIR,baseline,,54,54,257.0,0.0,0.0,1.0,565.1818734108739,565.1633281445781,0.01854526629575063,819.5137164457672,734.7364354341361,,734.7364354341361,,True,False,True,,,
SIM_DIR-1784853860,SIM_DIR,capstone_i,,54,54,257.0,0.0,0.0,1.0,565.1818734108739,565.1633281445781,0.01854526629575063,819.5137164457672,734.7364354341361,,734.7364354341361,1000.0,True,False,True,,,
SIM_DIR-1784853860,SIM_DIR,capstone_ii,,54,54,257.0,0.0,0.0,1.0,565.1818734108739,565.1633281445781,0.01854526629575063,729.6618734108739,667.9818734108738,,667.9818734108738,1000.0,True,False,True,,,
SIM_DIR-1784853860,SIM_DIR,capstone_iii_fit_1x,fit_1x,54,54,257.0,0.0,0.0,1.0,565.1818734108739,565.1633281445781,0.01854526629575063,,,593.5400398181027,593.5400398181027,1000.0,True,False,True,,,
SIM_DIR-1784853860,SIM_DIR,capstone_iii_fit_2x,fit_2x,54,54,257.0,0.0,0.0,1.0,565.1818734108739,565.1633281445781,0.01854526629575063,,,621.7982062253317,621.7982062253317,1000.0,True,False,True,,,
SIM_DIR-1784853860,SIM_DIR,capstone_iii_fit_activity,fit_activity,54,54,257.0,0.0,0.0,1.0,565.1818734108739,565.1633281445781,0.01854526629575063,,,616.1465729438859,616.1465729438859,1000.0,True,False,True,,,
SIM_DIR-1784853860,SIM_DIR,capstone_iii_fit_activity_pvt,fit_activity_pvt,54,54,257.0,0.0,0.0,1.0,565.1818734108739,565.1633281445781,0.01854526629575063,,,633.1014727882232,633.1014727882232,1000.0,True,False,True,,,
SIM_DIR-1784853860,SIM_DIR,capstone_iii_full,full,54,54,257.0,0.0,0.0,1.0,565.1818734108739,565.1633281445781,0.01854526629575063,,,650.0563726325606,650.0563726325606,1000.0,True,False,True,,,
SIM_DIR-1784853860,SIM_DIR,baseline,,55,55,259.0,0.0,0.0,1.0,570.2842756383551,570.2657303720594,0.01854526629575063,826.9121996756148,741.3695583298617,,741.3695583298617,,True,False,True,,,
SIM_DIR-1784853860,SIM_DIR,capstone_i,,55,55,259.0,0.0,0.0,1.0,570.2842756383551,570.2657303720594,0.01854526629575063,826.9121996756148,741.3695583298617,,741.3695583298617,1000.0,True,False,True,,,
SIM_DIR-1784853860,SIM_DIR,capstone_ii,,55,55,259.0,0.0,0.0,1.0,570.2842756383551,570.2657303720594,0.01854526629575063,736.0442756383551,673.8842756383551,,673.8842756383551,1000.0,True,False,True,,,
SIM_DIR-1784853860,SIM_DIR,capstone_iii_fit_1x,fit_1x,55,55,259.0,0.0,0.0,1.0,570.2842756383551,570.2657303720594,0.01854526629575063,,,598.8975621569581,598.8975621569581,1000.0,True,False,True,,,
SIM_DIR-1784853860,SIM_DIR,capstone_iii_fit_2x,fit_2x,55,55,259.0,0.0,0.0,1.0,570.2842756383551,570.2657303720594,0.01854526629575063,,,627.4108486755609,627.4108486755609,1000.0,True,False,True,,,
SIM_DIR-1784853860,SIM_DIR,capstone_iii_fit_activity,fit_activity,55,55,259.0,0.0,0.0,1.0,570.2842756383551,570.2657303720594,0.01854526629575063,,,621.7081913718404,621.7081913718404,1000.0,True,False,True,,,
SIM_DIR-1784853860,SIM_DIR,capstone_iii_fit_activity_pvt,fit_activity_pvt,55,55,259.0,0.0,0.0,1.0,570.2842756383551,570.2657303720594,0.01854526629575063,,,638.8161632830021,638.8161632830021,1000.0,True,False,True,,,
SIM_DIR-1784853860,SIM_DIR,capstone_iii_full,full,55,55,259.0,0.0,0.0,1.0,570.2842756383551,570.2657303720594,0.01854526629575063,,,655.924135194164,655.924135194164,1000.0,True,False,True,,,
SIM_DIR-1784853860,SIM_DIR,baseline,,56,56,261.0,0.0,0.0,1.0,575.3972134685864,575.3786682022907,0.01854526629575063,834.3259595294503,748.0163775091623,,748.0163775091623,,True,False,True,,,
SIM_DIR-1784853860,SIM_DIR,capstone_i,,56,56,261.0,0.0,0.0,1.0,575.3972134685864,575.3786682022907,0.01854526629575063,834.3259595294503,748.0163775091623,,748.0163775091623,1000.0,True,False,True,,,
SIM_DIR-1784853860,SIM_DIR,capstone_ii,,56,56,261.0,0.0,0.0,1.0,575.3972134685864,575.3786682022907,0.01854526629575063,742.4372134685864,679.7972134685864,,679.7972134685864,1000.0,True,False,True,,,
SIM_DIR-1784853860,SIM_DIR,capstone_iii_fit_1x,fit_1x,56,56,261.0,0.0,0.0,1.0,575.3972134685864,575.3786682022907,0.01854526629575063,,,604.266146878701,604.266146878701,1000.0,True,False,True,,,
SIM_DIR-1784853860,SIM_DIR,capstone_iii_fit_2x,fit_2x,56,56,261.0,0.0,0.0,1.0,575.3972134685864,575.3786682022907,0.01854526629575063,,,633.0350802888156,633.0350802888156,1000.0,True,False,True,,,
SIM_DIR-1784853860,SIM_DIR,capstone_iii_fit_activity,fit_activity,56,56,261.0,0.0,0.0,1.0,575.3972134685864,575.3786682022907,0.01854526629575063,,,627.2812936067927,627.2812936067927,1000.0,True,False,True,,,
SIM_DIR-1784853860,SIM_DIR,capstone_iii_fit_activity_pvt,fit_activity_pvt,56,56,261.0,0.0,0.0,1.0,575.3972134685864,575.3786682022907,0.01854526629575063,,,644.5426536528613,644.5426536528613,1000.0,True,False,True,,,
SIM_DIR-1784853860,SIM_DIR,capstone_iii_full,full,56,56,261.0,0.0,0.0,1.0,575.3972134685864,575.3786682022907,0.01854526629575063,,,661.8040136989301,661.8040136989301,1000.0,True,False,True,,,
SIM_DIR-1784853860,SIM_DIR,baseline,,57,57,263.0,0.0,0.0,1.0,580.5206811824363,580.5021359161406,0.01854526629575063,841.7549877145326,754.6768855371672,,754.6768855371672,,True,False,True,,,
SIM_DIR-1784853860,SIM_DIR,capstone_i,,57,57,263.0,0.0,0.0,1.0,580.5206811824363,580.5021359161406,0.01854526629575063,841.7549877145326,754.6768855371672,,754.6768855371672,1000.0,True,False,True,,,
SIM_DIR-1784853860,SIM_DIR,capstone_ii,,57,57,263.0,0.0,0.0,1.0,580.5206811824363,580.5021359161406,0.01854526629575063,748.8406811824364,685.7206811824362,,685.7206811824362,1000.0,True,False,True,,,
SIM_DIR-1784853860,SIM_DIR,capstone_iii_fit_1x,fit_1x,57,57,263.0,0.0,0.0,1.0,580.5206811824363,580.5021359161406,0.01854526629575063,,,609.6457879782433,609.6457879782433,1000.0,True,False,True,,,
SIM_DIR-1784853860,SIM_DIR,capstone_iii_fit_2x,fit_2x,57,57,263.0,0.0,0.0,1.0,580.5206811824363,580.5021359161406,0.01854526629575063,,,638.6708947740503,638.6708947740503,1000.0,True,False,True,,,
SIM_DIR-1784853860,SIM_DIR,capstone_iii_fit_activity,fit_activity,57,57,263.0,0.0,0.0,1.0,580.5206811824363,580.5021359161406,0.01854526629575063,,,632.8658734148889,632.8658734148889,1000.0,True,False,True,,,
SIM_DIR-1784853860,SIM_DIR,capstone_iii_fit_activity_pvt,fit_activity_pvt,57,57,263.0,0.0,0.0,1.0,580.5206811824363,580.5021359161406,0.01854526629575063,,,650.2809374923731,650.2809374923731,1000.0,True,False,True,,,
SIM_DIR-1784853860,SIM_DIR,capstone_iii_full,full,57,57,263.0,0.0,0.0,1.0,580.5206811824363,580.5021359161406,0.01854526629575063,,,667.6960015698573,667.6960015698573,1000.0,True,False,True,,,
SIM_DIR-1784853860,SIM_DIR,baseline,,58,58,272.0,0.0,0.0,1.0,601.124306675423,601.1057614091272,0.01854526629575063,871.6302446793633,781.4615986780499,,781.4615986780499,,True,False,True,,,
SIM_DIR-1784853860,SIM_DIR,capstone_i,,58,58,272.0,0.0,0.0,1.0,601.124306675423,601.1057614091272,0.01854526629575063,871.6302446793633,781.4615986780499,,781.4615986780499,1000.0,True,False,True,,,
SIM_DIR-1784853860,SIM_DIR,capstone_ii,,58,58,272.0,0.0,0.0,1.0,601.124306675423,601.1057614091272,0.01854526629575063,775.204306675423,709.9243066754229,,709.9243066754229,1000.0,True,False,True,,,
SIM_DIR-1784853860,SIM_DIR,capstone_iii_fit_1x,fit_1x,58,58,272.0,0.0,0.0,1.0,601.124306675423,601.1057614091272,0.01854526629575063,,,631.2795947458793,631.2795947458793,1000.0,True,False,True,,,
SIM_DIR-1784853860,SIM_DIR,capstone_iii_fit_2x,fit_2x,58,58,272.0,0.0,0.0,1.0,601.124306675423,601.1057614091272,0.01854526629575063,,,661.3348828163357,661.3348828163357,1000.0,True,False,True,,,
SIM_DIR-1784853860,SIM_DIR,capstone_iii_fit_activity,fit_activity,58,58,272.0,0.0,0.0,1.0,601.124306675423,601.1057614091272,0.01854526629575063,,,655.3238252022444,655.3238252022444,1000.0,True,False,True,,,
SIM_DIR-1784853860,SIM_DIR,capstone_iii_fit_activity_pvt,fit_activity_pvt,58,58,272.0,0.0,0.0,1.0,601.124306675423,601.1057614091272,0.01854526629575063,,,673.3569980445181,673.3569980445181,1000.0,True,False,True,,,
SIM_DIR-1784853860,SIM_DIR,capstone_iii_full,full,58,58,272.0,0.0,0.0,1.0,601.124306675423,601.1057614091272,0.01854526629575063,,,691.3901708867921,691.3901708867921,1000.0,True,False,True,,,
SIM_DIR-1784853860,SIM_DIR,baseline,,59,59,281.0,0.0,0.0,1.0,621.776445565516,621.7579002992203,0.01854526629575063,901.5758460699982,808.3093792351709,,808.3093792351709,,True,False,True,,,
SIM_DIR-1784853860,SIM_DIR,capstone_i,,59,59,281.0,0.0,0.0,1.0,621.776445565516,621.7579002992203,0.01854526629575063,901.5758460699982,808.3093792351709,,808.3093792351709,1000.0,True,False,True,,,
SIM_DIR-1784853860,SIM_DIR,capstone_ii,,59,59,281.0,0.0,0.0,1.0,621.776445565516,621.7579002992203,0.01854526629575063,801.6164455655161,734.176445565516,,734.176445565516,1000.0,True,False,True,,,
SIM_DIR-1784853860,SIM_DIR,capstone_iii_fit_1x,fit_1x,59,59,281.0,0.0,0.0,1.0,621.776445565516,621.7579002992203,0.01854526629575063,,,652.964340580477,652.964340580477,1000.0,True,False,True,,,
SIM_DIR-1784853860,SIM_DIR,capstone_iii_fit_2x,fit_2x,59,59,281.0,0.0,0.0,1.0,621.776445565516,621.7579002992203,0.01854526629575063,,,684.052235595438,684.052235595438,1000.0,True,False,True,,,
SIM_DIR-1784853860,SIM_DIR,capstone_iii_fit_activity,fit_activity,59,59,281.0,0.0,0.0,1.0,621.776445565516,621.7579002992203,0.01854526629575063,,,677.8346565924459,677.8346565924459,1000.0,True,False,True,,,
SIM_DIR-1784853860,SIM_DIR,capstone_iii_fit_activity_pvt,fit_activity_pvt,59,59,281.0,0.0,0.0,1.0,621.776445565516,621.7579002992203,0.01854526629575063,,,696.4873936014224,696.4873936014224,1000.0,True,False,True,,,
SIM_DIR-1784853860,SIM_DIR,capstone_iii_full,full,59,59,281.0,0.0,0.0,1.0,621.776445565516,621.7579002992203,0.01854526629575063,,,715.1401306103991,715.1401306103991,1000.0,True,False,True,,,
SIM_DIR-1784853860,SIM_DIR,baseline,,60,60,281.0,0.0,0.0,1.0,622.5386976600738,622.5201523937781,0.01854526629575063,902.681111607107,809.300306958096,,809.300306958096,,True,False,True,,,
SIM_DIR-1784853860,SIM_DIR,capstone_i,,60,60,281.0,0.0,0.0,1.0,622.5386976600738,622.5201523937781,0.01854526629575063,902.681111607107,809.300306958096,,809.300306958096,1000.0,True,False,True,,,
SIM_DIR-1784853860,SIM_DIR,capstone_ii,,60,60,281.0,0.0,0.0,1.0,622.5386976600738,622.5201523937781,0.01854526629575063,802.3786976600738,734.9386976600738,,734.9386976600738,1000.0,True,False,True,,,
SIM_DIR-1784853860,SIM_DIR,capstone_iii_fit_1x,fit_1x,60,60,281.0,0.0,0.0,1.0,622.5386976600738,622.5201523937781,0.01854526629575063,,,653.7647052797628,653.7647052797628,1000.0,True,False,True,,,
SIM_DIR-1784853860,SIM_DIR,capstone_iii_fit_2x,fit_2x,60,60,281.0,0.0,0.0,1.0,622.5386976600738,622.5201523937781,0.01854526629575063,,,684.8907128994517,684.8907128994517,1000.0,True,False,True,,,
SIM_DIR-1784853860,SIM_DIR,capstone_iii_fit_activity,fit_activity,60,60,281.0,0.0,0.0,1.0,622.5386976600738,622.5201523937781,0.01854526629575063,,,678.6655113755138,678.6655113755138,1000.0,True,False,True,,,
SIM_DIR-1784853860,SIM_DIR,capstone_iii_fit_activity_pvt,fit_activity_pvt,60,60,281.0,0.0,0.0,1.0,622.5386976600738,622.5201523937781,0.01854526629575063,,,697.3411159473272,697.3411159473272,1000.0,True,False,True,,,
SIM_DIR-1784853860,SIM_DIR,capstone_iii_full,full,60,60,281.0,0.0,0.0,1.0,622.5386976600738,622.5201523937781,0.01854526629575063,,,716.0167205191404,716.0167205191404,1000.0,True,False,True,,,
SIM_DIR-1784853860,SIM_DIR,baseline,,61,61,291.0,0.0,0.0,1.0,645.4814498517543,645.4629045854585,0.01854526629575063,935.9481022850437,839.1258848072806,,839.1258848072806,,True,False,True,,,
SIM_DIR-1784853860,SIM_DIR,capstone_i,,61,61,291.0,0.0,0.0,1.0,645.4814498517543,645.4629045854585,0.01854526629575063,935.9481022850437,839.1258848072806,,839.1258848072806,1000.0,True,False,True,,,
SIM_DIR-1784853860,SIM_DIR,capstone_ii,,61,61,291.0,0.0,0.0,1.0,645.4814498517543,645.4629045854585,0.01854526629575063,831.7214498517543,761.8814498517543,,761.8814498517543,1000.0,True,False,True,,,
SIM_DIR-1784853860,SIM_DIR,capstone_iii_fit_1x,fit_1x,61,61,291.0,0.0,0.0,1.0,645.4814498517543,645.4629045854585,0.01854526629575063,,,677.8545950810272,677.8545950810272,1000.0,True,False,True,,,
SIM_DIR-1784853860,SIM_DIR,capstone_iii_fit_2x,fit_2x,61,61,291.0,0.0,0.0,1.0,645.4814498517543,645.4629045854585,0.01854526629575063,,,710.1277403103002,710.1277403103002,1000.0,True,False,True,,,
SIM_DIR-1784853860,SIM_DIR,capstone_iii_fit_activity,fit_activity,61,61,291.0,0.0,0.0,1.0,645.4814498517543,645.4629045854585,0.01854526629575063,,,703.6731112644455,703.6731112644455,1000.0,True,False,True,,,
SIM_DIR-1784853860,SIM_DIR,capstone_iii_fit_activity_pvt,fit_activity_pvt,61,61,291.0,0.0,0.0,1.0,645.4814498517543,645.4629045854585,0.01854526629575063,,,723.0369984020093,723.0369984020093,1000.0,True,False,True,,,
SIM_DIR-1784853860,SIM_DIR,capstone_iii_full,full,61,61,291.0,0.0,0.0,1.0,645.4814498517543,645.4629045854585,0.01854526629575063,,,742.400885539573,742.400885539573,1000.0,True,False,True,,,
SIM_DIR-1784853860,SIM_DIR,baseline,,62,62,292.0,0.0,0.0,1.0,648.4908895316069,648.4723442653111,0.01854526629575063,940.3117898208299,843.0381563910889,,843.0381563910889,,True,False,True,,,
SIM_DIR-1784853860,SIM_DIR,capstone_i,,62,62,292.0,0.0,0.0,1.0,648.4908895316069,648.4723442653111,0.01854526629575063,940.3117898208299,843.0381563910889,,843.0381563910889,1000.0,True,False,True,,,
SIM_DIR-1784853860,SIM_DIR,capstone_ii,,62,62,292.0,0.0,0.0,1.0,648.4908895316069,648.4723442653111,0.01854526629575063,835.3708895316068,765.2908895316068,,765.2908895316068,1000.0,True,False,True,,,
SIM_DIR-1784853860,SIM_DIR,capstone_iii_fit_1x,fit_1x,62,62,292.0,0.0,0.0,1.0,648.4908895316069,648.4723442653111,0.01854526629575063,,,681.0145067448724,681.0145067448724,1000.0,True,False,True,,,
SIM_DIR-1784853860,SIM_DIR,capstone_iii_fit_2x,fit_2x,62,62,292.0,0.0,0.0,1.0,648.4908895316069,648.4723442653111,0.01854526629575063,,,713.438123958138,713.438123958138,1000.0,True,False,True,,,
SIM_DIR-1784853860,SIM_DIR,capstone_iii_fit_activity,fit_activity,62,62,292.0,0.0,0.0,1.0,648.4908895316069,648.4723442653111,0.01854526629575063,,,706.9534005154849,706.9534005154849,1000.0,True,False,True,,,
SIM_DIR-1784853860,SIM_DIR,capstone_iii_fit_activity_pvt,fit_activity_pvt,62,62,292.0,0.0,0.0,1.0,648.4908895316069,648.4723442653111,0.01854526629575063,,,726.4075708434442,726.4075708434442,1000.0,True,False,True,,,
SIM_DIR-1784853860,SIM_DIR,capstone_iii_full,full,62,62,292.0,0.0,0.0,1.0,648.4908895316069,648.4723442653111,0.01854526629575063,,,745.8617411714037,745.8617411714037,1000.0,True,False,True,,,
SIM_DIR-1784853860,SIM_DIR,baseline,,63,63,295.0,0.0,0.0,1.0,655.9523921830054,655.9338469167096,0.01854526629575063,951.1309686653577,852.738109837907,,852.738109837907,,True,False,True,,,
SIM_DIR-1784853860,SIM_DIR,capstone_i,,63,63,295.0,0.0,0.0,1.0,655.9523921830054,655.9338469167096,0.01854526629575063,951.1309686653577,852.738109837907,,852.738109837907,1000.0,True,False,True,,,
SIM_DIR-1784853860,SIM_DIR,capstone_ii,,63,63,295.0,0.0,0.0,1.0,655.9523921830054,655.9338469167096,0.01854526629575063,844.7523921830054,773.9523921830054,,773.9523921830054,1000.0,True,False,True,,,
SIM_DIR-1784853860,SIM_DIR,capstone_iii_fit_1x,fit_1x,63,63,295.0,0.0,0.0,1.0,655.9523921830054,655.9338469167096,0.01854526629575063,,,688.8490845288409,688.8490845288409,1000.0,True,False,True,,,
SIM_DIR-1784853860,SIM_DIR,capstone_iii_fit_2x,fit_2x,63,63,295.0,0.0,0.0,1.0,655.9523921830054,655.9338469167096,0.01854526629575063,,,721.6457768746764,721.6457768746764,1000.0,True,False,True,,,
SIM_DIR-1784853860,SIM_DIR,capstone_iii_fit_activity,fit_activity,63,63,295.0,0.0,0.0,1.0,655.9523921830054,655.9338469167096,0.01854526629575063,,,715.0864384055093,715.0864384055093,1000.0,True,False,True,,,
SIM_DIR-1784853860,SIM_DIR,capstone_iii_fit_activity_pvt,fit_activity_pvt,63,63,295.0,0.0,0.0,1.0,655.9523921830054,655.9338469167096,0.01854526629575063,,,734.7644538130105,734.7644538130105,1000.0,True,False,True,,,
SIM_DIR-1784853860,SIM_DIR,capstone_iii_full,full,63,63,295.0,0.0,0.0,1.0,655.9523921830054,655.9338469167096,0.01854526629575063,,,754.442469220512,754.442469220512,1000.0,True,False,True,,,
SIM_DIR-1784853860,SIM_DIR,baseline,,64,64,296.0,0.0,0.0,1.0,658.9773532857299,658.9588080194342,0.01854526629575063,955.5171622643084,856.670559271449,,856.670559271449,,True,False,True,,,
SIM_DIR-1784853860,SIM_DIR,capstone_i,,64,64,296.0,0.0,0.0,1.0,658.9773532857299,658.9588080194342,0.01854526629575063,955.5171622643084,856.670559271449,,856.670559271449,1000.0,True,False,True,,,
SIM_DIR-1784853860,SIM_DIR,capstone_ii,,64,64,296.0,0.0,0.0,1.0,658.9773532857299,658.9588080194342,0.01854526629575063,848.4173532857299,777.3773532857299,,777.3773532857299,1000.0,True,False,True,,,
SIM_DIR-1784853860,SIM_DIR,capstone_iii_fit_1x,fit_1x,64,64,296.0,0.0,0.0,1.0,658.9773532857299,658.9588080194342,0.01854526629575063,,,692.0252936867016,692.0252936867016,1000.0,True,False,True,,,
SIM_DIR-1784853860,SIM_DIR,capstone_iii_fit_2x,fit_2x,64,64,296.0,0.0,0.0,1.0,658.9773532857299,658.9588080194342,0.01854526629575063,,,724.9732340876734,724.9732340876734,1000.0,True,False,True,,,
SIM_DIR-1784853860,SIM_DIR,capstone_iii_fit_activity,fit_activity,64,64,296.0,0.0,0.0,1.0,658.9773532857299,658.9588080194342,0.01854526629575063,,,718.383646007479,718.383646007479,1000.0,True,False,True,,,
SIM_DIR-1784853860,SIM_DIR,capstone_iii_fit_activity_pvt,fit_activity_pvt,64,64,296.0,0.0,0.0,1.0,658.9773532857299,658.9588080194342,0.01854526629575063,,,738.1524102480621,738.1524102480621,1000.0,True,False,True,,,
SIM_DIR-1784853860,SIM_DIR,capstone_iii_full,full,64,64,296.0,0.0,0.0,1.0,658.9773532857299,658.9588080194342,0.01854526629575063,,,757.9211744886451,757.9211744886451,1000.0,True,False,True,,,
SIM_DIR-1784853860,SIM_DIR,baseline,,65,65,301.0,0.0,0.0,1.0,670.9230370745621,670.9044918082664,0.01854526629575063,972.838403758115,872.1999481969308,,872.1999481969308,,True,False,True,,,
SIM_DIR-1784853860,SIM_DIR,capstone_i,,65,65,301.0,0.0,0.0,1.0,670.9230370745621,670.9044918082664,0.01854526629575063,972.838403758115,872.1999481969308,,872.1999481969308,1000.0,True,False,True,,,
SIM_DIR-1784853860,SIM_DIR,capstone_ii,,65,65,301.0,0.0,0.0,1.0,670.9230370745621,670.9044918082664,0.01854526629575063,863.5630370745621,791.3230370745621,,791.3230370745621,1000.0,True,False,True,,,
SIM_DIR-1784853860,SIM_DIR,capstone_iii_fit_1x,fit_1x,65,65,301.0,0.0,0.0,1.0,670.9230370745621,670.9044918082664,0.01854526629575063,,,704.5682616649755,704.5682616649755,1000.0,True,False,True,,,
SIM_DIR-1784853860,SIM_DIR,capstone_iii_fit_2x,fit_2x,65,65,301.0,0.0,0.0,1.0,670.9230370745621,670.9044918082664,0.01854526629575063,,,738.1134862553887,738.1134862553887,1000.0,True,False,True,,,
SIM_DIR-1784853860,SIM_DIR,capstone_iii_fit_activity,fit_activity,65,65,301.0,0.0,0.0,1.0,670.9230370745621,670.9044918082664,0.01854526629575063,,,731.404441337306,731.404441337306,1000.0,True,False,True,,,
SIM_DIR-1784853860,SIM_DIR,capstone_iii_fit_activity_pvt,fit_activity_pvt,65,65,301.0,0.0,0.0,1.0,670.9230370745621,670.9044918082664,0.01854526629575063,,,751.5315760915541,751.5315760915541,1000.0,True,False,True,,,
SIM_DIR-1784853860,SIM_DIR,capstone_iii_full,full,65,65,301.0,0.0,0.0,1.0,670.9230370745621,670.9044918082664,0.01854526629575063,,,771.658710845802,771.658710845802,1000.0,True,False,True,,,
SIM_DIR-1784853860,SIM_DIR,baseline,,66,66,303.0,0.0,0.0,1.0,676.2005378500925,676.1819925837967,0.01854526629575063,980.490779882634,879.0606992051203,,879.0606992051203,,True,False,True,,,
SIM_DIR-1784853860,SIM_DIR,capstone_i,,66,66,303.0,0.0,0.0,1.0,676.2005378500925,676.1819925837967,0.01854526629575063,980.490779882634,879.0606992051203,,879.0606992051203,1000.0,True,False,True,,,
SIM_DIR-1784853860,SIM_DIR,capstone_ii,,66,66,303.0,0.0,0.0,1.0,676.2005378500925,676.1819925837967,0.01854526629575063,870.1205378500924,797.4005378500924,,797.4005378500924,1000.0,True,False,True,,,
SIM_DIR-1784853860,SIM_DIR,capstone_iii_fit_1x,fit_1x,66,66,303.0,0.0,0.0,1.0,676.2005378500925,676.1819925837967,0.01854526629575063,,,710.1096374792825,710.1096374792825,1000.0,True,False,True,,,
SIM_DIR-1784853860,SIM_DIR,capstone_iii_fit_2x,fit_2x,66,66,303.0,0.0,0.0,1.0,676.2005378500925,676.1819925837967,0.01854526629575063,,,743.9187371084721,743.9187371084721,1000.0,True,False,True,,,
SIM_DIR-1784853860,SIM_DIR,capstone_iii_fit_activity,fit_activity,66,66,303.0,0.0,0.0,1.0,676.2005378500925,676.1819925837967,0.01854526629575063,,,737.1569171826343,737.1569171826343,1000.0,True,False,True,,,
SIM_DIR-1784853860,SIM_DIR,capstone_iii_fit_activity_pvt,fit_activity_pvt,66,66,303.0,0.0,0.0,1.0,676.2005378500925,676.1819925837967,0.01854526629575063,,,757.4423769601482,757.4423769601482,1000.0,True,False,True,,,
SIM_DIR-1784853860,SIM_DIR,capstone_iii_full,full,66,66,303.0,0.0,0.0,1.0,676.2005378500925,676.1819925837967,0.01854526629575063,,,777.7278367376621,777.7278367376621,1000.0,True,False,True,,,
SIM_DIR-1784853860,SIM_DIR,baseline,,67,67,306.0,0.0,0.0,1.0,683.722814774535,683.7042695082392,0.01854526629575063,991.3980814230757,888.8396592068955,,888.8396592068955,,True,False,True,,,
SIM_DIR-1784853860,SIM_DIR,capstone_i,,67,67,306.0,0.0,0.0,1.0,683.722814774535,683.7042695082392,0.01854526629575063,991.3980814230757,888.8396592068955,,888.8396592068955,1000.0,True,False,True,,,
SIM_DIR-1784853860,SIM_DIR,capstone_ii,,67,67,306.0,0.0,0.0,1.0,683.722814774535,683.7042695082392,0.01854526629575063,879.562814774535,806.122814774535,,806.122814774535,1000.0,True,False,True,,,
SIM_DIR-1784853860,SIM_DIR,capstone_iii_fit_1x,fit_1x,67,67,306.0,0.0,0.0,1.0,683.722814774535,683.7042695082392,0.01854526629575063,,,718.0080282499468,718.0080282499468,1000.0,True,False,True,,,
SIM_DIR-1784853860,SIM_DIR,capstone_iii_fit_2x,fit_2x,67,67,306.0,0.0,0.0,1.0,683.722814774535,683.7042695082392,0.01854526629575063,,,752.1932417253589,752.1932417253589,1000.0,True,False,True,,,
SIM_DIR-1784853860,SIM_DIR,capstone_iii_fit_activity,fit_activity,67,67,306.0,0.0,0.0,1.0,683.722814774535,683.7042695082392,0.01854526629575063,,,745.3561990302766,745.3561990302766,1000.0,True,False,True,,,
SIM_DIR-1784853860,SIM_DIR,capstone_iii_fit_activity_pvt,fit_activity_pvt,67,67,306.0,0.0,0.0,1.0,683.722814774535,683.7042695082392,0.01854526629575063,,,765.8673271155236,765.8673271155236,1000.0,True,False,True,,,
SIM_DIR-1784853860,SIM_DIR,capstone_iii_full,full,67,67,306.0,0.0,0.0,1.0,683.722814774535,683.7042695082392,0.01854526629575063,,,786.3784552007709,786.3784552007709,1000.0,True,False,True,,,
SIM_DIR-1784853860,SIM_DIR,baseline,,68,68,308.0,0.0,0.0,1.0,689.0239101790621,689.0053649127664,0.01854526629575063,999.0846697596401,895.7310832327807,,895.7310832327807,,True,False,True,,,
SIM_DIR-1784853860,SIM_DIR,capstone_i,,68,68,308.0,0.0,0.0,1.0,689.0239101790621,689.0053649127664,0.01854526629575063,999.0846697596401,895.7310832327807,,895.7310832327807,1000.0,True,False,True,,,
SIM_DIR-1784853860,SIM_DIR,capstone_ii,,68,68,308.0,0.0,0.0,1.0,689.0239101790621,689.0053649127664,0.01854526629575063,886.1439101790621,812.2239101790622,,812.2239101790622,1000.0,True,False,True,,,
SIM_DIR-1784853860,SIM_DIR,capstone_iii_fit_1x,fit_1x,68,68,308.0,0.0,0.0,1.0,689.0239101790621,689.0053649127664,0.01854526629575063,,,723.5741784247003,723.5741784247003,1000.0,True,False,True,,,
SIM_DIR-1784853860,SIM_DIR,capstone_iii_fit_2x,fit_2x,68,68,308.0,0.0,0.0,1.0,689.0239101790621,689.0053649127664,0.01854526629575063,,,758.0244466703388,758.0244466703388,1000.0,True,False,True,,,
SIM_DIR-1784853860,SIM_DIR,capstone_iii_fit_activity,fit_activity,68,68,308.0,0.0,0.0,1.0,689.0239101790621,689.0053649127664,0.01854526629575063,,,751.134393021211,751.134393021211,1000.0,True,False,True,,,
SIM_DIR-1784853860,SIM_DIR,capstone_iii_fit_activity_pvt,fit_activity_pvt,68,68,308.0,0.0,0.0,1.0,689.0239101790621,689.0053649127664,0.01854526629575063,,,771.804553968594,771.804553968594,1000.0,True,False,True,,,
SIM_DIR-1784853860,SIM_DIR,capstone_iii_full,full,68,68,308.0,0.0,0.0,1.0,689.0239101790621,689.0053649127664,0.01854526629575063,,,792.4747149159771,792.4747149159771,1000.0,True,False,True,,,
SIM_DIR-1784853860,SIM_DIR,baseline,,69,69,309.0,0.0,0.0,1.0,692.0957108847064,692.0771656184106,0.01854526629575063,1003.5387807828242,899.7244241501184,,899.7244241501184,,True,False,True,,,
SIM_DIR-1784853860,SIM_DIR,capstone_i,,69,69,309.0,0.0,0.0,1.0,692.0957108847064,692.0771656184106,0.01854526629575063,1003.5387807828242,899.7244241501184,,899.7244241501184,1000.0,True,False,True,,,
SIM_DIR-1784853860,SIM_DIR,capstone_ii,,69,69,309.0,0.0,0.0,1.0,692.0957108847064,692.0771656184106,0.01854526629575063,889.8557108847064,815.6957108847064,,815.6957108847064,1000.0,True,False,True,,,
SIM_DIR-1784853860,SIM_DIR,capstone_iii_fit_1x,fit_1x,69,69,309.0,0.0,0.0,1.0,692.0957108847064,692.0771656184106,0.01854526629575063,,,726.7995691656268,726.7995691656268,1000.0,True,False,True,,,
SIM_DIR-1784853860,SIM_DIR,capstone_iii_fit_2x,fit_2x,69,69,309.0,0.0,0.0,1.0,692.0957108847064,692.0771656184106,0.01854526629575063,,,761.4034274465474,761.4034274465474,1000.0,True,False,True,,,
SIM_DIR-1784853860,SIM_DIR,capstone_iii_fit_activity,fit_activity,69,69,309.0,0.0,0.0,1.0,692.0957108847064,692.0771656184106,0.01854526629575063,,,754.4826557903633,754.4826557903633,1000.0,True,False,True,,,
SIM_DIR-1784853860,SIM_DIR,capstone_iii_fit_activity_pvt,fit_activity_pvt,69,69,309.0,0.0,0.0,1.0,692.0957108847064,692.0771656184106,0.01854526629575063,,,775.2449707589157,775.2449707589157,1000.0,True,False,True,,,
SIM_DIR-1784853860,SIM_DIR,capstone_iii_full,full,69,69,309.0,0.0,0.0,1.0,692.0957108847064,692.0771656184106,0.01854526629575063,,,796.007285727468,796.007285727468,1000.0,True,False,True,,,
SIM_DIR-1784853860,SIM_DIR,baseline,,70,70,313.0,0.0,0.0,1.0,701.8998399792368,701.8812947129411,0.01854526629575063,1017.7547679698934,912.4697919730079,,912.4697919730079,,True,False,True,,,
SIM_DIR-1784853860,SIM_DIR,capstone_i,,70,70,313.0,0.0,0.0,1.0,701.8998399792368,701.8812947129411,0.01854526629575063,1017.7547679698934,912.4697919730079,,912.4697919730079,1000.0,True,False,True,,,
SIM_DIR-1784853860,SIM_DIR,capstone_ii,,70,70,313.0,0.0,0.0,1.0,701.8998399792368,701.8812947129411,0.01854526629575063,902.2198399792369,827.0998399792368,,827.0998399792368,1000.0,True,False,True,,,
SIM_DIR-1784853860,SIM_DIR,capstone_iii_fit_1x,fit_1x,70,70,313.0,0.0,0.0,1.0,701.8998399792368,701.8812947129411,0.01854526629575063,,,737.0939047148839,737.0939047148839,1000.0,True,False,True,,,
SIM_DIR-1784853860,SIM_DIR,capstone_iii_fit_2x,fit_2x,70,70,313.0,0.0,0.0,1.0,701.8998399792368,701.8812947129411,0.01854526629575063,,,772.1879694505311,772.1879694505311,1000.0,True,False,True,,,
SIM_DIR-1784853860,SIM_DIR,capstone_iii_fit_activity,fit_activity,70,70,313.0,0.0,0.0,1.0,701.8998399792368,701.8812947129411,0.01854526629575063,,,765.1691565034017,765.1691565034017,1000.0,True,False,True,,,
SIM_DIR-1784853860,SIM_DIR,capstone_iii_fit_activity_pvt,fit_activity_pvt,70,70,313.0,0.0,0.0,1.0,701.8998399792368,701.8812947129411,0.01854526629575063,,,786.2255953447898,786.2255953447898,1000.0,True,False,True,,,
SIM_DIR-1784853860,SIM_DIR,capstone_iii_full,full,70,70,313.0,0.0,0.0,1.0,701.8998399792368,701.8812947129411,0.01854526629575063,,,807.282034186178,807.282034186178,1000.0,True,False,True,,,
SIM_DIR-1784853860,SIM_DIR,baseline,,71,71,316.0,0.0,0.0,1.0,709.4800627907618,709.4615175244661,0.01854526629575063,1028.7460910466048,922.3240816279904,,922.3240816279904,,True,False,True,,,
SIM_DIR-1784853860,SIM_DIR,capstone_i,,71,71,316.0,0.0,0.0,1.0,709.4800627907618,709.4615175244661,0.01854526629575063,1028.7460910466048,922.3240816279904,,922.3240816279904,1000.0,True,False,True,,,
SIM_DIR-1784853860,SIM_DIR,capstone_ii,,71,71,316.0,0.0,0.0,1.0,709.4800627907618,709.4615175244661,0.01854526629575063,911.7200627907619,835.8800627907618,,835.8800627907618,1000.0,True,False,True,,,
SIM_DIR-1784853860,SIM_DIR,capstone_iii_fit_1x,fit_1x,71,71,316.0,0.0,0.0,1.0,709.4800627907618,709.4615175244661,0.01854526629575063,,,745.0531386669852,745.0531386669852,1000.0,True,False,True,,,
SIM_DIR-1784853860,SIM_DIR,capstone_iii_fit_2x,fit_2x,71,71,316.0,0.0,0.0,1.0,709.4800627907618,709.4615175244661,0.01854526629575063,,,780.5262145432085,780.5262145432085,1000.0,True,False,True,,,
SIM_DIR-1784853860,SIM_DIR,capstone_iii_fit_activity,fit_activity,71,71,316.0,0.0,0.0,1.0,709.4800627907618,709.4615175244661,0.01854526629575063,,,773.4315993679638,773.4315993679638,1000.0,True,False,True,,,
SIM_DIR-1784853860,SIM_DIR,capstone_iii_fit_activity_pvt,fit_activity_pvt,71,71,316.0,0.0,0.0,1.0,709.4800627907618,709.4615175244661,0.01854526629575063,,,794.7154448936977,794.7154448936977,1000.0,True,False,True,,,
SIM_DIR-1784853860,SIM_DIR,capstone_iii_full,full,71,71,316.0,0.0,0.0,1.0,709.4800627907618,709.4615175244661,0.01854526629575063,,,815.9992904194318,815.9992904194318,1000.0,True,False,True,,,
SIM_DIR-1784853860,SIM_DIR,baseline,,72,72,316.0,0.0,0.0,1.0,710.3326148321216,710.3140695658259,0.01854526629575063,1029.9822915065763,923.4323992817582,,923.4323992817582,,True,False,True,,,
SIM_DIR-1784853860,SIM_DIR,capstone_i,,72,72,316.0,0.0,0.0,1.0,710.3326148321216,710.3140695658259,0.01854526629575063,1029.9822915065763,923.4323992817582,,923.4323992817582,1000.0,True,False,True,,,
SIM_DIR-1784853860,SIM_DIR,capstone_ii,,72,72,316.0,0.0,0.0,1.0,710.3326148321216,710.3140695658259,0.01854526629575063,912.5726148321216,836.7326148321216,,836.7326148321216,1000.0,True,False,True,,,
SIM_DIR-1784853860,SIM_DIR,capstone_iii_fit_1x,fit_1x,72,72,316.0,0.0,0.0,1.0,710.3326148321216,710.3140695658259,0.01854526629575063,,,745.9483183104129,745.9483183104129,1000.0,True,False,True,,,
SIM_DIR-1784853860,SIM_DIR,capstone_iii_fit_2x,fit_2x,72,72,316.0,0.0,0.0,1.0,710.3326148321216,710.3140695658259,0.01854526629575063,,,781.4640217887043,781.4640217887043,1000.0,True,False,True,,,
SIM_DIR-1784853860,SIM_DIR,capstone_iii_fit_activity,fit_activity,72,72,316.0,0.0,0.0,1.0,710.3326148321216,710.3140695658259,0.01854526629575063,,,774.3608810930459,774.3608810930459,1000.0,True,False,True,,,
SIM_DIR-1784853860,SIM_DIR,capstone_iii_fit_activity_pvt,fit_activity_pvt,72,72,316.0,0.0,0.0,1.0,710.3326148321216,710.3140695658259,0.01854526629575063,,,795.6703031800207,795.6703031800207,1000.0,True,False,True,,,
SIM_DIR-1784853860,SIM_DIR,capstone_iii_full,full,72,72,316.0,0.0,0.0,1.0,710.3326148321216,710.3140695658259,0.01854526629575063,,,816.9797252669954,816.9797252669954,1000.0,True,False,True,,,
SIM_DIR-1784853860,SIM_DIR,baseline,,73,73,316.0,0.0,0.0,1.0,711.184795125023,711.1662498587273,0.01854526629575063,1031.2179529312834,924.54023366253,,924.54023366253,,True,False,True,,,
SIM_DIR-1784853860,SIM_DIR,capstone_i,,73,73,316.0,0.0,0.0,1.0,711.184795125023,711.1662498587273,0.01854526629575063,1031.2179529312834,924.54023366253,,924.54023366253,1000.0,True,False,True,,,
SIM_DIR-1784853860,SIM_DIR,capstone_ii,,73,73,316.0,0.0,0.0,1.0,711.184795125023,711.1662498587273,0.01854526629575063,913.424795125023,837.584795125023,,837.584795125023,1000.0,True,False,True,,,
SIM_DIR-1784853860,SIM_DIR,capstone_iii_fit_1x,fit_1x,73,73,316.0,0.0,0.0,1.0,711.184795125023,711.1662498587273,0.01854526629575063,,,746.8431076179593,746.8431076179593,1000.0,True,False,True,,,
SIM_DIR-1784853860,SIM_DIR,capstone_iii_fit_2x,fit_2x,73,73,316.0,0.0,0.0,1.0,711.184795125023,711.1662498587273,0.01854526629575063,,,782.4014201108957,782.4014201108957,1000.0,True,False,True,,,
SIM_DIR-1784853860,SIM_DIR,capstone_iii_fit_activity,fit_activity,73,73,316.0,0.0,0.0,1.0,711.184795125023,711.1662498587273,0.01854526629575063,,,775.2897576123083,775.2897576123083,1000.0,True,False,True,,,
SIM_DIR-1784853860,SIM_DIR,capstone_iii_fit_activity_pvt,fit_activity_pvt,73,73,316.0,0.0,0.0,1.0,711.184795125023,711.1662498587273,0.01854526629575063,,,796.6247451080703,796.6247451080703,1000.0,True,False,True,,,
SIM_DIR-1784853860,SIM_DIR,capstone_iii_full,full,73,73,316.0,0.0,0.0,1.0,711.184795125023,711.1662498587273,0.01854526629575063,,,817.9597326038321,817.9597326038321,1000.0,True,False,True,,,
SIM_DIR-1784853860,SIM_DIR,baseline,,74,74,316.0,0.0,0.0,1.0,712.0366059209725,712.0180606546768,0.01854526629575063,1032.4530785854101,925.6475876972643,,925.6475876972643,,True,False,True,,,
SIM_DIR-1784853860,SIM_DIR,capstone_i,,74,74,316.0,0.0,0.0,1.0,712.0366059209725,712.0180606546768,0.01854526629575063,1032.4530785854101,925.6475876972643,,925.6475876972643,1000.0,True,False,True,,,
SIM_DIR-1784853860,SIM_DIR,capstone_ii,,74,74,316.0,0.0,0.0,1.0,712.0366059209725,712.0180606546768,0.01854526629575063,914.2766059209725,838.4366059209725,,838.4366059209725,1000.0,True,False,True,,,
SIM_DIR-1784853860,SIM_DIR,capstone_iii_fit_1x,fit_1x,74,74,316.0,0.0,0.0,1.0,712.0366059209725,712.0180606546768,0.01854526629575063,,,747.7375089537063,747.7375089537063,1000.0,True,False,True,,,
SIM_DIR-1784853860,SIM_DIR,capstone_iii_fit_2x,fit_2x,74,74,316.0,0.0,0.0,1.0,712.0366059209725,712.0180606546768,0.01854526629575063,,,783.3384119864402,783.3384119864402,1000.0,True,False,True,,,
SIM_DIR-1784853860,SIM_DIR,capstone_iii_fit_activity,fit_activity,74,74,316.0,0.0,0.0,1.0,712.0366059209725,712.0180606546768,0.01854526629575063,,,776.2182313798934,776.2182313798934,1000.0,True,False,True,,,
SIM_DIR-1784853860,SIM_DIR,capstone_iii_fit_activity_pvt,fit_activity_pvt,74,74,316.0,0.0,0.0,1.0,712.0366059209725,712.0180606546768,0.01854526629575063,,,797.5787731995337,797.5787731995337,1000.0,True,False,True,,,
SIM_DIR-1784853860,SIM_DIR,capstone_iii_full,full,74,74,316.0,0.0,0.0,1.0,712.0366059209725,712.0180606546768,0.01854526629575063,,,818.939315019174,818.939315019174,1000.0,True,False,True,,,
SIM_DIR-1784853860,SIM_DIR,baseline,,75,75,318.0,0.0,0.0,1.0,717.3998817608561,717.3813364945604,0.01854526629575063,1040.2298285532413,932.6198462891131,,932.6198462891131,,True,False,True,,,
SIM_DIR-1784853860,SIM_DIR,capstone_i,,75,75,318.0,0.0,0.0,1.0,717.3998817608561,717.3813364945604,0.01854526629575063,1040.2298285532413,932.6198462891131,,932.6198462891131,1000.0,True,False,True,,,
SIM_DIR-1784853860,SIM_DIR,capstone_ii,,75,75,318.0,0.0,0.0,1.0,717.3998817608561,717.3813364945604,0.01854526629575063,920.9198817608561,844.5998817608562,,844.5998817608562,1000.0,True,False,True,,,
SIM_DIR-1784853860,SIM_DIR,capstone_iii_fit_1x,fit_1x,75,75,318.0,0.0,0.0,1.0,717.3998817608561,717.3813364945604,0.01854526629575063,,,753.3689485855841,753.3689485855841,1000.0,True,False,True,,,
SIM_DIR-1784853860,SIM_DIR,capstone_iii_fit_2x,fit_2x,75,75,318.0,0.0,0.0,1.0,717.3998817608561,717.3813364945604,0.01854526629575063,,,789.2380154103122,789.2380154103122,1000.0,True,False,True,,,
SIM_DIR-1784853860,SIM_DIR,capstone_iii_fit_activity,fit_activity,75,75,318.0,0.0,0.0,1.0,717.3998817608561,717.3813364945604,0.01854526629575063,,,782.0642020453666,782.0642020453666,1000.0,True,False,True,,,
SIM_DIR-1784853860,SIM_DIR,capstone_iii_fit_activity_pvt,fit_activity_pvt,75,75,318.0,0.0,0.0,1.0,717.3998817608561,717.3813364945604,0.01854526629575063,,,803.5856421402033,803.5856421402033,1000.0,True,False,True,,,
SIM_DIR-1784853860,SIM_DIR,capstone_iii_full,full,75,75,318.0,0.0,0.0,1.0,717.3998817608561,717.3813364945604,0.01854526629575063,,,825.1070822350403,825.1070822350403,1000.0,True,False,True,,,
SIM_DIR-1784853860,SIM_DIR,baseline,,76,76,318.0,0.0,0.0,1.0,718.2563468278372,718.2378015615415,0.01854526629575063,1041.4717029003639,933.7332508761884,,933.7332508761884,,True,False,True,,,
SIM_DIR-1784853860,SIM_DIR,capstone_i,,76,76,318.0,0.0,0.0,1.0,718.2563468278372,718.2378015615415,0.01854526629575063,1041.4717029003639,933.7332508761884,,933.7332508761884,1000.0,True,False,True,,,
SIM_DIR-1784853860,SIM_DIR,capstone_ii,,76,76,318.0,0.0,0.0,1.0,718.2563468278372,718.2378015615415,0.01854526629575063,921.7763468278372,845.4563468278373,,845.4563468278373,1000.0,True,False,True,,,
SIM_DIR-1784853860,SIM_DIR,capstone_iii_fit_1x,fit_1x,76,76,318.0,0.0,0.0,1.0,718.2563468278372,718.2378015615415,0.01854526629575063,,,754.2682369059143,754.2682369059143,1000.0,True,False,True,,,
SIM_DIR-1784853860,SIM_DIR,capstone_iii_fit_2x,fit_2x,76,76,318.0,0.0,0.0,1.0,718.2563468278372,718.2378015615415,0.01854526629575063,,,790.1801269839914,790.1801269839914,1000.0,True,False,True,,,
SIM_DIR-1784853860,SIM_DIR,capstone_iii_fit_activity,fit_activity,76,76,318.0,0.0,0.0,1.0,718.2563468278372,718.2378015615415,0.01854526629575063,,,782.9977489683758,782.9977489683758,1000.0,True,False,True,,,
SIM_DIR-1784853860,SIM_DIR,capstone_iii_fit_activity_pvt,fit_activity_pvt,76,76,318.0,0.0,0.0,1.0,718.2563468278372,718.2378015615415,0.01854526629575063,,,804.5448830152221,804.5448830152221,1000.0,True,False,True,,,
SIM_DIR-1784853860,SIM_DIR,capstone_iii_full,full,76,76,318.0,0.0,0.0,1.0,718.2563468278372,718.2378015615415,0.01854526629575063,,,826.0920170620685,826.0920170620685,1000.0,True,False,True,,,
SIM_DIR-1784853860,SIM_DIR,baseline,,77,77,319.0,0.0,0.0,1.0,721.3737483398407,721.355203073545,0.01854526629575063,1045.9919350927692,937.785872841793,,937.785872841793,,True,False,True,,,
SIM_DIR-1784853860,SIM_DIR,capstone_i,,77,77,319.0,0.0,0.0,1.0,721.3737483398407,721.355203073545,0.01854526629575063,1045.9919350927692,937.785872841793,,937.785872841793,1000.0,True,False,True,,,
SIM_DIR-1784853860,SIM_DIR,capstone_ii,,77,77,319.0,0.0,0.0,1.0,721.3737483398407,721.355203073545,0.01854526629575063,925.5337483398407,848.9737483398408,,848.9737483398408,1000.0,True,False,True,,,
SIM_DIR-1784853860,SIM_DIR,capstone_iii_fit_1x,fit_1x,77,77,319.0,0.0,0.0,1.0,721.3737483398407,721.355203073545,0.01854526629575063,,,757.541508493518,757.541508493518,1000.0,True,False,True,,,
SIM_DIR-1784853860,SIM_DIR,capstone_iii_fit_2x,fit_2x,77,77,319.0,0.0,0.0,1.0,721.3737483398407,721.355203073545,0.01854526629575063,,,793.6092686471953,793.6092686471953,1000.0,True,False,True,,,
SIM_DIR-1784853860,SIM_DIR,capstone_iii_fit_activity,fit_activity,77,77,319.0,0.0,0.0,1.0,721.3737483398407,721.355203073545,0.01854526629575063,,,786.3957166164598,786.3957166164598,1000.0,True,False,True,,,
SIM_DIR-1784853860,SIM_DIR,capstone_iii_fit_activity_pvt,fit_activity_pvt,77,77,319.0,0.0,0.0,1.0,721.3737483398407,721.355203073545,0.01854526629575063,,,808.0363727086661,808.0363727086661,1000.0,True,False,True,,,
SIM_DIR-1784853860,SIM_DIR,capstone_iii_full,full,77,77,319.0,0.0,0.0,1.0,721.3737483398407,721.355203073545,0.01854526629575063,,,829.6770288008724,829.6770288008724,1000.0,True,False,True,,,
SIM_DIR-1784853860,SIM_DIR,baseline,,78,78,320.0,0.0,0.0,1.0,724.4961689173181,724.4776236510223,0.01854526629575063,1050.5194449301111,941.8450195925135,,941.8450195925135,,True,False,True,,,
SIM_DIR-1784853860,SIM_DIR,capstone_i,,78,78,320.0,0.0,0.0,1.0,724.4961689173181,724.4776236510223,0.01854526629575063,1050.5194449301111,941.8450195925135,,941.8450195925135,1000.0,True,False,True,,,
SIM_DIR-1784853860,SIM_DIR,capstone_ii,,78,78,320.0,0.0,0.0,1.0,724.4961689173181,724.4776236510223,0.01854526629575063,929.296168917318,852.4961689173181,,852.4961689173181,1000.0,True,False,True,,,
SIM_DIR-1784853860,SIM_DIR,capstone_iii_fit_1x,fit_1x,78,78,320.0,0.0,0.0,1.0,724.4961689173181,724.4776236510223,0.01854526629575063,,,760.8200500998691,760.8200500998691,1000.0,True,False,True,,,
SIM_DIR-1784853860,SIM_DIR,capstone_iii_fit_2x,fit_2x,78,78,320.0,0.0,0.0,1.0,724.4961689173181,724.4776236510223,0.01854526629575063,,,797.0439312824203,797.0439312824203,1000.0,True,False,True,,,
SIM_DIR-1784853860,SIM_DIR,capstone_iii_fit_activity,fit_activity,78,78,320.0,0.0,0.0,1.0,724.4961689173181,724.4776236510223,0.01854526629575063,,,789.7991550459102,789.7991550459102,1000.0,True,False,True,,,
SIM_DIR-1784853860,SIM_DIR,capstone_iii_fit_activity_pvt,fit_activity_pvt,78,78,320.0,0.0,0.0,1.0,724.4961689173181,724.4776236510223,0.01854526629575063,,,811.5334837554408,811.5334837554408,1000.0,True,False,True,,,
SIM_DIR-1784853860,SIM_DIR,capstone_iii_full,full,78,78,320.0,0.0,0.0,1.0,724.4961689173181,724.4776236510223,0.01854526629575063,,,833.2678124649714,833.2678124649714,1000.0,True,False,True,,,
SIM_DIR-1784853860,SIM_DIR,baseline,,79,79,323.0,0.0,0.0,1.0,732.1569722184054,732.1384269521096,0.01854526629575063,1061.6276097166879,951.804063883927,,951.804063883927,,True,False,True,,,
SIM_DIR-1784853860,SIM_DIR,capstone_i,,79,79,323.0,0.0,0.0,1.0,732.1569722184054,732.1384269521096,0.01854526629575063,1061.6276097166879,951.804063883927,,951.804063883927,1000.0,True,False,True,,,
SIM_DIR-1784853860,SIM_DIR,capstone_ii,,79,79,323.0,0.0,0.0,1.0,732.1569722184054,732.1384269521096,0.01854526629575063,938.8769722184054,861.3569722184054,,861.3569722184054,1000.0,True,False,True,,,
SIM_DIR-1784853860,SIM_DIR,capstone_iii_fit_1x,fit_1x,79,79,323.0,0.0,0.0,1.0,732.1569722184054,732.1384269521096,0.01854526629575063,,,768.8638935660108,768.8638935660108,1000.0,True,False,True,,,
SIM_DIR-1784853860,SIM_DIR,capstone_iii_fit_2x,fit_2x,79,79,323.0,0.0,0.0,1.0,732.1569722184054,732.1384269521096,0.01854526629575063,,,805.4708149136162,805.4708149136162,1000.0,True,False,True,,,
SIM_DIR-1784853860,SIM_DIR,capstone_iii_fit_activity,fit_activity,79,79,323.0,0.0,0.0,1.0,732.1569722184054,732.1384269521096,0.01854526629575063,,,798.1494306440952,798.1494306440952,1000.0,True,False,True,,,
SIM_DIR-1784853860,SIM_DIR,capstone_iii_fit_activity_pvt,fit_activity_pvt,79,79,323.0,0.0,0.0,1.0,732.1569722184054,732.1384269521096,0.01854526629575063,,,820.1135834526584,820.1135834526584,1000.0,True,False,True,,,
SIM_DIR-1784853860,SIM_DIR,capstone_iii_full,full,79,79,323.0,0.0,0.0,1.0,732.1569722184054,732.1384269521096,0.01854526629575063,,,842.0777362612217,842.0777362612217,1000.0,True,False,True,,,
SIM_DIR-1784853860,SIM_DIR,baseline,,80,80,325.0,0.0,0.0,1.0,737.5641759363602,737.5456306700645,0.01854526629575063,1069.4680551077224,958.8334287172684,,958.8334287172684,,True,False,True,,,
SIM_DIR-1784853860,SIM_DIR,capstone_i,,80,80,325.0,0.0,0.0,1.0,737.5641759363602,737.5456306700645,0.01854526629575063,1069.4680551077224,958.8334287172684,,958.8334287172684,1000.0,True,False,True,,,
SIM_DIR-1784853860,SIM_DIR,capstone_ii,,80,80,325.0,0.0,0.0,1.0,737.5641759363602,737.5456306700645,0.01854526629575063,945.5641759363602,867.5641759363602,,867.5641759363602,1000.0,True,False,True,,,
SIM_DIR-1784853860,SIM_DIR,capstone_iii_fit_1x,fit_1x,80,80,325.0,0.0,0.0,1.0,737.5641759363602,737.5456306700645,0.01854526629575063,,,774.5414574698634,774.5414574698634,1000.0,True,False,True,,,
SIM_DIR-1784853860,SIM_DIR,capstone_iii_fit_2x,fit_2x,80,80,325.0,0.0,0.0,1.0,737.5641759363602,737.5456306700645,0.01854526629575063,,,811.4187390033667,811.4187390033667,1000.0,True,False,True,,,
SIM_DIR-1784853860,SIM_DIR,capstone_iii_fit_activity,fit_activity,80,80,325.0,0.0,0.0,1.0,737.5641759363602,737.5456306700645,0.01854526629575063,,,804.0432826966661,804.0432826966661,1000.0,True,False,True,,,
SIM_DIR-1784853860,SIM_DIR,capstone_iii_fit_activity_pvt,fit_activity_pvt,80,80,325.0,0.0,0.0,1.0,737.5641759363602,737.5456306700645,0.01854526629575063,,,826.1696516167681,826.1696516167681,1000.0,True,False,True,,,
SIM_DIR-1784853860,SIM_DIR,capstone_iii_full,full,80,80,325.0,0.0,0.0,1.0,737.5641759363602,737.5456306700645,0.01854526629575063,,,848.29602053687,848.29602053687,1000.0,True,False,True,,,
SIM_DIR-1784853860,SIM_DIR,baseline,,81,81,330.0,0.0,0.0,1.0,749.7979444557159,749.7793991894201,0.01854526629575063,1087.207019460788,974.7373277924306,,974.7373277924306,,True,False,True,,,
SIM_DIR-1784853860,SIM_DIR,capstone_i,,81,81,330.0,0.0,0.0,1.0,749.7979444557159,749.7793991894201,0.01854526629575063,1087.207019460788,974.7373277924306,,974.7373277924306,1000.0,True,False,True,,,
SIM_DIR-1784853860,SIM_DIR,capstone_ii,,81,81,330.0,0.0,0.0,1.0,749.7979444557159,749.7793991894201,0.01854526629575063,960.9979444557159,881.7979444557159,,881.7979444557159,1000.0,True,False,True,,,
SIM_DIR-1784853860,SIM_DIR,capstone_iii_fit_1x,fit_1x,81,81,330.0,0.0,0.0,1.0,749.7979444557159,749.7793991894201,0.01854526629575063,,,787.3869144151869,787.3869144151869,1000.0,True,False,True,,,
SIM_DIR-1784853860,SIM_DIR,capstone_iii_fit_2x,fit_2x,81,81,330.0,0.0,0.0,1.0,749.7979444557159,749.7793991894201,0.01854526629575063,,,824.8758843746579,824.8758843746579,1000.0,True,False,True,,,
SIM_DIR-1784853860,SIM_DIR,capstone_iii_fit_activity,fit_activity,81,81,330.0,0.0,0.0,1.0,749.7979444557159,749.7793991894201,0.01854526629575063,,,817.3780903827636,817.3780903827636,1000.0,True,False,True,,,
SIM_DIR-1784853860,SIM_DIR,capstone_iii_fit_activity_pvt,fit_activity_pvt,81,81,330.0,0.0,0.0,1.0,749.7979444557159,749.7793991894201,0.01854526629575063,,,839.8714723584461,839.8714723584461,1000.0,True,False,True,,,
SIM_DIR-1784853860,SIM_DIR,capstone_iii_full,full,81,81,330.0,0.0,0.0,1.0,749.7979444557159,749.7793991894201,0.01854526629575063,,,862.364854334129,862.364854334129,1000.0,True,False,True,,,
SIM_DIR-1784853860,SIM_DIR,baseline,,82,82,331.0,0.0,0.0,1.0,752.9592347720993,752.9406895058036,0.01854526629575063,1091.790890419544,978.8470052037292,,978.8470052037292,,True,False,True,,,
SIM_DIR-1784853860,SIM_DIR,capstone_i,,82,82,331.0,0.0,0.0,1.0,752.9592347720993,752.9406895058036,0.01854526629575063,1091.790890419544,978.8470052037292,,978.8470052037292,1000.0,True,False,True,,,
SIM_DIR-1784853860,SIM_DIR,capstone_ii,,82,82,331.0,0.0,0.0,1.0,752.9592347720993,752.9406895058036,0.01854526629575063,964.7992347720993,885.3592347720993,,885.3592347720993,1000.0,True,False,True,,,
SIM_DIR-1784853860,SIM_DIR,capstone_iii_fit_1x,fit_1x,82,82,331.0,0.0,0.0,1.0,752.9592347720993,752.9406895058036,0.01854526629575063,,,790.7062692473895,790.7062692473895,1000.0,True,False,True,,,
SIM_DIR-1784853860,SIM_DIR,capstone_iii_fit_2x,fit_2x,82,82,331.0,0.0,0.0,1.0,752.9592347720993,752.9406895058036,0.01854526629575063,,,828.3533037226797,828.3533037226797,1000.0,True,False,True,,,
SIM_DIR-1784853860,SIM_DIR,capstone_iii_fit_activity,fit_activity,82,82,331.0,0.0,0.0,1.0,752.9592347720993,752.9406895058036,0.01854526629575063,,,820.8238968276216,820.8238968276216,1000.0,True,False,True,,,
SIM_DIR-1784853860,SIM_DIR,capstone_iii_fit_activity_pvt,fit_activity_pvt,82,82,331.0,0.0,0.0,1.0,752.9592347720993,752.9406895058036,0.01854526629575063,,,843.4121175127958,843.4121175127958,1000.0,True,False,True,,,
SIM_DIR-1784853860,SIM_DIR,capstone_iii_full,full,82,82,331.0,0.0,0.0,1.0,752.9592347720993,752.9406895058036,0.01854526629575063,,,866.0003381979699,866.0003381979699,1000.0,True,False,True,,,
SIM_DIR-1784853860,SIM_DIR,baseline,,83,83,337.0,0.0,0.0,1.0,767.5126838429411,767.4941385766454,0.01854526629575063,1112.8933915722646,997.7664889958235,,997.7664889958235,,True,False,True,,,
SIM_DIR-1784853860,SIM_DIR,capstone_i,,83,83,337.0,0.0,0.0,1.0,767.5126838429411,767.4941385766454,0.01854526629575063,1112.8933915722646,997.7664889958235,,997.7664889958235,1000.0,True,False,True,,,
SIM_DIR-1784853860,SIM_DIR,capstone_ii,,83,83,337.0,0.0,0.0,1.0,767.5126838429411,767.4941385766454,0.01854526629575063,983.192683842941,902.3126838429412,,902.3126838429412,1000.0,True,False,True,,,
SIM_DIR-1784853860,SIM_DIR,capstone_iii_fit_1x,fit_1x,83,83,337.0,0.0,0.0,1.0,767.5126838429411,767.4941385766454,0.01854526629575063,,,805.9873907717733,805.9873907717733,1000.0,True,False,True,,,
SIM_DIR-1784853860,SIM_DIR,capstone_iii_fit_2x,fit_2x,83,83,337.0,0.0,0.0,1.0,767.5126838429411,767.4941385766454,0.01854526629575063,,,844.3620977006057,844.3620977006057,1000.0,True,False,True,,,
SIM_DIR-1784853860,SIM_DIR,capstone_iii_fit_activity,fit_activity,83,83,337.0,0.0,0.0,1.0,767.5126838429411,767.4941385766454,0.01854526629575063,,,836.6871563148392,836.6871563148392,1000.0,True,False,True,,,
SIM_DIR-1784853860,SIM_DIR,capstone_iii_fit_activity_pvt,fit_activity_pvt,83,83,337.0,0.0,0.0,1.0,767.5126838429411,767.4941385766454,0.01854526629575063,,,859.7119804721384,859.7119804721384,1000.0,True,False,True,,,
SIM_DIR-1784853860,SIM_DIR,capstone_iii_full,full,83,83,337.0,0.0,0.0,1.0,767.5126838429411,767.4941385766454,0.01854526629575063,,,882.736804629438,882.736804629438,1000.0,True,False,True,,,
SIM_DIR-1784853860,SIM_DIR,baseline,,84,84,340.0,0.0,0.0,1.0,775.2576351790495,775.2390899127538,0.01854526629575063,1124.1235710096219,1007.8349257327644,,1007.8349257327644,,True,False,True,,,
SIM_DIR-1784853860,SIM_DIR,capstone_i,,84,84,340.0,0.0,0.0,1.0,775.2576351790495,775.2390899127538,0.01854526629575063,1124.1235710096219,1007.8349257327644,,1007.8349257327644,1000.0,False,True,False,,,
SIM_DIR-1784853860,SIM_DIR,capstone_ii,,84,84,340.0,0.0,0.0,1.0,775.2576351790495,775.2390899127538,0.01854526629575063,992.8576351790496,911.2576351790495,,911.2576351790495,1000.0,True,False,True,,,
SIM_DIR-1784853860,SIM_DIR,capstone_iii_fit_1x,fit_1x,84,84,340.0,0.0,0.0,1.0,775.2576351790495,775.2390899127538,0.01854526629575063,,,814.1195896746872,814.1195896746872,1000.0,True,False,True,,,
SIM_DIR-1784853860,SIM_DIR,capstone_iii_fit_2x,fit_2x,84,84,340.0,0.0,0.0,1.0,775.2576351790495,775.2390899127538,0.01854526629575063,,,852.8815441703248,852.8815441703248,1000.0,True,False,True,,,
SIM_DIR-1784853860,SIM_DIR,capstone_iii_fit_activity,fit_activity,84,84,340.0,0.0,0.0,1.0,775.2576351790495,775.2390899127538,0.01854526629575063,,,845.1291532711973,845.1291532711973,1000.0,True,False,True,,,
SIM_DIR-1784853860,SIM_DIR,capstone_iii_fit_activity_pvt,fit_activity_pvt,84,84,340.0,0.0,0.0,1.0,775.2576351790495,775.2390899127538,0.01854526629575063,,,868.3863259685799,868.3863259685799,1000.0,True,False,True,,,
SIM_DIR-1784853860,SIM_DIR,capstone_iii_full,full,84,84,340.0,0.0,0.0,1.0,775.2576351790495,775.2390899127538,0.01854526629575063,,,891.6434986659625,891.6434986659625,1000.0,True,False,True,,,
SIM_DIR-1784853860,SIM_DIR,baseline,,85,85,342.0,0.0,0.0,1.0,780.7355188280025,780.7169735617067,0.01854526629575063,1132.0665023006036,1014.9561744764032,,1014.9561744764032,,True,False,True,,,
SIM_DIR-1784853860,SIM_DIR,capstone_ii,,85,85,342.0,0.0,0.0,1.0,780.7355188280025,780.7169735617067,0.01854526629575063,999.6155188280025,917.5355188280025,,917.5355188280025,1000.0,True,False,True,,,
SIM_DIR-1784853860,SIM_DIR,capstone_iii_fit_1x,fit_1x,85,85,342.0,0.0,0.0,1.0,780.7355188280025,780.7169735617067,0.01854526629575063,,,819.8713675060877,819.8713675060877,1000.0,True,False,True,,,
SIM_DIR-1784853860,SIM_DIR,capstone_iii_fit_2x,fit_2x,85,85,342.0,0.0,0.0,1.0,780.7355188280025,780.7169735617067,0.01854526629575063,,,858.9072161841731,858.9072161841731,1000.0,True,False,True,,,
SIM_DIR-1784853860,SIM_DIR,capstone_iii_fit_activity,fit_activity,85,85,342.0,0.0,0.0,1.0,780.7355188280025,780.7169735617067,0.01854526629575063,,,851.1000464485561,851.1000464485561,1000.0,True,False,True,,,
SIM_DIR-1784853860,SIM_DIR,capstone_iii_fit_activity_pvt,fit_activity_pvt,85,85,342.0,0.0,0.0,1.0,780.7355188280025,780.7169735617067,0.01854526629575063,,,874.5215556554074,874.5215556554074,1000.0,True,False,True,,,
SIM_DIR-1784853860,SIM_DIR,capstone_iii_full,full,85,85,342.0,0.0,0.0,1.0,780.7355188280025,780.7169735617067,0.01854526629575063,,,897.9430648622584,897.9430648622584,1000.0,True,False,True,,,
SIM_DIR-1784853860,SIM_DIR,baseline,,86,86,351.0,0.0,0.0,1.0,802.2221231116453,802.2035778453495,0.01854526629575063,1163.2220785118857,1042.888760045139,,1042.888760045139,,True,False,True,,,
SIM_DIR-1784853860,SIM_DIR,capstone_ii,,86,86,351.0,0.0,0.0,1.0,802.2221231116453,802.2035778453495,0.01854526629575063,1026.8621231116454,942.6221231116452,,942.6221231116452,1000.0,True,False,True,,,
SIM_DIR-1784853860,SIM_DIR,capstone_iii_fit_1x,fit_1x,86,86,351.0,0.0,0.0,1.0,802.2221231116453,802.2035778453495,0.01854526629575063,,,842.4323020039127,842.4323020039127,1000.0,True,False,True,,,
SIM_DIR-1784853860,SIM_DIR,capstone_iii_fit_2x,fit_2x,86,86,351.0,0.0,0.0,1.0,802.2221231116453,802.2035778453495,0.01854526629575063,,,882.5424808961802,882.5424808961802,1000.0,True,False,True,,,
SIM_DIR-1784853860,SIM_DIR,capstone_iii_fit_activity,fit_activity,86,86,351.0,0.0,0.0,1.0,802.2221231116453,802.2035778453495,0.01854526629575063,,,874.5204451177268,874.5204451177268,1000.0,True,False,True,,,
SIM_DIR-1784853860,SIM_DIR,capstone_iii_fit_activity_pvt,fit_activity_pvt,86,86,351.0,0.0,0.0,1.0,802.2221231116453,802.2035778453495,0.01854526629575063,,,898.5865524530872,898.5865524530872,1000.0,True,False,True,,,
SIM_DIR-1784853860,SIM_DIR,capstone_iii_full,full,86,86,351.0,0.0,0.0,1.0,802.2221231116453,802.2035778453495,0.01854526629575063,,,922.6526597884476,922.6526597884476,1000.0,True,False,True,,,
SIM_DIR-1784853860,SIM_DIR,baseline,,87,87,353.0,0.0,0.0,1.0,807.7394870627924,807.7209417964966,0.01854526629575063,1171.2222562410489,1050.06133318163,,1050.06133318163,,True,False,True,,,
SIM_DIR-1784853860,SIM_DIR,capstone_ii,,87,87,353.0,0.0,0.0,1.0,807.7394870627924,807.7209417964966,0.01854526629575063,1033.6594870627923,948.9394870627923,,948.9394870627923,1000.0,True,False,True,,,
SIM_DIR-1784853860,SIM_DIR,capstone_iii_fit_1x,fit_1x,87,87,353.0,0.0,0.0,1.0,807.7394870627924,807.7209417964966,0.01854526629575063,,,848.2255341526172,848.2255341526172,1000.0,True,False,True,,,
SIM_DIR-1784853860,SIM_DIR,capstone_iii_fit_2x,fit_2x,87,87,353.0,0.0,0.0,1.0,807.7394870627924,807.7209417964966,0.01854526629575063,,,888.6115812424421,888.6115812424421,1000.0,True,False,True,,,
SIM_DIR-1784853860,SIM_DIR,capstone_iii_fit_activity,fit_activity,87,87,353.0,0.0,0.0,1.0,807.7394870627924,807.7209417964966,0.01854526629575063,,,880.534371824477,880.534371824477,1000.0,True,False,True,,,
SIM_DIR-1784853860,SIM_DIR,capstone_iii_fit_activity_pvt,fit_activity_pvt,87,87,353.0,0.0,0.0,1.0,807.7394870627924,807.7209417964966,0.01854526629575063,,,904.7660000783719,904.7660000783719,1000.0,True,False,True,,,
SIM_DIR-1784853860,SIM_DIR,capstone_iii_full,full,87,87,353.0,0.0,0.0,1.0,807.7394870627924,807.7209417964966,0.01854526629575063,,,928.9976283322669,928.9976283322669,1000.0,True,False,True,,,
SIM_DIR-1784853860,SIM_DIR,baseline,,88,88,354.0,0.0,0.0,1.0,810.9763524079912,810.9578071416954,0.01854526629575063,1175.915710991587,1054.2692581303886,,1054.2692581303886,,True,False,True,,,
SIM_DIR-1784853860,SIM_DIR,capstone_ii,,88,88,354.0,0.0,0.0,1.0,810.9763524079912,810.9578071416954,0.01854526629575063,1037.5363524079912,952.5763524079912,,952.5763524079912,1000.0,True,False,True,,,
SIM_DIR-1784853860,SIM_DIR,capstone_iii_fit_1x,fit_1x,88,88,354.0,0.0,0.0,1.0,810.9763524079912,810.9578071416954,0.01854526629575063,,,851.6242427650759,851.6242427650759,1000.0,True,False,True,,,
SIM_DIR-1784853860,SIM_DIR,capstone_iii_fit_2x,fit_2x,88,88,354.0,0.0,0.0,1.0,810.9763524079912,810.9578071416954,0.01854526629575063,,,892.1721331221606,892.1721331221606,1000.0,True,False,True,,,
SIM_DIR-1784853860,SIM_DIR,capstone_iii_fit_activity,fit_activity,88,88,354.0,0.0,0.0,1.0,810.9763524079912,810.9578071416954,0.01854526629575063,,,884.0625550507436,884.0625550507436,1000.0,True,False,True,,,
SIM_DIR-1784853860,SIM_DIR,capstone_iii_fit_activity_pvt,fit_activity_pvt,88,88,354.0,0.0,0.0,1.0,810.9763524079912,810.9578071416954,0.01854526629575063,,,908.3912892649945,908.3912892649945,1000.0,True,False,True,,,
SIM_DIR-1784853860,SIM_DIR,capstone_iii_full,full,88,88,354.0,0.0,0.0,1.0,810.9763524079912,810.9578071416954,0.01854526629575063,,,932.7200234792455,932.7200234792455,1000.0,True,False,True,,,
SIM_DIR-1784853860,SIM_DIR,baseline,,89,89,356.0,0.0,0.0,1.0,816.5117186343748,816.493173368079,0.01854526629575063,1183.9419920198434,1061.4652342246873,,1061.4652342246873,,True,False,True,,,
SIM_DIR-1784853860,SIM_DIR,capstone_ii,,89,89,356.0,0.0,0.0,1.0,816.5117186343748,816.493173368079,0.01854526629575063,1044.3517186343747,958.9117186343748,,958.9117186343748,1000.0,True,False,True,,,
SIM_DIR-1784853860,SIM_DIR,capstone_iii_fit_1x,fit_1x,89,89,356.0,0.0,0.0,1.0,816.5117186343748,816.493173368079,0.01854526629575063,,,857.4363773027789,857.4363773027789,1000.0,True,False,True,,,
SIM_DIR-1784853860,SIM_DIR,capstone_iii_fit_2x,fit_2x,89,89,356.0,0.0,0.0,1.0,816.5117186343748,816.493173368079,0.01854526629575063,,,898.2610359711828,898.2610359711828,1000.0,True,False,True,,,
SIM_DIR-1784853860,SIM_DIR,capstone_iii_fit_activity,fit_activity,89,89,356.0,0.0,0.0,1.0,816.5117186343748,816.493173368079,0.01854526629575063,,,890.096104237502,890.096104237502,1000.0,True,False,True,,,
SIM_DIR-1784853860,SIM_DIR,capstone_iii_fit_activity_pvt,fit_activity_pvt,89,89,356.0,0.0,0.0,1.0,816.5117186343748,816.493173368079,0.01854526629575063,,,914.5908994385442,914.5908994385442,1000.0,True,False,True,,,
SIM_DIR-1784853860,SIM_DIR,capstone_iii_full,full,89,89,356.0,0.0,0.0,1.0,816.5117186343748,816.493173368079,0.01854526629575063,,,939.0856946395866,939.0856946395866,1000.0,True,False,True,,,
SIM_DIR-1784853860,SIM_DIR,baseline,,90,90,356.0,0.0,0.0,1.0,817.4650243610015,817.4464790947058,0.01854526629575063,1185.3242853234522,1062.704531669302,,1062.704531669302,,True,False,True,,,
SIM_DIR-1784853860,SIM_DIR,capstone_ii,,90,90,356.0,0.0,0.0,1.0,817.4650243610015,817.4464790947058,0.01854526629575063,1045.3050243610014,959.8650243610015,,959.8650243610015,1000.0,True,False,True,,,
SIM_DIR-1784853860,SIM_DIR,capstone_iii_fit_1x,fit_1x,90,90,356.0,0.0,0.0,1.0,817.4650243610015,817.4464790947058,0.01854526629575063,,,858.4373483157367,858.4373483157367,1000.0,True,False,True,,,
SIM_DIR-1784853860,SIM_DIR,capstone_iii_fit_2x,fit_2x,90,90,356.0,0.0,0.0,1.0,817.4650243610015,817.4464790947058,0.01854526629575063,,,899.3096722704722,899.3096722704722,1000.0,True,False,True,,,
SIM_DIR-1784853860,SIM_DIR,capstone_iii_fit_activity,fit_activity,90,90,356.0,0.0,0.0,1.0,817.4650243610015,817.4464790947058,0.01854526629575063,,,891.135207479525,891.135207479525,1000.0,True,False,True,,,
SIM_DIR-1784853860,SIM_DIR,capstone_iii_fit_activity_pvt,fit_activity_pvt,90,90,356.0,0.0,0.0,1.0,817.4650243610015,817.4464790947058,0.01854526629575063,,,915.6586018523662,915.6586018523662,1000.0,True,False,True,,,
SIM_DIR-1784853860,SIM_DIR,capstone_iii_full,full,90,90,356.0,0.0,0.0,1.0,817.4650243610015,817.4464790947058,0.01854526629575063,,,940.1819962252073,940.1819962252073,1000.0,True,False,True,,,
SIM_DIR-1784853860,SIM_DIR,baseline,,91,91,356.0,0.0,0.0,1.0,818.4179543719604,818.3994091056646,0.01854526629575063,1186.7060338393426,1063.9433406835485,,1063.9433406835485,,True,False,True,,,
SIM_DIR-1784853860,SIM_DIR,capstone_ii,,91,91,356.0,0.0,0.0,1.0,818.4179543719604,818.3994091056646,0.01854526629575063,1046.2579543719603,960.8179543719604,,960.8179543719604,1000.0,True,False,True,,,
SIM_DIR-1784853860,SIM_DIR,capstone_iii_fit_1x,fit_1x,91,91,356.0,0.0,0.0,1.0,818.4179543719604,818.3994091056646,0.01854526629575063,,,859.4379248272437,859.4379248272437,1000.0,True,False,True,,,
SIM_DIR-1784853860,SIM_DIR,capstone_iii_fit_2x,fit_2x,91,91,356.0,0.0,0.0,1.0,818.4179543719604,818.3994091056646,0.01854526629575063,,,900.3578952825269,900.3578952825269,1000.0,True,False,True,,,
SIM_DIR-1784853860,SIM_DIR,capstone_iii_fit_activity,fit_activity,91,91,356.0,0.0,0.0,1.0,818.4179543719604,818.3994091056646,0.01854526629575063,,,892.1739011914702,892.1739011914702,1000.0,True,False,True,,,
SIM_DIR-1784853860,SIM_DIR,capstone_iii_fit_activity_pvt,fit_activity_pvt,91,91,356.0,0.0,0.0,1.0,818.4179543719604,818.3994091056646,0.01854526629575063,,,916.7258834646401,916.7258834646401,1000.0,True,False,True,,,
SIM_DIR-1784853860,SIM_DIR,capstone_iii_full,full,91,91,356.0,0.0,0.0,1.0,818.4179543719604,818.3994091056646,0.01854526629575063,,,941.27786573781,941.27786573781,1000.0,True,False,True,,,
SIM_DIR-1784853860,SIM_DIR,baseline,,92,92,366.0,0.0,0.0,1.0,842.3860155629126,842.3674702966168,0.01854526629575063,1221.4597225662233,1095.1018202317864,,1095.1018202317864,,True,False,True,,,
SIM_DIR-1784853860,SIM_DIR,capstone_ii,,92,92,366.0,0.0,0.0,1.0,842.3860155629126,842.3674702966168,0.01854526629575063,1076.6260155629125,988.7860155629126,,988.7860155629126,1000.0,True,False,True,,,
SIM_DIR-1784853860,SIM_DIR,capstone_iii_fit_1x,fit_1x,92,92,366.0,0.0,0.0,1.0,842.3860155629126,842.3674702966168,0.01854526629575063,,,884.6043890777433,884.6043890777433,1000.0,True,False,True,,,
SIM_DIR-1784853860,SIM_DIR,capstone_iii_fit_2x,fit_2x,92,92,366.0,0.0,0.0,1.0,842.3860155629126,842.3674702966168,0.01854526629575063,,,926.7227625925742,926.7227625925742,1000.0,True,False,True,,,
SIM_DIR-1784853860,SIM_DIR,capstone_iii_fit_activity,fit_activity,92,92,366.0,0.0,0.0,1.0,842.3860155629126,842.3674702966168,0.01854526629575063,,,918.299087889608,918.299087889608,1000.0,True,False,True,,,
SIM_DIR-1784853860,SIM_DIR,capstone_iii_fit_activity_pvt,fit_activity_pvt,92,92,366.0,0.0,0.0,1.0,842.3860155629126,842.3674702966168,0.01854526629575063,,,943.5701119985065,943.5701119985065,1000.0,True,False,True,,,
SIM_DIR-1784853860,SIM_DIR,capstone_iii_full,full,92,92,366.0,0.0,0.0,1.0,842.3860155629126,842.3674702966168,0.01854526629575063,,,968.8411361074051,968.8411361074051,1000.0,True,False,True,,,
SIM_DIR-1784853860,SIM_DIR,baseline,,93,93,371.0,0.0,0.0,1.0,854.8860733490842,854.8675280827885,0.01854526629575063,1239.584806356172,1111.3518953538096,,1111.3518953538096,,True,False,True,,,
SIM_DIR-1784853860,SIM_DIR,capstone_ii,,93,93,371.0,0.0,0.0,1.0,854.8860733490842,854.8675280827885,0.01854526629575063,1092.3260733490843,1003.2860733490842,,1003.2860733490842,1000.0,False,True,False,,,
SIM_DIR-1784853860,SIM_DIR,capstone_iii_fit_1x,fit_1x,93,93,371.0,0.0,0.0,1.0,854.8860733490842,854.8675280827885,0.01854526629575063,,,897.7294497532237,897.7294497532237,1000.0,True,False,True,,,
SIM_DIR-1784853860,SIM_DIR,capstone_iii_fit_2x,fit_2x,93,93,371.0,0.0,0.0,1.0,854.8860733490842,854.8675280827885,0.01854526629575063,,,940.4728261573631,940.4728261573631,1000.0,True,False,True,,,
SIM_DIR-1784853860,SIM_DIR,capstone_iii_fit_activity,fit_activity,93,93,371.0,0.0,0.0,1.0,854.8860733490842,854.8675280827885,0.01854526629575063,,,931.9241508765351,931.9241508765351,1000.0,True,False,True,,,
SIM_DIR-1784853860,SIM_DIR,capstone_iii_fit_activity_pvt,fit_activity_pvt,93,93,371.0,0.0,0.0,1.0,854.8860733490842,854.8675280827885,0.01854526629575063,,,957.570176719019,957.570176719019,1000.0,True,False,True,,,
SIM_DIR-1784853860,SIM_DIR,capstone_iii_full,full,93,93,371.0,0.0,0.0,1.0,854.8860733490842,854.8675280827885,0.01854526629575063,,,983.2162025615024,983.2162025615024,1000.0,True,False,True,,,
SIM_DIR-1784853860,SIM_DIR,baseline,,94,94,377.0,0.0,0.0,1.0,869.7193869330081,869.7008416667123,0.01854526629575063,1261.0931110528618,1130.6352030129106,,1130.6352030129106,,True,False,True,,,
SIM_DIR-1784853860,SIM_DIR,capstone_iii_fit_1x,fit_1x,94,94,377.0,0.0,0.0,1.0,869.7193869330081,869.7008416667123,0.01854526629575063,,,913.3044290163438,913.3044290163438,1000.0,True,False,True,,,
SIM_DIR-1784853860,SIM_DIR,capstone_iii_fit_2x,fit_2x,94,94,377.0,0.0,0.0,1.0,869.7193869330081,869.7008416667123,0.01854526629575063,,,956.7894710996793,956.7894710996793,1000.0,True,False,True,,,
SIM_DIR-1784853860,SIM_DIR,capstone_iii_fit_activity,fit_activity,94,94,377.0,0.0,0.0,1.0,869.7193869330081,869.7008416667123,0.01854526629575063,,,948.0924626830122,948.0924626830122,1000.0,True,False,True,,,
SIM_DIR-1784853860,SIM_DIR,capstone_iii_fit_activity_pvt,fit_activity_pvt,94,94,377.0,0.0,0.0,1.0,869.7193869330081,869.7008416667123,0.01854526629575063,,,974.1834879330136,974.1834879330136,1000.0,True,False,True,,,
SIM_DIR-1784853860,SIM_DIR,capstone_iii_full,full,94,94,377.0,0.0,0.0,1.0,869.7193869330081,869.7008416667123,0.01854526629575063,,,1000.274513183015,1000.274513183015,1000.0,False,True,False,,,
SIM_DIR-1784853860,SIM_DIR,baseline,,95,95,378.0,0.0,0.0,1.0,873.0365325803019,873.0179873140062,0.01854526629575063,1265.9029722414377,1134.9474923543926,,1134.9474923543926,,True,False,True,,,
SIM_DIR-1784853860,SIM_DIR,capstone_iii_fit_1x,fit_1x,95,95,378.0,0.0,0.0,1.0,873.0365325803019,873.0179873140062,0.01854526629575063,,,916.7874319460022,916.7874319460022,1000.0,True,False,True,,,
SIM_DIR-1784853860,SIM_DIR,capstone_iii_fit_2x,fit_2x,95,95,378.0,0.0,0.0,1.0,873.0365325803019,873.0179873140062,0.01854526629575063,,,960.4383313117025,960.4383313117025,1000.0,True,False,True,,,
SIM_DIR-1784853860,SIM_DIR,capstone_iii_fit_activity,fit_activity,95,95,378.0,0.0,0.0,1.0,873.0365325803019,873.0179873140062,0.01854526629575063,,,951.7081514385624,951.7081514385624,1000.0,True,False,True,,,
SIM_DIR-1784853860,SIM_DIR,capstone_iii_fit_activity_pvt,fit_activity_pvt,95,95,378.0,0.0,0.0,1.0,873.0365325803019,873.0179873140062,0.01854526629575063,,,977.8986910579827,977.8986910579827,1000.0,True,False,True,,,
SIM_DIR-1784853860,SIM_DIR,baseline,,96,96,380.0,0.0,0.0,1.0,878.670878221186,878.6523329548902,0.01854526629575063,1274.0727734207196,1142.2721416875418,,1142.2721416875418,,True,False,True,,,
SIM_DIR-1784853860,SIM_DIR,capstone_iii_fit_1x,fit_1x,96,96,380.0,0.0,0.0,1.0,878.670878221186,878.6523329548902,0.01854526629575063,,,922.7034948689305,922.7034948689305,1000.0,True,False,True,,,
SIM_DIR-1784853860,SIM_DIR,capstone_iii_fit_2x,fit_2x,96,96,380.0,0.0,0.0,1.0,878.670878221186,878.6523329548902,0.01854526629575063,,,966.636111516675,966.636111516675,1000.0,True,False,True,,,
SIM_DIR-1784853860,SIM_DIR,capstone_iii_fit_activity,fit_activity,96,96,380.0,0.0,0.0,1.0,878.670878221186,878.6523329548902,0.01854526629575063,,,957.8495881871261,957.8495881871261,1000.0,True,False,True,,,
SIM_DIR-1784853860,SIM_DIR,capstone_iii_fit_activity_pvt,fit_activity_pvt,96,96,380.0,0.0,0.0,1.0,878.670878221186,878.6523329548902,0.01854526629575063,,,984.2091581757727,984.2091581757727,1000.0,True,False,True,,,
SIM_DIR-1784853860,SIM_DIR,baseline,,97,97,387.0,0.0,0.0,1.0,895.8900890016512,895.8715437353554,0.01854526629575063,1299.0406290523943,1164.6571157021465,,1164.6571157021465,,True,False,True,,,
SIM_DIR-1784853860,SIM_DIR,capstone_iii_fit_1x,fit_1x,97,97,387.0,0.0,0.0,1.0,895.8900890016512,895.8715437353554,0.01854526629575063,,,940.783666188419,940.783666188419,1000.0,True,False,True,,,
SIM_DIR-1784853860,SIM_DIR,capstone_iii_fit_2x,fit_2x,97,97,387.0,0.0,0.0,1.0,895.8900890016512,895.8715437353554,0.01854526629575063,,,985.5772433751868,985.5772433751868,1000.0,True,False,True,,,
SIM_DIR-1784853860,SIM_DIR,capstone_iii_fit_activity,fit_activity,97,97,387.0,0.0,0.0,1.0,895.8900890016512,895.8715437353554,0.01854526629575063,,,976.6185279378332,976.6185279378332,1000.0,True,False,True,,,
SIM_DIR-1784853860,SIM_DIR,capstone_iii_fit_activity_pvt,fit_activity_pvt,97,97,387.0,0.0,0.0,1.0,895.8900890016512,895.8715437353554,0.01854526629575063,,,1003.4946742498938,1003.4946742498938,1000.0,False,True,False,,,
SIM_DIR-1784853860,SIM_DIR,baseline,,98,98,388.0,0.0,0.0,1.0,899.2407903143178,899.222245048022,0.01854526629575063,1303.8991459557608,1169.0130274086132,,1169.0130274086132,,True,False,True,,,
SIM_DIR-1784853860,SIM_DIR,capstone_iii_fit_1x,fit_1x,98,98,388.0,0.0,0.0,1.0,899.2407903143178,899.222245048022,0.01854526629575063,,,944.3019025667189,944.3019025667189,1000.0,True,False,True,,,
SIM_DIR-1784853860,SIM_DIR,capstone_iii_fit_2x,fit_2x,98,98,388.0,0.0,0.0,1.0,899.2407903143178,899.222245048022,0.01854526629575063,,,989.26301481912,989.26301481912,1000.0,True,False,True,,,
SIM_DIR-1784853860,SIM_DIR,capstone_iii_fit_activity,fit_activity,98,98,388.0,0.0,0.0,1.0,899.2407903143178,899.222245048022,0.01854526629575063,,,980.2707923686397,980.2707923686397,1000.0,True,False,True,,,
SIM_DIR-1784853860,SIM_DIR,baseline,,99,99,389.0,0.0,0.0,1.0,902.5964393504466,902.5778940841509,0.01854526629575063,1308.7648370581476,1173.3753711555808,,1173.3753711555808,,True,False,True,,,
SIM_DIR-1784853860,SIM_DIR,capstone_iii_fit_1x,fit_1x,99,99,389.0,0.0,0.0,1.0,902.5964393504466,902.5778940841509,0.01854526629575063,,,947.8253340546541,947.8253340546541,1000.0,True,False,True,,,
SIM_DIR-1784853860,SIM_DIR,capstone_iii_fit_2x,fit_2x,99,99,389.0,0.0,0.0,1.0,902.5964393504466,902.5778940841509,0.01854526629575063,,,992.9542287588616,992.9542287588616,1000.0,True,False,True,,,
SIM_DIR-1784853860,SIM_DIR,capstone_iii_fit_activity,fit_activity,99,99,389.0,0.0,0.0,1.0,902.5964393504466,902.5778940841509,0.01854526629575063,,,983.9284498180202,983.9284498180202,1000.0,True,False,True,,,
SIM_DIR-1784853860,SIM_DIR,baseline,,100,100,389.0,0.0,0.0,1.0,903.634116215614,903.6155709493182,0.01854526629575063,1310.2694685126403,1174.7243510802982,,1174.7243510802982,,True,False,True,,,
SIM_DIR-1784853860,SIM_DIR,capstone_iii_fit_1x,fit_1x,100,100,389.0,0.0,0.0,1.0,903.634116215614,903.6155709493182,0.01854526629575063,,,948.91489476308,948.91489476308,1000.0,True,False,True,,,
SIM_DIR-1784853860,SIM_DIR,capstone_iii_fit_2x,fit_2x,100,100,389.0,0.0,0.0,1.0,903.634116215614,903.6155709493182,0.01854526629575063,,,994.0956733105459,994.0956733105459,1000.0,True,False,True,,,
SIM_DIR-1784853860,SIM_DIR,capstone_iii_fit_activity,fit_activity,100,100,389.0,0.0,0.0,1.0,903.634116215614,903.6155709493182,0.01854526629575063,,,985.0595176010528,985.0595176010528,1000.0,True,False,True,,,
SIM_DIR-1784853860,SIM_DIR,baseline,,101,101,390.0,0.0,0.0,1.0,906.9969920849603,906.9784468186646,0.01854526629575063,1315.1456385231925,1179.0960897104485,,1179.0960897104485,,True,False,True,,,
SIM_DIR-1784853860,SIM_DIR,capstone_iii_fit_1x,fit_1x,101,101,390.0,0.0,0.0,1.0,906.9969920849603,906.9784468186646,0.01854526629575063,,,952.4459144258936,952.4459144258936,1000.0,True,False,True,,,
SIM_DIR-1784853860,SIM_DIR,capstone_iii_fit_2x,fit_2x,101,101,390.0,0.0,0.0,1.0,906.9969920849603,906.9784468186646,0.01854526629575063,,,997.7948367668268,997.7948367668268,1000.0,True,False,True,,,
SIM_DIR-1784853860,SIM_DIR,capstone_iii_fit_activity,fit_activity,101,101,390.0,0.0,0.0,1.0,906.9969920849603,906.9784468186646,0.01854526629575063,,,988.7250522986401,988.7250522986401,1000.0,True,False,True,,,
SIM_DIR-1784853860,SIM_DIR,baseline,,102,102,392.0,0.0,0.0,1.0,912.6930659532409,912.6745206869451,0.01854526629575063,1323.4049456321993,1186.500985739213,,1186.500985739213,,True,False,True,,,
SIM_DIR-1784853860,SIM_DIR,capstone_iii_fit_1x,fit_1x,102,102,392.0,0.0,0.0,1.0,912.6930659532409,912.6745206869451,0.01854526629575063,,,958.4267919875882,958.4267919875882,1000.0,True,False,True,,,
SIM_DIR-1784853860,SIM_DIR,capstone_iii_fit_2x,fit_2x,102,102,392.0,0.0,0.0,1.0,912.6930659532409,912.6745206869451,0.01854526629575063,,,1004.0605180219355,1004.0605180219355,1000.0,False,True,False,,,
SIM_DIR-1784853860,SIM_DIR,capstone_iii_fit_activity,fit_activity,102,102,392.0,0.0,0.0,1.0,912.6930659532409,912.6745206869451,0.01854526629575063,,,994.9337728150659,994.9337728150659,1000.0,True,False,True,,,
SIM_DIR-1784853860,SIM_DIR,baseline,,103,103,393.0,0.0,0.0,1.0,916.0684990792797,916.049953812984,0.01854526629575063,1328.2993236649556,1190.8890488030636,,1190.8890488030636,,True,False,True,,,
SIM_DIR-1784853860,SIM_DIR,capstone_iii_fit_1x,fit_1x,103,103,393.0,0.0,0.0,1.0,916.0684990792797,916.049953812984,0.01854526629575063,,,961.9709967699289,961.9709967699289,1000.0,True,False,True,,,
SIM_DIR-1784853860,SIM_DIR,capstone_iii_fit_activity,fit_activity,103,103,393.0,0.0,0.0,1.0,916.0684990792797,916.049953812984,0.01854526629575063,,,998.6129949224483,998.6129949224483,1000.0,True,False,True,,,
SIM_DIR-1784853860,SIM_DIR,baseline,,104,104,394.0,0.0,0.0,1.0,919.4488765690138,919.4303313027181,0.01854526629575063,1333.20087102507,1195.283539539718,,1195.283539539718,,True,False,True,,,
SIM_DIR-1784853860,SIM_DIR,capstone_iii_fit_1x,fit_1x,104,104,394.0,0.0,0.0,1.0,919.4488765690138,919.4303313027181,0.01854526629575063,,,965.5203931341498,965.5203931341498,1000.0,True,False,True,,,
SIM_DIR-1784853860,SIM_DIR,capstone_iii_fit_activity,fit_activity,104,104,394.0,0.0,0.0,1.0,919.4488765690138,919.4303313027181,0.01854526629575063,,,1002.2976063862585,1002.2976063862585,1000.0,False,True,False,,,
SIM_DIR-1784853860,SIM_DIR,baseline,,105,105,396.0,0.0,0.0,1.0,925.1704399338397,925.151894667544,0.01854526629575063,1341.4971379040676,1202.7215719139917,,1202.7215719139917,,True,False,True,,,
SIM_DIR-1784853860,SIM_DIR,capstone_iii_fit_1x,fit_1x,105,105,396.0,0.0,0.0,1.0,925.1704399338397,925.151894667544,0.01854526629575063,,,971.528034667217,971.528034667217,1000.0,True,False,True,,,
SIM_DIR-1784853860,SIM_DIR,baseline,,106,106,396.0,0.0,0.0,1.0,926.2244620603681,926.2059167940723,0.01854526629575063,1343.0254699875336,1204.0918006784784,,1204.0918006784784,,True,False,True,,,
SIM_DIR-1784853860,SIM_DIR,capstone_iii_fit_1x,fit_1x,106,106,396.0,0.0,0.0,1.0,926.2244620603681,926.2059167940723,0.01854526629575063,,,972.6347579000718,972.6347579000718,1000.0,True,False,True,,,
SIM_DIR-1784853860,SIM_DIR,baseline,,107,107,397.0,0.0,0.0,1.0,929.6196687928756,929.6011235265798,0.01854526629575063,1347.9485197496695,1208.5055694307382,,1208.5055694307382,,True,False,True,,,
SIM_DIR-1784853860,SIM_DIR,capstone_iii_fit_1x,fit_1x,107,107,397.0,0.0,0.0,1.0,929.6196687928756,929.6011235265798,0.01854526629575063,,,976.1997249692047,976.1997249692047,1000.0,True,False,True,,,
SIM_DIR-1784853860,SIM_DIR,baseline,,108,108,402.0,0.0,0.0,1.0,942.3967145576075,942.3781692913118,0.01854526629575063,1366.475236108531,1225.11572892489,,1225.11572892489,,True,False,True,,,
SIM_DIR-1784853860,SIM_DIR,capstone_iii_fit_1x,fit_1x,108,108,402.0,0.0,0.0,1.0,942.3967145576075,942.3781692913118,0.01854526629575063,,,989.6156230221732,989.6156230221732,1000.0,True,False,True,,,
SIM_DIR-1784853860,SIM_DIR,baseline,,109,109,403.0,0.0,0.0,1.0,945.8124395692403,945.7938943029445,0.01854526629575063,1371.4280373753984,1229.5561714400123,,1229.5561714400123,,True,False,True,,,
SIM_DIR-1784853860,SIM_DIR,capstone_iii_fit_1x,fit_1x,109,109,403.0,0.0,0.0,1.0,945.8124395692403,945.7938943029445,0.01854526629575063,,,993.2021342843875,993.2021342843875,1000.0,True,False,True,,,
SIM_DIR-1784853860,SIM_DIR,baseline,,110,110,403.0,0.0,0.0,1.0,946.8835604347701,946.8650151684743,0.01854526629575063,1372.9811626304165,1230.948628565201,,1230.948628565201,,True,False,True,,,
SIM_DIR-1784853860,SIM_DIR,capstone_iii_fit_1x,fit_1x,110,110,403.0,0.0,0.0,1.0,946.8835604347701,946.8650151684743,0.01854526629575063,,,994.3268111931937,994.3268111931937,1000.0,True,False,True,,,
SIM_DIR-1784853860,SIM_DIR,baseline,,111,111,403.0,0.0,0.0,1.0,947.9543036962074,947.9357584299116,0.01854526629575063,1374.5337403595006,1232.3405948050697,,1232.3405948050697,,True,False,True,,,
SIM_DIR-1784853860,SIM_DIR,capstone_iii_fit_1x,fit_1x,111,111,403.0,0.0,0.0,1.0,947.9543036962074,947.9357584299116,0.01854526629575063,,,995.451091617703,995.451091617703,1000.0,True,False,True,,,
SIM_DIR-1784853860,SIM_DIR,baseline,,112,112,404.0,0.0,0.0,1.0,951.3795254908754,951.3609802245796,0.01854526629575063,1379.5003119617693,1236.793383138138,,1236.793383138138,,True,False,True,,,
SIM_DIR-1784853860,SIM_DIR,capstone_iii_fit_1x,fit_1x,112,112,404.0,0.0,0.0,1.0,951.3795254908754,951.3609802245796,0.01854526629575063,,,999.0475745021045,999.0475745021045,1000.0,True,False,True,,,
SIM_DIR-1784853860,SIM_DIR,baseline,,113,113,409.0,0.0,0.0,1.0,964.2397202071277,964.2211749408319,0.01854526629575063,1398.1475943003352,1253.511636269266,,1253.511636269266,,True,False,True,,,
SIM_DIR-1784853860,SIM_DIR,capstone_iii_fit_1x,fit_1x,113,113,409.0,0.0,0.0,1.0,964.2397202071277,964.2211749408319,0.01854526629575063,,,1012.5507789541693,1012.5507789541693,1000.0,False,True,False,,,
SIM_DIR-1784853860,SIM_DIR,baseline,,114,114,416.0,0.0,0.0,1.0,981.8464108426358,981.8278655763401,0.01854526629575063,1423.6772957218218,1276.4003340954266,,1276.4003340954266,,True,False,True,,,
SIM_DIR-1784853860,SIM_DIR,baseline,,115,115,421.0,0.0,0.0,1.0,994.7642397822635,994.7456945159678,0.01854526629575063,1442.408147684282,1293.1935117169426,,1293.1935117169426,,True,False,True,,,
SIM_DIR-1784853860,SIM_DIR,baseline,,116,116,425.0,0.0,0.0,1.0,1005.3427448581608,1005.3241995918651,0.01854526629575063,1457.7469800443332,1306.945568315609,,1306.945568315609,,True,False,True,,,
SIM_DIR-1784853860,SIM_DIR,baseline,,117,117,427.0,0.0,0.0,1.0,1011.205840328864,1011.1872950625683,0.01854526629575063,1466.2484684768528,1314.5675924275233,,1314.5675924275233,,True,False,True,,,
SIM_DIR-1784853860,SIM_DIR,baseline,,118,118,430.0,0.0,0.0,1.0,1019.4499264551907,1019.431381188895,0.01854526629575063,1478.2023933600265,1325.284904391748,,1325.284904391748,,True,False,True,,,
SIM_DIR-1784853860,SIM_DIR,baseline,,119,119,433.0,0.0,0.0,1.0,1027.7095287274371,1027.6909834611413,0.01854526629575063,1490.1788166547838,1336.0223873456684,,1336.0223873456684,,True,False,True,,,
SIM_DIR-1784853860,SIM_DIR,baseline,,120,120,434.0,0.0,0.0,1.0,1031.232503333995,1031.2139580676992,0.01854526629575063,1495.2871298342927,1340.6022543341937,,1340.6022543341937,,True,False,True,,,
SIM_DIR-1784853860,SIM_DIR,baseline,,121,121,439.0,0.0,0.0,1.0,1044.2752587341042,1044.2567134678084,0.01854526629575063,1514.199125164451,1357.5578363543354,,1357.5578363543354,,True,False,True,,,
SIM_DIR-1784853860,SIM_DIR,baseline,,122,122,439.0,0.0,0.0,1.0,1045.4372834961448,1045.418738229849,0.01854526629575063,1515.8840610694099,1359.0684685449883,,1359.0684685449883,,True,False,True,,,
SIM_DIR-1784853860,SIM_DIR,baseline,,123,123,440.0,0.0,0.0,1.0,1048.9829349961615,1048.9643897298656,0.01854526629575063,1521.0252557444342,1363.67781549501,,1363.67781549501,,True,False,True,,,
SIM_DIR-1784853860,SIM_DIR,baseline,,124,124,440.0,0.0,0.0,1.0,1050.1468407673692,1050.1282955010734,0.01854526629575063,1522.7129191126853,1365.19089299758,,1365.19089299758,,True,False,True,,,
SIM_DIR-1784853860,SIM_DIR,baseline,,125,125,442.0,0.0,0.0,1.0,1056.088966104615,1056.0704208383193,0.01854526629575063,1531.329000851692,1372.9156559359997,,1372.9156559359997,,True,False,True,,,
SIM_DIR-1784853860,SIM_DIR,baseline,,126,126,442.0,0.0,0.0,1.0,1057.257401892149,1057.238856625853,0.01854526629575063,1533.0232327436158,1374.4346224597937,,1374.4346224597937,,True,False,True,,,
SIM_DIR-1784853860,SIM_DIR,baseline,,127,127,447.0,0.0,0.0,1.0,1070.3983896918833,1070.3798444255874,0.01854526629575063,1552.0776650532307,1391.5179065994482,,1391.5179065994482,,True,False,True,,,
SIM_DIR-1784853860,SIM_DIR,baseline,,128,128,447.0,0.0,0.0,1.0,1071.5792829893805,1071.5607377230847,0.01854526629575063,1553.7899603346018,1393.0530678861949,,1393.0530678861949,,True,False,True,,,
SIM_DIR-1784853860,SIM_DIR,baseline,,129,129,447.0,0.0,0.0,1.0,1072.7597995737863,1072.7412543074904,0.01854526629575063,1555.50170938199,1394.5877394459221,,1394.5877394459221,,True,False,True,,,
SIM_DIR-1784853860,SIM_DIR,baseline,,130,130,454.0,0.0,0.0,1.0,1090.7575026649317,1090.7389573986359,0.01854526629575063,1581.598378864151,1417.9847534644114,,1417.9847534644114,,True,False,True,,,
SIM_DIR-1784853860,SIM_DIR,baseline,,131,131,460.0,0.0,0.0,1.0,1106.3866356950646,1106.3680904287687,0.01854526629575063,1604.2606217578436,1438.302626403584,,1438.302626403584,,True,False,True,,,
SIM_DIR-1784853860,SIM_DIR,baseline,,132,132,465.0,0.0,0.0,1.0,1119.6392680166125,1119.6207227503166,0.01854526629575063,1623.476938624088,1455.5310484215963,,1455.5310484215963,,True,False,True,,,
SIM_DIR-1784853860,SIM_DIR,baseline,,133,133,465.0,0.0,0.0,1.0,1120.8657774226592,1120.8472321563634,0.01854526629575063,1625.2553772628557,1457.125510649457,,1457.125510649457,,True,False,True,,,
SIM_DIR-1784853860,SIM_DIR,baseline,,134,134,465.0,0.0,0.0,1.0,1122.0919062617227,1122.0733609954268,0.01854526629575063,1627.0332640794977,1458.7194781402395,,1458.7194781402395,,True,False,True,,,
SIM_DIR-1784853860,SIM_DIR,baseline,,135,135,465.0,0.0,0.0,1.0,1123.3176567551916,1123.2991114888957,0.01854526629575063,1628.8106022950278,1460.3129537817492,,1460.3129537817492,,True,False,True,,,
SIM_DIR-1784853860,SIM_DIR,baseline,,136,136,465.0,0.0,0.0,1.0,1124.5430311107934,1124.5244858444976,0.01854526629575063,1630.5873951106505,1461.9059404440316,,1461.9059404440316,,True,False,True,,,
SIM_DIR-1784853860,SIM_DIR,baseline,,137,137,465.0,0.0,0.0,1.0,1125.7680315227026,1125.7494862564067,0.01854526629575063,1632.3636457079187,1463.4984409795134,,1463.4984409795134,,True,False,True,,,
SIM_DIR-1784853860,SIM_DIR,baseline,,138,138,465.0,0.0,0.0,1.0,1126.992660171647,1126.9741149053511,0.01854526629575063,1634.139357248888,1465.0904582231412,,1465.0904582231412,,True,False,True,,,
SIM_DIR-1784853860,SIM_DIR,baseline,,139,139,465.0,0.0,0.0,1.0,1128.2169192250158,1128.19837395872,0.01854526629575063,1635.914532876273,1466.6819949925205,,1466.6819949925205,,True,False,True,,,
SIM_DIR-1784853860,SIM_DIR,baseline,,140,140,468.0,0.0,0.0,1.0,1136.7274060987095,1136.7088608324136,0.01854526629575063,1648.2547388431287,1477.7456279283224,,1477.7456279283224,,True,False,True,,,
SIM_DIR-1784853860,SIM_DIR,baseline,,141,141,468.0,0.0,0.0,1.0,1137.9588261284025,1137.9402808621066,0.01854526629575063,1650.0402978861837,1479.3464739669232,,1479.3464739669232,,True,False,True,,,
SIM_DIR-1784853860,SIM_DIR,baseline,,142,142,471.0,0.0,0.0,1.0,1146.492260997631,1146.4737157313352,0.01854526629575063,1662.413778446565,1490.4399392969206,,1490.4399392969206,,True,False,True,,,
SIM_DIR-1784853860,SIM_DIR,baseline,,143,143,472.0,0.0,0.0,1.0,1150.167597637743,1150.1490523714472,0.01854526629575063,1667.7430165747273,1495.217876929066,,1495.217876929066,,True,False,True,,,
SIM_DIR-1784853860,SIM_DIR,baseline,,144,144,476.0,0.0,0.0,1.0,1161.1659846415337,1161.1474393752378,0.01854526629575063,1683.6906777302238,1509.515780033994,,1509.515780033994,,True,False,True,,,
SIM_DIR-1784853860,SIM_DIR,baseline,,145,145,476.0,0.0,0.0,1.0,1162.4169804702644,1162.3984352039686,0.01854526629575063,1685.5046216818835,1511.1420746113438,,1511.1420746113438,,True,False,True,,,
SIM_DIR-1784853860,SIM_DIR,baseline,,146,146,477.0,0.0,0.0,1.0,1166.1122540163813,1166.0937087500854,0.01854526629575063,1690.8627683237528,1515.9459302212956,,1515.9459302212956,,True,False,True,,,
SIM_DIR-1784853860,SIM_DIR,baseline,,147,147,477.0,0.0,0.0,1.0,1167.3651522163793,1167.3466069500835,0.01854526629575063,1692.6794707137499,1517.574697881293,,1517.574697881293,,True,False,True,,,
SIM_DIR-1784853860,SIM_DIR,baseline,,148,148,477.0,0.0,0.0,1.0,1168.6176906945136,1168.5991454282178,0.01854526629575063,1694.4956515070446,1519.2029979028678,,1519.2029979028678,,True,False,True,,,
SIM_DIR-1784853860,SIM_DIR,baseline,,149,149,477.0,0.0,0.0,1.0,1169.8698715430546,1169.8513262767588,0.01854526629575063,1696.3113137374291,1520.830833005971,,1520.830833005971,,True,False,True,,,
SIM_DIR-1784853860,SIM_DIR,baseline,,150,150,477.0,0.0,0.0,1.0,1171.1216968417252,1171.1031515754294,0.01854526629575063,1698.1264604205014,1522.4582058942428,,1522.4582058942428,,True,False,True,,,
SIM_DIR-1784853860,SIM_DIR,baseline,,151,151,483.0,0.0,0.0,1.0,1187.1197676941672,1187.1012224278713,0.01854526629575063,1721.3236631565424,1543.2556980024174,,1543.2556980024174,,True,False,True,,,
