run_id,kernel,mode,bound_mode,iteration,breaks,f_mhz,II,raw_AHA_II,effective_power_II,P_mean_mW,P_mean_dyn_mW,P_mean_leak_mW,P_upper_anchor_mW,P_upper_spec_mW,P_upper_robust_mW,P_effective_stop_upper_mW,cap_mW,safe,stopped_here,active_after,P_oracle_mW,success,delta_cap_pct
SIM_DIR-1784864471,SIM_DIR,baseline,,0,0,56.0,0.0,0.0,1.0,73.6622420305682,73.64845272560706,0.013789304961141625,106.81025094432388,95.76091463973866,,95.76091463973866,,True,False,True,,,
SIM_DIR-1784864471,SIM_DIR,capstone_i,,0,0,56.0,0.0,0.0,1.0,73.6622420305682,73.64845272560706,0.013789304961141625,106.81025094432388,95.76091463973866,,95.76091463973866,650.0,True,False,True,,,
SIM_DIR-1784864471,SIM_DIR,capstone_ii,,0,0,56.0,0.0,0.0,1.0,73.6622420305682,73.64845272560706,0.013789304961141625,115.26224203056819,99.6622420305682,,99.6622420305682,650.0,True,False,True,,,
SIM_DIR-1784864471,SIM_DIR,capstone_iii_fit_1x,fit_1x,0,0,56.0,0.0,0.0,1.0,73.6622420305682,73.64845272560706,0.013789304961141625,,,77.44466466684854,77.44466466684854,650.0,True,False,True,,,
SIM_DIR-1784864471,SIM_DIR,capstone_iii_fit_2x,fit_2x,0,0,56.0,0.0,0.0,1.0,73.6622420305682,73.64845272560706,0.013789304961141625,,,81.12708730312889,81.12708730312889,650.0,True,False,True,,,
SIM_DIR-1784864471,SIM_DIR,capstone_iii_fit_activity,fit_activity,0,0,56.0,0.0,0.0,1.0,73.6622420305682,73.64845272560706,0.013789304961141625,,,80.39060277587284,80.39060277587284,650.0,True,False,True,,,
SIM_DIR-1784864471,SIM_DIR,capstone_iii_fit_activity_pvt,fit_activity_pvt,0,0,56.0,0.0,0.0,1.0,73.6622420305682,73.64845272560706,0.013789304961141625,,,82.60005635764104,82.60005635764104,650.0,True,False,True,,,
SIM_DIR-1784864471,SIM_DIR,capstone_iii_full,full,0,0,56.0,0.0,0.0,1.0,73.6622420305682,73.64845272560706,0.013789304961141625,,,84.80950993940925,84.80950993940925,650.0,True,False,True,,,
SIM_DIR-1784864471,SIM_DIR,baseline,,1,1,58.0,0.0,0.0,1.0,76.44003941250133,76.4262501075402,0.013789304961141625,110.83805714812694,99.37205123625174,,99.37205123625174,,True,False,True,,,
SIM_DIR-1784864471,SIM_DIR,capstone_i,,1,1,58.0,0.0,0.0,1.0,76.44003941250133,76.4262501075402,0.013789304961141625,110.83805714812694,99.37205123625174,,99.37205123625174,650.0,True,False,True,,,
SIM_DIR-1784864471,SIM_DIR,capstone_ii,,1,1,58.0,0.0,0.0,1.0,76.44003941250133,76.4262501075402,0.013789304961141625,118.04003941250133,102.44003941250133,,102.44003941250133,650.0,True,False,True,,,
SIM_DIR-1784864471,SIM_DIR,capstone_iii_fit_1x,fit_1x,1,1,58.0,0.0,0.0,1.0,76.44003941250133,76.4262501075402,0.013789304961141625,,,80.36135191787834,80.36135191787834,650.0,True,False,True,,,
SIM_DIR-1784864471,SIM_DIR,capstone_iii_fit_2x,fit_2x,1,1,58.0,0.0,0.0,1.0,76.44003941250133,76.4262501075402,0.013789304961141625,,,84.18266442325535,84.18266442325535,650.0,True,False,True,,,
SIM_DIR-1784864471,SIM_DIR,capstone_iii_fit_activity,fit_activity,1,1,58.0,0.0,0.0,1.0,76.44003941250133,76.4262501075402,0.013789304961141625,,,83.41840192217995,83.41840192217995,650.0,True,False,True,,,
SIM_DIR-1784864471,SIM_DIR,capstone_iii_fit_activity_pvt,fit_activity_pvt,1,1,58.0,0.0,0.0,1.0,76.44003941250133,76.4262501075402,0.013789304961141625,,,85.71118942540616,85.71118942540616,650.0,True,False,True,,,
SIM_DIR-1784864471,SIM_DIR,capstone_iii_full,full,1,1,58.0,0.0,0.0,1.0,76.44003941250133,76.4262501075402,0.013789304961141625,,,88.00397692863237,88.00397692863237,650.0,True,False,True,,,
SIM_DIR-1784864471,SIM_DIR,baseline,,2,2,60.0,0.0,0.0,1.0,79.22786342578226,79.21407412082112,0.013789304961141625,114.88040196738427,102.99622245351694,,102.99622245351694,,True,False,True,,,
SIM_DIR-1784864471,SIM_DIR,capstone_i,,2,2,60.0,0.0,0.0,1.0,79.22786342578226,79.21407412082112,0.013789304961141625,114.88040196738427,102.99622245351694,,102.99622245351694,650.0,True,False,True,,,
SIM_DIR-1784864471,SIM_DIR,capstone_ii,,2,2,60.0,0.0,0.0,1.0,79.22786342578226,79.21407412082112,0.013789304961141625,120.82786342578225,105.22786342578226,,105.22786342578226,650.0,True,False,True,,,
SIM_DIR-1784864471,SIM_DIR,capstone_iii_fit_1x,fit_1x,2,2,60.0,0.0,0.0,1.0,79.22786342578226,79.21407412082112,0.013789304961141625,,,83.2885671318233,83.2885671318233,650.0,True,False,True,,,
SIM_DIR-1784864471,SIM_DIR,capstone_iii_fit_2x,fit_2x,2,2,60.0,0.0,0.0,1.0,79.22786342578226,79.21407412082112,0.013789304961141625,,,87.24927083786437,87.24927083786437,650.0,True,False,True,,,
SIM_DIR-1784864471,SIM_DIR,capstone_iii_fit_activity,fit_activity,2,2,60.0,0.0,0.0,1.0,79.22786342578226,79.21407412082112,0.013789304961141625,,,86.45713009665616,86.45713009665616,650.0,True,False,True,,,
SIM_DIR-1784864471,SIM_DIR,capstone_iii_fit_activity_pvt,fit_activity_pvt,2,2,60.0,0.0,0.0,1.0,79.22786342578226,79.21407412082112,0.013789304961141625,,,88.83355232028079,88.83355232028079,650.0,True,False,True,,,
SIM_DIR-1784864471,SIM_DIR,capstone_iii_full,full,2,2,60.0,0.0,0.0,1.0,79.22786342578226,79.21407412082112,0.013789304961141625,,,91.20997454390542,91.20997454390542,650.0,True,False,True,,,
SIM_DIR-1784864471,SIM_DIR,baseline,,3,3,63.0,0.0,0.0,1.0,83.34847369034367,83.33468438538253,0.013789304961141625,120.85528685099831,108.35301579744677,,108.35301579744677,,True,False,True,,,
SIM_DIR-1784864471,SIM_DIR,capstone_i,,3,3,63.0,0.0,0.0,1.0,83.34847369034367,83.33468438538253,0.013789304961141625,120.85528685099831,108.35301579744677,,108.35301579744677,650.0,True,False,True,,,
SIM_DIR-1784864471,SIM_DIR,capstone_ii,,3,3,63.0,0.0,0.0,1.0,83.34847369034367,83.33468438538253,0.013789304961141625,124.94847369034366,109.34847369034367,,109.34847369034367,650.0,True,False,True,,,
SIM_DIR-1784864471,SIM_DIR,capstone_iii_fit_1x,fit_1x,3,3,63.0,0.0,0.0,1.0,83.34847369034367,83.33468438538253,0.013789304961141625,,,87.61520790961279,87.61520790961279,650.0,True,False,True,,,
SIM_DIR-1784864471,SIM_DIR,capstone_iii_fit_2x,fit_2x,3,3,63.0,0.0,0.0,1.0,83.34847369034367,83.33468438538253,0.013789304961141625,,,91.78194212888192,91.78194212888192,650.0,True,False,True,,,
SIM_DIR-1784864471,SIM_DIR,capstone_iii_fit_activity,fit_activity,3,3,63.0,0.0,0.0,1.0,83.34847369034367,83.33468438538253,0.013789304961141625,,,90.94859528502809,90.94859528502809,650.0,True,False,True,,,
SIM_DIR-1784864471,SIM_DIR,capstone_iii_fit_activity_pvt,fit_activity_pvt,3,3,63.0,0.0,0.0,1.0,83.34847369034367,83.33468438538253,0.013789304961141625,,,93.44863581658957,93.44863581658957,650.0,True,False,True,,,
SIM_DIR-1784864471,SIM_DIR,capstone_iii_full,full,3,3,63.0,0.0,0.0,1.0,83.34847369034367,83.33468438538253,0.013789304961141625,,,95.94867634815105,95.94867634815105,650.0,True,False,True,,,
SIM_DIR-1784864471,SIM_DIR,baseline,,4,4,65.0,0.0,0.0,1.0,86.15884750548915,86.14505820052801,0.013789304961141625,124.93032888295926,112.0065017571359,,112.0065017571359,,True,False,True,,,
SIM_DIR-1784864471,SIM_DIR,capstone_i,,4,4,65.0,0.0,0.0,1.0,86.15884750548915,86.14505820052801,0.013789304961141625,124.93032888295926,112.0065017571359,,112.0065017571359,650.0,True,False,True,,,
SIM_DIR-1784864471,SIM_DIR,capstone_ii,,4,4,65.0,0.0,0.0,1.0,86.15884750548915,86.14505820052801,0.013789304961141625,127.75884750548914,112.15884750548915,,112.15884750548915,650.0,True,False,True,,,
SIM_DIR-1784864471,SIM_DIR,capstone_iii_fit_1x,fit_1x,4,4,65.0,0.0,0.0,1.0,86.15884750548915,86.14505820052801,0.013789304961141625,,,90.56610041551555,90.56610041551555,650.0,True,False,True,,,
SIM_DIR-1784864471,SIM_DIR,capstone_iii_fit_2x,fit_2x,4,4,65.0,0.0,0.0,1.0,86.15884750548915,86.14505820052801,0.013789304961141625,,,94.87335332554196,94.87335332554196,650.0,True,False,True,,,
SIM_DIR-1784864471,SIM_DIR,capstone_iii_fit_activity,fit_activity,4,4,65.0,0.0,0.0,1.0,86.15884750548915,86.14505820052801,0.013789304961141625,,,94.01190274353667,94.01190274353667,650.0,True,False,True,,,
SIM_DIR-1784864471,SIM_DIR,capstone_iii_fit_activity_pvt,fit_activity_pvt,4,4,65.0,0.0,0.0,1.0,86.15884750548915,86.14505820052801,0.013789304961141625,,,96.5962544895525,96.5962544895525,650.0,True,False,True,,,
SIM_DIR-1784864471,SIM_DIR,capstone_iii_full,full,4,4,65.0,0.0,0.0,1.0,86.15884750548915,86.14505820052801,0.013789304961141625,,,99.18060623556835,99.18060623556835,650.0,True,False,True,,,
SIM_DIR-1784864471,SIM_DIR,baseline,,5,5,70.0,0.0,0.0,1.0,92.96273278830172,92.94894348334059,0.013789304961141625,134.7959625430375,120.85155262479225,,120.85155262479225,,True,False,True,,,
SIM_DIR-1784864471,SIM_DIR,capstone_i,,5,5,70.0,0.0,0.0,1.0,92.96273278830172,92.94894348334059,0.013789304961141625,134.7959625430375,120.85155262479225,,120.85155262479225,650.0,True,False,True,,,
SIM_DIR-1784864471,SIM_DIR,capstone_ii,,5,5,70.0,0.0,0.0,1.0,92.96273278830172,92.94894348334059,0.013789304961141625,134.56273278830173,118.96273278830172,,118.96273278830172,650.0,True,False,True,,,
SIM_DIR-1784864471,SIM_DIR,capstone_iii_fit_1x,fit_1x,5,5,70.0,0.0,0.0,1.0,92.96273278830172,92.94894348334059,0.013789304961141625,,,97.71017996246874,97.71017996246874,650.0,True,False,True,,,
SIM_DIR-1784864471,SIM_DIR,capstone_iii_fit_2x,fit_2x,5,5,70.0,0.0,0.0,1.0,92.96273278830172,92.94894348334059,0.013789304961141625,,,102.35762713663578,102.35762713663578,650.0,True,False,True,,,
SIM_DIR-1784864471,SIM_DIR,capstone_iii_fit_activity,fit_activity,5,5,70.0,0.0,0.0,1.0,92.96273278830172,92.94894348334059,0.013789304961141625,,,101.42813770180238,101.42813770180238,650.0,True,False,True,,,
SIM_DIR-1784864471,SIM_DIR,capstone_iii_fit_activity_pvt,fit_activity_pvt,5,5,70.0,0.0,0.0,1.0,92.96273278830172,92.94894348334059,0.013789304961141625,,,104.2166060063026,104.2166060063026,650.0,True,False,True,,,
SIM_DIR-1784864471,SIM_DIR,capstone_iii_full,full,5,5,70.0,0.0,0.0,1.0,92.96273278830172,92.94894348334059,0.013789304961141625,,,107.00507431080281,107.00507431080281,650.0,True,False,True,,,
SIM_DIR-1784864471,SIM_DIR,baseline,,6,6,72.0,0.0,0.0,1.0,95.80065797687045,95.78686867190932,0.013789304961141625,138.91095406646215,124.54085536993159,,124.54085536993159,,True,False,True,,,
SIM_DIR-1784864471,SIM_DIR,capstone_i,,6,6,72.0,0.0,0.0,1.0,95.80065797687045,95.78686867190932,0.013789304961141625,138.91095406646215,124.54085536993159,,124.54085536993159,650.0,True,False,True,,,
SIM_DIR-1784864471,SIM_DIR,capstone_ii,,6,6,72.0,0.0,0.0,1.0,95.80065797687045,95.78686867190932,0.013789304961141625,137.40065797687046,121.80065797687045,,121.80065797687045,650.0,True,False,True,,,
SIM_DIR-1784864471,SIM_DIR,capstone_iii_fit_1x,fit_1x,6,6,72.0,0.0,0.0,1.0,95.80065797687045,95.78686867190932,0.013789304961141625,,,100.69000141046591,100.69000141046591,650.0,True,False,True,,,
SIM_DIR-1784864471,SIM_DIR,capstone_iii_fit_2x,fit_2x,6,6,72.0,0.0,0.0,1.0,95.80065797687045,95.78686867190932,0.013789304961141625,,,105.47934484406139,105.47934484406139,650.0,True,False,True,,,
SIM_DIR-1784864471,SIM_DIR,capstone_iii_fit_activity,fit_activity,6,6,72.0,0.0,0.0,1.0,95.80065797687045,95.78686867190932,0.013789304961141625,,,104.52147615734228,104.52147615734228,650.0,True,False,True,,,
SIM_DIR-1784864471,SIM_DIR,capstone_iii_fit_activity_pvt,fit_activity_pvt,6,6,72.0,0.0,0.0,1.0,95.80065797687045,95.78686867190932,0.013789304961141625,,,107.39508221749958,107.39508221749958,650.0,True,False,True,,,
SIM_DIR-1784864471,SIM_DIR,capstone_iii_full,full,6,6,72.0,0.0,0.0,1.0,95.80065797687045,95.78686867190932,0.013789304961141625,,,110.26868827765685,110.26868827765685,650.0,True,False,True,,,
SIM_DIR-1784864471,SIM_DIR,baseline,,7,7,74.0,0.0,0.0,1.0,98.64853641343946,98.63474710847832,0.013789304961141625,143.0403777994872,128.2430973374713,,128.2430973374713,,True,False,True,,,
SIM_DIR-1784864471,SIM_DIR,capstone_i,,7,7,74.0,0.0,0.0,1.0,98.64853641343946,98.63474710847832,0.013789304961141625,143.0403777994872,128.2430973374713,,128.2430973374713,650.0,True,False,True,,,
SIM_DIR-1784864471,SIM_DIR,capstone_ii,,7,7,74.0,0.0,0.0,1.0,98.64853641343946,98.63474710847832,0.013789304961141625,140.24853641343947,124.64853641343946,,124.64853641343946,650.0,True,False,True,,,
SIM_DIR-1784864471,SIM_DIR,capstone_iii_fit_1x,fit_1x,7,7,74.0,0.0,0.0,1.0,98.64853641343946,98.63474710847832,0.013789304961141625,,,103.68027376886337,103.68027376886337,650.0,True,False,True,,,
SIM_DIR-1784864471,SIM_DIR,capstone_iii_fit_2x,fit_2x,7,7,74.0,0.0,0.0,1.0,98.64853641343946,98.63474710847832,0.013789304961141625,,,108.61201112428729,108.61201112428729,650.0,True,False,True,,,
SIM_DIR-1784864471,SIM_DIR,capstone_iii_fit_activity,fit_activity,7,7,74.0,0.0,0.0,1.0,98.64853641343946,98.63474710847832,0.013789304961141625,,,107.62566365320251,107.62566365320251,650.0,True,False,True,,,
SIM_DIR-1784864471,SIM_DIR,capstone_iii_fit_activity_pvt,fit_activity_pvt,7,7,74.0,0.0,0.0,1.0,98.64853641343946,98.63474710847832,0.013789304961141625,,,110.58470606645685,110.58470606645685,650.0,True,False,True,,,
SIM_DIR-1784864471,SIM_DIR,capstone_iii_full,full,7,7,74.0,0.0,0.0,1.0,98.64853641343946,98.63474710847832,0.013789304961141625,,,113.54374847971121,113.54374847971121,650.0,True,False,True,,,
SIM_DIR-1784864471,SIM_DIR,baseline,,8,8,83.0,0.0,0.0,1.0,110.85435537917978,110.84056607421864,0.013789304961141625,160.73881529981068,144.11066199293373,,144.11066199293373,,True,False,True,,,
SIM_DIR-1784864471,SIM_DIR,capstone_i,,8,8,83.0,0.0,0.0,1.0,110.85435537917978,110.84056607421864,0.013789304961141625,160.73881529981068,144.11066199293373,,144.11066199293373,650.0,True,False,True,,,
SIM_DIR-1784864471,SIM_DIR,capstone_ii,,8,8,83.0,0.0,0.0,1.0,110.85435537917978,110.84056607421864,0.013789304961141625,152.4543553791798,136.85435537917976,,136.85435537917976,650.0,True,False,True,,,
SIM_DIR-1784864471,SIM_DIR,capstone_iii_fit_1x,fit_1x,8,8,83.0,0.0,0.0,1.0,110.85435537917978,110.84056607421864,0.013789304961141625,,,116.4963836828907,116.4963836828907,650.0,True,False,True,,,
SIM_DIR-1784864471,SIM_DIR,capstone_iii_fit_2x,fit_2x,8,8,83.0,0.0,0.0,1.0,110.85435537917978,110.84056607421864,0.013789304961141625,,,122.03841198660164,122.03841198660164,650.0,True,False,True,,,
SIM_DIR-1784864471,SIM_DIR,capstone_iii_fit_activity,fit_activity,8,8,83.0,0.0,0.0,1.0,110.85435537917978,110.84056607421864,0.013789304961141625,,,120.93000632585947,120.93000632585947,650.0,True,False,True,,,
SIM_DIR-1784864471,SIM_DIR,capstone_iii_fit_activity_pvt,fit_activity_pvt,8,8,83.0,0.0,0.0,1.0,110.85435537917978,110.84056607421864,0.013789304961141625,,,124.255223308086,124.255223308086,650.0,True,False,True,,,
SIM_DIR-1784864471,SIM_DIR,capstone_iii_full,full,8,8,83.0,0.0,0.0,1.0,110.85435537917978,110.84056607421864,0.013789304961141625,,,127.58044029031257,127.58044029031257,650.0,True,False,True,,,
SIM_DIR-1784864471,SIM_DIR,baseline,,9,9,111.0,0.0,0.0,1.0,148.52654499328884,148.5127556883277,0.013789304961141625,215.36349024026882,193.0845084912755,,193.0845084912755,,True,False,True,,,
SIM_DIR-1784864471,SIM_DIR,capstone_i,,9,9,111.0,0.0,0.0,1.0,148.52654499328884,148.5127556883277,0.013789304961141625,215.36349024026882,193.0845084912755,,193.0845084912755,650.0,True,False,True,,,
SIM_DIR-1784864471,SIM_DIR,capstone_ii,,9,9,111.0,0.0,0.0,1.0,148.52654499328884,148.5127556883277,0.013789304961141625,194.70254499328885,177.38654499328885,,177.38654499328885,650.0,True,False,True,,,
SIM_DIR-1784864471,SIM_DIR,capstone_iii_fit_1x,fit_1x,9,9,111.0,0.0,0.0,1.0,148.52654499328884,148.5127556883277,0.013789304961141625,,,156.05218277770518,156.05218277770518,650.0,True,False,True,,,
SIM_DIR-1784864471,SIM_DIR,capstone_iii_fit_2x,fit_2x,9,9,111.0,0.0,0.0,1.0,148.52654499328884,148.5127556883277,0.013789304961141625,,,163.4778205621216,163.4778205621216,650.0,True,False,True,,,
SIM_DIR-1784864471,SIM_DIR,capstone_iii_fit_activity,fit_activity,9,9,111.0,0.0,0.0,1.0,148.52654499328884,148.5127556883277,0.013789304961141625,,,161.99269300523832,161.99269300523832,650.0,True,False,True,,,
SIM_DIR-1784864471,SIM_DIR,capstone_iii_fit_activity_pvt,fit_activity_pvt,9,9,111.0,0.0,0.0,1.0,148.52654499328884,148.5127556883277,0.013789304961141625,,,166.44807567588813,166.44807567588813,650.0,True,False,True,,,
SIM_DIR-1784864471,SIM_DIR,capstone_iii_full,full,9,9,111.0,0.0,0.0,1.0,148.52654499328884,148.5127556883277,0.013789304961141625,,,170.90345834653797,170.90345834653797,650.0,True,False,True,,,
SIM_DIR-1784864471,SIM_DIR,baseline,,10,10,111.0,0.0,0.0,1.0,148.80648653915048,148.79269723418935,0.013789304961141625,215.7694054817682,193.44843250089565,,193.44843250089565,,True,False,True,,,
SIM_DIR-1784864471,SIM_DIR,capstone_i,,10,10,111.0,0.0,0.0,1.0,148.80648653915048,148.79269723418935,0.013789304961141625,215.7694054817682,193.44843250089565,,193.44843250089565,650.0,True,False,True,,,
SIM_DIR-1784864471,SIM_DIR,capstone_ii,,10,10,111.0,0.0,0.0,1.0,148.80648653915048,148.79269723418935,0.013789304961141625,194.9824865391505,177.6664865391505,,177.6664865391505,650.0,True,False,True,,,
SIM_DIR-1784864471,SIM_DIR,capstone_iii_fit_1x,fit_1x,10,10,111.0,0.0,0.0,1.0,148.80648653915048,148.79269723418935,0.013789304961141625,,,156.34612140085994,156.34612140085994,650.0,True,False,True,,,
SIM_DIR-1784864471,SIM_DIR,capstone_iii_fit_2x,fit_2x,10,10,111.0,0.0,0.0,1.0,148.80648653915048,148.79269723418935,0.013789304961141625,,,163.7857562625694,163.7857562625694,650.0,True,False,True,,,
SIM_DIR-1784864471,SIM_DIR,capstone_iii_fit_activity,fit_activity,10,10,111.0,0.0,0.0,1.0,148.80648653915048,148.79269723418935,0.013789304961141625,,,162.29782929022753,162.29782929022753,650.0,True,False,True,,,
SIM_DIR-1784864471,SIM_DIR,capstone_iii_fit_activity_pvt,fit_activity_pvt,10,10,111.0,0.0,0.0,1.0,148.80648653915048,148.79269723418935,0.013789304961141625,,,166.7616102072532,166.7616102072532,650.0,True,False,True,,,
SIM_DIR-1784864471,SIM_DIR,capstone_iii_full,full,10,10,111.0,0.0,0.0,1.0,148.80648653915048,148.79269723418935,0.013789304961141625,,,171.22539112427887,171.22539112427887,650.0,True,False,True,,,
SIM_DIR-1784864471,SIM_DIR,baseline,,11,11,112.0,0.0,0.0,1.0,150.4291750098319,150.41538570487077,0.013789304961141625,218.12230376425626,195.55792751278148,,195.55792751278148,,True,False,True,,,
SIM_DIR-1784864471,SIM_DIR,capstone_i,,11,11,112.0,0.0,0.0,1.0,150.4291750098319,150.41538570487077,0.013789304961141625,218.12230376425626,195.55792751278148,,195.55792751278148,650.0,True,False,True,,,
SIM_DIR-1784864471,SIM_DIR,capstone_ii,,11,11,112.0,0.0,0.0,1.0,150.4291750098319,150.41538570487077,0.013789304961141625,197.02117500983192,179.5491750098319,,179.5491750098319,650.0,True,False,True,,,
SIM_DIR-1784864471,SIM_DIR,capstone_iii_fit_1x,fit_1x,11,11,112.0,0.0,0.0,1.0,150.4291750098319,150.41538570487077,0.013789304961141625,,,158.04994429507545,158.04994429507545,650.0,True,False,True,,,
SIM_DIR-1784864471,SIM_DIR,capstone_iii_fit_2x,fit_2x,11,11,112.0,0.0,0.0,1.0,150.4291750098319,150.41538570487077,0.013789304961141625,,,165.570713580319,165.570713580319,650.0,True,False,True,,,
SIM_DIR-1784864471,SIM_DIR,capstone_iii_fit_activity,fit_activity,11,11,112.0,0.0,0.0,1.0,150.4291750098319,150.41538570487077,0.013789304961141625,,,164.06655972327027,164.06655972327027,650.0,True,False,True,,,
SIM_DIR-1784864471,SIM_DIR,capstone_iii_fit_activity_pvt,fit_activity_pvt,11,11,112.0,0.0,0.0,1.0,150.4291750098319,150.41538570487077,0.013789304961141625,,,168.5790212944164,168.5790212944164,650.0,True,False,True,,,
SIM_DIR-1784864471,SIM_DIR,capstone_iii_full,full,11,11,112.0,0.0,0.0,1.0,150.4291750098319,150.41538570487077,0.013789304961141625,,,173.09148286556254,173.09148286556254,650.0,True,False,True,,,
SIM_DIR-1784864471,SIM_DIR,baseline,,12,12,116.0,0.0,0.0,1.0,156.0931894699812,156.07940016502008,0.013789304961141625,226.33512473147275,202.9211463109756,,202.9211463109756,,True,False,True,,,
SIM_DIR-1784864471,SIM_DIR,capstone_i,,12,12,116.0,0.0,0.0,1.0,156.0931894699812,156.07940016502008,0.013789304961141625,226.33512473147275,202.9211463109756,,202.9211463109756,650.0,True,False,True,,,
SIM_DIR-1784864471,SIM_DIR,capstone_ii,,12,12,116.0,0.0,0.0,1.0,156.0931894699812,156.07940016502008,0.013789304961141625,204.3491894699812,186.2531894699812,,186.2531894699812,650.0,True,False,True,,,
SIM_DIR-1784864471,SIM_DIR,capstone_iii_fit_1x,fit_1x,12,12,116.0,0.0,0.0,1.0,156.0931894699812,156.07940016502008,0.013789304961141625,,,163.9971594782322,163.9971594782322,650.0,True,False,True,,,
SIM_DIR-1784864471,SIM_DIR,capstone_iii_fit_2x,fit_2x,12,12,116.0,0.0,0.0,1.0,156.0931894699812,156.07940016502008,0.013789304961141625,,,171.8011294864832,171.8011294864832,650.0,True,False,True,,,
SIM_DIR-1784864471,SIM_DIR,capstone_iii_fit_activity,fit_activity,12,12,116.0,0.0,0.0,1.0,156.0931894699812,156.07940016502008,0.013789304961141625,,,170.24033548483303,170.24033548483303,650.0,True,False,True,,,
SIM_DIR-1784864471,SIM_DIR,capstone_iii_fit_activity_pvt,fit_activity_pvt,12,12,116.0,0.0,0.0,1.0,156.0931894699812,156.07940016502008,0.013789304961141625,,,174.92271748978362,174.92271748978362,650.0,True,False,True,,,
SIM_DIR-1784864471,SIM_DIR,capstone_iii_full,full,12,12,116.0,0.0,0.0,1.0,156.0931894699812,156.07940016502008,0.013789304961141625,,,179.60509949473422,179.60509949473422,650.0,True,False,True,,,
SIM_DIR-1784864471,SIM_DIR,baseline,,13,13,117.0,0.0,0.0,1.0,157.73299925527553,157.7192099503144,0.013789304961141625,228.71284892014953,205.0528990318582,,205.0528990318582,,True,False,True,,,
SIM_DIR-1784864471,SIM_DIR,capstone_i,,13,13,117.0,0.0,0.0,1.0,157.73299925527553,157.7192099503144,0.013789304961141625,228.71284892014953,205.0528990318582,,205.0528990318582,650.0,True,False,True,,,
SIM_DIR-1784864471,SIM_DIR,capstone_ii,,13,13,117.0,0.0,0.0,1.0,157.73299925527553,157.7192099503144,0.013789304961141625,206.40499925527553,188.15299925527552,,188.15299925527552,650.0,True,False,True,,,
SIM_DIR-1784864471,SIM_DIR,capstone_iii_fit_1x,fit_1x,13,13,117.0,0.0,0.0,1.0,157.73299925527553,157.7192099503144,0.013789304961141625,,,165.71895975279122,165.71895975279122,650.0,True,False,True,,,
SIM_DIR-1784864471,SIM_DIR,capstone_iii_fit_2x,fit_2x,13,13,117.0,0.0,0.0,1.0,157.73299925527553,157.7192099503144,0.013789304961141625,,,173.60492025030698,173.60492025030698,650.0,True,False,True,,,
SIM_DIR-1784864471,SIM_DIR,capstone_iii_fit_activity,fit_activity,13,13,117.0,0.0,0.0,1.0,157.73299925527553,157.7192099503144,0.013789304961141625,,,172.02772815080382,172.02772815080382,650.0,True,False,True,,,
SIM_DIR-1784864471,SIM_DIR,capstone_iii_fit_activity_pvt,fit_activity_pvt,13,13,117.0,0.0,0.0,1.0,157.73299925527553,157.7192099503144,0.013789304961141625,,,176.75930444931325,176.75930444931325,650.0,True,False,True,,,
SIM_DIR-1784864471,SIM_DIR,capstone_iii_full,full,13,13,117.0,0.0,0.0,1.0,157.73299925527553,157.7192099503144,0.013789304961141625,,,181.49088074782267,181.49088074782267,650.0,True,False,True,,,
SIM_DIR-1784864471,SIM_DIR,baseline,,14,14,121.0,0.0,0.0,1.0,163.42920557947667,163.41541627451554,0.013789304961141625,236.97234809024116,212.45796725331968,,212.45796725331968,,True,False,True,,,
SIM_DIR-1784864471,SIM_DIR,capstone_i,,14,14,121.0,0.0,0.0,1.0,163.42920557947667,163.41541627451554,0.013789304961141625,236.97234809024116,212.45796725331968,,212.45796725331968,650.0,True,False,True,,,
SIM_DIR-1784864471,SIM_DIR,capstone_ii,,14,14,121.0,0.0,0.0,1.0,163.42920557947667,163.41541627451554,0.013789304961141625,213.76520557947669,194.88920557947668,,194.88920557947668,650.0,True,False,True,,,
SIM_DIR-1784864471,SIM_DIR,capstone_iii_fit_1x,fit_1x,14,14,121.0,0.0,0.0,1.0,163.42920557947667,163.41541627451554,0.013789304961141625,,,171.69997639320243,171.69997639320243,650.0,True,False,True,,,
SIM_DIR-1784864471,SIM_DIR,capstone_iii_fit_2x,fit_2x,14,14,121.0,0.0,0.0,1.0,163.42920557947667,163.41541627451554,0.013789304961141625,,,179.87074720692823,179.87074720692823,650.0,True,False,True,,,
SIM_DIR-1784864471,SIM_DIR,capstone_iii_fit_activity,fit_activity,14,14,121.0,0.0,0.0,1.0,163.42920557947667,163.41541627451554,0.013789304961141625,,,178.23659304418308,178.23659304418308,650.0,True,False,True,,,
SIM_DIR-1784864471,SIM_DIR,capstone_iii_fit_activity_pvt,fit_activity_pvt,14,14,121.0,0.0,0.0,1.0,163.42920557947667,163.41541627451554,0.013789304961141625,,,183.13905553241852,183.13905553241852,650.0,True,False,True,,,
SIM_DIR-1784864471,SIM_DIR,capstone_iii_full,full,14,14,121.0,0.0,0.0,1.0,163.42920557947667,163.41541627451554,0.013789304961141625,,,188.04151802065402,188.04151802065402,650.0,True,False,True,,,
SIM_DIR-1784864471,SIM_DIR,baseline,,15,15,123.0,0.0,0.0,1.0,166.4391452983964,166.42535599343526,0.013789304961141625,241.33676068267476,216.37088888791533,,216.37088888791533,,True,False,True,,,
SIM_DIR-1784864471,SIM_DIR,capstone_i,,15,15,123.0,0.0,0.0,1.0,166.4391452983964,166.42535599343526,0.013789304961141625,241.33676068267476,216.37088888791533,,216.37088888791533,650.0,True,False,True,,,
SIM_DIR-1784864471,SIM_DIR,capstone_ii,,15,15,123.0,0.0,0.0,1.0,166.4391452983964,166.42535599343526,0.013789304961141625,217.6071452983964,198.4191452983964,,198.4191452983964,650.0,True,False,True,,,
SIM_DIR-1784864471,SIM_DIR,capstone_iii_fit_1x,fit_1x,15,15,123.0,0.0,0.0,1.0,166.4391452983964,166.42535599343526,0.013789304961141625,,,174.86041309806816,174.86041309806816,650.0,True,False,True,,,
SIM_DIR-1784864471,SIM_DIR,capstone_iii_fit_2x,fit_2x,15,15,123.0,0.0,0.0,1.0,166.4391452983964,166.42535599343526,0.013789304961141625,,,183.18168089773994,183.18168089773994,650.0,True,False,True,,,
SIM_DIR-1784864471,SIM_DIR,capstone_iii_fit_activity,fit_activity,15,15,123.0,0.0,0.0,1.0,166.4391452983964,166.42535599343526,0.013789304961141625,,,181.51742733780557,181.51742733780557,650.0,True,False,True,,,
SIM_DIR-1784864471,SIM_DIR,capstone_iii_fit_activity_pvt,fit_activity_pvt,15,15,123.0,0.0,0.0,1.0,166.4391452983964,166.42535599343526,0.013789304961141625,,,186.51018801760864,186.51018801760864,650.0,True,False,True,,,
SIM_DIR-1784864471,SIM_DIR,capstone_iii_full,full,15,15,123.0,0.0,0.0,1.0,166.4391452983964,166.42535599343526,0.013789304961141625,,,191.5029486974117,191.5029486974117,650.0,True,False,True,,,
SIM_DIR-1784864471,SIM_DIR,baseline,,16,16,125.0,0.0,0.0,1.0,169.45886281126462,169.4450735063035,0.013789304961141625,245.7153510763337,220.296521654644,,220.296521654644,,True,False,True,,,
SIM_DIR-1784864471,SIM_DIR,capstone_i,,16,16,125.0,0.0,0.0,1.0,169.45886281126462,169.4450735063035,0.013789304961141625,245.7153510763337,220.296521654644,,220.296521654644,650.0,True,False,True,,,
SIM_DIR-1784864471,SIM_DIR,capstone_ii,,16,16,125.0,0.0,0.0,1.0,169.45886281126462,169.4450735063035,0.013789304961141625,221.45886281126462,201.95886281126462,,201.95886281126462,650.0,True,False,True,,,
SIM_DIR-1784864471,SIM_DIR,capstone_iii_fit_1x,fit_1x,16,16,125.0,0.0,0.0,1.0,169.45886281126462,169.4450735063035,0.013789304961141625,,,178.03111648657978,178.03111648657978,650.0,True,False,True,,,
SIM_DIR-1784864471,SIM_DIR,capstone_iii_fit_2x,fit_2x,16,16,125.0,0.0,0.0,1.0,169.45886281126462,169.4450735063035,0.013789304961141625,,,186.50337016189496,186.50337016189496,650.0,True,False,True,,,
SIM_DIR-1784864471,SIM_DIR,capstone_iii_fit_activity,fit_activity,16,16,125.0,0.0,0.0,1.0,169.45886281126462,169.4450735063035,0.013789304961141625,,,184.80891942683192,184.80891942683192,650.0,True,False,True,,,
SIM_DIR-1784864471,SIM_DIR,capstone_iii_fit_activity_pvt,fit_activity_pvt,16,16,125.0,0.0,0.0,1.0,169.45886281126462,169.4450735063035,0.013789304961141625,,,189.89227163202102,189.89227163202102,650.0,True,False,True,,,
SIM_DIR-1784864471,SIM_DIR,capstone_iii_full,full,16,16,125.0,0.0,0.0,1.0,169.45886281126462,169.4450735063035,0.013789304961141625,,,194.97562383721015,194.97562383721015,650.0,True,False,True,,,
SIM_DIR-1784864471,SIM_DIR,baseline,,17,17,129.0,0.0,0.0,1.0,175.20448255365835,175.19069324869722,0.013789304961141625,254.0464997028046,227.76582731975586,,227.76582731975586,,True,False,True,,,
SIM_DIR-1784864471,SIM_DIR,capstone_i,,17,17,129.0,0.0,0.0,1.0,175.20448255365835,175.19069324869722,0.013789304961141625,254.0464997028046,227.76582731975586,,227.76582731975586,650.0,True,False,True,,,
SIM_DIR-1784864471,SIM_DIR,capstone_ii,,17,17,129.0,0.0,0.0,1.0,175.20448255365835,175.19069324869722,0.013789304961141625,228.86848255365834,208.74448255365834,,208.74448255365834,650.0,True,False,True,,,
SIM_DIR-1784864471,SIM_DIR,capstone_iii_fit_1x,fit_1x,17,17,129.0,0.0,0.0,1.0,175.20448255365835,175.19069324869722,0.013789304961141625,,,184.06401721609322,184.06401721609322,650.0,True,False,True,,,
SIM_DIR-1784864471,SIM_DIR,capstone_iii_fit_2x,fit_2x,17,17,129.0,0.0,0.0,1.0,175.20448255365835,175.19069324869722,0.013789304961141625,,,192.82355187852806,192.82355187852806,650.0,True,False,True,,,
SIM_DIR-1784864471,SIM_DIR,capstone_iii_fit_activity,fit_activity,17,17,129.0,0.0,0.0,1.0,175.20448255365835,175.19069324869722,0.013789304961141625,,,191.0716449460411,191.0716449460411,650.0,True,False,True,,,
SIM_DIR-1784864471,SIM_DIR,capstone_iii_fit_activity_pvt,fit_activity_pvt,17,17,129.0,0.0,0.0,1.0,175.20448255365835,175.19069324869722,0.013789304961141625,,,196.327365743502,196.327365743502,650.0,True,False,True,,,
SIM_DIR-1784864471,SIM_DIR,capstone_iii_full,full,17,17,129.0,0.0,0.0,1.0,175.20448255365835,175.19069324869722,0.013789304961141625,,,201.58308654096294,201.58308654096294,650.0,True,False,True,,,
SIM_DIR-1784864471,SIM_DIR,baseline,,18,18,129.0,0.0,0.0,1.0,175.52758997144915,175.513800666488,0.013789304961141625,254.51500545860125,228.1858669628839,,228.1858669628839,,True,False,True,,,
SIM_DIR-1784864471,SIM_DIR,capstone_i,,18,18,129.0,0.0,0.0,1.0,175.52758997144915,175.513800666488,0.013789304961141625,254.51500545860125,228.1858669628839,,228.1858669628839,650.0,True,False,True,,,
SIM_DIR-1784864471,SIM_DIR,capstone_ii,,18,18,129.0,0.0,0.0,1.0,175.52758997144915,175.513800666488,0.013789304961141625,229.19158997144916,209.06758997144914,,209.06758997144914,650.0,True,False,True,,,
SIM_DIR-1784864471,SIM_DIR,capstone_iii_fit_1x,fit_1x,18,18,129.0,0.0,0.0,1.0,175.52758997144915,175.513800666488,0.013789304961141625,,,184.40328000477353,184.40328000477353,650.0,True,False,True,,,
SIM_DIR-1784864471,SIM_DIR,capstone_iii_fit_2x,fit_2x,18,18,129.0,0.0,0.0,1.0,175.52758997144915,175.513800666488,0.013789304961141625,,,193.17897003809793,193.17897003809793,650.0,True,False,True,,,
SIM_DIR-1784864471,SIM_DIR,capstone_iii_fit_activity,fit_activity,18,18,129.0,0.0,0.0,1.0,175.52758997144915,175.513800666488,0.013789304961141625,,,191.42383203143305,191.42383203143305,650.0,True,False,True,,,
SIM_DIR-1784864471,SIM_DIR,capstone_iii_fit_activity_pvt,fit_activity_pvt,18,18,129.0,0.0,0.0,1.0,175.52758997144915,175.513800666488,0.013789304961141625,,,196.6892460514277,196.6892460514277,650.0,True,False,True,,,
SIM_DIR-1784864471,SIM_DIR,capstone_iii_full,full,18,18,129.0,0.0,0.0,1.0,175.52758997144915,175.513800666488,0.013789304961141625,,,201.95466007142235,201.95466007142235,650.0,True,False,True,,,
SIM_DIR-1784864471,SIM_DIR,baseline,,19,19,134.0,0.0,0.0,1.0,182.6658035081575,182.65201420319636,0.013789304961141625,264.86541508682836,237.46554456060474,,237.46554456060474,,True,False,True,,,
SIM_DIR-1784864471,SIM_DIR,capstone_i,,19,19,134.0,0.0,0.0,1.0,182.6658035081575,182.65201420319636,0.013789304961141625,264.86541508682836,237.46554456060474,,237.46554456060474,650.0,True,False,True,,,
SIM_DIR-1784864471,SIM_DIR,capstone_ii,,19,19,134.0,0.0,0.0,1.0,182.6658035081575,182.65201420319636,0.013789304961141625,238.4098035081575,217.5058035081575,,217.5058035081575,650.0,True,False,True,,,
SIM_DIR-1784864471,SIM_DIR,capstone_iii_fit_1x,fit_1x,19,19,134.0,0.0,0.0,1.0,182.6658035081575,182.65201420319636,0.013789304961141625,,,191.89840421831732,191.89840421831732,650.0,True,False,True,,,
SIM_DIR-1784864471,SIM_DIR,capstone_iii_fit_2x,fit_2x,19,19,134.0,0.0,0.0,1.0,182.6658035081575,182.65201420319636,0.013789304961141625,,,201.03100492847713,201.03100492847713,650.0,True,False,True,,,
SIM_DIR-1784864471,SIM_DIR,capstone_iii_fit_activity,fit_activity,19,19,134.0,0.0,0.0,1.0,182.6658035081575,182.65201420319636,0.013789304961141625,,,199.2044847864452,199.2044847864452,650.0,True,False,True,,,
SIM_DIR-1784864471,SIM_DIR,capstone_iii_fit_activity_pvt,fit_activity_pvt,19,19,134.0,0.0,0.0,1.0,182.6658035081575,182.65201420319636,0.013789304961141625,,,204.6840452125411,204.6840452125411,650.0,True,False,True,,,
SIM_DIR-1784864471,SIM_DIR,capstone_iii_full,full,19,19,134.0,0.0,0.0,1.0,182.6658035081575,182.65201420319636,0.013789304961141625,,,210.16360563863697,210.16360563863697,650.0,True,False,True,,,
SIM_DIR-1784864471,SIM_DIR,baseline,,20,20,137.0,0.0,0.0,1.0,187.0976070684406,187.08381776347946,0.013789304961141625,271.29153024923886,243.2268891889728,,243.2268891889728,,True,False,True,,,
SIM_DIR-1784864471,SIM_DIR,capstone_i,,20,20,137.0,0.0,0.0,1.0,187.0976070684406,187.08381776347946,0.013789304961141625,271.29153024923886,243.2268891889728,,243.2268891889728,650.0,True,False,True,,,
SIM_DIR-1784864471,SIM_DIR,capstone_ii,,20,20,137.0,0.0,0.0,1.0,187.0976070684406,187.08381776347946,0.013789304961141625,244.0896070684406,222.7176070684406,,222.7176070684406,650.0,True,False,True,,,
SIM_DIR-1784864471,SIM_DIR,capstone_iii_fit_1x,fit_1x,20,20,137.0,0.0,0.0,1.0,187.0976070684406,187.08381776347946,0.013789304961141625,,,196.55179795661456,196.55179795661456,650.0,True,False,True,,,
SIM_DIR-1784864471,SIM_DIR,capstone_iii_fit_2x,fit_2x,20,20,137.0,0.0,0.0,1.0,187.0976070684406,187.08381776347946,0.013789304961141625,,,205.90598884478854,205.90598884478854,650.0,True,False,True,,,
SIM_DIR-1784864471,SIM_DIR,capstone_iii_fit_activity,fit_activity,20,20,137.0,0.0,0.0,1.0,187.0976070684406,187.08381776347946,0.013789304961141625,,,204.03515066715374,204.03515066715374,650.0,True,False,True,,,
SIM_DIR-1784864471,SIM_DIR,capstone_iii_fit_activity_pvt,fit_activity_pvt,20,20,137.0,0.0,0.0,1.0,187.0976070684406,187.08381776347946,0.013789304961141625,,,209.6476652000581,209.6476652000581,650.0,True,False,True,,,
SIM_DIR-1784864471,SIM_DIR,capstone_iii_full,full,20,20,137.0,0.0,0.0,1.0,187.0976070684406,187.08381776347946,0.013789304961141625,,,215.2601797329625,215.2601797329625,650.0,True,False,True,,,
SIM_DIR-1784864471,SIM_DIR,baseline,,21,21,143.0,0.0,0.0,1.0,195.64835049016006,195.63456118519892,0.013789304961141625,283.6901082107321,254.3428556372081,,254.3428556372081,,True,False,True,,,
SIM_DIR-1784864471,SIM_DIR,capstone_i,,21,21,143.0,0.0,0.0,1.0,195.64835049016006,195.63456118519892,0.013789304961141625,283.6901082107321,254.3428556372081,,254.3428556372081,650.0,True,False,True,,,
SIM_DIR-1784864471,SIM_DIR,capstone_ii,,21,21,143.0,0.0,0.0,1.0,195.64835049016006,195.63456118519892,0.013789304961141625,255.13635049016005,232.82835049016006,,232.82835049016006,650.0,True,False,True,,,
SIM_DIR-1784864471,SIM_DIR,capstone_iii_fit_1x,fit_1x,21,21,143.0,0.0,0.0,1.0,195.64835049016006,195.63456118519892,0.013789304961141625,,,205.53007854942,205.53007854942,650.0,True,False,True,,,
SIM_DIR-1784864471,SIM_DIR,capstone_iii_fit_2x,fit_2x,21,21,143.0,0.0,0.0,1.0,195.64835049016006,195.63456118519892,0.013789304961141625,,,215.31180660867994,215.31180660867994,650.0,True,False,True,,,
SIM_DIR-1784864471,SIM_DIR,capstone_iii_fit_activity,fit_activity,21,21,143.0,0.0,0.0,1.0,195.64835049016006,195.63456118519892,0.013789304961141625,,,213.35546099682796,213.35546099682796,650.0,True,False,True,,,
SIM_DIR-1784864471,SIM_DIR,capstone_iii_fit_activity_pvt,fit_activity_pvt,21,21,143.0,0.0,0.0,1.0,195.64835049016006,195.63456118519892,0.013789304961141625,,,219.22449783238392,219.22449783238392,650.0,True,False,True,,,
SIM_DIR-1784864471,SIM_DIR,capstone_iii_full,full,21,21,143.0,0.0,0.0,1.0,195.64835049016006,195.63456118519892,0.013789304961141625,,,225.0935346679399,225.0935346679399,650.0,True,False,True,,,
SIM_DIR-1784864471,SIM_DIR,baseline,,22,22,144.0,0.0,0.0,1.0,197.37592373166106,197.36213442669992,0.013789304961141625,286.1950894109085,256.5887008511594,,256.5887008511594,,True,False,True,,,
SIM_DIR-1784864471,SIM_DIR,capstone_i,,22,22,144.0,0.0,0.0,1.0,197.37592373166106,197.36213442669992,0.013789304961141625,286.1950894109085,256.5887008511594,,256.5887008511594,650.0,True,False,True,,,
SIM_DIR-1784864471,SIM_DIR,capstone_ii,,22,22,144.0,0.0,0.0,1.0,197.37592373166106,197.36213442669992,0.013789304961141625,257.27992373166103,234.81592373166106,,234.81592373166106,650.0,True,False,True,,,
SIM_DIR-1784864471,SIM_DIR,capstone_iii_fit_1x,fit_1x,22,22,144.0,0.0,0.0,1.0,197.37592373166106,197.36213442669992,0.013789304961141625,,,207.34403045299607,207.34403045299607,650.0,True,False,True,,,
SIM_DIR-1784864471,SIM_DIR,capstone_iii_fit_2x,fit_2x,22,22,144.0,0.0,0.0,1.0,197.37592373166106,197.36213442669992,0.013789304961141625,,,217.21213717433105,217.21213717433105,650.0,True,False,True,,,
SIM_DIR-1784864471,SIM_DIR,capstone_iii_fit_activity,fit_activity,22,22,144.0,0.0,0.0,1.0,197.37592373166106,197.36213442669992,0.013789304961141625,,,215.23851583006405,215.23851583006405,650.0,True,False,True,,,
SIM_DIR-1784864471,SIM_DIR,capstone_iii_fit_activity_pvt,fit_activity_pvt,22,22,144.0,0.0,0.0,1.0,197.37592373166106,197.36213442669992,0.013789304961141625,,,221.15937986286505,221.15937986286505,650.0,True,False,True,,,
SIM_DIR-1784864471,SIM_DIR,capstone_iii_full,full,22,22,144.0,0.0,0.0,1.0,197.37592373166106,197.36213442669992,0.013789304961141625,,,227.08024389566606,227.08024389566606,650.0,True,False,True,,,
SIM_DIR-1784864471,SIM_DIR,baseline,,23,23,149.0,0.0,0.0,1.0,204.6004595111446,204.58667020618347,0.013789304961141625,296.67066629115965,265.980597364488,,265.980597364488,,True,False,True,,,
SIM_DIR-1784864471,SIM_DIR,capstone_i,,23,23,149.0,0.0,0.0,1.0,204.6004595111446,204.58667020618347,0.013789304961141625,296.67066629115965,265.980597364488,,265.980597364488,650.0,True,False,True,,,
SIM_DIR-1784864471,SIM_DIR,capstone_ii,,23,23,149.0,0.0,0.0,1.0,204.6004595111446,204.58667020618347,0.013789304961141625,266.5844595111446,243.34045951114462,,243.34045951114462,650.0,True,False,True,,,
SIM_DIR-1784864471,SIM_DIR,capstone_iii_fit_1x,fit_1x,23,23,149.0,0.0,0.0,1.0,204.6004595111446,204.58667020618347,0.013789304961141625,,,214.9297930214538,214.9297930214538,650.0,True,False,True,,,
SIM_DIR-1784864471,SIM_DIR,capstone_iii_fit_2x,fit_2x,23,23,149.0,0.0,0.0,1.0,204.6004595111446,204.58667020618347,0.013789304961141625,,,225.15912653176295,225.15912653176295,650.0,True,False,True,,,
SIM_DIR-1784864471,SIM_DIR,capstone_iii_fit_activity,fit_activity,23,23,149.0,0.0,0.0,1.0,204.6004595111446,204.58667020618347,0.013789304961141625,,,223.11325982970112,223.11325982970112,650.0,True,False,True,,,
SIM_DIR-1784864471,SIM_DIR,capstone_iii_fit_activity_pvt,fit_activity_pvt,23,23,149.0,0.0,0.0,1.0,204.6004595111446,204.58667020618347,0.013789304961141625,,,229.25085993588664,229.25085993588664,650.0,True,False,True,,,
SIM_DIR-1784864471,SIM_DIR,capstone_iii_full,full,23,23,149.0,0.0,0.0,1.0,204.6004595111446,204.58667020618347,0.013789304961141625,,,235.38846004207213,235.38846004207213,650.0,True,False,True,,,
SIM_DIR-1784864471,SIM_DIR,baseline,,24,24,149.0,0.0,0.0,1.0,204.97184793980804,204.9580586348469,0.013789304961141625,297.2091795127217,266.4634023217505,,266.4634023217505,,True,False,True,,,
SIM_DIR-1784864471,SIM_DIR,capstone_i,,24,24,149.0,0.0,0.0,1.0,204.97184793980804,204.9580586348469,0.013789304961141625,297.2091795127217,266.4634023217505,,266.4634023217505,650.0,True,False,True,,,
SIM_DIR-1784864471,SIM_DIR,capstone_ii,,24,24,149.0,0.0,0.0,1.0,204.97184793980804,204.9580586348469,0.013789304961141625,266.95584793980805,243.71184793980805,,243.71184793980805,650.0,True,False,True,,,
SIM_DIR-1784864471,SIM_DIR,capstone_iii_fit_1x,fit_1x,24,24,149.0,0.0,0.0,1.0,204.97184793980804,204.9580586348469,0.013789304961141625,,,215.31975087155038,215.31975087155038,650.0,True,False,True,,,
SIM_DIR-1784864471,SIM_DIR,capstone_iii_fit_2x,fit_2x,24,24,149.0,0.0,0.0,1.0,204.97184793980804,204.9580586348469,0.013789304961141625,,,225.5676538032927,225.5676538032927,650.0,True,False,True,,,
SIM_DIR-1784864471,SIM_DIR,capstone_iii_fit_activity,fit_activity,24,24,149.0,0.0,0.0,1.0,204.97184793980804,204.9580586348469,0.013789304961141625,,,223.51807321694426,223.51807321694426,650.0,True,False,True,,,
SIM_DIR-1784864471,SIM_DIR,capstone_iii_fit_activity_pvt,fit_activity_pvt,24,24,149.0,0.0,0.0,1.0,204.97184793980804,204.9580586348469,0.013789304961141625,,,229.66681497598967,229.66681497598967,650.0,True,False,True,,,
SIM_DIR-1784864471,SIM_DIR,capstone_iii_full,full,24,24,149.0,0.0,0.0,1.0,204.97184793980804,204.9580586348469,0.013789304961141625,,,235.81555673503507,235.81555673503507,650.0,True,False,True,,,
SIM_DIR-1784864471,SIM_DIR,baseline,,25,25,160.0,0.0,0.0,1.0,220.5014716973401,220.48768239237896,0.013789304961141625,319.7271339611431,286.65191320654213,,286.65191320654213,,True,False,True,,,
SIM_DIR-1784864471,SIM_DIR,capstone_i,,25,25,160.0,0.0,0.0,1.0,220.5014716973401,220.48768239237896,0.013789304961141625,319.7271339611431,286.65191320654213,,286.65191320654213,650.0,True,False,True,,,
SIM_DIR-1784864471,SIM_DIR,capstone_ii,,25,25,160.0,0.0,0.0,1.0,220.5014716973401,220.48768239237896,0.013789304961141625,287.0614716973401,262.1014716973401,,262.1014716973401,650.0,True,False,True,,,
SIM_DIR-1784864471,SIM_DIR,capstone_iii_fit_1x,fit_1x,25,25,160.0,0.0,0.0,1.0,220.5014716973401,220.48768239237896,0.013789304961141625,,,231.62585581695907,231.62585581695907,650.0,True,False,True,,,
SIM_DIR-1784864471,SIM_DIR,capstone_iii_fit_2x,fit_2x,25,25,160.0,0.0,0.0,1.0,220.5014716973401,220.48768239237896,0.013789304961141625,,,242.65023993657798,242.65023993657798,650.0,True,False,True,,,
SIM_DIR-1784864471,SIM_DIR,capstone_iii_fit_activity,fit_activity,25,25,160.0,0.0,0.0,1.0,220.5014716973401,220.48768239237896,0.013789304961141625,,,240.4453631126542,240.4453631126542,650.0,True,False,True,,,
SIM_DIR-1784864471,SIM_DIR,capstone_iii_fit_activity_pvt,fit_activity_pvt,25,25,160.0,0.0,0.0,1.0,220.5014716973401,220.48768239237896,0.013789304961141625,,,247.0599935844256,247.0599935844256,650.0,True,False,True,,,
SIM_DIR-1784864471,SIM_DIR,capstone_iii_full,full,25,25,160.0,0.0,0.0,1.0,220.5014716973401,220.48768239237896,0.013789304961141625,,,253.67462405619696,253.67462405619696,650.0,True,False,True,,,
SIM_DIR-1784864471,SIM_DIR,baseline,,26,26,165.0,0.0,0.0,1.0,227.80233515141512,227.78854584645399,0.013789304961141625,330.3133859695519,296.14303569683966,,296.14303569683966,,True,False,True,,,
SIM_DIR-1784864471,SIM_DIR,capstone_i,,26,26,165.0,0.0,0.0,1.0,227.80233515141512,227.78854584645399,0.013789304961141625,330.3133859695519,296.14303569683966,,296.14303569683966,650.0,True,False,True,,,
SIM_DIR-1784864471,SIM_DIR,capstone_ii,,26,26,165.0,0.0,0.0,1.0,227.80233515141512,227.78854584645399,0.013789304961141625,296.44233515141514,270.7023351514151,,270.7023351514151,650.0,True,False,True,,,
SIM_DIR-1784864471,SIM_DIR,capstone_iii_fit_1x,fit_1x,26,26,165.0,0.0,0.0,1.0,227.80233515141512,227.78854584645399,0.013789304961141625,,,239.29176244373784,239.29176244373784,650.0,True,False,True,,,
SIM_DIR-1784864471,SIM_DIR,capstone_iii_fit_2x,fit_2x,26,26,165.0,0.0,0.0,1.0,227.80233515141512,227.78854584645399,0.013789304961141625,,,250.6811897360605,250.6811897360605,650.0,True,False,True,,,
SIM_DIR-1784864471,SIM_DIR,capstone_iii_fit_activity,fit_activity,26,26,165.0,0.0,0.0,1.0,227.80233515141512,227.78854584645399,0.013789304961141625,,,248.403304277596,248.403304277596,650.0,True,False,True,,,
SIM_DIR-1784864471,SIM_DIR,capstone_iii_fit_activity_pvt,fit_activity_pvt,26,26,165.0,0.0,0.0,1.0,227.80233515141512,227.78854584645399,0.013789304961141625,,,255.23696065298958,255.23696065298958,650.0,True,False,True,,,
SIM_DIR-1784864471,SIM_DIR,capstone_iii_full,full,26,26,165.0,0.0,0.0,1.0,227.80233515141512,227.78854584645399,0.013789304961141625,,,262.07061702838325,262.07061702838325,650.0,True,False,True,,,
SIM_DIR-1784864471,SIM_DIR,baseline,,27,27,185.0,0.0,0.0,1.0,255.87310671851426,255.85931741355313,0.013789304961141625,371.0160047418457,332.63503873406853,,332.63503873406853,,True,False,True,,,
SIM_DIR-1784864471,SIM_DIR,capstone_i,,27,27,185.0,0.0,0.0,1.0,255.87310671851426,255.85931741355313,0.013789304961141625,371.0160047418457,332.63503873406853,,332.63503873406853,650.0,True,False,True,,,
SIM_DIR-1784864471,SIM_DIR,capstone_ii,,27,27,185.0,0.0,0.0,1.0,255.87310671851426,255.85931741355313,0.013789304961141625,332.8331067185143,303.97310671851426,,303.97310671851426,650.0,True,False,True,,,
SIM_DIR-1784864471,SIM_DIR,capstone_iii_fit_1x,fit_1x,27,27,185.0,0.0,0.0,1.0,255.87310671851426,255.85931741355313,0.013789304961141625,,,268.766072589192,268.766072589192,650.0,True,False,True,,,
SIM_DIR-1784864471,SIM_DIR,capstone_iii_fit_2x,fit_2x,27,27,185.0,0.0,0.0,1.0,255.87310671851426,255.85931741355313,0.013789304961141625,,,281.5590384598696,281.5590384598696,650.0,True,False,True,,,
SIM_DIR-1784864471,SIM_DIR,capstone_iii_fit_activity,fit_activity,27,27,185.0,0.0,0.0,1.0,255.87310671851426,255.85931741355313,0.013789304961141625,,,279.00044528573414,279.00044528573414,650.0,True,False,True,,,
SIM_DIR-1784864471,SIM_DIR,capstone_iii_fit_activity_pvt,fit_activity_pvt,27,27,185.0,0.0,0.0,1.0,255.87310671851426,255.85931741355313,0.013789304961141625,,,286.6762248081407,286.6762248081407,650.0,True,False,True,,,
SIM_DIR-1784864471,SIM_DIR,capstone_iii_full,full,27,27,185.0,0.0,0.0,1.0,255.87310671851426,255.85931741355313,0.013789304961141625,,,294.3520043305473,294.3520043305473,650.0,True,False,True,,,
SIM_DIR-1784864471,SIM_DIR,baseline,,28,28,211.0,0.0,0.0,1.0,292.3560025497362,292.34221324477505,0.013789304961141625,423.9162036971175,380.0628033146571,,380.0628033146571,,True,False,True,,,
SIM_DIR-1784864471,SIM_DIR,capstone_i,,28,28,211.0,0.0,0.0,1.0,292.3560025497362,292.34221324477505,0.013789304961141625,423.9162036971175,380.0628033146571,,380.0628033146571,650.0,True,False,True,,,
SIM_DIR-1784864471,SIM_DIR,capstone_ii,,28,28,211.0,0.0,0.0,1.0,292.3560025497362,292.34221324477505,0.013789304961141625,380.1320025497362,347.21600254973623,,347.21600254973623,650.0,True,False,True,,,
SIM_DIR-1784864471,SIM_DIR,capstone_iii_fit_1x,fit_1x,28,28,211.0,0.0,0.0,1.0,292.3560025497362,292.34221324477505,0.013789304961141625,,,307.073113211975,307.073113211975,650.0,True,False,True,,,
SIM_DIR-1784864471,SIM_DIR,capstone_iii_fit_2x,fit_2x,28,28,211.0,0.0,0.0,1.0,292.3560025497362,292.34221324477505,0.013789304961141625,,,321.69022387421376,321.69022387421376,650.0,True,False,True,,,
SIM_DIR-1784864471,SIM_DIR,capstone_iii_fit_activity,fit_activity,28,28,211.0,0.0,0.0,1.0,292.3560025497362,292.34221324477505,0.013789304961141625,,,318.766801741766,318.766801741766,650.0,True,False,True,,,
SIM_DIR-1784864471,SIM_DIR,capstone_iii_fit_activity_pvt,fit_activity_pvt,28,28,211.0,0.0,0.0,1.0,292.3560025497362,292.34221324477505,0.013789304961141625,,,327.53706813910924,327.53706813910924,650.0,True,False,True,,,
SIM_DIR-1784864471,SIM_DIR,capstone_iii_full,full,28,28,211.0,0.0,0.0,1.0,292.3560025497362,292.34221324477505,0.013789304961141625,,,336.3073345364525,336.3073345364525,650.0,True,False,True,,,
SIM_DIR-1784864471,SIM_DIR,baseline,,29,29,211.0,0.0,0.0,1.0,292.8798914003687,292.86610209540754,0.013789304961141625,424.6758425305346,380.7438588204793,,380.7438588204793,,True,False,True,,,
SIM_DIR-1784864471,SIM_DIR,capstone_i,,29,29,211.0,0.0,0.0,1.0,292.8798914003687,292.86610209540754,0.013789304961141625,424.6758425305346,380.7438588204793,,380.7438588204793,650.0,True,False,True,,,
SIM_DIR-1784864471,SIM_DIR,capstone_ii,,29,29,211.0,0.0,0.0,1.0,292.8798914003687,292.86610209540754,0.013789304961141625,380.6558914003687,347.7398914003687,,347.7398914003687,650.0,True,False,True,,,
SIM_DIR-1784864471,SIM_DIR,capstone_iii_fit_1x,fit_1x,29,29,211.0,0.0,0.0,1.0,292.8798914003687,292.86610209540754,0.013789304961141625,,,307.6231965051391,307.6231965051391,650.0,True,False,True,,,
SIM_DIR-1784864471,SIM_DIR,capstone_iii_fit_2x,fit_2x,29,29,211.0,0.0,0.0,1.0,292.8798914003687,292.86610209540754,0.013789304961141625,,,322.26650160990954,322.26650160990954,650.0,True,False,True,,,
SIM_DIR-1784864471,SIM_DIR,capstone_iii_fit_activity,fit_activity,29,29,211.0,0.0,0.0,1.0,292.8798914003687,292.86610209540754,0.013789304961141625,,,319.33784058895543,319.33784058895543,650.0,True,False,True,,,
SIM_DIR-1784864471,SIM_DIR,capstone_iii_fit_activity_pvt,fit_activity_pvt,29,29,211.0,0.0,0.0,1.0,292.8798914003687,292.86610209540754,0.013789304961141625,,,328.12382365181764,328.12382365181764,650.0,True,False,True,,,
SIM_DIR-1784864471,SIM_DIR,capstone_iii_full,full,29,29,211.0,0.0,0.0,1.0,292.8798914003687,292.86610209540754,0.013789304961141625,,,336.90980671467986,336.90980671467986,650.0,True,False,True,,,
SIM_DIR-1784864471,SIM_DIR,baseline,,30,30,213.0,0.0,0.0,1.0,296.18432758722673,296.17053828226557,0.013789304961141625,429.46727500147875,385.03962586339475,,385.03962586339475,,True,False,True,,,
SIM_DIR-1784864471,SIM_DIR,capstone_i,,30,30,213.0,0.0,0.0,1.0,296.18432758722673,296.17053828226557,0.013789304961141625,429.46727500147875,385.03962586339475,,385.03962586339475,650.0,True,False,True,,,
SIM_DIR-1784864471,SIM_DIR,capstone_ii,,30,30,213.0,0.0,0.0,1.0,296.18432758722673,296.17053828226557,0.013789304961141625,384.79232758722674,351.5643275872267,,351.5643275872267,650.0,True,False,True,,,
SIM_DIR-1784864471,SIM_DIR,capstone_iii_fit_1x,fit_1x,30,30,213.0,0.0,0.0,1.0,296.18432758722673,296.17053828226557,0.013789304961141625,,,311.09285450134,311.09285450134,650.0,True,False,True,,,
SIM_DIR-1784864471,SIM_DIR,capstone_iii_fit_2x,fit_2x,30,30,213.0,0.0,0.0,1.0,296.18432758722673,296.17053828226557,0.013789304961141625,,,325.9013814154533,325.9013814154533,650.0,True,False,True,,,
SIM_DIR-1784864471,SIM_DIR,capstone_iii_fit_activity,fit_activity,30,30,213.0,0.0,0.0,1.0,296.18432758722673,296.17053828226557,0.013789304961141625,,,322.93967603263064,322.93967603263064,650.0,True,False,True,,,
SIM_DIR-1784864471,SIM_DIR,capstone_iii_fit_activity_pvt,fit_activity_pvt,30,30,213.0,0.0,0.0,1.0,296.18432758722673,296.17053828226557,0.013789304961141625,,,331.8247921810986,331.8247921810986,650.0,True,False,True,,,
SIM_DIR-1784864471,SIM_DIR,capstone_iii_full,full,30,30,213.0,0.0,0.0,1.0,296.18432758722673,296.17053828226557,0.013789304961141625,,,340.70990832956653,340.70990832956653,650.0,True,False,True,,,
SIM_DIR-1784864471,SIM_DIR,baseline,,31,31,216.0,0.0,0.0,1.0,300.89123829624964,300.8774489912885,0.013789304961141625,436.29229552956195,391.15860978512455,,391.15860978512455,,True,False,True,,,
SIM_DIR-1784864471,SIM_DIR,capstone_i,,31,31,216.0,0.0,0.0,1.0,300.89123829624964,300.8774489912885,0.013789304961141625,436.29229552956195,391.15860978512455,,391.15860978512455,650.0,True,False,True,,,
SIM_DIR-1784864471,SIM_DIR,capstone_ii,,31,31,216.0,0.0,0.0,1.0,300.89123829624964,300.8774489912885,0.013789304961141625,390.74723829624963,357.05123829624966,,357.05123829624966,650.0,True,False,True,,,
SIM_DIR-1784864471,SIM_DIR,capstone_iii_fit_1x,fit_1x,31,31,216.0,0.0,0.0,1.0,300.89123829624964,300.8774489912885,0.013789304961141625,,,316.03511074581405,316.03511074581405,650.0,True,False,True,,,
SIM_DIR-1784864471,SIM_DIR,capstone_iii_fit_2x,fit_2x,31,31,216.0,0.0,0.0,1.0,300.89123829624964,300.8774489912885,0.013789304961141625,,,331.0789831953785,331.0789831953785,650.0,True,False,True,,,
SIM_DIR-1784864471,SIM_DIR,capstone_iii_fit_activity,fit_activity,31,31,216.0,0.0,0.0,1.0,300.89123829624964,300.8774489912885,0.013789304961141625,,,328.07020870546563,328.07020870546563,650.0,True,False,True,,,
SIM_DIR-1784864471,SIM_DIR,capstone_iii_fit_activity_pvt,fit_activity_pvt,31,31,216.0,0.0,0.0,1.0,300.89123829624964,300.8774489912885,0.013789304961141625,,,337.0965321752043,337.0965321752043,650.0,True,False,True,,,
SIM_DIR-1784864471,SIM_DIR,capstone_iii_full,full,31,31,216.0,0.0,0.0,1.0,300.89123829624964,300.8774489912885,0.013789304961141625,,,346.1228556449429,346.1228556449429,650.0,True,False,True,,,
SIM_DIR-1784864471,SIM_DIR,baseline,,32,32,221.0,0.0,0.0,1.0,308.403476226605,308.38968692164383,0.013789304961141625,447.18504052857725,400.9245190945865,,400.9245190945865,,True,False,True,,,
SIM_DIR-1784864471,SIM_DIR,capstone_i,,32,32,221.0,0.0,0.0,1.0,308.403476226605,308.38968692164383,0.013789304961141625,447.18504052857725,400.9245190945865,,400.9245190945865,650.0,True,False,True,,,
SIM_DIR-1784864471,SIM_DIR,capstone_ii,,32,32,221.0,0.0,0.0,1.0,308.403476226605,308.38968692164383,0.013789304961141625,400.33947622660503,365.863476226605,,365.863476226605,650.0,True,False,True,,,
SIM_DIR-1784864471,SIM_DIR,capstone_iii_fit_1x,fit_1x,32,32,221.0,0.0,0.0,1.0,308.403476226605,308.38968692164383,0.013789304961141625,,,323.92296057268726,323.92296057268726,650.0,True,False,True,,,
SIM_DIR-1784864471,SIM_DIR,capstone_iii_fit_2x,fit_2x,32,32,221.0,0.0,0.0,1.0,308.403476226605,308.38968692164383,0.013789304961141625,,,339.34244491876944,339.34244491876944,650.0,True,False,True,,,
SIM_DIR-1784864471,SIM_DIR,capstone_iii_fit_activity,fit_activity,32,32,221.0,0.0,0.0,1.0,308.403476226605,308.38968692164383,0.013789304961141625,,,336.258548049553,336.258548049553,650.0,True,False,True,,,
SIM_DIR-1784864471,SIM_DIR,capstone_iii_fit_activity_pvt,fit_activity_pvt,32,32,221.0,0.0,0.0,1.0,308.403476226605,308.38968692164383,0.013789304961141625,,,345.5102386572023,345.5102386572023,650.0,True,False,True,,,
SIM_DIR-1784864471,SIM_DIR,capstone_iii_full,full,32,32,221.0,0.0,0.0,1.0,308.403476226605,308.38968692164383,0.013789304961141625,,,354.76192926485163,354.76192926485163,650.0,True,False,True,,,
SIM_DIR-1784864471,SIM_DIR,baseline,,33,33,224.0,0.0,0.0,1.0,313.14426548292096,313.1304761779598,0.013789304961141625,454.05918495023536,407.0875451277973,,407.0875451277973,,True,False,True,,,
SIM_DIR-1784864471,SIM_DIR,capstone_i,,33,33,224.0,0.0,0.0,1.0,313.14426548292096,313.1304761779598,0.013789304961141625,454.05918495023536,407.0875451277973,,407.0875451277973,650.0,True,False,True,,,
SIM_DIR-1784864471,SIM_DIR,capstone_ii,,33,33,224.0,0.0,0.0,1.0,313.14426548292096,313.1304761779598,0.013789304961141625,406.328265482921,371.38426548292097,,371.38426548292097,650.0,True,False,True,,,
SIM_DIR-1784864471,SIM_DIR,capstone_iii_fit_1x,fit_1x,33,33,224.0,0.0,0.0,1.0,313.14426548292096,313.1304761779598,0.013789304961141625,,,328.90078929181897,328.90078929181897,650.0,True,False,True,,,
SIM_DIR-1784864471,SIM_DIR,capstone_iii_fit_2x,fit_2x,33,33,224.0,0.0,0.0,1.0,313.14426548292096,313.1304761779598,0.013789304961141625,,,344.55731310071695,344.55731310071695,650.0,True,False,True,,,
SIM_DIR-1784864471,SIM_DIR,capstone_iii_fit_activity,fit_activity,33,33,224.0,0.0,0.0,1.0,313.14426548292096,313.1304761779598,0.013789304961141625,,,341.4260083389373,341.4260083389373,650.0,True,False,True,,,
SIM_DIR-1784864471,SIM_DIR,capstone_iii_fit_activity_pvt,fit_activity_pvt,33,33,224.0,0.0,0.0,1.0,313.14426548292096,313.1304761779598,0.013789304961141625,,,350.8199226242761,350.8199226242761,650.0,True,False,True,,,
SIM_DIR-1784864471,SIM_DIR,capstone_iii_full,full,33,33,224.0,0.0,0.0,1.0,313.14426548292096,313.1304761779598,0.013789304961141625,,,360.21383690961494,360.21383690961494,650.0,True,False,True,,,
SIM_DIR-1784864471,SIM_DIR,baseline,,34,34,224.0,0.0,0.0,1.0,313.6983628447045,313.6845735397433,0.013789304961141625,454.8626261248215,407.80787169811583,,407.80787169811583,,True,False,True,,,
SIM_DIR-1784864471,SIM_DIR,capstone_i,,34,34,224.0,0.0,0.0,1.0,313.6983628447045,313.6845735397433,0.013789304961141625,454.8626261248215,407.80787169811583,,407.80787169811583,650.0,True,False,True,,,
SIM_DIR-1784864471,SIM_DIR,capstone_ii,,34,34,224.0,0.0,0.0,1.0,313.6983628447045,313.6845735397433,0.013789304961141625,406.8823628447045,371.9383628447045,,371.9383628447045,650.0,True,False,True,,,
SIM_DIR-1784864471,SIM_DIR,capstone_iii_fit_1x,fit_1x,34,34,224.0,0.0,0.0,1.0,313.6983628447045,313.6845735397433,0.013789304961141625,,,329.4825915216917,329.4825915216917,650.0,True,False,True,,,
SIM_DIR-1784864471,SIM_DIR,capstone_iii_fit_2x,fit_2x,34,34,224.0,0.0,0.0,1.0,313.6983628447045,313.6845735397433,0.013789304961141625,,,345.16682019867886,345.16682019867886,650.0,True,False,True,,,
SIM_DIR-1784864471,SIM_DIR,capstone_iii_fit_activity,fit_activity,34,34,224.0,0.0,0.0,1.0,313.6983628447045,313.6845735397433,0.013789304961141625,,,342.0299744632814,342.0299744632814,650.0,True,False,True,,,
SIM_DIR-1784864471,SIM_DIR,capstone_iii_fit_activity_pvt,fit_activity_pvt,34,34,224.0,0.0,0.0,1.0,313.6983628447045,313.6845735397433,0.013789304961141625,,,351.4405116694737,351.4405116694737,650.0,True,False,True,,,
SIM_DIR-1784864471,SIM_DIR,capstone_iii_full,full,34,34,224.0,0.0,0.0,1.0,313.6983628447045,313.6845735397433,0.013789304961141625,,,360.85104887566604,360.85104887566604,650.0,True,False,True,,,
SIM_DIR-1784864471,SIM_DIR,baseline,,35,35,227.0,0.0,0.0,1.0,318.46060543428763,318.44681612932646,0.013789304961141625,461.76787787971705,413.99878706457395,,413.99878706457395,,True,False,True,,,
SIM_DIR-1784864471,SIM_DIR,capstone_i,,35,35,227.0,0.0,0.0,1.0,318.46060543428763,318.44681612932646,0.013789304961141625,461.76787787971705,413.99878706457395,,413.99878706457395,650.0,True,False,True,,,
SIM_DIR-1784864471,SIM_DIR,capstone_ii,,35,35,227.0,0.0,0.0,1.0,318.46060543428763,318.44681612932646,0.013789304961141625,412.89260543428765,377.4806054342876,,377.4806054342876,650.0,True,False,True,,,
SIM_DIR-1784864471,SIM_DIR,capstone_iii_fit_1x,fit_1x,35,35,227.0,0.0,0.0,1.0,318.46060543428763,318.44681612932646,0.013789304961141625,,,334.48294624075396,334.48294624075396,650.0,True,False,True,,,
SIM_DIR-1784864471,SIM_DIR,capstone_iii_fit_2x,fit_2x,35,35,227.0,0.0,0.0,1.0,318.46060543428763,318.44681612932646,0.013789304961141625,,,350.40528704722027,350.40528704722027,650.0,True,False,True,,,
SIM_DIR-1784864471,SIM_DIR,capstone_iii_fit_activity,fit_activity,35,35,227.0,0.0,0.0,1.0,318.46060543428763,318.44681612932646,0.013789304961141625,,,347.22081888592703,347.22081888592703,650.0,True,False,True,,,
SIM_DIR-1784864471,SIM_DIR,capstone_iii_fit_activity_pvt,fit_activity_pvt,35,35,227.0,0.0,0.0,1.0,318.46060543428763,318.44681612932646,0.013789304961141625,,,356.7742233698068,356.7742233698068,650.0,True,False,True,,,
SIM_DIR-1784864471,SIM_DIR,capstone_iii_full,full,35,35,227.0,0.0,0.0,1.0,318.46060543428763,318.44681612932646,0.013789304961141625,,,366.32762785368664,366.32762785368664,650.0,True,False,True,,,
SIM_DIR-1784864471,SIM_DIR,baseline,,36,36,229.0,0.0,0.0,1.0,321.83194945435224,321.8181601493911,0.013789304961141625,466.65632670881075,418.38153429065795,,418.38153429065795,,True,False,True,,,
SIM_DIR-1784864471,SIM_DIR,capstone_i,,36,36,229.0,0.0,0.0,1.0,321.83194945435224,321.8181601493911,0.013789304961141625,466.65632670881075,418.38153429065795,,418.38153429065795,650.0,True,False,True,,,
SIM_DIR-1784864471,SIM_DIR,capstone_ii,,36,36,229.0,0.0,0.0,1.0,321.83194945435224,321.8181601493911,0.013789304961141625,417.09594945435225,381.37194945435226,,381.37194945435226,650.0,True,False,True,,,
SIM_DIR-1784864471,SIM_DIR,capstone_iii_fit_1x,fit_1x,36,36,229.0,0.0,0.0,1.0,321.83194945435224,321.8181601493911,0.013789304961141625,,,338.02285746182184,338.02285746182184,650.0,True,False,True,,,
SIM_DIR-1784864471,SIM_DIR,capstone_iii_fit_2x,fit_2x,36,36,229.0,0.0,0.0,1.0,321.83194945435224,321.8181601493911,0.013789304961141625,,,354.11376546929137,354.11376546929137,650.0,True,False,True,,,
SIM_DIR-1784864471,SIM_DIR,capstone_iii_fit_activity,fit_activity,36,36,229.0,0.0,0.0,1.0,321.83194945435224,321.8181601493911,0.013789304961141625,,,350.8955838677974,350.8955838677974,650.0,True,False,True,,,
SIM_DIR-1784864471,SIM_DIR,capstone_iii_fit_activity_pvt,fit_activity_pvt,36,36,229.0,0.0,0.0,1.0,321.83194945435224,321.8181601493911,0.013789304961141625,,,360.5501286722792,360.5501286722792,650.0,True,False,True,,,
SIM_DIR-1784864471,SIM_DIR,capstone_iii_full,full,36,36,229.0,0.0,0.0,1.0,321.83194945435224,321.8181601493911,0.013789304961141625,,,370.20467347676095,370.20467347676095,650.0,True,False,True,,,
SIM_DIR-1784864471,SIM_DIR,baseline,,37,37,235.0,0.0,0.0,1.0,330.8439164491245,330.8301271441633,0.013789304961141625,479.7236788512305,430.0970913838619,,430.0970913838619,,True,False,True,,,
SIM_DIR-1784864471,SIM_DIR,capstone_i,,37,37,235.0,0.0,0.0,1.0,330.8439164491245,330.8301271441633,0.013789304961141625,479.7236788512305,430.0970913838619,,430.0970913838619,650.0,True,False,True,,,
SIM_DIR-1784864471,SIM_DIR,capstone_ii,,37,37,235.0,0.0,0.0,1.0,330.8439164491245,330.8301271441633,0.013789304961141625,428.6039164491245,391.9439164491245,,391.9439164491245,650.0,True,False,True,,,
SIM_DIR-1784864471,SIM_DIR,capstone_iii_fit_1x,fit_1x,37,37,235.0,0.0,0.0,1.0,330.8439164491245,330.8301271441633,0.013789304961141625,,,347.4854228063327,347.4854228063327,650.0,True,False,True,,,
SIM_DIR-1784864471,SIM_DIR,capstone_iii_fit_2x,fit_2x,37,37,235.0,0.0,0.0,1.0,330.8439164491245,330.8301271441633,0.013789304961141625,,,364.0269291635409,364.0269291635409,650.0,True,False,True,,,
SIM_DIR-1784864471,SIM_DIR,capstone_iii_fit_activity,fit_activity,37,37,235.0,0.0,0.0,1.0,330.8439164491245,330.8301271441633,0.013789304961141625,,,360.7186278920992,360.7186278920992,650.0,True,False,True,,,
SIM_DIR-1784864471,SIM_DIR,capstone_iii_fit_activity_pvt,fit_activity_pvt,37,37,235.0,0.0,0.0,1.0,330.8439164491245,330.8301271441633,0.013789304961141625,,,370.64353170642414,370.64353170642414,650.0,True,False,True,,,
SIM_DIR-1784864471,SIM_DIR,capstone_iii_full,full,37,37,235.0,0.0,0.0,1.0,330.8439164491245,330.8301271441633,0.013789304961141625,,,380.56843552074906,380.56843552074906,650.0,True,False,True,,,
SIM_DIR-1784864471,SIM_DIR,baseline,,38,38,237.0,0.0,0.0,1.0,334.24406337172593,334.23027406676476,0.013789304961141625,484.6538918890026,434.5172823832437,,434.5172823832437,,True,False,True,,,
SIM_DIR-1784864471,SIM_DIR,capstone_i,,38,38,237.0,0.0,0.0,1.0,334.24406337172593,334.23027406676476,0.013789304961141625,484.6538918890026,434.5172823832437,,434.5172823832437,650.0,True,False,True,,,
SIM_DIR-1784864471,SIM_DIR,capstone_ii,,38,38,237.0,0.0,0.0,1.0,334.24406337172593,334.23027406676476,0.013789304961141625,432.8360633717259,395.86406337172593,,395.86406337172593,650.0,True,False,True,,,
SIM_DIR-1784864471,SIM_DIR,capstone_iii_fit_1x,fit_1x,38,38,237.0,0.0,0.0,1.0,334.24406337172593,334.23027406676476,0.013789304961141625,,,351.0555770750642,351.0555770750642,650.0,True,False,True,,,
SIM_DIR-1784864471,SIM_DIR,capstone_iii_fit_2x,fit_2x,38,38,237.0,0.0,0.0,1.0,334.24406337172593,334.23027406676476,0.013789304961141625,,,367.7670907784024,367.7670907784024,650.0,True,False,True,,,
SIM_DIR-1784864471,SIM_DIR,capstone_iii_fit_activity,fit_activity,38,38,237.0,0.0,0.0,1.0,334.24406337172593,334.23027406676476,0.013789304961141625,,,364.42478803773474,364.42478803773474,650.0,True,False,True,,,
SIM_DIR-1784864471,SIM_DIR,capstone_iii_fit_activity_pvt,fit_activity_pvt,38,38,237.0,0.0,0.0,1.0,334.24406337172593,334.23027406676476,0.013789304961141625,,,374.45169625973773,374.45169625973773,650.0,True,False,True,,,
SIM_DIR-1784864471,SIM_DIR,capstone_iii_full,full,38,38,237.0,0.0,0.0,1.0,334.24406337172593,334.23027406676476,0.013789304961141625,,,384.47860448174066,384.47860448174066,650.0,True,False,True,,,
SIM_DIR-1784864471,SIM_DIR,baseline,,39,39,237.0,0.0,0.0,1.0,334.82822298656674,334.8144336816056,0.013789304961141625,485.50092333052174,435.2766898825368,,435.2766898825368,,True,False,True,,,
SIM_DIR-1784864471,SIM_DIR,capstone_i,,39,39,237.0,0.0,0.0,1.0,334.82822298656674,334.8144336816056,0.013789304961141625,485.50092333052174,435.2766898825368,,435.2766898825368,650.0,True,False,True,,,
SIM_DIR-1784864471,SIM_DIR,capstone_ii,,39,39,237.0,0.0,0.0,1.0,334.82822298656674,334.8144336816056,0.013789304961141625,433.4202229865667,396.44822298656675,,396.44822298656675,650.0,True,False,True,,,
SIM_DIR-1784864471,SIM_DIR,capstone_iii_fit_1x,fit_1x,39,39,237.0,0.0,0.0,1.0,334.82822298656674,334.8144336816056,0.013789304961141625,,,351.6689446706471,351.6689446706471,650.0,True,False,True,,,
SIM_DIR-1784864471,SIM_DIR,capstone_iii_fit_2x,fit_2x,39,39,237.0,0.0,0.0,1.0,334.82822298656674,334.8144336816056,0.013789304961141625,,,368.40966635472734,368.40966635472734,650.0,True,False,True,,,
SIM_DIR-1784864471,SIM_DIR,capstone_iii_fit_activity,fit_activity,39,39,237.0,0.0,0.0,1.0,334.82822298656674,334.8144336816056,0.013789304961141625,,,365.0615220179113,365.0615220179113,650.0,True,False,True,,,
SIM_DIR-1784864471,SIM_DIR,capstone_iii_fit_activity_pvt,fit_activity_pvt,39,39,237.0,0.0,0.0,1.0,334.82822298656674,334.8144336816056,0.013789304961141625,,,375.1059550283594,375.1059550283594,650.0,True,False,True,,,
SIM_DIR-1784864471,SIM_DIR,capstone_iii_full,full,39,39,237.0,0.0,0.0,1.0,334.82822298656674,334.8144336816056,0.013789304961141625,,,385.15038803880765,385.15038803880765,650.0,True,False,True,,,
SIM_DIR-1784864471,SIM_DIR,baseline,,40,40,238.0,0.0,0.0,1.0,336.8271566243275,336.8133673193663,0.013789304961141625,488.3993771052748,437.8753036116257,,437.8753036116257,,True,False,True,,,
SIM_DIR-1784864471,SIM_DIR,capstone_i,,40,40,238.0,0.0,0.0,1.0,336.8271566243275,336.8133673193663,0.013789304961141625,488.3993771052748,437.8753036116257,,437.8753036116257,650.0,True,False,True,,,
SIM_DIR-1784864471,SIM_DIR,capstone_ii,,40,40,238.0,0.0,0.0,1.0,336.8271566243275,336.8133673193663,0.013789304961141625,435.83515662432745,398.70715662432747,,398.70715662432747,650.0,True,False,True,,,
SIM_DIR-1784864471,SIM_DIR,capstone_iii_fit_1x,fit_1x,40,40,238.0,0.0,0.0,1.0,336.8271566243275,336.8133673193663,0.013789304961141625,,,353.7678249902958,353.7678249902958,650.0,True,False,True,,,
SIM_DIR-1784864471,SIM_DIR,capstone_iii_fit_2x,fit_2x,40,40,238.0,0.0,0.0,1.0,336.8271566243275,336.8133673193663,0.013789304961141625,,,370.60849335626415,370.60849335626415,650.0,True,False,True,,,
SIM_DIR-1784864471,SIM_DIR,capstone_iii_fit_activity,fit_activity,40,40,238.0,0.0,0.0,1.0,336.8271566243275,336.8133673193663,0.013789304961141625,,,367.2403596830705,367.2403596830705,650.0,True,False,True,,,
SIM_DIR-1784864471,SIM_DIR,capstone_iii_fit_activity_pvt,fit_activity_pvt,40,40,238.0,0.0,0.0,1.0,336.8271566243275,336.8133673193663,0.013789304961141625,,,377.34476070265146,377.34476070265146,650.0,True,False,True,,,
SIM_DIR-1784864471,SIM_DIR,capstone_iii_full,full,40,40,238.0,0.0,0.0,1.0,336.8271566243275,336.8133673193663,0.013789304961141625,,,387.4491617222325,387.4491617222325,650.0,True,False,True,,,
SIM_DIR-1784864471,SIM_DIR,baseline,,41,41,240.0,0.0,0.0,1.0,340.2482519496377,340.2344626446765,0.013789304961141625,493.3599653269746,442.322727534529,,442.322727534529,,True,False,True,,,
SIM_DIR-1784864471,SIM_DIR,capstone_i,,41,41,240.0,0.0,0.0,1.0,340.2482519496377,340.2344626446765,0.013789304961141625,493.3599653269746,442.322727534529,,442.322727534529,650.0,True,False,True,,,
SIM_DIR-1784864471,SIM_DIR,capstone_ii,,41,41,240.0,0.0,0.0,1.0,340.2482519496377,340.2344626446765,0.013789304961141625,440.08825194963765,402.64825194963765,,402.64825194963765,650.0,True,False,True,,,
SIM_DIR-1784864471,SIM_DIR,capstone_iii_fit_1x,fit_1x,41,41,240.0,0.0,0.0,1.0,340.2482519496377,340.2344626446765,0.013789304961141625,,,357.35997508187154,357.35997508187154,650.0,True,False,True,,,
SIM_DIR-1784864471,SIM_DIR,capstone_iii_fit_2x,fit_2x,41,41,240.0,0.0,0.0,1.0,340.2482519496377,340.2344626446765,0.013789304961141625,,,374.3716982141054,374.3716982141054,650.0,True,False,True,,,
SIM_DIR-1784864471,SIM_DIR,capstone_iii_fit_activity,fit_activity,41,41,240.0,0.0,0.0,1.0,340.2482519496377,340.2344626446765,0.013789304961141625,,,370.96935358765865,370.96935358765865,650.0,True,False,True,,,
SIM_DIR-1784864471,SIM_DIR,capstone_iii_fit_activity_pvt,fit_activity_pvt,41,41,240.0,0.0,0.0,1.0,340.2482519496377,340.2344626446765,0.013789304961141625,,,381.1763874669989,381.1763874669989,650.0,True,False,True,,,
SIM_DIR-1784864471,SIM_DIR,capstone_iii_full,full,41,41,240.0,0.0,0.0,1.0,340.2482519496377,340.2344626446765,0.013789304961141625,,,391.3834213463392,391.3834213463392,650.0,True,False,True,,,
SIM_DIR-1784864471,SIM_DIR,baseline,,42,42,242.0,0.0,0.0,1.0,343.67878315456153,343.66499384960036,0.013789304961141625,498.3342355741142,446.78241810093,,446.78241810093,,True,False,True,,,
SIM_DIR-1784864471,SIM_DIR,capstone_i,,42,42,242.0,0.0,0.0,1.0,343.67878315456153,343.66499384960036,0.013789304961141625,498.3342355741142,446.78241810093,,446.78241810093,650.0,True,False,True,,,
SIM_DIR-1784864471,SIM_DIR,capstone_ii,,42,42,242.0,0.0,0.0,1.0,343.67878315456153,343.66499384960036,0.013789304961141625,444.35078315456155,406.59878315456154,,406.59878315456154,650.0,True,False,True,,,
SIM_DIR-1784864471,SIM_DIR,capstone_iii_fit_1x,fit_1x,42,42,242.0,0.0,0.0,1.0,343.67878315456153,343.66499384960036,0.013789304961141625,,,360.9620328470416,360.9620328470416,650.0,True,False,True,,,
SIM_DIR-1784864471,SIM_DIR,capstone_iii_fit_2x,fit_2x,42,42,242.0,0.0,0.0,1.0,343.67878315456153,343.66499384960036,0.013789304961141625,,,378.1452825395216,378.1452825395216,650.0,True,False,True,,,
SIM_DIR-1784864471,SIM_DIR,capstone_iii_fit_activity,fit_activity,42,42,242.0,0.0,0.0,1.0,343.67878315456153,343.66499384960036,0.013789304961141625,,,374.7086326010256,374.7086326010256,650.0,True,False,True,,,
SIM_DIR-1784864471,SIM_DIR,capstone_iii_fit_activity_pvt,fit_activity_pvt,42,42,242.0,0.0,0.0,1.0,343.67878315456153,343.66499384960036,0.013789304961141625,,,385.0185824165136,385.0185824165136,650.0,True,False,True,,,
SIM_DIR-1784864471,SIM_DIR,capstone_iii_full,full,42,42,242.0,0.0,0.0,1.0,343.67878315456153,343.66499384960036,0.013789304961141625,,,395.32853223200163,395.32853223200163,650.0,True,False,True,,,
SIM_DIR-1784864471,SIM_DIR,baseline,,43,43,244.0,0.0,0.0,1.0,347.11874364199485,347.1049543370337,0.013789304961141625,503.3221782808925,451.2543667345933,,451.2543667345933,,True,False,True,,,
SIM_DIR-1784864471,SIM_DIR,capstone_i,,43,43,244.0,0.0,0.0,1.0,347.11874364199485,347.1049543370337,0.013789304961141625,503.3221782808925,451.2543667345933,,451.2543667345933,650.0,True,False,True,,,
SIM_DIR-1784864471,SIM_DIR,capstone_ii,,43,43,244.0,0.0,0.0,1.0,347.11874364199485,347.1049543370337,0.013789304961141625,448.6227436419949,410.55874364199485,,410.55874364199485,650.0,True,False,True,,,
SIM_DIR-1784864471,SIM_DIR,capstone_iii_fit_1x,fit_1x,43,43,244.0,0.0,0.0,1.0,347.11874364199485,347.1049543370337,0.013789304961141625,,,364.57399135884657,364.57399135884657,650.0,True,False,True,,,
SIM_DIR-1784864471,SIM_DIR,capstone_iii_fit_2x,fit_2x,43,43,244.0,0.0,0.0,1.0,347.11874364199485,347.1049543370337,0.013789304961141625,,,381.92923907569826,381.92923907569826,650.0,True,False,True,,,
SIM_DIR-1784864471,SIM_DIR,capstone_iii_fit_activity,fit_activity,43,43,244.0,0.0,0.0,1.0,347.11874364199485,347.1049543370337,0.013789304961141625,,,378.45818953232794,378.45818953232794,650.0,True,False,True,,,
SIM_DIR-1784864471,SIM_DIR,capstone_iii_fit_activity_pvt,fit_activity_pvt,43,43,244.0,0.0,0.0,1.0,347.11874364199485,347.1049543370337,0.013789304961141625,,,388.8713381624389,388.8713381624389,650.0,True,False,True,,,
SIM_DIR-1784864471,SIM_DIR,capstone_iii_full,full,43,43,244.0,0.0,0.0,1.0,347.11874364199485,347.1049543370337,0.013789304961141625,,,399.28448679254996,399.28448679254996,650.0,True,False,True,,,
SIM_DIR-1784864471,SIM_DIR,baseline,,44,44,245.0,0.0,0.0,1.0,349.14310926271895,349.1293199577578,0.013789304961141625,506.25750843094244,453.88604204153467,,453.88604204153467,,True,False,True,,,
SIM_DIR-1784864471,SIM_DIR,capstone_i,,44,44,245.0,0.0,0.0,1.0,349.14310926271895,349.1293199577578,0.013789304961141625,506.25750843094244,453.88604204153467,,453.88604204153467,650.0,True,False,True,,,
SIM_DIR-1784864471,SIM_DIR,capstone_ii,,44,44,245.0,0.0,0.0,1.0,349.14310926271895,349.1293199577578,0.013789304961141625,451.06310926271897,412.84310926271894,,412.84310926271894,650.0,True,False,True,,,
SIM_DIR-1784864471,SIM_DIR,capstone_iii_fit_1x,fit_1x,44,44,245.0,0.0,0.0,1.0,349.14310926271895,349.1293199577578,0.013789304961141625,,,366.6995752606068,366.6995752606068,650.0,True,False,True,,,
SIM_DIR-1784864471,SIM_DIR,capstone_iii_fit_2x,fit_2x,44,44,245.0,0.0,0.0,1.0,349.14310926271895,349.1293199577578,0.013789304961141625,,,384.1560412584947,384.1560412584947,650.0,True,False,True,,,
SIM_DIR-1784864471,SIM_DIR,capstone_iii_fit_activity,fit_activity,44,44,245.0,0.0,0.0,1.0,349.14310926271895,349.1293199577578,0.013789304961141625,,,380.66474805891716,380.66474805891716,650.0,True,False,True,,,
SIM_DIR-1784864471,SIM_DIR,capstone_iii_fit_activity_pvt,fit_activity_pvt,44,44,245.0,0.0,0.0,1.0,349.14310926271895,349.1293199577578,0.013789304961141625,,,391.1386276576499,391.1386276576499,650.0,True,False,True,,,
SIM_DIR-1784864471,SIM_DIR,capstone_iii_full,full,44,44,245.0,0.0,0.0,1.0,349.14310926271895,349.1293199577578,0.013789304961141625,,,401.6125072563826,401.6125072563826,650.0,True,False,True,,,
SIM_DIR-1784864471,SIM_DIR,baseline,,45,45,246.0,0.0,0.0,1.0,351.17198182220005,351.1581925172389,0.013789304961141625,509.19937364219004,456.52357636886006,,456.52357636886006,,True,False,True,,,
SIM_DIR-1784864471,SIM_DIR,capstone_i,,45,45,246.0,0.0,0.0,1.0,351.17198182220005,351.1581925172389,0.013789304961141625,509.19937364219004,456.52357636886006,,456.52357636886006,650.0,True,False,True,,,
SIM_DIR-1784864471,SIM_DIR,capstone_ii,,45,45,246.0,0.0,0.0,1.0,351.17198182220005,351.1581925172389,0.013789304961141625,453.50798182220007,415.13198182220003,,415.13198182220003,650.0,True,False,True,,,
SIM_DIR-1784864471,SIM_DIR,capstone_iii_fit_1x,fit_1x,45,45,246.0,0.0,0.0,1.0,351.17198182220005,351.1581925172389,0.013789304961141625,,,368.829891448062,368.829891448062,650.0,True,False,True,,,
SIM_DIR-1784864471,SIM_DIR,capstone_iii_fit_2x,fit_2x,45,45,246.0,0.0,0.0,1.0,351.17198182220005,351.1581925172389,0.013789304961141625,,,386.387801073924,386.387801073924,650.0,True,False,True,,,
SIM_DIR-1784864471,SIM_DIR,capstone_iii_fit_activity,fit_activity,45,45,246.0,0.0,0.0,1.0,351.17198182220005,351.1581925172389,0.013789304961141625,,,382.8762191487516,382.8762191487516,650.0,True,False,True,,,
SIM_DIR-1784864471,SIM_DIR,capstone_iii_fit_activity_pvt,fit_activity_pvt,45,45,246.0,0.0,0.0,1.0,351.17198182220005,351.1581925172389,0.013789304961141625,,,393.41096492426874,393.41096492426874,650.0,True,False,True,,,
SIM_DIR-1784864471,SIM_DIR,capstone_iii_full,full,45,45,246.0,0.0,0.0,1.0,351.17198182220005,351.1581925172389,0.013789304961141625,,,403.94571069978593,403.94571069978593,650.0,True,False,True,,,
SIM_DIR-1784864471,SIM_DIR,baseline,,46,46,249.0,0.0,0.0,1.0,356.065210640973,356.05142133601186,0.013789304961141625,516.2945554294108,462.88477383326494,,462.88477383326494,,True,False,True,,,
SIM_DIR-1784864471,SIM_DIR,capstone_i,,46,46,249.0,0.0,0.0,1.0,356.065210640973,356.05142133601186,0.013789304961141625,516.2945554294108,462.88477383326494,,462.88477383326494,650.0,True,False,True,,,
SIM_DIR-1784864471,SIM_DIR,capstone_ii,,46,46,249.0,0.0,0.0,1.0,356.065210640973,356.05142133601186,0.013789304961141625,459.649210640973,420.80521064097303,,420.80521064097303,650.0,True,False,True,,,
SIM_DIR-1784864471,SIM_DIR,capstone_iii_fit_1x,fit_1x,46,46,249.0,0.0,0.0,1.0,356.065210640973,356.05142133601186,0.013789304961141625,,,373.9677817077736,373.9677817077736,650.0,True,False,True,,,
SIM_DIR-1784864471,SIM_DIR,capstone_iii_fit_2x,fit_2x,46,46,249.0,0.0,0.0,1.0,356.065210640973,356.05142133601186,0.013789304961141625,,,391.77035277457423,391.77035277457423,650.0,True,False,True,,,
SIM_DIR-1784864471,SIM_DIR,capstone_iii_fit_activity,fit_activity,46,46,249.0,0.0,0.0,1.0,356.065210640973,356.05142133601186,0.013789304961141625,,,388.20983856121416,388.20983856121416,650.0,True,False,True,,,
SIM_DIR-1784864471,SIM_DIR,capstone_iii_fit_activity_pvt,fit_activity_pvt,46,46,249.0,0.0,0.0,1.0,356.065210640973,356.05142133601186,0.013789304961141625,,,398.89138120129445,398.89138120129445,650.0,True,False,True,,,
SIM_DIR-1784864471,SIM_DIR,capstone_iii_full,full,46,46,249.0,0.0,0.0,1.0,356.065210640973,356.05142133601186,0.013789304961141625,,,409.5729238413748,409.5729238413748,650.0,True,False,True,,,
SIM_DIR-1784864471,SIM_DIR,baseline,,47,47,250.0,0.0,0.0,1.0,358.1079956163367,358.09420631137556,0.013789304961141625,519.2565936436882,465.54039430123777,,465.54039430123777,,True,False,True,,,
SIM_DIR-1784864471,SIM_DIR,capstone_i,,47,47,250.0,0.0,0.0,1.0,358.1079956163367,358.09420631137556,0.013789304961141625,519.2565936436882,465.54039430123777,,465.54039430123777,650.0,True,False,True,,,
SIM_DIR-1784864471,SIM_DIR,capstone_ii,,47,47,250.0,0.0,0.0,1.0,358.1079956163367,358.09420631137556,0.013789304961141625,462.1079956163367,423.1079956163367,,423.1079956163367,650.0,True,False,True,,,
SIM_DIR-1784864471,SIM_DIR,capstone_iii_fit_1x,fit_1x,47,47,250.0,0.0,0.0,1.0,358.1079956163367,358.09420631137556,0.013789304961141625,,,376.1127059319055,376.1127059319055,650.0,True,False,True,,,
SIM_DIR-1784864471,SIM_DIR,capstone_iii_fit_2x,fit_2x,47,47,250.0,0.0,0.0,1.0,358.1079956163367,358.09420631137556,0.013789304961141625,,,394.01741624747433,394.01741624747433,650.0,True,False,True,,,
SIM_DIR-1784864471,SIM_DIR,capstone_iii_fit_activity,fit_activity,47,47,250.0,0.0,0.0,1.0,358.1079956163367,358.09420631137556,0.013789304961141625,,,390.4364741843606,390.4364741843606,650.0,True,False,True,,,
SIM_DIR-1784864471,SIM_DIR,capstone_iii_fit_activity_pvt,fit_activity_pvt,47,47,250.0,0.0,0.0,1.0,358.1079956163367,358.09420631137556,0.013789304961141625,,,401.17930037370184,401.17930037370184,650.0,True,False,True,,,
SIM_DIR-1784864471,SIM_DIR,capstone_iii_full,full,47,47,250.0,0.0,0.0,1.0,358.1079956163367,358.09420631137556,0.013789304961141625,,,411.9221265630431,411.9221265630431,650.0,True,False,True,,,
SIM_DIR-1784864471,SIM_DIR,baseline,,48,48,250.0,0.0,0.0,1.0,358.72045336372025,358.7066640587591,0.013789304961141625,520.1446573773943,466.33658937283633,,466.33658937283633,,True,False,True,,,
SIM_DIR-1784864471,SIM_DIR,capstone_i,,48,48,250.0,0.0,0.0,1.0,358.72045336372025,358.7066640587591,0.013789304961141625,520.1446573773943,466.33658937283633,,466.33658937283633,650.0,True,False,True,,,
SIM_DIR-1784864471,SIM_DIR,capstone_ii,,48,48,250.0,0.0,0.0,1.0,358.72045336372025,358.7066640587591,0.013789304961141625,462.72045336372025,423.72045336372025,,423.72045336372025,650.0,True,False,True,,,
SIM_DIR-1784864471,SIM_DIR,capstone_iii_fit_1x,fit_1x,48,48,250.0,0.0,0.0,1.0,358.72045336372025,358.7066640587591,0.013789304961141625,,,376.75578656665823,376.75578656665823,650.0,True,False,True,,,
SIM_DIR-1784864471,SIM_DIR,capstone_iii_fit_2x,fit_2x,48,48,250.0,0.0,0.0,1.0,358.72045336372025,358.7066640587591,0.013789304961141625,,,394.6911197695962,394.6911197695962,650.0,True,False,True,,,
SIM_DIR-1784864471,SIM_DIR,capstone_iii_fit_activity,fit_activity,48,48,250.0,0.0,0.0,1.0,358.72045336372025,358.7066640587591,0.013789304961141625,,,391.1040531290086,391.1040531290086,650.0,True,False,True,,,
SIM_DIR-1784864471,SIM_DIR,capstone_iii_fit_activity_pvt,fit_activity_pvt,48,48,250.0,0.0,0.0,1.0,358.72045336372025,358.7066640587591,0.013789304961141625,,,401.8652530507714,401.8652530507714,650.0,True,False,True,,,
SIM_DIR-1784864471,SIM_DIR,capstone_iii_full,full,48,48,250.0,0.0,0.0,1.0,358.72045336372025,358.7066640587591,0.013789304961141625,,,412.62645297253414,412.62645297253414,650.0,True,False,True,,,
SIM_DIR-1784864471,SIM_DIR,baseline,,49,49,254.0,0.0,0.0,1.0,365.0816122767001,365.06782297173896,0.013789304961141625,529.3683378012151,474.60609595971016,,474.60609595971016,,True,False,True,,,
SIM_DIR-1784864471,SIM_DIR,capstone_i,,49,49,254.0,0.0,0.0,1.0,365.0816122767001,365.06782297173896,0.013789304961141625,529.3683378012151,474.60609595971016,,474.60609595971016,650.0,True,False,True,,,
SIM_DIR-1784864471,SIM_DIR,capstone_ii,,49,49,254.0,0.0,0.0,1.0,365.0816122767001,365.06782297173896,0.013789304961141625,470.7456122767001,431.12161227670015,,431.12161227670015,650.0,True,False,True,,,
SIM_DIR-1784864471,SIM_DIR,capstone_iii_fit_1x,fit_1x,49,49,254.0,0.0,0.0,1.0,365.0816122767001,365.06782297173896,0.013789304961141625,,,383.4350034252871,383.4350034252871,650.0,True,False,True,,,
SIM_DIR-1784864471,SIM_DIR,capstone_iii_fit_2x,fit_2x,49,49,254.0,0.0,0.0,1.0,365.0816122767001,365.06782297173896,0.013789304961141625,,,401.68839457387406,401.68839457387406,650.0,True,False,True,,,
SIM_DIR-1784864471,SIM_DIR,capstone_iii_fit_activity,fit_activity,49,49,254.0,0.0,0.0,1.0,365.0816122767001,365.06782297173896,0.013789304961141625,,,398.03771634415665,398.03771634415665,650.0,True,False,True,,,
SIM_DIR-1784864471,SIM_DIR,capstone_iii_fit_activity_pvt,fit_activity_pvt,49,49,254.0,0.0,0.0,1.0,365.0816122767001,365.06782297173896,0.013789304961141625,,,408.98975103330883,408.98975103330883,650.0,True,False,True,,,
SIM_DIR-1784864471,SIM_DIR,capstone_iii_full,full,49,49,254.0,0.0,0.0,1.0,365.0816122767001,365.06782297173896,0.013789304961141625,,,419.94178572246096,419.94178572246096,650.0,True,False,True,,,
SIM_DIR-1784864471,SIM_DIR,baseline,,50,50,259.0,0.0,0.0,1.0,372.9016709885421,372.88788168358093,0.013789304961141625,540.707422933386,484.7721722851047,,484.7721722851047,,True,False,True,,,
SIM_DIR-1784864471,SIM_DIR,capstone_i,,50,50,259.0,0.0,0.0,1.0,372.9016709885421,372.88788168358093,0.013789304961141625,540.707422933386,484.7721722851047,,484.7721722851047,650.0,True,False,True,,,
SIM_DIR-1784864471,SIM_DIR,capstone_ii,,50,50,259.0,0.0,0.0,1.0,372.9016709885421,372.88788168358093,0.013789304961141625,480.64567098854207,440.24167098854207,,440.24167098854207,650.0,True,False,True,,,
SIM_DIR-1784864471,SIM_DIR,capstone_iii_fit_1x,fit_1x,50,50,259.0,0.0,0.0,1.0,372.9016709885421,372.88788168358093,0.013789304961141625,,,391.6460650727211,391.6460650727211,650.0,True,False,True,,,
SIM_DIR-1784864471,SIM_DIR,capstone_iii_fit_2x,fit_2x,50,50,259.0,0.0,0.0,1.0,372.9016709885421,372.88788168358093,0.013789304961141625,,,410.29045915690017,410.29045915690017,650.0,True,False,True,,,
SIM_DIR-1784864471,SIM_DIR,capstone_iii_fit_activity,fit_activity,50,50,259.0,0.0,0.0,1.0,372.9016709885421,372.88788168358093,0.013789304961141625,,,406.5615803400644,406.5615803400644,650.0,True,False,True,,,
SIM_DIR-1784864471,SIM_DIR,capstone_iii_fit_activity_pvt,fit_activity_pvt,50,50,259.0,0.0,0.0,1.0,372.9016709885421,372.88788168358093,0.013789304961141625,,,417.7482167905718,417.7482167905718,650.0,True,False,True,,,
SIM_DIR-1784864471,SIM_DIR,capstone_iii_full,full,50,50,259.0,0.0,0.0,1.0,372.9016709885421,372.88788168358093,0.013789304961141625,,,428.9348532410792,428.9348532410792,650.0,True,False,True,,,
SIM_DIR-1784864471,SIM_DIR,baseline,,51,51,259.0,0.0,0.0,1.0,373.53494948720504,373.5211601822439,0.013789304961141625,541.6256767564473,485.59543433336654,,485.59543433336654,,True,False,True,,,
SIM_DIR-1784864471,SIM_DIR,capstone_i,,51,51,259.0,0.0,0.0,1.0,373.53494948720504,373.5211601822439,0.013789304961141625,541.6256767564473,485.59543433336654,,485.59543433336654,650.0,True,False,True,,,
SIM_DIR-1784864471,SIM_DIR,capstone_ii,,51,51,259.0,0.0,0.0,1.0,373.53494948720504,373.5211601822439,0.013789304961141625,481.27894948720507,440.8749494872051,,440.8749494872051,650.0,True,False,True,,,
SIM_DIR-1784864471,SIM_DIR,capstone_iii_fit_1x,fit_1x,51,51,259.0,0.0,0.0,1.0,373.53494948720504,373.5211601822439,0.013789304961141625,,,392.31100749631725,392.31100749631725,650.0,True,False,True,,,
SIM_DIR-1784864471,SIM_DIR,capstone_iii_fit_2x,fit_2x,51,51,259.0,0.0,0.0,1.0,373.53494948720504,373.5211601822439,0.013789304961141625,,,410.9870655054294,410.9870655054294,650.0,True,False,True,,,
SIM_DIR-1784864471,SIM_DIR,capstone_iii_fit_activity,fit_activity,51,51,259.0,0.0,0.0,1.0,373.53494948720504,373.5211601822439,0.013789304961141625,,,407.25185390360707,407.25185390360707,650.0,True,False,True,,,
SIM_DIR-1784864471,SIM_DIR,capstone_iii_fit_activity_pvt,fit_activity_pvt,51,51,259.0,0.0,0.0,1.0,373.53494948720504,373.5211601822439,0.013789304961141625,,,418.45748870907437,418.45748870907437,650.0,True,False,True,,,
SIM_DIR-1784864471,SIM_DIR,capstone_iii_full,full,51,51,259.0,0.0,0.0,1.0,373.53494948720504,373.5211601822439,0.013789304961141625,,,429.6631235145416,429.6631235145416,650.0,True,False,True,,,
SIM_DIR-1784864471,SIM_DIR,baseline,,52,52,264.0,0.0,0.0,1.0,381.39087658740317,381.377087282442,0.013789304961141625,553.0167710517346,495.80813956362414,,495.80813956362414,,True,False,True,,,
SIM_DIR-1784864471,SIM_DIR,capstone_i,,52,52,264.0,0.0,0.0,1.0,381.39087658740317,381.377087282442,0.013789304961141625,553.0167710517346,495.80813956362414,,495.80813956362414,650.0,True,False,True,,,
SIM_DIR-1784864471,SIM_DIR,capstone_ii,,52,52,264.0,0.0,0.0,1.0,381.39087658740317,381.377087282442,0.013789304961141625,491.2148765874032,450.03087658740316,,450.03087658740316,650.0,True,False,True,,,
SIM_DIR-1784864471,SIM_DIR,capstone_iii_fit_1x,fit_1x,52,52,264.0,0.0,0.0,1.0,381.39087658740317,381.377087282442,0.013789304961141625,,,400.55973095152524,400.55973095152524,650.0,True,False,True,,,
SIM_DIR-1784864471,SIM_DIR,capstone_iii_fit_2x,fit_2x,52,52,264.0,0.0,0.0,1.0,381.39087658740317,381.377087282442,0.013789304961141625,,,419.62858531564734,419.62858531564734,650.0,True,False,True,,,
SIM_DIR-1784864471,SIM_DIR,capstone_iii_fit_activity,fit_activity,52,52,264.0,0.0,0.0,1.0,381.39087658740317,381.377087282442,0.013789304961141625,,,415.8148144428229,415.8148144428229,650.0,True,False,True,,,
SIM_DIR-1784864471,SIM_DIR,capstone_iii_fit_activity_pvt,fit_activity_pvt,52,52,264.0,0.0,0.0,1.0,381.39087658740317,381.377087282442,0.013789304961141625,,,427.2561270612962,427.2561270612962,650.0,True,False,True,,,
SIM_DIR-1784864471,SIM_DIR,capstone_iii_full,full,52,52,264.0,0.0,0.0,1.0,381.39087658740317,381.377087282442,0.013789304961141625,,,438.6974396797695,438.6974396797695,650.0,True,False,True,,,
SIM_DIR-1784864471,SIM_DIR,baseline,,53,53,267.0,0.0,0.0,1.0,386.37672043196625,386.3629311270051,0.013789304961141625,560.2462446263511,502.28973656155614,,502.28973656155614,,True,False,True,,,
SIM_DIR-1784864471,SIM_DIR,capstone_i,,53,53,267.0,0.0,0.0,1.0,386.37672043196625,386.3629311270051,0.013789304961141625,560.2462446263511,502.28973656155614,,502.28973656155614,650.0,True,False,True,,,
SIM_DIR-1784864471,SIM_DIR,capstone_ii,,53,53,267.0,0.0,0.0,1.0,386.37672043196625,386.3629311270051,0.013789304961141625,497.44872043196625,455.79672043196626,,455.79672043196626,650.0,True,False,True,,,
SIM_DIR-1784864471,SIM_DIR,capstone_iii_fit_1x,fit_1x,53,53,267.0,0.0,0.0,1.0,386.37672043196625,386.3629311270051,0.013789304961141625,,,405.7948669883165,405.7948669883165,650.0,True,False,True,,,
SIM_DIR-1784864471,SIM_DIR,capstone_iii_fit_2x,fit_2x,53,53,267.0,0.0,0.0,1.0,386.37672043196625,386.3629311270051,0.013789304961141625,,,425.1130135446668,425.1130135446668,650.0,True,False,True,,,
SIM_DIR-1784864471,SIM_DIR,capstone_iii_fit_activity,fit_activity,53,53,267.0,0.0,0.0,1.0,386.37672043196625,386.3629311270051,0.013789304961141625,,,421.2493842333967,421.2493842333967,650.0,True,False,True,,,
SIM_DIR-1784864471,SIM_DIR,capstone_iii_fit_activity_pvt,fit_activity_pvt,53,53,267.0,0.0,0.0,1.0,386.37672043196625,386.3629311270051,0.013789304961141625,,,432.8402721672069,432.8402721672069,650.0,True,False,True,,,
SIM_DIR-1784864471,SIM_DIR,capstone_iii_full,full,53,53,267.0,0.0,0.0,1.0,386.37672043196625,386.3629311270051,0.013789304961141625,,,444.43116010101704,444.43116010101704,650.0,True,False,True,,,
SIM_DIR-1784864471,SIM_DIR,baseline,,54,54,268.0,0.0,0.0,1.0,388.4778186772107,388.4640293722495,0.013789304961141625,563.2928370819554,505.0211642803739,,505.0211642803739,,True,False,True,,,
SIM_DIR-1784864471,SIM_DIR,capstone_i,,54,54,268.0,0.0,0.0,1.0,388.4778186772107,388.4640293722495,0.013789304961141625,563.2928370819554,505.0211642803739,,505.0211642803739,650.0,True,False,True,,,
SIM_DIR-1784864471,SIM_DIR,capstone_ii,,54,54,268.0,0.0,0.0,1.0,388.4778186772107,388.4640293722495,0.013789304961141625,499.9658186772107,458.1578186772107,,458.1578186772107,650.0,True,False,True,,,
SIM_DIR-1784864471,SIM_DIR,capstone_iii_fit_1x,fit_1x,54,54,268.0,0.0,0.0,1.0,388.4778186772107,388.4640293722495,0.013789304961141625,,,408.00102014582313,408.00102014582313,650.0,True,False,True,,,
SIM_DIR-1784864471,SIM_DIR,capstone_iii_fit_2x,fit_2x,54,54,268.0,0.0,0.0,1.0,388.4778186772107,388.4640293722495,0.013789304961141625,,,427.4242216144356,427.4242216144356,650.0,True,False,True,,,
SIM_DIR-1784864471,SIM_DIR,capstone_iii_fit_activity,fit_activity,54,54,268.0,0.0,0.0,1.0,388.4778186772107,388.4640293722495,0.013789304961141625,,,423.5395813207132,423.5395813207132,650.0,True,False,True,,,
SIM_DIR-1784864471,SIM_DIR,capstone_iii_fit_activity_pvt,fit_activity_pvt,54,54,268.0,0.0,0.0,1.0,388.4778186772107,388.4640293722495,0.013789304961141625,,,435.1935022018806,435.1935022018806,650.0,True,False,True,,,
SIM_DIR-1784864471,SIM_DIR,capstone_iii_full,full,54,54,268.0,0.0,0.0,1.0,388.4778186772107,388.4640293722495,0.013789304961141625,,,446.84742308304817,446.84742308304817,650.0,True,False,True,,,
SIM_DIR-1784864471,SIM_DIR,baseline,,55,55,268.0,0.0,0.0,1.0,389.1314589770867,389.11766967212554,0.013789304961141625,564.2406155167757,505.87089667021274,,505.87089667021274,,True,False,True,,,
SIM_DIR-1784864471,SIM_DIR,capstone_i,,55,55,268.0,0.0,0.0,1.0,389.1314589770867,389.11766967212554,0.013789304961141625,564.2406155167757,505.87089667021274,,505.87089667021274,650.0,True,False,True,,,
SIM_DIR-1784864471,SIM_DIR,capstone_ii,,55,55,268.0,0.0,0.0,1.0,389.1314589770867,389.11766967212554,0.013789304961141625,500.6194589770867,458.8114589770867,,458.8114589770867,650.0,True,False,True,,,
SIM_DIR-1784864471,SIM_DIR,capstone_iii_fit_1x,fit_1x,55,55,268.0,0.0,0.0,1.0,389.1314589770867,389.11766967212554,0.013789304961141625,,,408.687342460693,408.687342460693,650.0,True,False,True,,,
SIM_DIR-1784864471,SIM_DIR,capstone_iii_fit_2x,fit_2x,55,55,268.0,0.0,0.0,1.0,389.1314589770867,389.11766967212554,0.013789304961141625,,,428.14322594429933,428.14322594429933,650.0,True,False,True,,,
SIM_DIR-1784864471,SIM_DIR,capstone_iii_fit_activity,fit_activity,55,55,268.0,0.0,0.0,1.0,389.1314589770867,389.11766967212554,0.013789304961141625,,,424.252049247578,424.252049247578,650.0,True,False,True,,,
SIM_DIR-1784864471,SIM_DIR,capstone_iii_fit_activity_pvt,fit_activity_pvt,55,55,268.0,0.0,0.0,1.0,389.1314589770867,389.11766967212554,0.013789304961141625,,,435.9255793377418,435.9255793377418,650.0,True,False,True,,,
SIM_DIR-1784864471,SIM_DIR,capstone_iii_full,full,55,55,268.0,0.0,0.0,1.0,389.1314589770867,389.11766967212554,0.013789304961141625,,,447.5991094279056,447.5991094279056,650.0,True,False,True,,,
SIM_DIR-1784864471,SIM_DIR,baseline,,56,56,268.0,0.0,0.0,1.0,389.7846969413425,389.7709076363813,0.013789304961141625,565.1878105649465,506.72010602374525,,506.72010602374525,,True,False,True,,,
SIM_DIR-1784864471,SIM_DIR,capstone_i,,56,56,268.0,0.0,0.0,1.0,389.7846969413425,389.7709076363813,0.013789304961141625,565.1878105649465,506.72010602374525,,506.72010602374525,650.0,True,False,True,,,
SIM_DIR-1784864471,SIM_DIR,capstone_ii,,56,56,268.0,0.0,0.0,1.0,389.7846969413425,389.7709076363813,0.013789304961141625,501.2726969413425,459.4646969413425,,459.4646969413425,650.0,True,False,True,,,
SIM_DIR-1784864471,SIM_DIR,capstone_iii_fit_1x,fit_1x,56,56,268.0,0.0,0.0,1.0,389.7846969413425,389.7709076363813,0.013789304961141625,,,409.37324232316155,409.37324232316155,650.0,True,False,True,,,
SIM_DIR-1784864471,SIM_DIR,capstone_iii_fit_2x,fit_2x,56,56,268.0,0.0,0.0,1.0,389.7846969413425,389.7709076363813,0.013789304961141625,,,428.8617877049806,428.8617877049806,650.0,True,False,True,,,
SIM_DIR-1784864471,SIM_DIR,capstone_iii_fit_activity,fit_activity,56,56,268.0,0.0,0.0,1.0,389.7846969413425,389.7709076363813,0.013789304961141625,,,424.96407862861685,424.96407862861685,650.0,True,False,True,,,
SIM_DIR-1784864471,SIM_DIR,capstone_iii_fit_activity_pvt,fit_activity_pvt,56,56,268.0,0.0,0.0,1.0,389.7846969413425,389.7709076363813,0.013789304961141625,,,436.6572058577083,436.6572058577083,650.0,True,False,True,,,
SIM_DIR-1784864471,SIM_DIR,capstone_iii_full,full,56,56,268.0,0.0,0.0,1.0,389.7846969413425,389.7709076363813,0.013789304961141625,,,448.3503330867997,448.3503330867997,650.0,True,False,True,,,
SIM_DIR-1784864471,SIM_DIR,baseline,,57,57,270.0,0.0,0.0,1.0,393.3511460195645,393.33735671460335,0.013789304961141625,570.3591617283686,511.35648982543387,,511.35648982543387,,True,False,True,,,
SIM_DIR-1784864471,SIM_DIR,capstone_i,,57,57,270.0,0.0,0.0,1.0,393.3511460195645,393.33735671460335,0.013789304961141625,570.3591617283686,511.35648982543387,,511.35648982543387,650.0,True,False,True,,,
SIM_DIR-1784864471,SIM_DIR,capstone_ii,,57,57,270.0,0.0,0.0,1.0,393.3511460195645,393.33735671460335,0.013789304961141625,505.6711460195645,463.5511460195645,,463.5511460195645,650.0,True,False,True,,,
SIM_DIR-1784864471,SIM_DIR,capstone_iii_fit_1x,fit_1x,57,57,270.0,0.0,0.0,1.0,393.3511460195645,393.33735671460335,0.013789304961141625,,,413.11801385529463,413.11801385529463,650.0,True,False,True,,,
SIM_DIR-1784864471,SIM_DIR,capstone_iii_fit_2x,fit_2x,57,57,270.0,0.0,0.0,1.0,393.3511460195645,393.33735671460335,0.013789304961141625,,,432.78488169102485,432.78488169102485,650.0,True,False,True,,,
SIM_DIR-1784864471,SIM_DIR,capstone_iii_fit_activity,fit_activity,57,57,270.0,0.0,0.0,1.0,393.3511460195645,393.33735671460335,0.013789304961141625,,,428.85150812387883,428.85150812387883,650.0,True,False,True,,,
SIM_DIR-1784864471,SIM_DIR,capstone_iii_fit_activity_pvt,fit_activity_pvt,57,57,270.0,0.0,0.0,1.0,393.3511460195645,393.33735671460335,0.013789304961141625,,,440.65162882531695,440.65162882531695,650.0,True,False,True,,,
SIM_DIR-1784864471,SIM_DIR,capstone_iii_full,full,57,57,270.0,0.0,0.0,1.0,393.3511460195645,393.33735671460335,0.013789304961141625,,,452.451749526755,452.451749526755,650.0,True,False,True,,,
SIM_DIR-1784864471,SIM_DIR,baseline,,58,58,274.0,0.0,0.0,1.0,399.8454165217567,399.83162721679554,0.013789304961141625,579.7758539565472,519.7990414782837,,519.7990414782837,,True,False,True,,,
SIM_DIR-1784864471,SIM_DIR,capstone_i,,58,58,274.0,0.0,0.0,1.0,399.8454165217567,399.83162721679554,0.013789304961141625,579.7758539565472,519.7990414782837,,519.7990414782837,650.0,True,False,True,,,
SIM_DIR-1784864471,SIM_DIR,capstone_ii,,58,58,274.0,0.0,0.0,1.0,399.8454165217567,399.83162721679554,0.013789304961141625,513.8294165217567,471.0854165217567,,471.0854165217567,650.0,True,False,True,,,
SIM_DIR-1784864471,SIM_DIR,capstone_iii_fit_1x,fit_1x,58,58,274.0,0.0,0.0,1.0,399.8454165217567,399.83162721679554,0.013789304961141625,,,419.9369978825965,419.9369978825965,650.0,True,False,True,,,
SIM_DIR-1784864471,SIM_DIR,capstone_iii_fit_2x,fit_2x,58,58,274.0,0.0,0.0,1.0,399.8454165217567,399.83162721679554,0.013789304961141625,,,439.9285792434363,439.9285792434363,650.0,True,False,True,,,
SIM_DIR-1784864471,SIM_DIR,capstone_iii_fit_activity,fit_activity,58,58,274.0,0.0,0.0,1.0,399.8454165217567,399.83162721679554,0.013789304961141625,,,435.9302629712683,435.9302629712683,650.0,True,False,True,,,
SIM_DIR-1784864471,SIM_DIR,capstone_iii_fit_activity_pvt,fit_activity_pvt,58,58,274.0,0.0,0.0,1.0,399.8454165217567,399.83162721679554,0.013789304961141625,,,447.9252117877721,447.9252117877721,650.0,True,False,True,,,
SIM_DIR-1784864471,SIM_DIR,capstone_iii_full,full,58,58,274.0,0.0,0.0,1.0,399.8454165217567,399.83162721679554,0.013789304961141625,,,459.9201606042761,459.9201606042761,650.0,True,False,True,,,
SIM_DIR-1784864471,SIM_DIR,baseline,,59,59,277.0,0.0,0.0,1.0,404.897083535582,404.88329423062083,0.013789304961141625,587.1007711265938,526.3662085962566,,526.3662085962566,,True,False,True,,,
SIM_DIR-1784864471,SIM_DIR,capstone_i,,59,59,277.0,0.0,0.0,1.0,404.897083535582,404.88329423062083,0.013789304961141625,587.1007711265938,526.3662085962566,,526.3662085962566,650.0,True,False,True,,,
SIM_DIR-1784864471,SIM_DIR,capstone_ii,,59,59,277.0,0.0,0.0,1.0,404.897083535582,404.88329423062083,0.013789304961141625,520.129083535582,476.917083535582,,476.917083535582,650.0,True,False,True,,,
SIM_DIR-1784864471,SIM_DIR,capstone_iii_fit_1x,fit_1x,59,59,277.0,0.0,0.0,1.0,404.897083535582,404.88329423062083,0.013789304961141625,,,425.24124824711305,425.24124824711305,650.0,True,False,True,,,
SIM_DIR-1784864471,SIM_DIR,capstone_iii_fit_2x,fit_2x,59,59,277.0,0.0,0.0,1.0,404.897083535582,404.88329423062083,0.013789304961141625,,,445.48541295864413,445.48541295864413,650.0,True,False,True,,,
SIM_DIR-1784864471,SIM_DIR,capstone_iii_fit_activity,fit_activity,59,59,277.0,0.0,0.0,1.0,404.897083535582,404.88329423062083,0.013789304961141625,,,441.4365800163379,441.4365800163379,650.0,True,False,True,,,
SIM_DIR-1784864471,SIM_DIR,capstone_iii_fit_activity_pvt,fit_activity_pvt,59,59,277.0,0.0,0.0,1.0,404.897083535582,404.88329423062083,0.013789304961141625,,,453.58307884325654,453.58307884325654,650.0,True,False,True,,,
SIM_DIR-1784864471,SIM_DIR,capstone_iii_full,full,59,59,277.0,0.0,0.0,1.0,404.897083535582,404.88329423062083,0.013789304961141625,,,465.72957767017516,465.72957767017516,650.0,True,False,True,,,
SIM_DIR-1784864471,SIM_DIR,baseline,,60,60,279.0,0.0,0.0,1.0,408.49883824582787,408.4850489408667,0.013789304961141625,592.3233154564504,531.0484897195762,,531.0484897195762,,True,False,True,,,
SIM_DIR-1784864471,SIM_DIR,capstone_i,,60,60,279.0,0.0,0.0,1.0,408.49883824582787,408.4850489408667,0.013789304961141625,592.3233154564504,531.0484897195762,,531.0484897195762,650.0,True,False,True,,,
SIM_DIR-1784864471,SIM_DIR,capstone_ii,,60,60,279.0,0.0,0.0,1.0,408.49883824582787,408.4850489408667,0.013789304961141625,524.5628382458278,481.0388382458279,,481.0388382458279,650.0,True,False,True,,,
SIM_DIR-1784864471,SIM_DIR,capstone_iii_fit_1x,fit_1x,60,60,279.0,0.0,0.0,1.0,408.49883824582787,408.4850489408667,0.013789304961141625,,,429.02309069287116,429.02309069287116,650.0,True,False,True,,,
SIM_DIR-1784864471,SIM_DIR,capstone_iii_fit_2x,fit_2x,60,60,279.0,0.0,0.0,1.0,408.49883824582787,408.4850489408667,0.013789304961141625,,,449.44734313991455,449.44734313991455,650.0,True,False,True,,,
SIM_DIR-1784864471,SIM_DIR,capstone_iii_fit_activity,fit_activity,60,60,279.0,0.0,0.0,1.0,408.49883824582787,408.4850489408667,0.013789304961141625,,,445.3624926505058,445.3624926505058,650.0,True,False,True,,,
SIM_DIR-1784864471,SIM_DIR,capstone_iii_fit_activity_pvt,fit_activity_pvt,60,60,279.0,0.0,0.0,1.0,408.49883824582787,408.4850489408667,0.013789304961141625,,,457.6170441187319,457.6170441187319,650.0,True,False,True,,,
SIM_DIR-1784864471,SIM_DIR,capstone_iii_full,full,60,60,279.0,0.0,0.0,1.0,408.49883824582787,408.4850489408667,0.013789304961141625,,,469.8715955869579,469.8715955869579,650.0,True,False,True,,,
SIM_DIR-1784864471,SIM_DIR,baseline,,61,61,280.0,0.0,0.0,1.0,410.643380634779,410.62959132981786,0.013789304961141625,595.4329019204296,533.8363948252128,,533.8363948252128,,True,False,True,,,
SIM_DIR-1784864471,SIM_DIR,capstone_i,,61,61,280.0,0.0,0.0,1.0,410.643380634779,410.62959132981786,0.013789304961141625,595.4329019204296,533.8363948252128,,533.8363948252128,650.0,True,False,True,,,
SIM_DIR-1784864471,SIM_DIR,capstone_ii,,61,61,280.0,0.0,0.0,1.0,410.643380634779,410.62959132981786,0.013789304961141625,527.123380634779,483.44338063477903,,483.44338063477903,650.0,True,False,True,,,
SIM_DIR-1784864471,SIM_DIR,capstone_iii_fit_1x,fit_1x,61,61,280.0,0.0,0.0,1.0,410.643380634779,410.62959132981786,0.013789304961141625,,,431.2748602012699,431.2748602012699,650.0,True,False,True,,,
SIM_DIR-1784864471,SIM_DIR,capstone_iii_fit_2x,fit_2x,61,61,280.0,0.0,0.0,1.0,410.643380634779,410.62959132981786,0.013789304961141625,,,451.80633976776085,451.80633976776085,650.0,True,False,True,,,
SIM_DIR-1784864471,SIM_DIR,capstone_iii_fit_activity,fit_activity,61,61,280.0,0.0,0.0,1.0,410.643380634779,410.62959132981786,0.013789304961141625,,,447.70004385446265,447.70004385446265,650.0,True,False,True,,,
SIM_DIR-1784864471,SIM_DIR,capstone_iii_fit_activity_pvt,fit_activity_pvt,61,61,280.0,0.0,0.0,1.0,410.643380634779,410.62959132981786,0.013789304961141625,,,460.0189315943572,460.0189315943572,650.0,True,False,True,,,
SIM_DIR-1784864471,SIM_DIR,capstone_iii_full,full,61,61,280.0,0.0,0.0,1.0,410.643380634779,410.62959132981786,0.013789304961141625,,,472.3378193342517,472.3378193342517,650.0,True,False,True,,,
SIM_DIR-1784864471,SIM_DIR,baseline,,62,62,283.0,0.0,0.0,1.0,415.73030825285883,415.71651894789767,0.013789304961141625,602.8089469666453,540.4494007287165,,540.4494007287165,,True,False,True,,,
SIM_DIR-1784864471,SIM_DIR,capstone_i,,62,62,283.0,0.0,0.0,1.0,415.73030825285883,415.71651894789767,0.013789304961141625,602.8089469666453,540.4494007287165,,540.4494007287165,650.0,True,False,True,,,
SIM_DIR-1784864471,SIM_DIR,capstone_ii,,62,62,283.0,0.0,0.0,1.0,415.73030825285883,415.71651894789767,0.013789304961141625,533.4583082528588,489.3103082528588,,489.3103082528588,650.0,True,False,True,,,
SIM_DIR-1784864471,SIM_DIR,capstone_iii_fit_1x,fit_1x,62,62,283.0,0.0,0.0,1.0,415.73030825285883,415.71651894789767,0.013789304961141625,,,436.6161342002537,436.6161342002537,650.0,True,False,True,,,
SIM_DIR-1784864471,SIM_DIR,capstone_iii_fit_2x,fit_2x,62,62,283.0,0.0,0.0,1.0,415.73030825285883,415.71651894789767,0.013789304961141625,,,457.4019601476487,457.4019601476487,650.0,True,False,True,,,
SIM_DIR-1784864471,SIM_DIR,capstone_iii_fit_activity,fit_activity,62,62,283.0,0.0,0.0,1.0,415.73030825285883,415.71651894789767,0.013789304961141625,,,453.24479495816973,453.24479495816973,650.0,True,False,True,,,
SIM_DIR-1784864471,SIM_DIR,capstone_iii_fit_activity_pvt,fit_activity_pvt,62,62,283.0,0.0,0.0,1.0,415.73030825285883,415.71651894789767,0.013789304961141625,,,465.7162905266066,465.7162905266066,650.0,True,False,True,,,
SIM_DIR-1784864471,SIM_DIR,capstone_iii_full,full,62,62,283.0,0.0,0.0,1.0,415.73030825285883,415.71651894789767,0.013789304961141625,,,478.1877860950435,478.1877860950435,650.0,True,False,True,,,
SIM_DIR-1784864471,SIM_DIR,baseline,,63,63,290.0,0.0,0.0,1.0,426.7169644819255,426.70317517696435,0.013789304961141625,618.739598498792,554.7320538265031,,554.7320538265031,,True,False,True,,,
SIM_DIR-1784864471,SIM_DIR,capstone_i,,63,63,290.0,0.0,0.0,1.0,426.7169644819255,426.70317517696435,0.013789304961141625,618.739598498792,554.7320538265031,,554.7320538265031,650.0,True,False,True,,,
SIM_DIR-1784864471,SIM_DIR,capstone_ii,,63,63,290.0,0.0,0.0,1.0,426.7169644819255,426.70317517696435,0.013789304961141625,547.3569644819255,502.1169644819255,,502.1169644819255,650.0,True,False,True,,,
SIM_DIR-1784864471,SIM_DIR,capstone_iii_fit_1x,fit_1x,63,63,290.0,0.0,0.0,1.0,426.7169644819255,426.70317517696435,0.013789304961141625,,,448.15212324077373,448.15212324077373,650.0,True,False,True,,,
SIM_DIR-1784864471,SIM_DIR,capstone_iii_fit_2x,fit_2x,63,63,290.0,0.0,0.0,1.0,426.7169644819255,426.70317517696435,0.013789304961141625,,,469.487281999622,469.487281999622,650.0,True,False,True,,,
SIM_DIR-1784864471,SIM_DIR,capstone_iii_fit_activity,fit_activity,63,63,290.0,0.0,0.0,1.0,426.7169644819255,426.70317517696435,0.013789304961141625,,,465.22025024785233,465.22025024785233,650.0,True,False,True,,,
SIM_DIR-1784864471,SIM_DIR,capstone_iii_fit_activity_pvt,fit_activity_pvt,63,63,290.0,0.0,0.0,1.0,426.7169644819255,426.70317517696435,0.013789304961141625,,,478.0213455031613,478.0213455031613,650.0,True,False,True,,,
SIM_DIR-1784864471,SIM_DIR,capstone_iii_full,full,63,63,290.0,0.0,0.0,1.0,426.7169644819255,426.70317517696435,0.013789304961141625,,,490.8224407584702,490.8224407584702,650.0,True,False,True,,,
SIM_DIR-1784864471,SIM_DIR,baseline,,64,64,295.0,0.0,0.0,1.0,434.78955380811743,434.77576450315627,0.013789304961141625,630.4448530217703,565.2264199505527,,565.2264199505527,,True,False,True,,,
SIM_DIR-1784864471,SIM_DIR,capstone_i,,64,64,295.0,0.0,0.0,1.0,434.78955380811743,434.77576450315627,0.013789304961141625,630.4448530217703,565.2264199505527,,565.2264199505527,650.0,True,False,True,,,
SIM_DIR-1784864471,SIM_DIR,capstone_ii,,64,64,295.0,0.0,0.0,1.0,434.78955380811743,434.77576450315627,0.013789304961141625,557.5095538081174,511.4895538081174,,511.4895538081174,650.0,True,False,True,,,
SIM_DIR-1784864471,SIM_DIR,capstone_iii_fit_1x,fit_1x,64,64,295.0,0.0,0.0,1.0,434.78955380811743,434.77576450315627,0.013789304961141625,,,456.62834203327526,456.62834203327526,650.0,True,False,True,,,
SIM_DIR-1784864471,SIM_DIR,capstone_iii_fit_2x,fit_2x,64,64,295.0,0.0,0.0,1.0,434.78955380811743,434.77576450315627,0.013789304961141625,,,478.3671302584331,478.3671302584331,650.0,True,False,True,,,
SIM_DIR-1784864471,SIM_DIR,capstone_iii_fit_activity,fit_activity,64,64,295.0,0.0,0.0,1.0,434.78955380811743,434.77576450315627,0.013789304961141625,,,474.0193726134015,474.0193726134015,650.0,True,False,True,,,
SIM_DIR-1784864471,SIM_DIR,capstone_iii_fit_activity_pvt,fit_activity_pvt,64,64,295.0,0.0,0.0,1.0,434.78955380811743,434.77576450315627,0.013789304961141625,,,487.06264554849616,487.06264554849616,650.0,True,False,True,,,
SIM_DIR-1784864471,SIM_DIR,capstone_iii_full,full,64,64,295.0,0.0,0.0,1.0,434.78955380811743,434.77576450315627,0.013789304961141625,,,500.1059184835909,500.1059184835909,650.0,True,False,True,,,
SIM_DIR-1784864471,SIM_DIR,baseline,,65,65,295.0,0.0,0.0,1.0,435.50478138122924,435.49099207626807,0.013789304961141625,631.4819330027824,566.156215795598,,566.156215795598,,True,False,True,,,
SIM_DIR-1784864471,SIM_DIR,capstone_i,,65,65,295.0,0.0,0.0,1.0,435.50478138122924,435.49099207626807,0.013789304961141625,631.4819330027824,566.156215795598,,566.156215795598,650.0,True,False,True,,,
SIM_DIR-1784864471,SIM_DIR,capstone_ii,,65,65,295.0,0.0,0.0,1.0,435.50478138122924,435.49099207626807,0.013789304961141625,558.2247813812293,512.2047813812293,,512.2047813812293,650.0,True,False,True,,,
SIM_DIR-1784864471,SIM_DIR,capstone_iii_fit_1x,fit_1x,65,65,295.0,0.0,0.0,1.0,435.50478138122924,435.49099207626807,0.013789304961141625,,,457.37933098504266,457.37933098504266,650.0,True,False,True,,,
SIM_DIR-1784864471,SIM_DIR,capstone_iii_fit_2x,fit_2x,65,65,295.0,0.0,0.0,1.0,435.50478138122924,435.49099207626807,0.013789304961141625,,,479.15388058885605,479.15388058885605,650.0,True,False,True,,,
SIM_DIR-1784864471,SIM_DIR,capstone_iii_fit_activity,fit_activity,65,65,295.0,0.0,0.0,1.0,435.50478138122924,435.49099207626807,0.013789304961141625,,,474.79897066809343,474.79897066809343,650.0,True,False,True,,,
SIM_DIR-1784864471,SIM_DIR,capstone_iii_fit_activity_pvt,fit_activity_pvt,65,65,295.0,0.0,0.0,1.0,435.50478138122924,435.49099207626807,0.013789304961141625,,,487.8637004303814,487.8637004303814,650.0,True,False,True,,,
SIM_DIR-1784864471,SIM_DIR,capstone_iii_full,full,65,65,295.0,0.0,0.0,1.0,435.50478138122924,435.49099207626807,0.013789304961141625,,,500.92843019266945,500.92843019266945,650.0,True,False,True,,,
SIM_DIR-1784864471,SIM_DIR,baseline,,66,66,303.0,0.0,0.0,1.0,448.0489121019552,448.035122796994,0.013789304961141625,649.670922547835,582.4635857325418,,582.4635857325418,,True,False,True,,,
SIM_DIR-1784864471,SIM_DIR,capstone_i,,66,66,303.0,0.0,0.0,1.0,448.0489121019552,448.035122796994,0.013789304961141625,649.670922547835,582.4635857325418,,582.4635857325418,650.0,True,False,True,,,
SIM_DIR-1784864471,SIM_DIR,capstone_ii,,66,66,303.0,0.0,0.0,1.0,448.0489121019552,448.035122796994,0.013789304961141625,574.0969121019552,526.8289121019552,,526.8289121019552,650.0,True,False,True,,,
SIM_DIR-1784864471,SIM_DIR,capstone_iii_fit_1x,fit_1x,66,66,303.0,0.0,0.0,1.0,448.0489121019552,448.035122796994,0.013789304961141625,,,470.5506682418049,470.5506682418049,650.0,True,False,True,,,
SIM_DIR-1784864471,SIM_DIR,capstone_iii_fit_2x,fit_2x,66,66,303.0,0.0,0.0,1.0,448.0489121019552,448.035122796994,0.013789304961141625,,,492.9524243816546,492.9524243816546,650.0,True,False,True,,,
SIM_DIR-1784864471,SIM_DIR,capstone_iii_fit_activity,fit_activity,66,66,303.0,0.0,0.0,1.0,448.0489121019552,448.035122796994,0.013789304961141625,,,488.4720731536847,488.4720731536847,650.0,True,False,True,,,
SIM_DIR-1784864471,SIM_DIR,capstone_iii_fit_activity_pvt,fit_activity_pvt,66,66,303.0,0.0,0.0,1.0,448.0489121019552,448.035122796994,0.013789304961141625,,,501.9131268375945,501.9131268375945,650.0,True,False,True,,,
SIM_DIR-1784864471,SIM_DIR,capstone_iii_full,full,66,66,303.0,0.0,0.0,1.0,448.0489121019552,448.035122796994,0.013789304961141625,,,515.3541805215043,515.3541805215043,650.0,True,False,True,,,
SIM_DIR-1784864471,SIM_DIR,baseline,,67,67,310.0,0.0,0.0,1.0,459.15030170926656,459.1365124043054,0.013789304961141625,665.7679374784365,596.8953922220466,,596.8953922220466,,True,False,True,,,
SIM_DIR-1784864471,SIM_DIR,capstone_i,,67,67,310.0,0.0,0.0,1.0,459.15030170926656,459.1365124043054,0.013789304961141625,665.7679374784365,596.8953922220466,,596.8953922220466,650.0,True,False,True,,,
SIM_DIR-1784864471,SIM_DIR,capstone_ii,,67,67,310.0,0.0,0.0,1.0,459.15030170926656,459.1365124043054,0.013789304961141625,588.1103017092665,539.7503017092665,,539.7503017092665,650.0,True,False,True,,,
SIM_DIR-1784864471,SIM_DIR,capstone_iii_fit_1x,fit_1x,67,67,310.0,0.0,0.0,1.0,459.15030170926656,459.1365124043054,0.013789304961141625,,,482.2071273294818,482.2071273294818,650.0,True,False,True,,,
SIM_DIR-1784864471,SIM_DIR,capstone_iii_fit_2x,fit_2x,67,67,310.0,0.0,0.0,1.0,459.15030170926656,459.1365124043054,0.013789304961141625,,,505.1639529496971,505.1639529496971,650.0,True,False,True,,,
SIM_DIR-1784864471,SIM_DIR,capstone_iii_fit_activity,fit_activity,67,67,310.0,0.0,0.0,1.0,459.15030170926656,459.1365124043054,0.013789304961141625,,,500.57258782565407,500.57258782565407,650.0,True,False,True,,,
SIM_DIR-1784864471,SIM_DIR,capstone_iii_fit_activity_pvt,fit_activity_pvt,67,67,310.0,0.0,0.0,1.0,459.15030170926656,459.1365124043054,0.013789304961141625,,,514.3466831977832,514.3466831977832,650.0,True,False,True,,,
SIM_DIR-1784864471,SIM_DIR,capstone_iii_full,full,67,67,310.0,0.0,0.0,1.0,459.15030170926656,459.1365124043054,0.013789304961141625,,,528.1207785699123,528.1207785699123,650.0,True,False,True,,,
SIM_DIR-1784864471,SIM_DIR,baseline,,68,68,310.0,0.0,0.0,1.0,459.9006243044785,459.88683499951736,0.013789304961141625,666.8559052414938,597.8708115958221,,597.8708115958221,,True,False,True,,,
SIM_DIR-1784864471,SIM_DIR,capstone_i,,68,68,310.0,0.0,0.0,1.0,459.9006243044785,459.88683499951736,0.013789304961141625,666.8559052414938,597.8708115958221,,597.8708115958221,650.0,True,False,True,,,
SIM_DIR-1784864471,SIM_DIR,capstone_ii,,68,68,310.0,0.0,0.0,1.0,459.9006243044785,459.88683499951736,0.013789304961141625,588.8606243044785,540.5006243044785,,540.5006243044785,650.0,True,False,True,,,
SIM_DIR-1784864471,SIM_DIR,capstone_iii_fit_1x,fit_1x,68,68,310.0,0.0,0.0,1.0,459.9006243044785,459.88683499951736,0.013789304961141625,,,482.9949660544544,482.9949660544544,650.0,True,False,True,,,
SIM_DIR-1784864471,SIM_DIR,capstone_iii_fit_2x,fit_2x,68,68,310.0,0.0,0.0,1.0,459.9006243044785,459.88683499951736,0.013789304961141625,,,505.98930780443027,505.98930780443027,650.0,True,False,True,,,
SIM_DIR-1784864471,SIM_DIR,capstone_iii_fit_activity,fit_activity,68,68,310.0,0.0,0.0,1.0,459.9006243044785,459.88683499951736,0.013789304961141625,,,501.3904394544351,501.3904394544351,650.0,True,False,True,,,
SIM_DIR-1784864471,SIM_DIR,capstone_iii_fit_activity_pvt,fit_activity_pvt,68,68,310.0,0.0,0.0,1.0,459.9006243044785,459.88683499951736,0.013789304961141625,,,515.1870445044207,515.1870445044207,650.0,True,False,True,,,
SIM_DIR-1784864471,SIM_DIR,capstone_iii_full,full,68,68,310.0,0.0,0.0,1.0,459.9006243044785,459.88683499951736,0.013789304961141625,,,528.9836495544062,528.9836495544062,650.0,True,False,True,,,
SIM_DIR-1784864471,SIM_DIR,baseline,,69,69,311.0,0.0,0.0,1.0,462.13645476341367,462.1226654584525,0.013789304961141625,670.0978594069499,600.7773911924378,,600.7773911924378,,True,False,True,,,
SIM_DIR-1784864471,SIM_DIR,capstone_i,,69,69,311.0,0.0,0.0,1.0,462.13645476341367,462.1226654584525,0.013789304961141625,670.0978594069499,600.7773911924378,,600.7773911924378,650.0,True,False,True,,,
SIM_DIR-1784864471,SIM_DIR,capstone_ii,,69,69,311.0,0.0,0.0,1.0,462.13645476341367,462.1226654584525,0.013789304961141625,591.5124547634136,542.9964547634137,,542.9964547634137,650.0,True,False,True,,,
SIM_DIR-1784864471,SIM_DIR,capstone_iii_fit_1x,fit_1x,69,69,311.0,0.0,0.0,1.0,462.13645476341367,462.1226654584525,0.013789304961141625,,,485.3425880363364,485.3425880363364,650.0,True,False,True,,,
SIM_DIR-1784864471,SIM_DIR,capstone_iii_fit_2x,fit_2x,69,69,311.0,0.0,0.0,1.0,462.13645476341367,462.1226654584525,0.013789304961141625,,,508.448721309259,508.448721309259,650.0,True,False,True,,,
SIM_DIR-1784864471,SIM_DIR,capstone_iii_fit_activity,fit_activity,69,69,311.0,0.0,0.0,1.0,462.13645476341367,462.1226654584525,0.013789304961141625,,,503.8274946546744,503.8274946546744,650.0,True,False,True,,,
SIM_DIR-1784864471,SIM_DIR,capstone_iii_fit_activity_pvt,fit_activity_pvt,69,69,311.0,0.0,0.0,1.0,462.13645476341367,462.1226654584525,0.013789304961141625,,,517.691174618428,517.691174618428,650.0,True,False,True,,,
SIM_DIR-1784864471,SIM_DIR,capstone_iii_full,full,69,69,311.0,0.0,0.0,1.0,462.13645476341367,462.1226654584525,0.013789304961141625,,,531.5548545821815,531.5548545821815,650.0,True,False,True,,,
SIM_DIR-1784864471,SIM_DIR,baseline,,70,70,313.0,0.0,0.0,1.0,465.8650497055012,465.85126040054,0.013789304961141625,675.5043220729767,605.6245646171516,,605.6245646171516,,True,False,True,,,
SIM_DIR-1784864471,SIM_DIR,capstone_i,,70,70,313.0,0.0,0.0,1.0,465.8650497055012,465.85126040054,0.013789304961141625,675.5043220729767,605.6245646171516,,605.6245646171516,650.0,True,False,True,,,
SIM_DIR-1784864471,SIM_DIR,capstone_ii,,70,70,313.0,0.0,0.0,1.0,465.8650497055012,465.85126040054,0.013789304961141625,596.0730497055011,547.2450497055012,,547.2450497055012,650.0,True,False,True,,,
SIM_DIR-1784864471,SIM_DIR,capstone_iii_fit_1x,fit_1x,70,70,313.0,0.0,0.0,1.0,465.8650497055012,465.85126040054,0.013789304961141625,,,489.25761272552825,489.25761272552825,650.0,True,False,True,,,
SIM_DIR-1784864471,SIM_DIR,capstone_iii_fit_2x,fit_2x,70,70,313.0,0.0,0.0,1.0,465.8650497055012,465.85126040054,0.013789304961141625,,,512.5501757455553,512.5501757455553,650.0,True,False,True,,,
SIM_DIR-1784864471,SIM_DIR,capstone_iii_fit_activity,fit_activity,70,70,313.0,0.0,0.0,1.0,465.8650497055012,465.85126040054,0.013789304961141625,,,507.8916631415499,507.8916631415499,650.0,True,False,True,,,
SIM_DIR-1784864471,SIM_DIR,capstone_iii_fit_activity_pvt,fit_activity_pvt,70,70,313.0,0.0,0.0,1.0,465.8650497055012,465.85126040054,0.013789304961141625,,,521.867200953566,521.867200953566,650.0,True,False,True,,,
SIM_DIR-1784864471,SIM_DIR,capstone_iii_full,full,70,70,313.0,0.0,0.0,1.0,465.8650497055012,465.85126040054,0.013789304961141625,,,535.8427387655822,535.8427387655822,650.0,True,False,True,,,
SIM_DIR-1784864471,SIM_DIR,baseline,,71,71,313.0,0.0,0.0,1.0,466.6213805461842,466.607591241223,0.013789304961141625,676.6010017919671,606.6077947100395,,606.6077947100395,,True,False,True,,,
SIM_DIR-1784864471,SIM_DIR,capstone_i,,71,71,313.0,0.0,0.0,1.0,466.6213805461842,466.607591241223,0.013789304961141625,676.6010017919671,606.6077947100395,,606.6077947100395,650.0,True,False,True,,,
SIM_DIR-1784864471,SIM_DIR,capstone_ii,,71,71,313.0,0.0,0.0,1.0,466.6213805461842,466.607591241223,0.013789304961141625,596.8293805461842,548.0013805461842,,548.0013805461842,650.0,True,False,True,,,
SIM_DIR-1784864471,SIM_DIR,capstone_iii_fit_1x,fit_1x,71,71,313.0,0.0,0.0,1.0,466.6213805461842,466.607591241223,0.013789304961141625,,,490.05176010824545,490.05176010824545,650.0,True,False,True,,,
SIM_DIR-1784864471,SIM_DIR,capstone_iii_fit_2x,fit_2x,71,71,313.0,0.0,0.0,1.0,466.6213805461842,466.607591241223,0.013789304961141625,,,513.3821396703065,513.3821396703065,650.0,True,False,True,,,
SIM_DIR-1784864471,SIM_DIR,capstone_iii_fit_activity,fit_activity,71,71,313.0,0.0,0.0,1.0,466.6213805461842,466.607591241223,0.013789304961141625,,,508.7160637578943,508.7160637578943,650.0,True,False,True,,,
SIM_DIR-1784864471,SIM_DIR,capstone_iii_fit_activity_pvt,fit_activity_pvt,71,71,313.0,0.0,0.0,1.0,466.6213805461842,466.607591241223,0.013789304961141625,,,522.714291495131,522.714291495131,650.0,True,False,True,,,
SIM_DIR-1784864471,SIM_DIR,capstone_iii_full,full,71,71,313.0,0.0,0.0,1.0,466.6213805461842,466.607591241223,0.013789304961141625,,,536.7125192323676,536.7125192323676,650.0,True,False,True,,,
SIM_DIR-1784864471,SIM_DIR,baseline,,72,72,325.0,0.0,0.0,1.0,485.2953905574686,485.2816012525074,0.013789304961141625,703.6783163083294,630.8840077247091,,630.8840077247091,,True,False,True,,,
SIM_DIR-1784864471,SIM_DIR,capstone_i,,72,72,325.0,0.0,0.0,1.0,485.2953905574686,485.2816012525074,0.013789304961141625,703.6783163083294,630.8840077247091,,630.8840077247091,650.0,True,False,True,,,
SIM_DIR-1784864471,SIM_DIR,capstone_ii,,72,72,325.0,0.0,0.0,1.0,485.2953905574686,485.2816012525074,0.013789304961141625,620.4953905574686,569.7953905574686,,569.7953905574686,650.0,True,False,True,,,
SIM_DIR-1784864471,SIM_DIR,capstone_iii_fit_1x,fit_1x,72,72,325.0,0.0,0.0,1.0,485.2953905574686,485.2816012525074,0.013789304961141625,,,509.659470620094,509.659470620094,650.0,True,False,True,,,
SIM_DIR-1784864471,SIM_DIR,capstone_iii_fit_2x,fit_2x,72,72,325.0,0.0,0.0,1.0,485.2953905574686,485.2816012525074,0.013789304961141625,,,533.9235506827193,533.9235506827193,650.0,True,False,True,,,
SIM_DIR-1784864471,SIM_DIR,capstone_iii_fit_activity,fit_activity,72,72,325.0,0.0,0.0,1.0,485.2953905574686,485.2816012525074,0.013789304961141625,,,529.0707346701943,529.0707346701943,650.0,True,False,True,,,
SIM_DIR-1784864471,SIM_DIR,capstone_iii_fit_activity_pvt,fit_activity_pvt,72,72,325.0,0.0,0.0,1.0,485.2953905574686,485.2816012525074,0.013789304961141625,,,543.6291827077695,543.6291827077695,650.0,True,False,True,,,
SIM_DIR-1784864471,SIM_DIR,capstone_iii_full,full,72,72,325.0,0.0,0.0,1.0,485.2953905574686,485.2816012525074,0.013789304961141625,,,558.1876307453447,558.1876307453447,650.0,True,False,True,,,
SIM_DIR-1784864471,SIM_DIR,baseline,,73,73,337.0,0.0,0.0,1.0,504.0269239503728,504.01313464541164,0.013789304961141625,730.8390397280406,655.2350011354847,,655.2350011354847,,True,False,True,,,
SIM_DIR-1784864471,SIM_DIR,capstone_i,,73,73,337.0,0.0,0.0,1.0,504.0269239503728,504.01313464541164,0.013789304961141625,730.8390397280406,655.2350011354847,,655.2350011354847,650.0,False,True,False,,,
SIM_DIR-1784864471,SIM_DIR,capstone_ii,,73,73,337.0,0.0,0.0,1.0,504.0269239503728,504.01313464541164,0.013789304961141625,644.2189239503728,591.6469239503729,,591.6469239503729,650.0,True,False,True,,,
SIM_DIR-1784864471,SIM_DIR,capstone_iii_fit_1x,fit_1x,73,73,337.0,0.0,0.0,1.0,504.0269239503728,504.01313464541164,0.013789304961141625,,,529.3275806826434,529.3275806826434,650.0,True,False,True,,,
SIM_DIR-1784864471,SIM_DIR,capstone_iii_fit_2x,fit_2x,73,73,337.0,0.0,0.0,1.0,504.0269239503728,504.01313464541164,0.013789304961141625,,,554.528237414914,554.528237414914,650.0,True,False,True,,,
SIM_DIR-1784864471,SIM_DIR,capstone_iii_fit_activity,fit_activity,73,73,337.0,0.0,0.0,1.0,504.0269239503728,504.01313464541164,0.013789304961141625,,,549.48810606846,549.48810606846,650.0,True,False,True,,,
SIM_DIR-1784864471,SIM_DIR,capstone_iii_fit_activity_pvt,fit_activity_pvt,73,73,337.0,0.0,0.0,1.0,504.0269239503728,504.01313464541164,0.013789304961141625,,,564.6085001078222,564.6085001078222,650.0,True,False,True,,,
SIM_DIR-1784864471,SIM_DIR,capstone_iii_full,full,73,73,337.0,0.0,0.0,1.0,504.0269239503728,504.01313464541164,0.013789304961141625,,,579.7288941471846,579.7288941471846,650.0,True,False,True,,,
SIM_DIR-1784864471,SIM_DIR,baseline,,74,74,347.0,0.0,0.0,1.0,519.8199367932684,519.8061474883073,0.013789304961141625,753.7389083502392,675.765917831249,,675.765917831249,,True,False,True,,,
SIM_DIR-1784864471,SIM_DIR,capstone_ii,,74,74,347.0,0.0,0.0,1.0,519.8199367932684,519.8061474883073,0.013789304961141625,664.1719367932684,610.0399367932685,,610.0399367932685,650.0,True,False,True,,,
SIM_DIR-1784864471,SIM_DIR,capstone_iii_fit_1x,fit_1x,74,74,347.0,0.0,0.0,1.0,519.8199367932684,519.8061474883073,0.013789304961141625,,,545.9102441676839,545.9102441676839,650.0,True,False,True,,,
SIM_DIR-1784864471,SIM_DIR,capstone_iii_fit_2x,fit_2x,74,74,347.0,0.0,0.0,1.0,519.8199367932684,519.8061474883073,0.013789304961141625,,,571.9005515420993,571.9005515420993,650.0,True,False,True,,,
SIM_DIR-1784864471,SIM_DIR,capstone_iii_fit_activity,fit_activity,74,74,347.0,0.0,0.0,1.0,519.8199367932684,519.8061474883073,0.013789304961141625,,,566.7024900672161,566.7024900672161,650.0,True,False,True,,,
SIM_DIR-1784864471,SIM_DIR,capstone_iii_fit_activity_pvt,fit_activity_pvt,74,74,347.0,0.0,0.0,1.0,519.8199367932684,519.8061474883073,0.013789304961141625,,,582.2966744918654,582.2966744918654,650.0,True,False,True,,,
SIM_DIR-1784864471,SIM_DIR,capstone_iii_full,full,74,74,347.0,0.0,0.0,1.0,519.8199367932684,519.8061474883073,0.013789304961141625,,,597.8908589165146,597.8908589165146,650.0,True,False,True,,,
SIM_DIR-1784864471,SIM_DIR,baseline,,75,75,354.0,0.0,0.0,1.0,531.1595076015798,531.1457182966186,0.013789304961141625,770.1812860222907,690.5073598820537,,690.5073598820537,,True,False,True,,,
SIM_DIR-1784864471,SIM_DIR,capstone_ii,,75,75,354.0,0.0,0.0,1.0,531.1595076015798,531.1457182966186,0.013789304961141625,678.4235076015798,623.1995076015797,,623.1995076015797,650.0,True,False,True,,,
SIM_DIR-1784864471,SIM_DIR,capstone_iii_fit_1x,fit_1x,75,75,354.0,0.0,0.0,1.0,531.1595076015798,531.1457182966186,0.013789304961141625,,,557.8167935164108,557.8167935164108,650.0,True,False,True,,,
SIM_DIR-1784864471,SIM_DIR,capstone_iii_fit_2x,fit_2x,75,75,354.0,0.0,0.0,1.0,531.1595076015798,531.1457182966186,0.013789304961141625,,,584.3740794312417,584.3740794312417,650.0,True,False,True,,,
SIM_DIR-1784864471,SIM_DIR,capstone_iii_fit_activity,fit_activity,75,75,354.0,0.0,0.0,1.0,531.1595076015798,531.1457182966186,0.013789304961141625,,,579.0626222482756,579.0626222482756,650.0,True,False,True,,,
SIM_DIR-1784864471,SIM_DIR,capstone_iii_fit_activity_pvt,fit_activity_pvt,75,75,354.0,0.0,0.0,1.0,531.1595076015798,531.1457182966186,0.013789304961141625,,,594.9969937971741,594.9969937971741,650.0,True,False,True,,,
SIM_DIR-1784864471,SIM_DIR,capstone_iii_full,full,75,75,354.0,0.0,0.0,1.0,531.1595076015798,531.1457182966186,0.013789304961141625,,,610.9313653460727,610.9313653460727,650.0,True,False,True,,,
SIM_DIR-1784864471,SIM_DIR,baseline,,76,76,373.0,0.0,0.0,1.0,560.5662360077047,560.5524467027435,0.013789304961141625,812.8210422111717,728.736106810016,,728.736106810016,,True,False,True,,,
SIM_DIR-1784864471,SIM_DIR,capstone_ii,,76,76,373.0,0.0,0.0,1.0,560.5662360077047,560.5524467027435,0.013789304961141625,715.7342360077047,657.5462360077047,,657.5462360077047,650.0,False,True,False,,,
SIM_DIR-1784864471,SIM_DIR,capstone_iii_fit_1x,fit_1x,76,76,373.0,0.0,0.0,1.0,560.5662360077047,560.5524467027435,0.013789304961141625,,,588.6938583428418,588.6938583428418,650.0,True,False,True,,,
SIM_DIR-1784864471,SIM_DIR,capstone_iii_fit_2x,fit_2x,76,76,373.0,0.0,0.0,1.0,560.5662360077047,560.5524467027435,0.013789304961141625,,,616.721480677979,616.721480677979,650.0,True,False,True,,,
SIM_DIR-1784864471,SIM_DIR,capstone_iii_fit_activity,fit_activity,76,76,373.0,0.0,0.0,1.0,560.5662360077047,560.5524467027435,0.013789304961141625,,,611.1159562109516,611.1159562109516,650.0,True,False,True,,,
SIM_DIR-1784864471,SIM_DIR,capstone_iii_fit_activity_pvt,fit_activity_pvt,76,76,373.0,0.0,0.0,1.0,560.5662360077047,560.5524467027435,0.013789304961141625,,,627.9325296120339,627.9325296120339,650.0,True,False,True,,,
SIM_DIR-1784864471,SIM_DIR,capstone_iii_full,full,76,76,373.0,0.0,0.0,1.0,560.5662360077047,560.5524467027435,0.013789304961141625,,,644.7491030131163,644.7491030131163,650.0,True,False,True,,,
SIM_DIR-1784864471,SIM_DIR,baseline,,77,77,374.0,0.0,0.0,1.0,562.9699041153505,562.9561148103893,0.013789304961141625,816.3063609672581,731.8608753499557,,731.8608753499557,,True,False,True,,,
SIM_DIR-1784864471,SIM_DIR,capstone_iii_fit_1x,fit_1x,77,77,374.0,0.0,0.0,1.0,562.9699041153505,562.9561148103893,0.013789304961141625,,,591.21770985587,591.21770985587,650.0,True,False,True,,,
SIM_DIR-1784864471,SIM_DIR,capstone_iii_fit_2x,fit_2x,77,77,374.0,0.0,0.0,1.0,562.9699041153505,562.9561148103893,0.013789304961141625,,,619.3655155963894,619.3655155963894,650.0,True,False,True,,,
SIM_DIR-1784864471,SIM_DIR,capstone_iii_fit_activity,fit_activity,77,77,374.0,0.0,0.0,1.0,562.9699041153505,562.9561148103893,0.013789304961141625,,,613.7359544482855,613.7359544482855,650.0,True,False,True,,,
SIM_DIR-1784864471,SIM_DIR,capstone_iii_fit_activity_pvt,fit_activity_pvt,77,77,374.0,0.0,0.0,1.0,562.9699041153505,562.9561148103893,0.013789304961141625,,,630.6246378925972,630.6246378925972,650.0,True,False,True,,,
SIM_DIR-1784864471,SIM_DIR,capstone_iii_full,full,77,77,374.0,0.0,0.0,1.0,562.9699041153505,562.9561148103893,0.013789304961141625,,,647.5133213369089,647.5133213369089,650.0,True,False,True,,,
SIM_DIR-1784864471,SIM_DIR,baseline,,78,78,379.0,0.0,0.0,1.0,571.4084721958184,571.3946828908572,0.013789304961141625,828.5422846839366,742.8310138545639,,742.8310138545639,,True,False,True,,,
SIM_DIR-1784864471,SIM_DIR,capstone_iii_fit_1x,fit_1x,78,78,379.0,0.0,0.0,1.0,571.4084721958184,571.3946828908572,0.013789304961141625,,,600.0782063403612,600.0782063403612,650.0,True,False,True,,,
SIM_DIR-1784864471,SIM_DIR,capstone_iii_fit_2x,fit_2x,78,78,379.0,0.0,0.0,1.0,571.4084721958184,571.3946828908572,0.013789304961141625,,,628.6479404849041,628.6479404849041,650.0,True,False,True,,,
SIM_DIR-1784864471,SIM_DIR,capstone_iii_fit_activity,fit_activity,78,78,379.0,0.0,0.0,1.0,571.4084721958184,571.3946828908572,0.013789304961141625,,,622.9339936559956,622.9339936559956,650.0,True,False,True,,,
SIM_DIR-1784864471,SIM_DIR,capstone_iii_fit_activity_pvt,fit_activity_pvt,78,78,379.0,0.0,0.0,1.0,571.4084721958184,571.3946828908572,0.013789304961141625,,,640.0758341427213,640.0758341427213,650.0,True,False,True,,,
SIM_DIR-1784864471,SIM_DIR,capstone_iii_full,full,78,78,379.0,0.0,0.0,1.0,571.4084721958184,571.3946828908572,0.013789304961141625,,,657.2176746294471,657.2176746294471,650.0,False,True,False,,,
SIM_DIR-1784864471,SIM_DIR,baseline,,79,79,390.0,0.0,0.0,1.0,588.9309024684418,588.9171131634806,0.013789304961141625,853.9498085792405,765.6101732089744,,765.6101732089744,,True,False,True,,,
SIM_DIR-1784864471,SIM_DIR,capstone_iii_fit_1x,fit_1x,79,79,390.0,0.0,0.0,1.0,588.9309024684418,588.9171131634806,0.013789304961141625,,,618.4767581266159,618.4767581266159,650.0,True,False,True,,,
SIM_DIR-1784864471,SIM_DIR,capstone_iii_fit_2x,fit_2x,79,79,390.0,0.0,0.0,1.0,588.9309024684418,588.9171131634806,0.013789304961141625,,,647.9226137847899,647.9226137847899,650.0,True,False,True,,,
SIM_DIR-1784864471,SIM_DIR,capstone_iii_fit_activity,fit_activity,79,79,390.0,0.0,0.0,1.0,588.9309024684418,588.9171131634806,0.013789304961141625,,,642.0334426531551,642.0334426531551,650.0,True,False,True,,,
SIM_DIR-1784864471,SIM_DIR,capstone_iii_fit_activity_pvt,fit_activity_pvt,79,79,390.0,0.0,0.0,1.0,588.9309024684418,588.9171131634806,0.013789304961141625,,,659.7009560480595,659.7009560480595,650.0,False,True,False,,,
SIM_DIR-1784864471,SIM_DIR,baseline,,80,80,394.0,0.0,0.0,1.0,595.9186347273625,595.9048454224013,0.013789304961141625,864.0820203546756,774.6942251455713,,774.6942251455713,,True,False,True,,,
SIM_DIR-1784864471,SIM_DIR,capstone_iii_fit_1x,fit_1x,80,80,394.0,0.0,0.0,1.0,595.9186347273625,595.9048454224013,0.013789304961141625,,,625.8138769984826,625.8138769984826,650.0,True,False,True,,,
SIM_DIR-1784864471,SIM_DIR,capstone_iii_fit_2x,fit_2x,80,80,394.0,0.0,0.0,1.0,595.9186347273625,595.9048454224013,0.013789304961141625,,,655.6091192696026,655.6091192696026,650.0,False,True,False,,,
SIM_DIR-1784864471,SIM_DIR,capstone_iii_fit_activity,fit_activity,80,80,394.0,0.0,0.0,1.0,595.9186347273625,595.9048454224013,0.013789304961141625,,,649.6500708153786,649.6500708153786,650.0,True,False,True,,,
SIM_DIR-1784864471,SIM_DIR,baseline,,81,81,397.0,0.0,0.0,1.0,601.4102694706709,601.3964801657097,0.013789304961141625,872.0448907324727,781.8333503118722,,781.8333503118722,,True,False,True,,,
SIM_DIR-1784864471,SIM_DIR,capstone_iii_fit_1x,fit_1x,81,81,397.0,0.0,0.0,1.0,601.4102694706709,601.3964801657097,0.013789304961141625,,,631.5800934789564,631.5800934789564,650.0,True,False,True,,,
SIM_DIR-1784864471,SIM_DIR,capstone_iii_fit_activity,fit_activity,81,81,397.0,0.0,0.0,1.0,601.4102694706709,601.3964801657097,0.013789304961141625,,,655.6359526855848,655.6359526855848,650.0,False,True,False,,,
SIM_DIR-1784864471,SIM_DIR,baseline,,82,82,400.0,0.0,0.0,1.0,606.9158436293023,606.9020543243412,0.013789304961141625,880.0279732624883,788.9905967180931,,788.9905967180931,,True,False,True,,,
SIM_DIR-1784864471,SIM_DIR,capstone_iii_fit_1x,fit_1x,82,82,400.0,0.0,0.0,1.0,606.9158436293023,606.9020543243412,0.013789304961141625,,,637.3609463455196,637.3609463455196,650.0,True,False,True,,,
SIM_DIR-1784864471,SIM_DIR,baseline,,83,83,403.0,0.0,0.0,1.0,612.4353503381174,612.4215610331562,0.013789304961141625,888.0312579902701,796.1659554395526,,796.1659554395526,,True,False,True,,,
SIM_DIR-1784864471,SIM_DIR,capstone_iii_fit_1x,fit_1x,83,83,403.0,0.0,0.0,1.0,612.4353503381174,612.4215610331562,0.013789304961141625,,,643.1564283897753,643.1564283897753,650.0,True,False,True,,,
SIM_DIR-1784864471,SIM_DIR,baseline,,84,84,410.0,0.0,0.0,1.0,624.0570093519229,624.0432200469618,0.013789304961141625,904.8826635602883,811.2741121574999,,811.2741121574999,,True,False,True,,,
SIM_DIR-1784864471,SIM_DIR,capstone_iii_fit_1x,fit_1x,84,84,410.0,0.0,0.0,1.0,624.0570093519229,624.0432200469618,0.013789304961141625,,,655.3591703542711,655.3591703542711,650.0,False,True,False,,,
SIM_DIR-1784864471,SIM_DIR,baseline,,85,85,416.0,0.0,0.0,1.0,634.1873236390011,634.1735343340399,0.013789304961141625,919.5716192765516,824.4435207307014,,824.4435207307014,,True,False,True,,,
SIM_DIR-1784864471,SIM_DIR,baseline,,86,86,416.0,0.0,0.0,1.0,635.1848120324163,635.1710227274551,0.013789304961141625,921.0179774470035,825.7402556421412,,825.7402556421412,,True,False,True,,,
SIM_DIR-1784864471,SIM_DIR,baseline,,87,87,420.0,0.0,0.0,1.0,642.298818603723,642.2850292987619,0.013789304961141625,931.3332869753983,834.9884641848399,,834.9884641848399,,True,False,True,,,
SIM_DIR-1784864471,SIM_DIR,baseline,,88,88,428.0,0.0,0.0,1.0,655.558093308468,655.5443040035068,0.013789304961141625,950.5592352972785,852.2255213010084,,852.2255213010084,,True,False,True,,,
SIM_DIR-1784864471,SIM_DIR,baseline,,89,89,428.0,0.0,0.0,1.0,656.5828795419525,656.5690902369913,0.013789304961141625,952.0451753358311,853.5577434045382,,853.5577434045382,,True,False,True,,,
SIM_DIR-1784864471,SIM_DIR,baseline,,90,90,429.0,0.0,0.0,1.0,659.143615016011,659.1298257110499,0.013789304961141625,955.758241773216,856.8866995208144,,856.8866995208144,,True,False,True,,,
SIM_DIR-1784864471,SIM_DIR,baseline,,91,91,431.0,0.0,0.0,1.0,663.2474800138507,663.2336907088895,0.013789304961141625,961.7088460200835,862.221724018006,,862.221724018006,,True,False,True,,,
SIM_DIR-1784864471,SIM_DIR,baseline,,92,92,432.0,0.0,0.0,1.0,665.8192155813043,665.8054262763432,0.013789304961141625,965.4378625928912,865.5649802556957,,865.5649802556957,,True,False,True,,,
SIM_DIR-1784864471,SIM_DIR,baseline,,93,93,434.0,0.0,0.0,1.0,669.9388616336219,669.9250723286607,0.013789304961141625,971.4113493687516,870.9205201237085,,870.9205201237085,,True,False,True,,,
SIM_DIR-1784864471,SIM_DIR,baseline,,94,94,434.0,0.0,0.0,1.0,670.9756002979003,670.9618109929391,0.013789304961141625,972.9146204319554,872.2682803872705,,872.2682803872705,,True,False,True,,,
SIM_DIR-1784864471,SIM_DIR,baseline,,95,95,439.0,0.0,0.0,1.0,679.7537813266508,679.7399920216897,0.013789304961141625,985.6429829236437,883.6799157246461,,883.6799157246461,,True,False,True,,,
SIM_DIR-1784864471,SIM_DIR,baseline,,96,96,439.0,0.0,0.0,1.0,680.8015150491395,680.7877257441784,0.013789304961141625,987.1621968212523,885.0419695638815,,885.0419695638815,,True,False,True,,,
SIM_DIR-1784864471,SIM_DIR,baseline,,97,97,440.0,0.0,0.0,1.0,683.4019349742573,683.3881456692961,0.013789304961141625,990.932805712673,888.4225154665345,,888.4225154665345,,True,False,True,,,
SIM_DIR-1784864471,SIM_DIR,baseline,,98,98,442.0,0.0,0.0,1.0,687.5621984519994,687.5484091470382,0.013789304961141625,996.9651877553991,893.8308579875992,,893.8308579875992,,True,False,True,,,
SIM_DIR-1784864471,SIM_DIR,baseline,,99,99,443.0,0.0,0.0,1.0,690.1736108024166,690.1598214974555,0.013789304961141625,1000.7517356635041,897.2256940431416,,897.2256940431416,,True,False,True,,,
SIM_DIR-1784864471,SIM_DIR,baseline,,100,100,444.0,0.0,0.0,1.0,692.7893275461525,692.7755382411914,0.013789304961141625,1004.5445249419212,900.6261258099984,,900.6261258099984,,True,False,True,,,
SIM_DIR-1784864471,SIM_DIR,baseline,,101,101,446.0,0.0,0.0,1.0,696.972035980508,696.9582466755469,0.013789304961141625,1010.6094521717366,906.0636467746605,,906.0636467746605,,True,False,True,,,
SIM_DIR-1784864471,SIM_DIR,baseline,,102,102,451.0,0.0,0.0,1.0,705.859011858839,705.8452225538779,0.013789304961141625,1023.4955671953165,917.6167154164908,,917.6167154164908,,True,False,True,,,
SIM_DIR-1784864471,SIM_DIR,baseline,,103,103,452.0,0.0,0.0,1.0,708.4995423819038,708.4857530769426,0.013789304961141625,1027.3243364537605,921.049405096475,,921.049405096475,,True,False,True,,,
SIM_DIR-1784864471,SIM_DIR,baseline,,104,104,454.0,0.0,0.0,1.0,712.7141995399622,712.7004102350011,0.013789304961141625,1033.4355893329453,926.528459401951,,926.528459401951,,True,False,True,,,
SIM_DIR-1784864471,SIM_DIR,baseline,,105,105,459.0,0.0,0.0,1.0,721.6545200880555,721.6407307830943,0.013789304961141625,1046.3990541276805,938.1508761144722,,938.1508761144722,,True,False,True,,,
SIM_DIR-1784864471,SIM_DIR,baseline,,106,106,462.0,0.0,0.0,1.0,727.4689969793178,727.4552076743566,0.013789304961141625,1054.8300456200109,945.7096960731132,,945.7096960731132,,True,False,True,,,
SIM_DIR-1784864471,SIM_DIR,baseline,,107,107,464.0,0.0,0.0,1.0,731.7203206816864,731.7065313767253,0.013789304961141625,1060.9944649884453,951.2364168861924,,951.2364168861924,,True,False,True,,,
SIM_DIR-1784864471,SIM_DIR,baseline,,108,108,464.0,0.0,0.0,1.0,732.8220348079526,732.8082455029914,0.013789304961141625,1062.5919504715312,952.6686452503384,,952.6686452503384,,True,False,True,,,
SIM_DIR-1784864471,SIM_DIR,baseline,,109,109,464.0,0.0,0.0,1.0,733.9232997731302,733.9095104681691,0.013789304961141625,1064.1887846710388,954.1002897050694,,954.1002897050694,,True,False,True,,,
SIM_DIR-1784864471,SIM_DIR,baseline,,110,110,465.0,0.0,0.0,1.0,736.6081932050287,736.5944039000675,0.013789304961141625,1068.0818801472915,957.5906511665373,,957.5906511665373,,True,False,True,,,
SIM_DIR-1784864471,SIM_DIR,baseline,,111,111,465.0,0.0,0.0,1.0,737.7109422435492,737.697152938588,0.013789304961141625,1069.6808662531464,959.024224916614,,959.024224916614,,True,False,True,,,
SIM_DIR-1784864471,SIM_DIR,baseline,,112,112,465.0,0.0,0.0,1.0,738.8132520077088,738.7994627027476,0.013789304961141625,1071.2792154111778,960.4572276100215,,960.4572276100215,,True,False,True,,,
SIM_DIR-1784864471,SIM_DIR,baseline,,113,113,465.0,0.0,0.0,1.0,739.9151260553655,739.9013367504043,0.013789304961141625,1072.87693278028,961.8896638719751,,961.8896638719751,,True,False,True,,,
SIM_DIR-1784864471,SIM_DIR,baseline,,114,114,465.0,0.0,0.0,1.0,741.0165679147246,741.0027786097635,0.013789304961141625,1074.4740234763508,963.321538289142,,963.321538289142,,True,False,True,,,
SIM_DIR-1784864471,SIM_DIR,baseline,,115,115,468.0,0.0,0.0,1.0,746.9053474832364,746.8915581782752,0.013789304961141625,1083.0127538506927,970.9769517282073,,970.9769517282073,,True,False,True,,,
SIM_DIR-1784864471,SIM_DIR,baseline,,116,116,471.0,0.0,0.0,1.0,752.8079029670182,752.794113662057,0.013789304961141625,1091.5714593021764,978.6502738571237,,978.6502738571237,,True,False,True,,,
SIM_DIR-1784864471,SIM_DIR,baseline,,117,117,476.0,0.0,0.0,1.0,761.925539518606,761.9117502136448,0.013789304961141625,1104.7920323019787,990.5032013741878,,990.5032013741878,,True,False,True,,,
SIM_DIR-1784864471,SIM_DIR,baseline,,118,118,477.0,0.0,0.0,1.0,764.6543228508164,764.6405335458552,0.013789304961141625,1108.7487681336836,994.0506197060613,,994.0506197060613,,True,False,True,,,
SIM_DIR-1784864471,SIM_DIR,baseline,,119,119,479.0,0.0,0.0,1.0,768.9927938415301,768.9790045365689,0.013789304961141625,1115.0395510702185,999.6906319939892,,999.6906319939892,,True,False,True,,,
SIM_DIR-1784864471,SIM_DIR,baseline,,120,120,479.0,0.0,0.0,1.0,770.1248008421064,770.1110115371453,0.013789304961141625,1116.6809612210543,1001.1622410947384,,1001.1622410947384,,True,False,True,,,
