run_id,kernel,mode,bound_mode,iteration,breaks,f_mhz,II,raw_AHA_II,effective_power_II,P_mean_mW,P_mean_dyn_mW,P_mean_leak_mW,P_upper_anchor_mW,P_upper_spec_mW,P_upper_robust_mW,P_effective_stop_upper_mW,cap_mW,safe,stopped_here,active_after,P_oracle_mW,success,delta_cap_pct
SIM_DIR-1784852438,SIM_DIR,baseline,,0,0,57.0,0.0,0.0,1.0,127.14166957524642,127.12374913727179,0.01792043797463843,184.3554208841073,165.28417044782034,,165.28417044782034,,True,False,True,,,
SIM_DIR-1784852438,SIM_DIR,capstone_i,,0,0,57.0,0.0,0.0,1.0,127.14166957524642,127.12374913727179,0.01792043797463843,184.3554208841073,165.28417044782034,,165.28417044782034,1100.0,True,False,True,,,
SIM_DIR-1784852438,SIM_DIR,capstone_ii,,0,0,57.0,0.0,0.0,1.0,127.14166957524642,127.12374913727179,0.01792043797463843,197.54166957524643,171.14166957524642,,171.14166957524642,1100.0,True,False,True,,,
SIM_DIR-1784852438,SIM_DIR,capstone_iii_fit_1x,fit_1x,0,0,57.0,0.0,0.0,1.0,127.14166957524642,127.12374913727179,0.01792043797463843,,,133.59785703211003,133.59785703211003,1100.0,True,False,True,,,
SIM_DIR-1784852438,SIM_DIR,capstone_iii_fit_2x,fit_2x,0,0,57.0,0.0,0.0,1.0,127.14166957524642,127.12374913727179,0.01792043797463843,,,139.95404448897364,139.95404448897364,1100.0,True,False,True,,,
SIM_DIR-1784852438,SIM_DIR,capstone_iii_fit_activity,fit_activity,0,0,57.0,0.0,0.0,1.0,127.14166957524642,127.12374913727179,0.01792043797463843,,,138.68280699760092,138.68280699760092,1100.0,True,False,True,,,
SIM_DIR-1784852438,SIM_DIR,capstone_iii_fit_activity_pvt,fit_activity_pvt,0,0,57.0,0.0,0.0,1.0,127.14166957524642,127.12374913727179,0.01792043797463843,,,142.49651947171904,142.49651947171904,1100.0,True,False,True,,,
SIM_DIR-1784852438,SIM_DIR,capstone_iii_full,full,0,0,57.0,0.0,0.0,1.0,127.14166957524642,127.12374913727179,0.01792043797463843,,,146.31023194583722,146.31023194583722,1100.0,True,False,True,,,
SIM_DIR-1784852438,SIM_DIR,baseline,,1,1,61.0,0.0,0.0,1.0,136.23478076989147,136.21686033191682,0.01792043797463843,197.54043211634263,177.10521500085892,,177.10521500085892,,True,False,True,,,
SIM_DIR-1784852438,SIM_DIR,capstone_i,,1,1,61.0,0.0,0.0,1.0,136.23478076989147,136.21686033191682,0.01792043797463843,197.54043211634263,177.10521500085892,,177.10521500085892,1100.0,True,False,True,,,
SIM_DIR-1784852438,SIM_DIR,capstone_ii,,1,1,61.0,0.0,0.0,1.0,136.23478076989147,136.21686033191682,0.01792043797463843,206.63478076989148,180.23478076989147,,180.23478076989147,1100.0,True,False,True,,,
SIM_DIR-1784852438,SIM_DIR,capstone_iii_fit_1x,fit_1x,1,1,61.0,0.0,0.0,1.0,136.23478076989147,136.21686033191682,0.01792043797463843,,,143.14562378648733,143.14562378648733,1100.0,True,False,True,,,
SIM_DIR-1784852438,SIM_DIR,capstone_iii_fit_2x,fit_2x,1,1,61.0,0.0,0.0,1.0,136.23478076989147,136.21686033191682,0.01792043797463843,,,149.95646680308317,149.95646680308317,1100.0,True,False,True,,,
SIM_DIR-1784852438,SIM_DIR,capstone_iii_fit_activity,fit_activity,1,1,61.0,0.0,0.0,1.0,136.23478076989147,136.21686033191682,0.01792043797463843,,,148.59429819976398,148.59429819976398,1100.0,True,False,True,,,
SIM_DIR-1784852438,SIM_DIR,capstone_iii_fit_activity_pvt,fit_activity_pvt,1,1,61.0,0.0,0.0,1.0,136.23478076989147,136.21686033191682,0.01792043797463843,,,152.68080400972153,152.68080400972153,1100.0,True,False,True,,,
SIM_DIR-1784852438,SIM_DIR,capstone_iii_full,full,1,1,61.0,0.0,0.0,1.0,136.23478076989147,136.21686033191682,0.01792043797463843,,,156.767309819679,156.767309819679,1100.0,True,False,True,,,
SIM_DIR-1784852438,SIM_DIR,baseline,,2,2,65.0,0.0,0.0,1.0,145.35036280999512,145.33244237202047,0.01792043797463843,210.7580260744929,188.95547165299365,,188.95547165299365,,True,False,True,,,
SIM_DIR-1784852438,SIM_DIR,capstone_i,,2,2,65.0,0.0,0.0,1.0,145.35036280999512,145.33244237202047,0.01792043797463843,210.7580260744929,188.95547165299365,,188.95547165299365,1100.0,True,False,True,,,
SIM_DIR-1784852438,SIM_DIR,capstone_ii,,2,2,65.0,0.0,0.0,1.0,145.35036280999512,145.33244237202047,0.01792043797463843,215.75036280999512,189.35036280999512,,189.35036280999512,1100.0,True,False,True,,,
SIM_DIR-1784852438,SIM_DIR,capstone_iii_fit_1x,fit_1x,2,2,65.0,0.0,0.0,1.0,145.35036280999512,145.33244237202047,0.01792043797463843,,,152.71698492859613,152.71698492859613,1100.0,True,False,True,,,
SIM_DIR-1784852438,SIM_DIR,capstone_iii_fit_2x,fit_2x,2,2,65.0,0.0,0.0,1.0,145.35036280999512,145.33244237202047,0.01792043797463843,,,159.98360704719715,159.98360704719715,1100.0,True,False,True,,,
SIM_DIR-1784852438,SIM_DIR,capstone_iii_fit_activity,fit_activity,2,2,65.0,0.0,0.0,1.0,145.35036280999512,145.33244237202047,0.01792043797463843,,,158.53028262347695,158.53028262347695,1100.0,True,False,True,,,
SIM_DIR-1784852438,SIM_DIR,capstone_iii_fit_activity_pvt,fit_activity_pvt,2,2,65.0,0.0,0.0,1.0,145.35036280999512,145.33244237202047,0.01792043797463843,,,162.89025589463756,162.89025589463756,1100.0,True,False,True,,,
SIM_DIR-1784852438,SIM_DIR,capstone_iii_full,full,2,2,65.0,0.0,0.0,1.0,145.35036280999512,145.33244237202047,0.01792043797463843,,,167.25022916579817,167.25022916579817,1100.0,True,False,True,,,
SIM_DIR-1784852438,SIM_DIR,baseline,,3,3,73.0,0.0,0.0,1.0,163.44320709652249,163.42528665854783,0.01792043797463843,236.9926502899576,212.47616922547923,,212.47616922547923,,True,False,True,,,
SIM_DIR-1784852438,SIM_DIR,capstone_i,,3,3,73.0,0.0,0.0,1.0,163.44320709652249,163.42528665854783,0.01792043797463843,236.9926502899576,212.47616922547923,,212.47616922547923,1100.0,True,False,True,,,
SIM_DIR-1784852438,SIM_DIR,capstone_ii,,3,3,73.0,0.0,0.0,1.0,163.44320709652249,163.42528665854783,0.01792043797463843,233.8432070965225,207.44320709652249,,207.44320709652249,1100.0,True,False,True,,,
SIM_DIR-1784852438,SIM_DIR,capstone_iii_fit_1x,fit_1x,3,3,73.0,0.0,0.0,1.0,163.44320709652249,163.42528665854783,0.01792043797463843,,,171.71447142944984,171.71447142944984,1100.0,True,False,True,,,
SIM_DIR-1784852438,SIM_DIR,capstone_iii_fit_2x,fit_2x,3,3,73.0,0.0,0.0,1.0,163.44320709652249,163.42528665854783,0.01792043797463843,,,179.88573576237724,179.88573576237724,1100.0,True,False,True,,,
SIM_DIR-1784852438,SIM_DIR,capstone_iii_fit_activity,fit_activity,3,3,73.0,0.0,0.0,1.0,163.44320709652249,163.42528665854783,0.01792043797463843,,,178.25148289579175,178.25148289579175,1100.0,True,False,True,,,
SIM_DIR-1784852438,SIM_DIR,capstone_iii_fit_activity_pvt,fit_activity_pvt,3,3,73.0,0.0,0.0,1.0,163.44320709652249,163.42528665854783,0.01792043797463843,,,183.1542414955482,183.1542414955482,1100.0,True,False,True,,,
SIM_DIR-1784852438,SIM_DIR,capstone_iii_full,full,3,3,73.0,0.0,0.0,1.0,163.44320709652249,163.42528665854783,0.01792043797463843,,,188.05700009530463,188.05700009530463,1100.0,True,False,True,,,
SIM_DIR-1784852438,SIM_DIR,baseline,,4,4,79.0,0.0,0.0,1.0,177.09798294522335,177.0800625072487,0.01792043797463843,256.79207527057383,230.22737782879037,,230.22737782879037,,True,False,True,,,
SIM_DIR-1784852438,SIM_DIR,capstone_i,,4,4,79.0,0.0,0.0,1.0,177.09798294522335,177.0800625072487,0.01792043797463843,256.79207527057383,230.22737782879037,,230.22737782879037,1100.0,True,False,True,,,
SIM_DIR-1784852438,SIM_DIR,capstone_ii,,4,4,79.0,0.0,0.0,1.0,177.09798294522335,177.0800625072487,0.01792043797463843,247.49798294522336,221.09798294522335,,221.09798294522335,1100.0,True,False,True,,,
SIM_DIR-1784852438,SIM_DIR,capstone_iii_fit_1x,fit_1x,4,4,79.0,0.0,0.0,1.0,177.09798294522335,177.0800625072487,0.01792043797463843,,,186.05198607058574,186.05198607058574,1100.0,True,False,True,,,
SIM_DIR-1784852438,SIM_DIR,capstone_iii_fit_2x,fit_2x,4,4,79.0,0.0,0.0,1.0,177.09798294522335,177.0800625072487,0.01792043797463843,,,194.9059891959482,194.9059891959482,1100.0,True,False,True,,,
SIM_DIR-1784852438,SIM_DIR,capstone_iii_fit_activity,fit_activity,4,4,79.0,0.0,0.0,1.0,177.09798294522335,177.0800625072487,0.01792043797463843,,,193.1351885708757,193.1351885708757,1100.0,True,False,True,,,
SIM_DIR-1784852438,SIM_DIR,capstone_iii_fit_activity_pvt,fit_activity_pvt,4,4,79.0,0.0,0.0,1.0,177.09798294522335,177.0800625072487,0.01792043797463843,,,198.44759044609316,198.44759044609316,1100.0,True,False,True,,,
SIM_DIR-1784852438,SIM_DIR,capstone_iii_full,full,4,4,79.0,0.0,0.0,1.0,177.09798294522335,177.0800625072487,0.01792043797463843,,,203.75999232131062,203.75999232131062,1100.0,True,False,True,,,
SIM_DIR-1784852438,SIM_DIR,baseline,,5,5,86.0,0.0,0.0,1.0,193.0307651380566,193.01284470008196,0.01792043797463843,279.8946094501821,250.9399946794736,,250.9399946794736,,True,False,True,,,
SIM_DIR-1784852438,SIM_DIR,capstone_i,,5,5,86.0,0.0,0.0,1.0,193.0307651380566,193.01284470008196,0.01792043797463843,279.8946094501821,250.9399946794736,,250.9399946794736,1100.0,True,False,True,,,
SIM_DIR-1784852438,SIM_DIR,capstone_ii,,5,5,86.0,0.0,0.0,1.0,193.0307651380566,193.01284470008196,0.01792043797463843,263.4307651380566,237.0307651380566,,237.0307651380566,1100.0,True,False,True,,,
SIM_DIR-1784852438,SIM_DIR,capstone_iii_fit_1x,fit_1x,5,5,86.0,0.0,0.0,1.0,193.0307651380566,193.01284470008196,0.01792043797463843,,,202.78140737306072,202.78140737306072,1100.0,True,False,True,,,
SIM_DIR-1784852438,SIM_DIR,capstone_iii_fit_2x,fit_2x,5,5,86.0,0.0,0.0,1.0,193.0307651380566,193.01284470008196,0.01792043797463843,,,212.43204960806477,212.43204960806477,1100.0,True,False,True,,,
SIM_DIR-1784852438,SIM_DIR,capstone_iii_fit_activity,fit_activity,5,5,86.0,0.0,0.0,1.0,193.0307651380566,193.01284470008196,0.01792043797463843,,,210.50192116106396,210.50192116106396,1100.0,True,False,True,,,
SIM_DIR-1784852438,SIM_DIR,capstone_iii_fit_activity_pvt,fit_activity_pvt,5,5,86.0,0.0,0.0,1.0,193.0307651380566,193.01284470008196,0.01792043797463843,,,216.29230650206645,216.29230650206645,1100.0,True,False,True,,,
SIM_DIR-1784852438,SIM_DIR,capstone_iii_full,full,5,5,86.0,0.0,0.0,1.0,193.0307651380566,193.01284470008196,0.01792043797463843,,,222.0826918430689,222.0826918430689,1100.0,True,False,True,,,
SIM_DIR-1784852438,SIM_DIR,baseline,,6,6,87.0,0.0,0.0,1.0,195.51992184951675,195.5020014115421,0.01792043797463843,283.50388668179926,254.1758984043718,,254.1758984043718,,True,False,True,,,
SIM_DIR-1784852438,SIM_DIR,capstone_i,,6,6,87.0,0.0,0.0,1.0,195.51992184951675,195.5020014115421,0.01792043797463843,283.50388668179926,254.1758984043718,,254.1758984043718,1100.0,True,False,True,,,
SIM_DIR-1784852438,SIM_DIR,capstone_ii,,6,6,87.0,0.0,0.0,1.0,195.51992184951675,195.5020014115421,0.01792043797463843,265.91992184951675,239.51992184951675,,239.51992184951675,1100.0,True,False,True,,,
SIM_DIR-1784852438,SIM_DIR,capstone_iii_fit_1x,fit_1x,6,6,87.0,0.0,0.0,1.0,195.51992184951675,195.5020014115421,0.01792043797463843,,,205.39502192009385,205.39502192009385,1100.0,True,False,True,,,
SIM_DIR-1784852438,SIM_DIR,capstone_iii_fit_2x,fit_2x,6,6,87.0,0.0,0.0,1.0,195.51992184951675,195.5020014115421,0.01792043797463843,,,215.17012199067096,215.17012199067096,1100.0,True,False,True,,,
SIM_DIR-1784852438,SIM_DIR,capstone_iii_fit_activity,fit_activity,6,6,87.0,0.0,0.0,1.0,195.51992184951675,195.5020014115421,0.01792043797463843,,,213.21510197655553,213.21510197655553,1100.0,True,False,True,,,
SIM_DIR-1784852438,SIM_DIR,capstone_iii_fit_activity_pvt,fit_activity_pvt,6,6,87.0,0.0,0.0,1.0,195.51992184951675,195.5020014115421,0.01792043797463843,,,219.08016201890183,219.08016201890183,1100.0,True,False,True,,,
SIM_DIR-1784852438,SIM_DIR,capstone_iii_full,full,6,6,87.0,0.0,0.0,1.0,195.51992184951675,195.5020014115421,0.01792043797463843,,,224.94522206124807,224.94522206124807,1100.0,True,False,True,,,
SIM_DIR-1784852438,SIM_DIR,baseline,,7,7,100.0,0.0,0.0,1.0,225.01411067430703,224.99619023633238,0.01792043797463843,326.2704604777452,292.51834387659915,,292.51834387659915,,True,False,True,,,
SIM_DIR-1784852438,SIM_DIR,capstone_i,,7,7,100.0,0.0,0.0,1.0,225.01411067430703,224.99619023633238,0.01792043797463843,326.2704604777452,292.51834387659915,,292.51834387659915,1100.0,True,False,True,,,
SIM_DIR-1784852438,SIM_DIR,capstone_ii,,7,7,100.0,0.0,0.0,1.0,225.01411067430703,224.99619023633238,0.01792043797463843,295.41411067430704,269.01411067430706,,269.01411067430706,1100.0,True,False,True,,,
SIM_DIR-1784852438,SIM_DIR,capstone_iii_fit_1x,fit_1x,7,7,100.0,0.0,0.0,1.0,225.01411067430703,224.99619023633238,0.01792043797463843,,,236.36392018612364,236.36392018612364,1100.0,True,False,True,,,
SIM_DIR-1784852438,SIM_DIR,capstone_iii_fit_2x,fit_2x,7,7,100.0,0.0,0.0,1.0,225.01411067430703,224.99619023633238,0.01792043797463843,,,247.61372969794027,247.61372969794027,1100.0,True,False,True,,,
SIM_DIR-1784852438,SIM_DIR,capstone_iii_fit_activity,fit_activity,7,7,100.0,0.0,0.0,1.0,225.01411067430703,224.99619023633238,0.01792043797463843,,,245.36376779557693,245.36376779557693,1100.0,True,False,True,,,
SIM_DIR-1784852438,SIM_DIR,capstone_iii_fit_activity_pvt,fit_activity_pvt,7,7,100.0,0.0,0.0,1.0,225.01411067430703,224.99619023633238,0.01792043797463843,,,252.11365350266692,252.11365350266692,1100.0,True,False,True,,,
SIM_DIR-1784852438,SIM_DIR,capstone_iii_full,full,7,7,100.0,0.0,0.0,1.0,225.01411067430703,224.99619023633238,0.01792043797463843,,,258.8635392097569,258.8635392097569,1100.0,True,False,True,,,
SIM_DIR-1784852438,SIM_DIR,baseline,,8,8,112.0,0.0,0.0,1.0,252.32847355563285,252.3105531176582,0.01792043797463843,365.8762866556676,328.0270156223227,,328.0270156223227,,True,False,True,,,
SIM_DIR-1784852438,SIM_DIR,capstone_i,,8,8,112.0,0.0,0.0,1.0,252.32847355563285,252.3105531176582,0.01792043797463843,365.8762866556676,328.0270156223227,,328.0270156223227,1100.0,True,False,True,,,
SIM_DIR-1784852438,SIM_DIR,capstone_ii,,8,8,112.0,0.0,0.0,1.0,252.32847355563285,252.3105531176582,0.01792043797463843,331.17647355563287,301.6084735556328,,301.6084735556328,1100.0,True,False,True,,,
SIM_DIR-1784852438,SIM_DIR,capstone_iii_fit_1x,fit_1x,8,8,112.0,0.0,0.0,1.0,252.32847355563285,252.3105531176582,0.01792043797463843,,,265.04400121151576,265.04400121151576,1100.0,True,False,True,,,
SIM_DIR-1784852438,SIM_DIR,capstone_iii_fit_2x,fit_2x,8,8,112.0,0.0,0.0,1.0,252.32847355563285,252.3105531176582,0.01792043797463843,,,277.6595288673987,277.6595288673987,1100.0,True,False,True,,,
SIM_DIR-1784852438,SIM_DIR,capstone_iii_fit_activity,fit_activity,8,8,112.0,0.0,0.0,1.0,252.32847355563285,252.3105531176582,0.01792043797463843,,,275.1364233362221,275.1364233362221,1100.0,True,False,True,,,
SIM_DIR-1784852438,SIM_DIR,capstone_iii_fit_activity_pvt,fit_activity_pvt,8,8,112.0,0.0,0.0,1.0,252.32847355563285,252.3105531176582,0.01792043797463843,,,282.7057399297518,282.7057399297518,1100.0,True,False,True,,,
SIM_DIR-1784852438,SIM_DIR,capstone_iii_full,full,8,8,112.0,0.0,0.0,1.0,252.32847355563285,252.3105531176582,0.01792043797463843,,,290.2750565232816,290.2750565232816,1100.0,True,False,True,,,
SIM_DIR-1784852438,SIM_DIR,baseline,,9,9,112.0,0.0,0.0,1.0,252.64311911896647,252.62519868099182,0.01792043797463843,366.3325227225014,328.4360548546564,,328.4360548546564,,True,False,True,,,
SIM_DIR-1784852438,SIM_DIR,capstone_i,,9,9,112.0,0.0,0.0,1.0,252.64311911896647,252.62519868099182,0.01792043797463843,366.3325227225014,328.4360548546564,,328.4360548546564,1100.0,True,False,True,,,
SIM_DIR-1784852438,SIM_DIR,capstone_ii,,9,9,112.0,0.0,0.0,1.0,252.64311911896647,252.62519868099182,0.01792043797463843,331.4911191189665,301.9231191189665,,301.9231191189665,1100.0,True,False,True,,,
SIM_DIR-1784852438,SIM_DIR,capstone_iii_fit_1x,fit_1x,9,9,112.0,0.0,0.0,1.0,252.64311911896647,252.62519868099182,0.01792043797463843,,,265.37437905301607,265.37437905301607,1100.0,True,False,True,,,
SIM_DIR-1784852438,SIM_DIR,capstone_iii_fit_2x,fit_2x,9,9,112.0,0.0,0.0,1.0,252.64311911896647,252.62519868099182,0.01792043797463843,,,278.00563898706565,278.00563898706565,1100.0,True,False,True,,,
SIM_DIR-1784852438,SIM_DIR,capstone_iii_fit_activity,fit_activity,9,9,112.0,0.0,0.0,1.0,252.64311911896647,252.62519868099182,0.01792043797463843,,,275.4793870002557,275.4793870002557,1100.0,True,False,True,,,
SIM_DIR-1784852438,SIM_DIR,capstone_iii_fit_activity_pvt,fit_activity_pvt,9,9,112.0,0.0,0.0,1.0,252.64311911896647,252.62519868099182,0.01792043797463843,,,283.0581429606855,283.0581429606855,1100.0,True,False,True,,,
SIM_DIR-1784852438,SIM_DIR,capstone_iii_full,full,9,9,112.0,0.0,0.0,1.0,252.64311911896647,252.62519868099182,0.01792043797463843,,,290.63689892111523,290.63689892111523,1100.0,True,False,True,,,
SIM_DIR-1784852438,SIM_DIR,baseline,,10,10,114.0,0.0,0.0,1.0,257.47437109351125,257.4564506555366,0.01792043797463843,373.33783808559133,334.71668242156466,,334.71668242156466,,True,False,True,,,
SIM_DIR-1784852438,SIM_DIR,capstone_i,,10,10,114.0,0.0,0.0,1.0,257.47437109351125,257.4564506555366,0.01792043797463843,373.33783808559133,334.71668242156466,,334.71668242156466,1100.0,True,False,True,,,
SIM_DIR-1784852438,SIM_DIR,capstone_ii,,10,10,114.0,0.0,0.0,1.0,257.47437109351125,257.4564506555366,0.01792043797463843,337.7303710935113,307.6343710935113,,307.6343710935113,1100.0,True,False,True,,,
SIM_DIR-1784852438,SIM_DIR,capstone_iii_fit_1x,fit_1x,10,10,114.0,0.0,0.0,1.0,257.47437109351125,257.4564506555366,0.01792043797463843,,,270.4471936262881,270.4471936262881,1100.0,True,False,True,,,
SIM_DIR-1784852438,SIM_DIR,capstone_iii_fit_2x,fit_2x,10,10,114.0,0.0,0.0,1.0,257.47437109351125,257.4564506555366,0.01792043797463843,,,283.32001615906495,283.32001615906495,1100.0,True,False,True,,,
SIM_DIR-1784852438,SIM_DIR,capstone_iii_fit_activity,fit_activity,10,10,114.0,0.0,0.0,1.0,257.47437109351125,257.4564506555366,0.01792043797463843,,,280.74545165250953,280.74545165250953,1100.0,True,False,True,,,
SIM_DIR-1784852438,SIM_DIR,capstone_iii_fit_activity_pvt,fit_activity_pvt,10,10,114.0,0.0,0.0,1.0,257.47437109351125,257.4564506555366,0.01792043797463843,,,288.4691451721757,288.4691451721757,1100.0,True,False,True,,,
SIM_DIR-1784852438,SIM_DIR,capstone_iii_full,full,10,10,114.0,0.0,0.0,1.0,257.47437109351125,257.4564506555366,0.01792043797463843,,,296.1928386918417,296.1928386918417,1100.0,True,False,True,,,
SIM_DIR-1784852438,SIM_DIR,baseline,,11,11,118.0,0.0,0.0,1.0,266.8390680238629,266.8211475858883,0.01792043797463843,386.91664863460124,346.8907884310218,,346.8907884310218,,True,False,True,,,
SIM_DIR-1784852438,SIM_DIR,capstone_i,,11,11,118.0,0.0,0.0,1.0,266.8390680238629,266.8211475858883,0.01792043797463843,386.91664863460124,346.8907884310218,,346.8907884310218,1100.0,True,False,True,,,
SIM_DIR-1784852438,SIM_DIR,capstone_ii,,11,11,118.0,0.0,0.0,1.0,266.8390680238629,266.8211475858883,0.01792043797463843,349.9110680238629,318.75906802386294,,318.75906802386294,1100.0,True,False,True,,,
SIM_DIR-1784852438,SIM_DIR,capstone_iii_fit_1x,fit_1x,11,11,118.0,0.0,0.0,1.0,266.8390680238629,266.8211475858883,0.01792043797463843,,,280.28012540315734,280.28012540315734,1100.0,True,False,True,,,
SIM_DIR-1784852438,SIM_DIR,capstone_iii_fit_2x,fit_2x,11,11,118.0,0.0,0.0,1.0,266.8390680238629,266.8211475858883,0.01792043797463843,,,293.6211827824518,293.6211827824518,1100.0,True,False,True,,,
SIM_DIR-1784852438,SIM_DIR,capstone_iii_fit_activity,fit_activity,11,11,118.0,0.0,0.0,1.0,266.8390680238629,266.8211475858883,0.01792043797463843,,,290.9529713065929,290.9529713065929,1100.0,True,False,True,,,
SIM_DIR-1784852438,SIM_DIR,capstone_iii_fit_activity_pvt,fit_activity_pvt,11,11,118.0,0.0,0.0,1.0,266.8390680238629,266.8211475858883,0.01792043797463843,,,298.95760573416953,298.95760573416953,1100.0,True,False,True,,,
SIM_DIR-1784852438,SIM_DIR,capstone_iii_full,full,11,11,118.0,0.0,0.0,1.0,266.8390680238629,266.8211475858883,0.01792043797463843,,,306.9622401617462,306.9622401617462,1100.0,True,False,True,,,
SIM_DIR-1784852438,SIM_DIR,baseline,,12,12,120.0,0.0,0.0,1.0,271.6980265540048,271.6801061160302,0.01792043797463843,393.96213850330696,353.2074345202063,,353.2074345202063,,True,False,True,,,
SIM_DIR-1784852438,SIM_DIR,capstone_i,,12,12,120.0,0.0,0.0,1.0,271.6980265540048,271.6801061160302,0.01792043797463843,393.96213850330696,353.2074345202063,,353.2074345202063,1100.0,True,False,True,,,
SIM_DIR-1784852438,SIM_DIR,capstone_ii,,12,12,120.0,0.0,0.0,1.0,271.6980265540048,271.6801061160302,0.01792043797463843,356.1780265540048,324.4980265540048,,324.4980265540048,1100.0,True,False,True,,,
SIM_DIR-1784852438,SIM_DIR,capstone_iii_fit_1x,fit_1x,12,12,120.0,0.0,0.0,1.0,271.6980265540048,271.6801061160302,0.01792043797463843,,,285.3820318598063,285.3820318598063,1100.0,True,False,True,,,
SIM_DIR-1784852438,SIM_DIR,capstone_iii_fit_2x,fit_2x,12,12,120.0,0.0,0.0,1.0,271.6980265540048,271.6801061160302,0.01792043797463843,,,298.9660371656079,298.9660371656079,1100.0,True,False,True,,,
SIM_DIR-1784852438,SIM_DIR,capstone_iii_fit_activity,fit_activity,12,12,120.0,0.0,0.0,1.0,271.6980265540048,271.6801061160302,0.01792043797463843,,,296.2492361044475,296.2492361044475,1100.0,True,False,True,,,
SIM_DIR-1784852438,SIM_DIR,capstone_iii_fit_activity_pvt,fit_activity_pvt,12,12,120.0,0.0,0.0,1.0,271.6980265540048,271.6801061160302,0.01792043797463843,,,304.39963928792844,304.39963928792844,1100.0,True,False,True,,,
SIM_DIR-1784852438,SIM_DIR,capstone_iii_full,full,12,12,120.0,0.0,0.0,1.0,271.6980265540048,271.6801061160302,0.01792043797463843,,,312.55004247140937,312.55004247140937,1100.0,True,False,True,,,
SIM_DIR-1784852438,SIM_DIR,baseline,,13,13,121.0,0.0,0.0,1.0,274.30121439422766,274.28329395625303,0.01792043797463843,397.7367608716301,356.59157871249596,,356.59157871249596,,True,False,True,,,
SIM_DIR-1784852438,SIM_DIR,capstone_i,,13,13,121.0,0.0,0.0,1.0,274.30121439422766,274.28329395625303,0.01792043797463843,397.7367608716301,356.59157871249596,,356.59157871249596,1100.0,True,False,True,,,
SIM_DIR-1784852438,SIM_DIR,capstone_ii,,13,13,121.0,0.0,0.0,1.0,274.30121439422766,274.28329395625303,0.01792043797463843,359.4852143942277,327.54121439422767,,327.54121439422767,1100.0,True,False,True,,,
SIM_DIR-1784852438,SIM_DIR,capstone_iii_fit_1x,fit_1x,13,13,121.0,0.0,0.0,1.0,274.30121439422766,274.28329395625303,0.01792043797463843,,,288.1153790920403,288.1153790920403,1100.0,True,False,True,,,
SIM_DIR-1784852438,SIM_DIR,capstone_iii_fit_2x,fit_2x,13,13,121.0,0.0,0.0,1.0,274.30121439422766,274.28329395625303,0.01792043797463843,,,301.82954378985295,301.82954378985295,1100.0,True,False,True,,,
SIM_DIR-1784852438,SIM_DIR,capstone_iii_fit_activity,fit_activity,13,13,121.0,0.0,0.0,1.0,274.30121439422766,274.28329395625303,0.01792043797463843,,,299.0867108502904,299.0867108502904,1100.0,True,False,True,,,
SIM_DIR-1784852438,SIM_DIR,capstone_iii_fit_activity_pvt,fit_activity_pvt,13,13,121.0,0.0,0.0,1.0,274.30121439422766,274.28329395625303,0.01792043797463843,,,307.315209668978,307.315209668978,1100.0,True,False,True,,,
SIM_DIR-1784852438,SIM_DIR,capstone_iii_full,full,13,13,121.0,0.0,0.0,1.0,274.30121439422766,274.28329395625303,0.01792043797463843,,,315.5437084876656,315.5437084876656,1100.0,True,False,True,,,
SIM_DIR-1784852438,SIM_DIR,baseline,,14,14,127.0,0.0,0.0,1.0,288.2578531212663,288.23993268329167,0.01792043797463843,417.9738870258361,374.7352090576462,,374.7352090576462,,True,False,True,,,
SIM_DIR-1784852438,SIM_DIR,capstone_i,,14,14,127.0,0.0,0.0,1.0,288.2578531212663,288.23993268329167,0.01792043797463843,417.9738870258361,374.7352090576462,,374.7352090576462,1100.0,True,False,True,,,
SIM_DIR-1784852438,SIM_DIR,capstone_ii,,14,14,127.0,0.0,0.0,1.0,288.2578531212663,288.23993268329167,0.01792043797463843,377.6658531212663,344.1378531212663,,344.1378531212663,1100.0,True,False,True,,,
SIM_DIR-1784852438,SIM_DIR,capstone_iii_fit_1x,fit_1x,14,14,127.0,0.0,0.0,1.0,288.2578531212663,288.23993268329167,0.01792043797463843,,,302.7698497554309,302.7698497554309,1100.0,True,False,True,,,
SIM_DIR-1784852438,SIM_DIR,capstone_iii_fit_2x,fit_2x,14,14,127.0,0.0,0.0,1.0,288.2578531212663,288.23993268329167,0.01792043797463843,,,317.1818463895955,317.1818463895955,1100.0,True,False,True,,,
SIM_DIR-1784852438,SIM_DIR,capstone_iii_fit_activity,fit_activity,14,14,127.0,0.0,0.0,1.0,288.2578531212663,288.23993268329167,0.01792043797463843,,,314.2994470627625,314.2994470627625,1100.0,True,False,True,,,
SIM_DIR-1784852438,SIM_DIR,capstone_iii_fit_activity_pvt,fit_activity_pvt,14,14,127.0,0.0,0.0,1.0,288.2578531212663,288.23993268329167,0.01792043797463843,,,322.94664504326136,322.94664504326136,1100.0,True,False,True,,,
SIM_DIR-1784852438,SIM_DIR,capstone_iii_full,full,14,14,127.0,0.0,0.0,1.0,288.2578531212663,288.23993268329167,0.01792043797463843,,,331.59384302376003,331.59384302376003,1100.0,True,False,True,,,
SIM_DIR-1784852438,SIM_DIR,baseline,,15,15,131.0,0.0,0.0,1.0,297.7031004239925,297.6851799860179,0.01792043797463843,431.6694956147891,387.0140305511903,,387.0140305511903,,True,False,True,,,
SIM_DIR-1784852438,SIM_DIR,capstone_i,,15,15,131.0,0.0,0.0,1.0,297.7031004239925,297.6851799860179,0.01792043797463843,431.6694956147891,387.0140305511903,,387.0140305511903,1100.0,True,False,True,,,
SIM_DIR-1784852438,SIM_DIR,capstone_ii,,15,15,131.0,0.0,0.0,1.0,297.7031004239925,297.6851799860179,0.01792043797463843,389.92710042399256,355.3431004239925,,355.3431004239925,1100.0,True,False,True,,,
SIM_DIR-1784852438,SIM_DIR,capstone_iii_fit_1x,fit_1x,15,15,131.0,0.0,0.0,1.0,297.7031004239925,297.6851799860179,0.01792043797463843,,,312.68735942329346,312.68735942329346,1100.0,True,False,True,,,
SIM_DIR-1784852438,SIM_DIR,capstone_iii_fit_2x,fit_2x,15,15,131.0,0.0,0.0,1.0,297.7031004239925,297.6851799860179,0.01792043797463843,,,327.5716184225944,327.5716184225944,1100.0,True,False,True,,,
SIM_DIR-1784852438,SIM_DIR,capstone_iii_fit_activity,fit_activity,15,15,131.0,0.0,0.0,1.0,297.7031004239925,297.6851799860179,0.01792043797463843,,,324.59476662273414,324.59476662273414,1100.0,True,False,True,,,
SIM_DIR-1784852438,SIM_DIR,capstone_iii_fit_activity_pvt,fit_activity_pvt,15,15,131.0,0.0,0.0,1.0,297.7031004239925,297.6851799860179,0.01792043797463843,,,333.5253220223147,333.5253220223147,1100.0,True,False,True,,,
SIM_DIR-1784852438,SIM_DIR,capstone_iii_full,full,15,15,131.0,0.0,0.0,1.0,297.7031004239925,297.6851799860179,0.01792043797463843,,,342.45587742189525,342.45587742189525,1100.0,True,False,True,,,
SIM_DIR-1784852438,SIM_DIR,baseline,,16,16,139.0,0.0,0.0,1.0,316.27136625605704,316.2534458180824,0.01792043797463843,458.59348107128267,411.1527761328742,,411.1527761328742,,True,False,True,,,
SIM_DIR-1784852438,SIM_DIR,capstone_i,,16,16,139.0,0.0,0.0,1.0,316.27136625605704,316.2534458180824,0.01792043797463843,458.59348107128267,411.1527761328742,,411.1527761328742,1100.0,True,False,True,,,
SIM_DIR-1784852438,SIM_DIR,capstone_ii,,16,16,139.0,0.0,0.0,1.0,316.27136625605704,316.2534458180824,0.01792043797463843,414.12736625605703,377.431366256057,,377.431366256057,1100.0,True,False,True,,,
SIM_DIR-1784852438,SIM_DIR,capstone_iii_fit_1x,fit_1x,16,16,139.0,0.0,0.0,1.0,316.27136625605704,316.2534458180824,0.01792043797463843,,,332.18403854696123,332.18403854696123,1100.0,True,False,True,,,
SIM_DIR-1784852438,SIM_DIR,capstone_iii_fit_2x,fit_2x,16,16,139.0,0.0,0.0,1.0,316.27136625605704,316.2534458180824,0.01792043797463843,,,347.99671083786535,347.99671083786535,1100.0,True,False,True,,,
SIM_DIR-1784852438,SIM_DIR,capstone_iii_fit_activity,fit_activity,16,16,139.0,0.0,0.0,1.0,316.27136625605704,316.2534458180824,0.01792043797463843,,,344.8341763796845,344.8341763796845,1100.0,True,False,True,,,
SIM_DIR-1784852438,SIM_DIR,capstone_iii_fit_activity_pvt,fit_activity_pvt,16,16,139.0,0.0,0.0,1.0,316.27136625605704,316.2534458180824,0.01792043797463843,,,354.32177975422695,354.32177975422695,1100.0,True,False,True,,,
SIM_DIR-1784852438,SIM_DIR,capstone_iii_full,full,16,16,139.0,0.0,0.0,1.0,316.27136625605704,316.2534458180824,0.01792043797463843,,,363.80938312876947,363.80938312876947,1100.0,True,False,True,,,
SIM_DIR-1784852438,SIM_DIR,baseline,,17,17,149.0,0.0,0.0,1.0,339.4401967483618,339.4222763103872,0.01792043797463843,492.1882852851246,441.2722557728704,,441.2722557728704,,True,False,True,,,
SIM_DIR-1784852438,SIM_DIR,capstone_i,,17,17,149.0,0.0,0.0,1.0,339.4401967483618,339.4222763103872,0.01792043797463843,492.1882852851246,441.2722557728704,,441.2722557728704,1100.0,True,False,True,,,
SIM_DIR-1784852438,SIM_DIR,capstone_ii,,17,17,149.0,0.0,0.0,1.0,339.4401967483618,339.4222763103872,0.01792043797463843,444.33619674836183,405.0001967483618,,405.0001967483618,1100.0,True,False,True,,,
SIM_DIR-1784852438,SIM_DIR,capstone_iii_fit_1x,fit_1x,17,17,149.0,0.0,0.0,1.0,339.4401967483618,339.4222763103872,0.01792043797463843,,,356.5113105638812,356.5113105638812,1100.0,True,False,True,,,
SIM_DIR-1784852438,SIM_DIR,capstone_iii_fit_2x,fit_2x,17,17,149.0,0.0,0.0,1.0,339.4401967483618,339.4222763103872,0.01792043797463843,,,373.4824243794005,373.4824243794005,1100.0,True,False,True,,,
SIM_DIR-1784852438,SIM_DIR,capstone_iii_fit_activity,fit_activity,17,17,149.0,0.0,0.0,1.0,339.4401967483618,339.4222763103872,0.01792043797463843,,,370.0882016162966,370.0882016162966,1100.0,True,False,True,,,
SIM_DIR-1784852438,SIM_DIR,capstone_iii_fit_activity_pvt,fit_activity_pvt,17,17,149.0,0.0,0.0,1.0,339.4401967483618,339.4222763103872,0.01792043797463843,,,380.27086990560827,380.27086990560827,1100.0,True,False,True,,,
SIM_DIR-1784852438,SIM_DIR,capstone_iii_full,full,17,17,149.0,0.0,0.0,1.0,339.4401967483618,339.4222763103872,0.01792043797463843,,,390.4535381949199,390.4535381949199,1100.0,True,False,True,,,
SIM_DIR-1784852438,SIM_DIR,baseline,,18,18,149.0,0.0,0.0,1.0,339.8567610246939,339.8388405867193,0.01792043797463843,492.7923034858062,441.8137893321021,,441.8137893321021,,True,False,True,,,
SIM_DIR-1784852438,SIM_DIR,capstone_i,,18,18,149.0,0.0,0.0,1.0,339.8567610246939,339.8388405867193,0.01792043797463843,492.7923034858062,441.8137893321021,,441.8137893321021,1100.0,True,False,True,,,
SIM_DIR-1784852438,SIM_DIR,capstone_ii,,18,18,149.0,0.0,0.0,1.0,339.8567610246939,339.8388405867193,0.01792043797463843,444.75276102469394,405.4167610246939,,405.4167610246939,1100.0,True,False,True,,,
SIM_DIR-1784852438,SIM_DIR,capstone_iii_fit_1x,fit_1x,18,18,149.0,0.0,0.0,1.0,339.8567610246939,339.8388405867193,0.01792043797463843,,,356.9487030540299,356.9487030540299,1100.0,True,False,True,,,
SIM_DIR-1784852438,SIM_DIR,capstone_iii_fit_2x,fit_2x,18,18,149.0,0.0,0.0,1.0,339.8567610246939,339.8388405867193,0.01792043797463843,,,373.9406450833659,373.9406450833659,1100.0,True,False,True,,,
SIM_DIR-1784852438,SIM_DIR,capstone_iii_fit_activity,fit_activity,18,18,149.0,0.0,0.0,1.0,339.8567610246939,339.8388405867193,0.01792043797463843,,,370.5422566774987,370.5422566774987,1100.0,True,False,True,,,
SIM_DIR-1784852438,SIM_DIR,capstone_iii_fit_activity_pvt,fit_activity_pvt,18,18,149.0,0.0,0.0,1.0,339.8567610246939,339.8388405867193,0.01792043797463843,,,380.7374218951003,380.7374218951003,1100.0,True,False,True,,,
SIM_DIR-1784852438,SIM_DIR,capstone_iii_full,full,18,18,149.0,0.0,0.0,1.0,339.8567610246939,339.8388405867193,0.01792043797463843,,,390.93258711270187,390.93258711270187,1100.0,True,False,True,,,
SIM_DIR-1784852438,SIM_DIR,baseline,,19,19,165.0,0.0,0.0,1.0,376.81057655663705,376.7926561186624,0.01792043797463843,546.3753360071237,489.85374952362815,,489.85374952362815,,True,False,True,,,
SIM_DIR-1784852438,SIM_DIR,capstone_i,,19,19,165.0,0.0,0.0,1.0,376.81057655663705,376.7926561186624,0.01792043797463843,546.3753360071237,489.85374952362815,,489.85374952362815,1100.0,True,False,True,,,
SIM_DIR-1784852438,SIM_DIR,capstone_ii,,19,19,165.0,0.0,0.0,1.0,376.81057655663705,376.7926561186624,0.01792043797463843,492.97057655663707,449.410576556637,,449.410576556637,1100.0,True,False,True,,,
SIM_DIR-1784852438,SIM_DIR,capstone_iii_fit_1x,fit_1x,19,19,165.0,0.0,0.0,1.0,376.81057655663705,376.7926561186624,0.01792043797463843,,,395.7502093625702,395.7502093625702,1100.0,True,False,True,,,
SIM_DIR-1784852438,SIM_DIR,capstone_iii_fit_2x,fit_2x,19,19,165.0,0.0,0.0,1.0,376.81057655663705,376.7926561186624,0.01792043797463843,,,414.5898421685033,414.5898421685033,1100.0,True,False,True,,,
SIM_DIR-1784852438,SIM_DIR,capstone_iii_fit_activity,fit_activity,19,19,165.0,0.0,0.0,1.0,376.81057655663705,376.7926561186624,0.01792043797463843,,,410.82191560731667,410.82191560731667,1100.0,True,False,True,,,
SIM_DIR-1784852438,SIM_DIR,capstone_iii_fit_activity_pvt,fit_activity_pvt,19,19,165.0,0.0,0.0,1.0,376.81057655663705,376.7926561186624,0.01792043797463843,,,422.12569529087654,422.12569529087654,1100.0,True,False,True,,,
SIM_DIR-1784852438,SIM_DIR,capstone_iii_full,full,19,19,165.0,0.0,0.0,1.0,376.81057655663705,376.7926561186624,0.01792043797463843,,,433.4294749744364,433.4294749744364,1100.0,True,False,True,,,
SIM_DIR-1784852438,SIM_DIR,baseline,,20,20,165.0,0.0,0.0,1.0,377.27139025655885,377.2534698185842,0.01792043797463843,547.0435158720103,490.4528073335265,,490.4528073335265,,True,False,True,,,
SIM_DIR-1784852438,SIM_DIR,capstone_i,,20,20,165.0,0.0,0.0,1.0,377.27139025655885,377.2534698185842,0.01792043797463843,547.0435158720103,490.4528073335265,,490.4528073335265,1100.0,True,False,True,,,
SIM_DIR-1784852438,SIM_DIR,capstone_ii,,20,20,165.0,0.0,0.0,1.0,377.27139025655885,377.2534698185842,0.01792043797463843,493.43139025655887,449.8713902565588,,449.8713902565588,1100.0,True,False,True,,,
SIM_DIR-1784852438,SIM_DIR,capstone_iii_fit_1x,fit_1x,20,20,165.0,0.0,0.0,1.0,377.27139025655885,377.2534698185842,0.01792043797463843,,,396.2340637474881,396.2340637474881,1100.0,True,False,True,,,
SIM_DIR-1784852438,SIM_DIR,capstone_iii_fit_2x,fit_2x,20,20,165.0,0.0,0.0,1.0,377.27139025655885,377.2534698185842,0.01792043797463843,,,415.09673723841735,415.09673723841735,1100.0,True,False,True,,,
SIM_DIR-1784852438,SIM_DIR,capstone_iii_fit_activity,fit_activity,20,20,165.0,0.0,0.0,1.0,377.27139025655885,377.2534698185842,0.01792043797463843,,,411.3242025402314,411.3242025402314,1100.0,True,False,True,,,
SIM_DIR-1784852438,SIM_DIR,capstone_iii_fit_activity_pvt,fit_activity_pvt,20,20,165.0,0.0,0.0,1.0,377.27139025655885,377.2534698185842,0.01792043797463843,,,422.64180663478896,422.64180663478896,1100.0,True,False,True,,,
SIM_DIR-1784852438,SIM_DIR,capstone_iii_full,full,20,20,165.0,0.0,0.0,1.0,377.27139025655885,377.2534698185842,0.01792043797463843,,,433.95941072934653,433.95941072934653,1100.0,True,False,True,,,
SIM_DIR-1784852438,SIM_DIR,baseline,,21,21,168.0,0.0,0.0,1.0,384.5994930590171,384.5815726210425,0.01792043797463843,557.6692649355748,499.97934097672226,,499.97934097672226,,True,False,True,,,
SIM_DIR-1784852438,SIM_DIR,capstone_i,,21,21,168.0,0.0,0.0,1.0,384.5994930590171,384.5815726210425,0.01792043797463843,557.6692649355748,499.97934097672226,,499.97934097672226,1100.0,True,False,True,,,
SIM_DIR-1784852438,SIM_DIR,capstone_ii,,21,21,168.0,0.0,0.0,1.0,384.5994930590171,384.5815726210425,0.01792043797463843,502.8714930590171,458.5194930590171,,458.5194930590171,1100.0,True,False,True,,,
SIM_DIR-1784852438,SIM_DIR,capstone_iii_fit_1x,fit_1x,21,21,168.0,0.0,0.0,1.0,384.5994930590171,384.5815726210425,0.01792043797463843,,,403.9285716900693,403.9285716900693,1100.0,True,False,True,,,
SIM_DIR-1784852438,SIM_DIR,capstone_iii_fit_2x,fit_2x,21,21,168.0,0.0,0.0,1.0,384.5994930590171,384.5815726210425,0.01792043797463843,,,423.1576503211214,423.1576503211214,1100.0,True,False,True,,,
SIM_DIR-1784852438,SIM_DIR,capstone_iii_fit_activity,fit_activity,21,21,168.0,0.0,0.0,1.0,384.5994930590171,384.5815726210425,0.01792043797463843,,,419.3118345949109,419.3118345949109,1100.0,True,False,True,,,
SIM_DIR-1784852438,SIM_DIR,capstone_iii_fit_activity_pvt,fit_activity_pvt,21,21,168.0,0.0,0.0,1.0,384.5994930590171,384.5815726210425,0.01792043797463843,,,430.8492817735422,430.8492817735422,1100.0,True,False,True,,,
SIM_DIR-1784852438,SIM_DIR,capstone_iii_full,full,21,21,168.0,0.0,0.0,1.0,384.5994930590171,384.5815726210425,0.01792043797463843,,,442.38672895217354,442.38672895217354,1100.0,True,False,True,,,
SIM_DIR-1784852438,SIM_DIR,baseline,,22,22,176.0,0.0,0.0,1.0,403.40392760040726,403.38600716243263,0.01792043797463843,584.9356950205905,524.4251058805295,,524.4251058805295,,True,False,True,,,
SIM_DIR-1784852438,SIM_DIR,capstone_i,,22,22,176.0,0.0,0.0,1.0,403.40392760040726,403.38600716243263,0.01792043797463843,584.9356950205905,524.4251058805295,,524.4251058805295,1100.0,True,False,True,,,
SIM_DIR-1784852438,SIM_DIR,capstone_ii,,22,22,176.0,0.0,0.0,1.0,403.40392760040726,403.38600716243263,0.01792043797463843,527.3079276004073,480.84392760040726,,480.84392760040726,1100.0,True,False,True,,,
SIM_DIR-1784852438,SIM_DIR,capstone_iii_fit_1x,fit_1x,22,22,176.0,0.0,0.0,1.0,403.40392760040726,403.38600716243263,0.01792043797463843,,,423.67322795852897,423.67322795852897,1100.0,True,False,True,,,
SIM_DIR-1784852438,SIM_DIR,capstone_iii_fit_2x,fit_2x,22,22,176.0,0.0,0.0,1.0,403.40392760040726,403.38600716243263,0.01792043797463843,,,443.84252831665054,443.84252831665054,1100.0,True,False,True,,,
SIM_DIR-1784852438,SIM_DIR,capstone_iii_fit_activity,fit_activity,22,22,176.0,0.0,0.0,1.0,403.40392760040726,403.38600716243263,0.01792043797463843,,,439.8086682450262,439.8086682450262,1100.0,True,False,True,,,
SIM_DIR-1784852438,SIM_DIR,capstone_iii_fit_activity_pvt,fit_activity_pvt,22,22,176.0,0.0,0.0,1.0,403.40392760040726,403.38600716243263,0.01792043797463843,,,451.9102484598992,451.9102484598992,1100.0,True,False,True,,,
SIM_DIR-1784852438,SIM_DIR,capstone_iii_full,full,22,22,176.0,0.0,0.0,1.0,403.40392760040726,403.38600716243263,0.01792043797463843,,,464.0118286747722,464.0118286747722,1100.0,True,False,True,,,
SIM_DIR-1784852438,SIM_DIR,baseline,,23,23,177.0,0.0,0.0,1.0,406.18945650387707,406.17153606590244,0.01792043797463843,588.9747119306218,528.0462934550402,,528.0462934550402,,True,False,True,,,
SIM_DIR-1784852438,SIM_DIR,capstone_i,,23,23,177.0,0.0,0.0,1.0,406.18945650387707,406.17153606590244,0.01792043797463843,588.9747119306218,528.0462934550402,,528.0462934550402,1100.0,True,False,True,,,
SIM_DIR-1784852438,SIM_DIR,capstone_ii,,23,23,177.0,0.0,0.0,1.0,406.18945650387707,406.17153606590244,0.01792043797463843,530.7974565038771,484.06945650387706,,484.06945650387706,1100.0,True,False,True,,,
SIM_DIR-1784852438,SIM_DIR,capstone_iii_fit_1x,fit_1x,23,23,177.0,0.0,0.0,1.0,406.18945650387707,406.17153606590244,0.01792043797463843,,,426.5980333071722,426.5980333071722,1100.0,True,False,True,,,
SIM_DIR-1784852438,SIM_DIR,capstone_iii_fit_2x,fit_2x,23,23,177.0,0.0,0.0,1.0,406.18945650387707,406.17153606590244,0.01792043797463843,,,446.90661011046734,446.90661011046734,1100.0,True,False,True,,,
SIM_DIR-1784852438,SIM_DIR,capstone_iii_fit_activity,fit_activity,23,23,177.0,0.0,0.0,1.0,406.18945650387707,406.17153606590244,0.01792043797463843,,,442.8448947498083,442.8448947498083,1100.0,True,False,True,,,
SIM_DIR-1784852438,SIM_DIR,capstone_iii_fit_activity_pvt,fit_activity_pvt,23,23,177.0,0.0,0.0,1.0,406.18945650387707,406.17153606590244,0.01792043797463843,,,455.0300408317854,455.0300408317854,1100.0,True,False,True,,,
SIM_DIR-1784852438,SIM_DIR,capstone_iii_full,full,23,23,177.0,0.0,0.0,1.0,406.18945650387707,406.17153606590244,0.01792043797463843,,,467.21518691376247,467.21518691376247,1100.0,True,False,True,,,
SIM_DIR-1784852438,SIM_DIR,baseline,,24,24,181.0,0.0,0.0,1.0,415.8729337257769,415.85501328780225,0.01792043797463843,603.0157539023764,540.63481384351,,540.63481384351,,True,False,True,,,
SIM_DIR-1784852438,SIM_DIR,capstone_i,,24,24,181.0,0.0,0.0,1.0,415.8729337257769,415.85501328780225,0.01792043797463843,603.0157539023764,540.63481384351,,540.63481384351,1100.0,True,False,True,,,
SIM_DIR-1784852438,SIM_DIR,capstone_ii,,24,24,181.0,0.0,0.0,1.0,415.8729337257769,415.85501328780225,0.01792043797463843,543.2969337257769,495.51293372577686,,495.51293372577686,1100.0,True,False,True,,,
SIM_DIR-1784852438,SIM_DIR,capstone_iii_fit_1x,fit_1x,24,24,181.0,0.0,0.0,1.0,415.8729337257769,415.85501328780225,0.01792043797463843,,,436.76568439016705,436.76568439016705,1100.0,True,False,True,,,
SIM_DIR-1784852438,SIM_DIR,capstone_iii_fit_2x,fit_2x,24,24,181.0,0.0,0.0,1.0,415.8729337257769,415.85501328780225,0.01792043797463843,,,457.55843505455715,457.55843505455715,1100.0,True,False,True,,,
SIM_DIR-1784852438,SIM_DIR,capstone_iii_fit_activity,fit_activity,24,24,181.0,0.0,0.0,1.0,415.8729337257769,415.85501328780225,0.01792043797463843,,,453.39988492167913,453.39988492167913,1100.0,True,False,True,,,
SIM_DIR-1784852438,SIM_DIR,capstone_iii_fit_activity_pvt,fit_activity_pvt,24,24,181.0,0.0,0.0,1.0,415.8729337257769,415.85501328780225,0.01792043797463843,,,465.8755353203132,465.8755353203132,1100.0,True,False,True,,,
SIM_DIR-1784852438,SIM_DIR,capstone_iii_full,full,24,24,181.0,0.0,0.0,1.0,415.8729337257769,415.85501328780225,0.01792043797463843,,,478.35118571894725,478.35118571894725,1100.0,True,False,True,,,
SIM_DIR-1784852438,SIM_DIR,baseline,,25,25,185.0,0.0,0.0,1.0,425.5784459233994,425.56052548542476,0.01792043797463843,617.0887465889291,553.2519797004193,,553.2519797004193,,True,False,True,,,
SIM_DIR-1784852438,SIM_DIR,capstone_i,,25,25,185.0,0.0,0.0,1.0,425.5784459233994,425.56052548542476,0.01792043797463843,617.0887465889291,553.2519797004193,,553.2519797004193,1100.0,True,False,True,,,
SIM_DIR-1784852438,SIM_DIR,capstone_ii,,25,25,185.0,0.0,0.0,1.0,425.5784459233994,425.56052548542476,0.01792043797463843,555.8184459233994,506.97844592339936,,506.97844592339936,1100.0,True,False,True,,,
SIM_DIR-1784852438,SIM_DIR,capstone_iii_fit_1x,fit_1x,25,25,185.0,0.0,0.0,1.0,425.5784459233994,425.56052548542476,0.01792043797463843,,,446.9564721976707,446.9564721976707,1100.0,True,False,True,,,
SIM_DIR-1784852438,SIM_DIR,capstone_iii_fit_2x,fit_2x,25,25,185.0,0.0,0.0,1.0,425.5784459233994,425.56052548542476,0.01792043797463843,,,468.2344984719419,468.2344984719419,1100.0,True,False,True,,,
SIM_DIR-1784852438,SIM_DIR,capstone_iii_fit_activity,fit_activity,25,25,185.0,0.0,0.0,1.0,425.5784459233994,425.56052548542476,0.01792043797463843,,,463.9788932170876,463.9788932170876,1100.0,True,False,True,,,
SIM_DIR-1784852438,SIM_DIR,capstone_iii_fit_activity_pvt,fit_activity_pvt,25,25,185.0,0.0,0.0,1.0,425.5784459233994,425.56052548542476,0.01792043797463843,,,476.74570898165035,476.74570898165035,1100.0,True,False,True,,,
SIM_DIR-1784852438,SIM_DIR,capstone_iii_full,full,25,25,185.0,0.0,0.0,1.0,425.5784459233994,425.56052548542476,0.01792043797463843,,,489.5125247462131,489.5125247462131,1100.0,True,False,True,,,
SIM_DIR-1784852438,SIM_DIR,baseline,,26,26,196.0,0.0,0.0,1.0,451.42775762779723,451.4098371898226,0.01792043797463843,654.5702485603059,586.8560849161364,,586.8560849161364,,True,False,True,,,
SIM_DIR-1784852438,SIM_DIR,capstone_i,,26,26,196.0,0.0,0.0,1.0,451.42775762779723,451.4098371898226,0.01792043797463843,654.5702485603059,586.8560849161364,,586.8560849161364,1100.0,True,False,True,,,
SIM_DIR-1784852438,SIM_DIR,capstone_ii,,26,26,196.0,0.0,0.0,1.0,451.42775762779723,451.4098371898226,0.01792043797463843,589.4117576277972,537.6677576277972,,537.6677576277972,1100.0,True,False,True,,,
SIM_DIR-1784852438,SIM_DIR,capstone_iii_fit_1x,fit_1x,26,26,196.0,0.0,0.0,1.0,451.42775762779723,451.4098371898226,0.01792043797463843,,,474.0982494872884,474.0982494872884,1100.0,True,False,True,,,
SIM_DIR-1784852438,SIM_DIR,capstone_iii_fit_2x,fit_2x,26,26,196.0,0.0,0.0,1.0,451.42775762779723,451.4098371898226,0.01792043797463843,,,496.66874134677954,496.66874134677954,1100.0,True,False,True,,,
SIM_DIR-1784852438,SIM_DIR,capstone_iii_fit_activity,fit_activity,26,26,196.0,0.0,0.0,1.0,451.42775762779723,451.4098371898226,0.01792043797463843,,,492.15464297488126,492.15464297488126,1100.0,True,False,True,,,
SIM_DIR-1784852438,SIM_DIR,capstone_iii_fit_activity_pvt,fit_activity_pvt,26,26,196.0,0.0,0.0,1.0,451.42775762779723,451.4098371898226,0.01792043797463843,,,505.696938090576,505.696938090576,1100.0,True,False,True,,,
SIM_DIR-1784852438,SIM_DIR,capstone_iii_full,full,26,26,196.0,0.0,0.0,1.0,451.42775762779723,451.4098371898226,0.01792043797463843,,,519.2392332062707,519.2392332062707,1100.0,True,False,True,,,
SIM_DIR-1784852438,SIM_DIR,baseline,,27,27,197.0,0.0,0.0,1.0,454.27909096160204,454.2611705236274,0.01792043797463843,658.7046818943229,590.5628182500826,,590.5628182500826,,True,False,True,,,
SIM_DIR-1784852438,SIM_DIR,capstone_i,,27,27,197.0,0.0,0.0,1.0,454.27909096160204,454.2611705236274,0.01792043797463843,658.7046818943229,590.5628182500826,,590.5628182500826,1100.0,True,False,True,,,
SIM_DIR-1784852438,SIM_DIR,capstone_ii,,27,27,197.0,0.0,0.0,1.0,454.27909096160204,454.2611705236274,0.01792043797463843,592.967090961602,540.959090961602,,540.959090961602,1100.0,True,False,True,,,
SIM_DIR-1784852438,SIM_DIR,capstone_iii_fit_1x,fit_1x,27,27,197.0,0.0,0.0,1.0,454.27909096160204,454.2611705236274,0.01792043797463843,,,477.0921494877835,477.0921494877835,1100.0,True,False,True,,,
SIM_DIR-1784852438,SIM_DIR,capstone_iii_fit_2x,fit_2x,27,27,197.0,0.0,0.0,1.0,454.27909096160204,454.2611705236274,0.01792043797463843,,,499.80520801396483,499.80520801396483,1100.0,True,False,True,,,
SIM_DIR-1784852438,SIM_DIR,capstone_iii_fit_activity,fit_activity,27,27,197.0,0.0,0.0,1.0,454.27909096160204,454.2611705236274,0.01792043797463843,,,495.2625963087285,495.2625963087285,1100.0,True,False,True,,,
SIM_DIR-1784852438,SIM_DIR,capstone_iii_fit_activity_pvt,fit_activity_pvt,27,27,197.0,0.0,0.0,1.0,454.27909096160204,454.2611705236274,0.01792043797463843,,,508.89043142443734,508.89043142443734,1100.0,True,False,True,,,
SIM_DIR-1784852438,SIM_DIR,capstone_iii_full,full,27,27,197.0,0.0,0.0,1.0,454.27909096160204,454.2611705236274,0.01792043797463843,,,522.5182665401462,522.5182665401462,1100.0,True,False,True,,,
SIM_DIR-1784852438,SIM_DIR,baseline,,28,28,207.0,0.0,0.0,1.0,477.91379660468243,477.8958761667078,0.01792043797463843,692.9750050767896,621.2879355860872,,621.2879355860872,,True,False,True,,,
SIM_DIR-1784852438,SIM_DIR,capstone_i,,28,28,207.0,0.0,0.0,1.0,477.91379660468243,477.8958761667078,0.01792043797463843,692.9750050767896,621.2879355860872,,621.2879355860872,1100.0,True,False,True,,,
SIM_DIR-1784852438,SIM_DIR,capstone_ii,,28,28,207.0,0.0,0.0,1.0,477.91379660468243,477.8958761667078,0.01792043797463843,623.6417966046824,568.9937966046824,,568.9937966046824,1100.0,True,False,True,,,
SIM_DIR-1784852438,SIM_DIR,capstone_iii_fit_1x,fit_1x,28,28,207.0,0.0,0.0,1.0,477.91379660468243,477.8958761667078,0.01792043797463843,,,501.9085904130178,501.9085904130178,1100.0,True,False,True,,,
SIM_DIR-1784852438,SIM_DIR,capstone_iii_fit_2x,fit_2x,28,28,207.0,0.0,0.0,1.0,477.91379660468243,477.8958761667078,0.01792043797463843,,,525.8033842213532,525.8033842213532,1100.0,True,False,True,,,
SIM_DIR-1784852438,SIM_DIR,capstone_iii_fit_activity,fit_activity,28,28,207.0,0.0,0.0,1.0,477.91379660468243,477.8958761667078,0.01792043797463843,,,521.0244254596862,521.0244254596862,1100.0,True,False,True,,,
SIM_DIR-1784852438,SIM_DIR,capstone_iii_fit_activity_pvt,fit_activity_pvt,28,28,207.0,0.0,0.0,1.0,477.91379660468243,477.8958761667078,0.01792043797463843,,,535.3613017446875,535.3613017446875,1100.0,True,False,True,,,
SIM_DIR-1784852438,SIM_DIR,capstone_iii_full,full,28,28,207.0,0.0,0.0,1.0,477.91379660468243,477.8958761667078,0.01792043797463843,,,549.6981780296886,549.6981780296886,1100.0,True,False,True,,,
SIM_DIR-1784852438,SIM_DIR,baseline,,29,29,207.0,0.0,0.0,1.0,478.4892738285816,478.47135339060696,0.01792043797463843,693.8094470514433,622.0360559771561,,622.0360559771561,,True,False,True,,,
SIM_DIR-1784852438,SIM_DIR,capstone_i,,29,29,207.0,0.0,0.0,1.0,478.4892738285816,478.47135339060696,0.01792043797463843,693.8094470514433,622.0360559771561,,622.0360559771561,1100.0,True,False,True,,,
SIM_DIR-1784852438,SIM_DIR,capstone_ii,,29,29,207.0,0.0,0.0,1.0,478.4892738285816,478.47135339060696,0.01792043797463843,624.2172738285816,569.5692738285816,,569.5692738285816,1100.0,True,False,True,,,
SIM_DIR-1784852438,SIM_DIR,capstone_iii_fit_1x,fit_1x,29,29,207.0,0.0,0.0,1.0,478.4892738285816,478.47135339060696,0.01792043797463843,,,502.512841498112,502.512841498112,1100.0,True,False,True,,,
SIM_DIR-1784852438,SIM_DIR,capstone_iii_fit_2x,fit_2x,29,29,207.0,0.0,0.0,1.0,478.4892738285816,478.47135339060696,0.01792043797463843,,,526.4364091676424,526.4364091676424,1100.0,True,False,True,,,
SIM_DIR-1784852438,SIM_DIR,capstone_iii_fit_activity,fit_activity,29,29,207.0,0.0,0.0,1.0,478.4892738285816,478.47135339060696,0.01792043797463843,,,521.6516956337363,521.6516956337363,1100.0,True,False,True,,,
SIM_DIR-1784852438,SIM_DIR,capstone_iii_fit_activity_pvt,fit_activity_pvt,29,29,207.0,0.0,0.0,1.0,478.4892738285816,478.47135339060696,0.01792043797463843,,,536.0058362354545,536.0058362354545,1100.0,True,False,True,,,
SIM_DIR-1784852438,SIM_DIR,capstone_iii_full,full,29,29,207.0,0.0,0.0,1.0,478.4892738285816,478.47135339060696,0.01792043797463843,,,550.3599768371727,550.3599768371727,1100.0,True,False,True,,,
SIM_DIR-1784852438,SIM_DIR,baseline,,30,30,208.0,0.0,0.0,1.0,481.3787015252635,481.3607810872889,0.01792043797463843,697.9991172116321,625.7923119828426,,625.7923119828426,,True,False,True,,,
SIM_DIR-1784852438,SIM_DIR,capstone_i,,30,30,208.0,0.0,0.0,1.0,481.3787015252635,481.3607810872889,0.01792043797463843,697.9991172116321,625.7923119828426,,625.7923119828426,1100.0,True,False,True,,,
SIM_DIR-1784852438,SIM_DIR,capstone_ii,,30,30,208.0,0.0,0.0,1.0,481.3787015252635,481.3607810872889,0.01792043797463843,627.8107015252635,572.8987015252635,,572.8987015252635,1100.0,True,False,True,,,
SIM_DIR-1784852438,SIM_DIR,capstone_iii_fit_1x,fit_1x,30,30,208.0,0.0,0.0,1.0,481.3787015252635,481.3607810872889,0.01792043797463843,,,505.54674057962796,505.54674057962796,1100.0,True,False,True,,,
SIM_DIR-1784852438,SIM_DIR,capstone_iii_fit_2x,fit_2x,30,30,208.0,0.0,0.0,1.0,481.3787015252635,481.3607810872889,0.01792043797463843,,,529.6147796339925,529.6147796339925,1100.0,True,False,True,,,
SIM_DIR-1784852438,SIM_DIR,capstone_iii_fit_activity,fit_activity,30,30,208.0,0.0,0.0,1.0,481.3787015252635,481.3607810872889,0.01792043797463843,,,524.8011718231196,524.8011718231196,1100.0,True,False,True,,,
SIM_DIR-1784852438,SIM_DIR,capstone_iii_fit_activity_pvt,fit_activity_pvt,30,30,208.0,0.0,0.0,1.0,481.3787015252635,481.3607810872889,0.01792043797463843,,,539.2419952557383,539.2419952557383,1100.0,True,False,True,,,
SIM_DIR-1784852438,SIM_DIR,capstone_iii_full,full,30,30,208.0,0.0,0.0,1.0,481.3787015252635,481.3607810872889,0.01792043797463843,,,553.682818688357,553.682818688357,1100.0,True,False,True,,,
SIM_DIR-1784852438,SIM_DIR,baseline,,31,31,208.0,0.0,0.0,1.0,481.9563896820032,481.93846924402857,0.01792043797463843,698.8367650389046,626.5433065866042,,626.5433065866042,,True,False,True,,,
SIM_DIR-1784852438,SIM_DIR,capstone_i,,31,31,208.0,0.0,0.0,1.0,481.9563896820032,481.93846924402857,0.01792043797463843,698.8367650389046,626.5433065866042,,626.5433065866042,1100.0,True,False,True,,,
SIM_DIR-1784852438,SIM_DIR,capstone_ii,,31,31,208.0,0.0,0.0,1.0,481.9563896820032,481.93846924402857,0.01792043797463843,628.3883896820032,573.4763896820032,,573.4763896820032,1100.0,True,False,True,,,
SIM_DIR-1784852438,SIM_DIR,capstone_iii_fit_1x,fit_1x,31,31,208.0,0.0,0.0,1.0,481.9563896820032,481.93846924402857,0.01792043797463843,,,506.15331314420473,506.15331314420473,1100.0,True,False,True,,,
SIM_DIR-1784852438,SIM_DIR,capstone_iii_fit_2x,fit_2x,31,31,208.0,0.0,0.0,1.0,481.9563896820032,481.93846924402857,0.01792043797463843,,,530.2502366064061,530.2502366064061,1100.0,True,False,True,,,
SIM_DIR-1784852438,SIM_DIR,capstone_iii_fit_activity,fit_activity,31,31,208.0,0.0,0.0,1.0,481.9563896820032,481.93846924402857,0.01792043797463843,,,525.4308519139659,525.4308519139659,1100.0,True,False,True,,,
SIM_DIR-1784852438,SIM_DIR,capstone_iii_fit_activity_pvt,fit_activity_pvt,31,31,208.0,0.0,0.0,1.0,481.9563896820032,481.93846924402857,0.01792043797463843,,,539.8890059912868,539.8890059912868,1100.0,True,False,True,,,
SIM_DIR-1784852438,SIM_DIR,capstone_iii_full,full,31,31,208.0,0.0,0.0,1.0,481.9563896820032,481.93846924402857,0.01792043797463843,,,554.3471600686075,554.3471600686075,1100.0,True,False,True,,,
SIM_DIR-1784852438,SIM_DIR,baseline,,32,32,208.0,0.0,0.0,1.0,482.53379579773326,482.51587535975864,0.01792043797463843,699.6740039067132,627.2939345370532,,627.2939345370532,,True,False,True,,,
SIM_DIR-1784852438,SIM_DIR,capstone_i,,32,32,208.0,0.0,0.0,1.0,482.53379579773326,482.51587535975864,0.01792043797463843,699.6740039067132,627.2939345370532,,627.2939345370532,1100.0,True,False,True,,,
SIM_DIR-1784852438,SIM_DIR,capstone_ii,,32,32,208.0,0.0,0.0,1.0,482.53379579773326,482.51587535975864,0.01792043797463843,628.9657957977333,574.0537957977333,,574.0537957977333,1100.0,True,False,True,,,
SIM_DIR-1784852438,SIM_DIR,capstone_iii_fit_1x,fit_1x,32,32,208.0,0.0,0.0,1.0,482.53379579773326,482.51587535975864,0.01792043797463843,,,506.7595895657212,506.7595895657212,1100.0,True,False,True,,,
SIM_DIR-1784852438,SIM_DIR,capstone_iii_fit_2x,fit_2x,32,32,208.0,0.0,0.0,1.0,482.53379579773326,482.51587535975864,0.01792043797463843,,,530.8853833337092,530.8853833337092,1100.0,True,False,True,,,
SIM_DIR-1784852438,SIM_DIR,capstone_iii_fit_activity,fit_activity,32,32,208.0,0.0,0.0,1.0,482.53379579773326,482.51587535975864,0.01792043797463843,,,526.0602245801116,526.0602245801116,1100.0,True,False,True,,,
SIM_DIR-1784852438,SIM_DIR,capstone_iii_fit_activity_pvt,fit_activity_pvt,32,32,208.0,0.0,0.0,1.0,482.53379579773326,482.51587535975864,0.01792043797463843,,,540.5357008409044,540.5357008409044,1100.0,True,False,True,,,
SIM_DIR-1784852438,SIM_DIR,capstone_iii_full,full,32,32,208.0,0.0,0.0,1.0,482.53379579773326,482.51587535975864,0.01792043797463843,,,555.0111771016971,555.0111771016971,1100.0,True,False,True,,,
SIM_DIR-1784852438,SIM_DIR,baseline,,33,33,211.0,0.0,0.0,1.0,490.0786090620034,490.0606886240288,0.01792043797463843,710.6139831399049,637.1021917806045,,637.1021917806045,,True,False,True,,,
SIM_DIR-1784852438,SIM_DIR,capstone_i,,33,33,211.0,0.0,0.0,1.0,490.0786090620034,490.0606886240288,0.01792043797463843,710.6139831399049,637.1021917806045,,637.1021917806045,1100.0,True,False,True,,,
SIM_DIR-1784852438,SIM_DIR,capstone_ii,,33,33,211.0,0.0,0.0,1.0,490.0786090620034,490.0606886240288,0.01792043797463843,638.6226090620034,582.9186090620034,,582.9186090620034,1100.0,True,False,True,,,
SIM_DIR-1784852438,SIM_DIR,capstone_iii_fit_1x,fit_1x,33,33,211.0,0.0,0.0,1.0,490.0786090620034,490.0606886240288,0.01792043797463843,,,514.681643493205,514.681643493205,1100.0,True,False,True,,,
SIM_DIR-1784852438,SIM_DIR,capstone_iii_fit_2x,fit_2x,33,33,211.0,0.0,0.0,1.0,490.0786090620034,490.0606886240288,0.01792043797463843,,,539.1846779244064,539.1846779244064,1100.0,True,False,True,,,
SIM_DIR-1784852438,SIM_DIR,capstone_iii_fit_activity,fit_activity,33,33,211.0,0.0,0.0,1.0,490.0786090620034,490.0606886240288,0.01792043797463843,,,534.2840710381661,534.2840710381661,1100.0,True,False,True,,,
SIM_DIR-1784852438,SIM_DIR,capstone_iii_fit_activity_pvt,fit_activity_pvt,33,33,211.0,0.0,0.0,1.0,490.0786090620034,490.0606886240288,0.01792043797463843,,,548.985891696887,548.985891696887,1100.0,True,False,True,,,
SIM_DIR-1784852438,SIM_DIR,capstone_iii_full,full,33,33,211.0,0.0,0.0,1.0,490.0786090620034,490.0606886240288,0.01792043797463843,,,563.6877123556078,563.6877123556078,1100.0,True,False,True,,,
SIM_DIR-1784852438,SIM_DIR,baseline,,34,34,218.0,0.0,0.0,1.0,506.9411266728325,506.9232062348579,0.01792043797463843,735.0646336756072,659.0234646746823,,659.0234646746823,,True,False,True,,,
SIM_DIR-1784852438,SIM_DIR,capstone_i,,34,34,218.0,0.0,0.0,1.0,506.9411266728325,506.9232062348579,0.01792043797463843,735.0646336756072,659.0234646746823,,659.0234646746823,1100.0,True,False,True,,,
SIM_DIR-1784852438,SIM_DIR,capstone_ii,,34,34,218.0,0.0,0.0,1.0,506.9411266728325,506.9232062348579,0.01792043797463843,660.4131266728325,602.8611266728325,,602.8611266728325,1100.0,True,False,True,,,
SIM_DIR-1784852438,SIM_DIR,capstone_iii_fit_1x,fit_1x,34,34,218.0,0.0,0.0,1.0,506.9411266728325,506.9232062348579,0.01792043797463843,,,532.3872869845756,532.3872869845756,1100.0,True,False,True,,,
SIM_DIR-1784852438,SIM_DIR,capstone_iii_fit_2x,fit_2x,34,34,218.0,0.0,0.0,1.0,506.9411266728325,506.9232062348579,0.01792043797463843,,,557.7334472963183,557.7334472963183,1100.0,True,False,True,,,
SIM_DIR-1784852438,SIM_DIR,capstone_iii_fit_activity,fit_activity,34,34,218.0,0.0,0.0,1.0,506.9411266728325,506.9232062348579,0.01792043797463843,,,552.6642152339698,552.6642152339698,1100.0,True,False,True,,,
SIM_DIR-1784852438,SIM_DIR,capstone_iii_fit_activity_pvt,fit_activity_pvt,34,34,218.0,0.0,0.0,1.0,506.9411266728325,506.9232062348579,0.01792043797463843,,,567.8719114210155,567.8719114210155,1100.0,True,False,True,,,
SIM_DIR-1784852438,SIM_DIR,capstone_iii_full,full,34,34,218.0,0.0,0.0,1.0,506.9411266728325,506.9232062348579,0.01792043797463843,,,583.0796076080613,583.0796076080613,1100.0,True,False,True,,,
SIM_DIR-1784852438,SIM_DIR,baseline,,35,35,222.0,0.0,0.0,1.0,516.8578474889152,516.8399270509406,0.01792043797463843,749.4438788589271,671.9152017355898,,671.9152017355898,,True,False,True,,,
SIM_DIR-1784852438,SIM_DIR,capstone_i,,35,35,222.0,0.0,0.0,1.0,516.8578474889152,516.8399270509406,0.01792043797463843,749.4438788589271,671.9152017355898,,671.9152017355898,1100.0,True,False,True,,,
SIM_DIR-1784852438,SIM_DIR,capstone_ii,,35,35,222.0,0.0,0.0,1.0,516.8578474889152,516.8399270509406,0.01792043797463843,673.1458474889153,614.5378474889153,,614.5378474889153,1100.0,True,False,True,,,
SIM_DIR-1784852438,SIM_DIR,capstone_iii_fit_1x,fit_1x,35,35,222.0,0.0,0.0,1.0,516.8578474889152,516.8399270509406,0.01792043797463843,,,542.7998438414623,542.7998438414623,1100.0,True,False,True,,,
SIM_DIR-1784852438,SIM_DIR,capstone_iii_fit_2x,fit_2x,35,35,222.0,0.0,0.0,1.0,516.8578474889152,516.8399270509406,0.01792043797463843,,,568.6418401940093,568.6418401940093,1100.0,True,False,True,,,
SIM_DIR-1784852438,SIM_DIR,capstone_iii_fit_activity,fit_activity,35,35,222.0,0.0,0.0,1.0,516.8578474889152,516.8399270509406,0.01792043797463843,,,563.4734409234999,563.4734409234999,1100.0,True,False,True,,,
SIM_DIR-1784852438,SIM_DIR,capstone_iii_fit_activity_pvt,fit_activity_pvt,35,35,222.0,0.0,0.0,1.0,516.8578474889152,516.8399270509406,0.01792043797463843,,,578.9786387350282,578.9786387350282,1100.0,True,False,True,,,
SIM_DIR-1784852438,SIM_DIR,capstone_iii_full,full,35,35,222.0,0.0,0.0,1.0,516.8578474889152,516.8399270509406,0.01792043797463843,,,594.4838365465564,594.4838365465564,1100.0,True,False,True,,,
SIM_DIR-1784852438,SIM_DIR,baseline,,36,36,223.0,0.0,0.0,1.0,519.8038095431921,519.7858891052174,0.01792043797463843,753.7155238376284,675.7449524061498,,675.7449524061498,,True,False,True,,,
SIM_DIR-1784852438,SIM_DIR,capstone_i,,36,36,223.0,0.0,0.0,1.0,519.8038095431921,519.7858891052174,0.01792043797463843,753.7155238376284,675.7449524061498,,675.7449524061498,1100.0,True,False,True,,,
SIM_DIR-1784852438,SIM_DIR,capstone_ii,,36,36,223.0,0.0,0.0,1.0,519.8038095431921,519.7858891052174,0.01792043797463843,676.795809543192,617.9238095431921,,617.9238095431921,1100.0,True,False,True,,,
SIM_DIR-1784852438,SIM_DIR,capstone_iii_fit_1x,fit_1x,36,36,223.0,0.0,0.0,1.0,519.8038095431921,519.7858891052174,0.01792043797463843,,,545.893103998453,545.893103998453,1100.0,True,False,True,,,
SIM_DIR-1784852438,SIM_DIR,capstone_iii_fit_2x,fit_2x,36,36,223.0,0.0,0.0,1.0,519.8038095431921,519.7858891052174,0.01792043797463843,,,571.8823984537138,571.8823984537138,1100.0,True,False,True,,,
SIM_DIR-1784852438,SIM_DIR,capstone_iii_fit_activity,fit_activity,36,36,223.0,0.0,0.0,1.0,519.8038095431921,519.7858891052174,0.01792043797463843,,,566.6845395626616,566.6845395626616,1100.0,True,False,True,,,
SIM_DIR-1784852438,SIM_DIR,capstone_iii_fit_activity_pvt,fit_activity_pvt,36,36,223.0,0.0,0.0,1.0,519.8038095431921,519.7858891052174,0.01792043797463843,,,582.2781162358182,582.2781162358182,1100.0,True,False,True,,,
SIM_DIR-1784852438,SIM_DIR,capstone_iii_full,full,36,36,223.0,0.0,0.0,1.0,519.8038095431921,519.7858891052174,0.01792043797463843,,,597.8716929089746,597.8716929089746,1100.0,True,False,True,,,
SIM_DIR-1784852438,SIM_DIR,baseline,,37,37,223.0,0.0,0.0,1.0,520.4213702836843,520.4034498457096,0.01792043797463843,754.6109869113421,676.5477813687896,,676.5477813687896,,True,False,True,,,
SIM_DIR-1784852438,SIM_DIR,capstone_i,,37,37,223.0,0.0,0.0,1.0,520.4213702836843,520.4034498457096,0.01792043797463843,754.6109869113421,676.5477813687896,,676.5477813687896,1100.0,True,False,True,,,
SIM_DIR-1784852438,SIM_DIR,capstone_ii,,37,37,223.0,0.0,0.0,1.0,520.4213702836843,520.4034498457096,0.01792043797463843,677.4133702836843,618.5413702836843,,618.5413702836843,1100.0,True,False,True,,,
SIM_DIR-1784852438,SIM_DIR,capstone_iii_fit_1x,fit_1x,37,37,223.0,0.0,0.0,1.0,520.4213702836843,520.4034498457096,0.01792043797463843,,,546.5415427759698,546.5415427759698,1100.0,True,False,True,,,
SIM_DIR-1784852438,SIM_DIR,capstone_iii_fit_2x,fit_2x,37,37,223.0,0.0,0.0,1.0,520.4213702836843,520.4034498457096,0.01792043797463843,,,572.5617152682552,572.5617152682552,1100.0,True,False,True,,,
SIM_DIR-1784852438,SIM_DIR,capstone_iii_fit_activity,fit_activity,37,37,223.0,0.0,0.0,1.0,520.4213702836843,520.4034498457096,0.01792043797463843,,,567.3576807697981,567.3576807697981,1100.0,True,False,True,,,
SIM_DIR-1784852438,SIM_DIR,capstone_iii_fit_activity_pvt,fit_activity_pvt,37,37,223.0,0.0,0.0,1.0,520.4213702836843,520.4034498457096,0.01792043797463843,,,582.9697842651693,582.9697842651693,1100.0,True,False,True,,,
SIM_DIR-1784852438,SIM_DIR,capstone_iii_full,full,37,37,223.0,0.0,0.0,1.0,520.4213702836843,520.4034498457096,0.01792043797463843,,,598.5818877605407,598.5818877605407,1100.0,True,False,True,,,
SIM_DIR-1784852438,SIM_DIR,baseline,,38,38,224.0,0.0,0.0,1.0,523.3750550015005,523.3571345635258,0.01792043797463843,758.8938297521757,680.3875715019507,,680.3875715019507,,True,False,True,,,
SIM_DIR-1784852438,SIM_DIR,capstone_i,,38,38,224.0,0.0,0.0,1.0,523.3750550015005,523.3571345635258,0.01792043797463843,758.8938297521757,680.3875715019507,,680.3875715019507,1100.0,True,False,True,,,
SIM_DIR-1784852438,SIM_DIR,capstone_ii,,38,38,224.0,0.0,0.0,1.0,523.3750550015005,523.3571345635258,0.01792043797463843,681.0710550015006,621.9350550015006,,621.9350550015006,1100.0,True,False,True,,,
SIM_DIR-1784852438,SIM_DIR,capstone_iii_fit_1x,fit_1x,38,38,224.0,0.0,0.0,1.0,523.3750550015005,523.3571345635258,0.01792043797463843,,,549.6429117296768,549.6429117296768,1100.0,True,False,True,,,
SIM_DIR-1784852438,SIM_DIR,capstone_iii_fit_2x,fit_2x,38,38,224.0,0.0,0.0,1.0,523.3750550015005,523.3571345635258,0.01792043797463843,,,575.8107684578531,575.8107684578531,1100.0,True,False,True,,,
SIM_DIR-1784852438,SIM_DIR,capstone_iii_fit_activity,fit_activity,38,38,224.0,0.0,0.0,1.0,523.3750550015005,523.3571345635258,0.01792043797463843,,,570.5771971122178,570.5771971122178,1100.0,True,False,True,,,
SIM_DIR-1784852438,SIM_DIR,capstone_iii_fit_activity_pvt,fit_activity_pvt,38,38,224.0,0.0,0.0,1.0,523.3750550015005,523.3571345635258,0.01792043797463843,,,586.2779111491236,586.2779111491236,1100.0,True,False,True,,,
SIM_DIR-1784852438,SIM_DIR,capstone_iii_full,full,38,38,224.0,0.0,0.0,1.0,523.3750550015005,523.3571345635258,0.01792043797463843,,,601.9786251860294,601.9786251860294,1100.0,True,False,True,,,
SIM_DIR-1784852438,SIM_DIR,baseline,,39,39,227.0,0.0,0.0,1.0,531.0123480815118,530.9944276435372,0.01792043797463843,769.9679047181921,690.3160525059654,,690.3160525059654,,True,False,True,,,
SIM_DIR-1784852438,SIM_DIR,capstone_i,,39,39,227.0,0.0,0.0,1.0,531.0123480815118,530.9944276435372,0.01792043797463843,769.9679047181921,690.3160525059654,,690.3160525059654,1100.0,True,False,True,,,
SIM_DIR-1784852438,SIM_DIR,capstone_ii,,39,39,227.0,0.0,0.0,1.0,531.0123480815118,530.9944276435372,0.01792043797463843,690.8203480815118,630.8923480815118,,630.8923480815118,1100.0,True,False,True,,,
SIM_DIR-1784852438,SIM_DIR,capstone_iii_fit_1x,fit_1x,39,39,227.0,0.0,0.0,1.0,531.0123480815118,530.9944276435372,0.01792043797463843,,,557.6620694636887,557.6620694636887,1100.0,True,False,True,,,
SIM_DIR-1784852438,SIM_DIR,capstone_iii_fit_2x,fit_2x,39,39,227.0,0.0,0.0,1.0,531.0123480815118,530.9944276435372,0.01792043797463843,,,584.2117908458656,584.2117908458656,1100.0,True,False,True,,,
SIM_DIR-1784852438,SIM_DIR,capstone_iii_fit_activity,fit_activity,39,39,227.0,0.0,0.0,1.0,531.0123480815118,530.9944276435372,0.01792043797463843,,,578.9018465694302,578.9018465694302,1100.0,True,False,True,,,
SIM_DIR-1784852438,SIM_DIR,capstone_iii_fit_activity_pvt,fit_activity_pvt,39,39,227.0,0.0,0.0,1.0,531.0123480815118,530.9944276435372,0.01792043797463843,,,594.8316793987364,594.8316793987364,1100.0,True,False,True,,,
SIM_DIR-1784852438,SIM_DIR,capstone_iii_full,full,39,39,227.0,0.0,0.0,1.0,531.0123480815118,530.9944276435372,0.01792043797463843,,,610.7615122280424,610.7615122280424,1100.0,True,False,True,,,
SIM_DIR-1784852438,SIM_DIR,baseline,,40,40,230.0,0.0,0.0,1.0,538.6659440639975,538.6480236260228,0.01792043797463843,781.0656188927964,700.2657272831967,,700.2657272831967,,True,False,True,,,
SIM_DIR-1784852438,SIM_DIR,capstone_i,,40,40,230.0,0.0,0.0,1.0,538.6659440639975,538.6480236260228,0.01792043797463843,781.0656188927964,700.2657272831967,,700.2657272831967,1100.0,True,False,True,,,
SIM_DIR-1784852438,SIM_DIR,capstone_ii,,40,40,230.0,0.0,0.0,1.0,538.6659440639975,538.6480236260228,0.01792043797463843,700.5859440639974,639.8659440639974,,639.8659440639974,1100.0,True,False,True,,,
SIM_DIR-1784852438,SIM_DIR,capstone_iii_fit_1x,fit_1x,40,40,230.0,0.0,0.0,1.0,538.6659440639975,538.6480236260228,0.01792043797463843,,,565.6983452452986,565.6983452452986,1100.0,True,False,True,,,
SIM_DIR-1784852438,SIM_DIR,capstone_iii_fit_2x,fit_2x,40,40,230.0,0.0,0.0,1.0,538.6659440639975,538.6480236260228,0.01792043797463843,,,592.6307464265999,592.6307464265999,1100.0,True,False,True,,,
SIM_DIR-1784852438,SIM_DIR,capstone_iii_fit_activity,fit_activity,40,40,230.0,0.0,0.0,1.0,538.6659440639975,538.6480236260228,0.01792043797463843,,,587.2442661903395,587.2442661903395,1100.0,True,False,True,,,
SIM_DIR-1784852438,SIM_DIR,capstone_iii_fit_activity_pvt,fit_activity_pvt,40,40,230.0,0.0,0.0,1.0,538.6659440639975,538.6480236260228,0.01792043797463843,,,603.4037068991203,603.4037068991203,1100.0,True,False,True,,,
SIM_DIR-1784852438,SIM_DIR,capstone_iii_full,full,40,40,230.0,0.0,0.0,1.0,538.6659440639975,538.6480236260228,0.01792043797463843,,,619.563147607901,619.563147607901,1100.0,True,False,True,,,
SIM_DIR-1784852438,SIM_DIR,baseline,,41,41,232.0,0.0,0.0,1.0,543.9911210116715,543.9732005736968,0.01792043797463843,788.7871254669236,707.188457315173,,707.188457315173,,True,False,True,,,
SIM_DIR-1784852438,SIM_DIR,capstone_i,,41,41,232.0,0.0,0.0,1.0,543.9911210116715,543.9732005736968,0.01792043797463843,788.7871254669236,707.188457315173,,707.188457315173,1100.0,True,False,True,,,
SIM_DIR-1784852438,SIM_DIR,capstone_ii,,41,41,232.0,0.0,0.0,1.0,543.9911210116715,543.9732005736968,0.01792043797463843,707.3191210116714,646.0711210116715,,646.0711210116715,1100.0,True,False,True,,,
SIM_DIR-1784852438,SIM_DIR,capstone_iii_fit_1x,fit_1x,41,41,232.0,0.0,0.0,1.0,543.9911210116715,543.9732005736968,0.01792043797463843,,,571.2897810403563,571.2897810403563,1100.0,True,False,True,,,
SIM_DIR-1784852438,SIM_DIR,capstone_iii_fit_2x,fit_2x,41,41,232.0,0.0,0.0,1.0,543.9911210116715,543.9732005736968,0.01792043797463843,,,598.4884410690412,598.4884410690412,1100.0,True,False,True,,,
SIM_DIR-1784852438,SIM_DIR,capstone_iii_fit_activity,fit_activity,41,41,232.0,0.0,0.0,1.0,543.9911210116715,543.9732005736968,0.01792043797463843,,,593.0487090633042,593.0487090633042,1100.0,True,False,True,,,
SIM_DIR-1784852438,SIM_DIR,capstone_iii_fit_activity_pvt,fit_activity_pvt,41,41,232.0,0.0,0.0,1.0,543.9911210116715,543.9732005736968,0.01792043797463843,,,609.367905080515,609.367905080515,1100.0,True,False,True,,,
SIM_DIR-1784852438,SIM_DIR,capstone_iii_full,full,41,41,232.0,0.0,0.0,1.0,543.9911210116715,543.9732005736968,0.01792043797463843,,,625.687101097726,625.687101097726,1100.0,True,False,True,,,
SIM_DIR-1784852438,SIM_DIR,baseline,,42,42,234.0,0.0,0.0,1.0,549.3270554797274,549.3091350417527,0.01792043797463843,796.5242304456046,714.1251721236456,,714.1251721236456,,True,False,True,,,
SIM_DIR-1784852438,SIM_DIR,capstone_i,,42,42,234.0,0.0,0.0,1.0,549.3270554797274,549.3091350417527,0.01792043797463843,796.5242304456046,714.1251721236456,,714.1251721236456,1100.0,True,False,True,,,
SIM_DIR-1784852438,SIM_DIR,capstone_ii,,42,42,234.0,0.0,0.0,1.0,549.3270554797274,549.3091350417527,0.01792043797463843,714.0630554797274,652.2870554797274,,652.2870554797274,1100.0,True,False,True,,,
SIM_DIR-1784852438,SIM_DIR,capstone_iii_fit_1x,fit_1x,42,42,234.0,0.0,0.0,1.0,549.3270554797274,549.3091350417527,0.01792043797463843,,,576.8925122318151,576.8925122318151,1100.0,True,False,True,,,
SIM_DIR-1784852438,SIM_DIR,capstone_iii_fit_2x,fit_2x,42,42,234.0,0.0,0.0,1.0,549.3270554797274,549.3091350417527,0.01792043797463843,,,604.3579689839027,604.3579689839027,1100.0,True,False,True,,,
SIM_DIR-1784852438,SIM_DIR,capstone_iii_fit_activity,fit_activity,42,42,234.0,0.0,0.0,1.0,549.3270554797274,549.3091350417527,0.01792043797463843,,,598.8648776334851,598.8648776334851,1100.0,True,False,True,,,
SIM_DIR-1784852438,SIM_DIR,capstone_iii_fit_activity_pvt,fit_activity_pvt,42,42,234.0,0.0,0.0,1.0,549.3270554797274,549.3091350417527,0.01792043797463843,,,615.3441516847378,615.3441516847378,1100.0,True,False,True,,,
SIM_DIR-1784852438,SIM_DIR,capstone_iii_full,full,42,42,234.0,0.0,0.0,1.0,549.3270554797274,549.3091350417527,0.01792043797463843,,,631.8234257359903,631.8234257359903,1100.0,True,False,True,,,
SIM_DIR-1784852438,SIM_DIR,baseline,,43,43,238.0,0.0,0.0,1.0,559.3742146313145,559.3562941933399,0.01792043797463843,811.092611215406,727.1864790207089,,727.1864790207089,,True,False,True,,,
SIM_DIR-1784852438,SIM_DIR,capstone_i,,43,43,238.0,0.0,0.0,1.0,559.3742146313145,559.3562941933399,0.01792043797463843,811.092611215406,727.1864790207089,,727.1864790207089,1100.0,True,False,True,,,
SIM_DIR-1784852438,SIM_DIR,capstone_ii,,43,43,238.0,0.0,0.0,1.0,559.3742146313145,559.3562941933399,0.01792043797463843,726.9262146313146,664.0942146313146,,664.0942146313146,1100.0,True,False,True,,,
SIM_DIR-1784852438,SIM_DIR,capstone_iii_fit_1x,fit_1x,43,43,238.0,0.0,0.0,1.0,559.3742146313145,559.3562941933399,0.01792043797463843,,,587.4420293409815,587.4420293409815,1100.0,True,False,True,,,
SIM_DIR-1784852438,SIM_DIR,capstone_iii_fit_2x,fit_2x,43,43,238.0,0.0,0.0,1.0,559.3742146313145,559.3562941933399,0.01792043797463843,,,615.4098440506485,615.4098440506485,1100.0,True,False,True,,,
SIM_DIR-1784852438,SIM_DIR,capstone_iii_fit_activity,fit_activity,43,43,238.0,0.0,0.0,1.0,559.3742146313145,559.3562941933399,0.01792043797463843,,,609.8162811087151,609.8162811087151,1100.0,True,False,True,,,
SIM_DIR-1784852438,SIM_DIR,capstone_iii_fit_activity_pvt,fit_activity_pvt,43,43,238.0,0.0,0.0,1.0,559.3742146313145,559.3562941933399,0.01792043797463843,,,626.5969699345153,626.5969699345153,1100.0,True,False,True,,,
SIM_DIR-1784852438,SIM_DIR,capstone_iii_full,full,43,43,238.0,0.0,0.0,1.0,559.3742146313145,559.3562941933399,0.01792043797463843,,,643.3776587603155,643.3776587603155,1100.0,True,False,True,,,
SIM_DIR-1784852438,SIM_DIR,baseline,,44,44,242.0,0.0,0.0,1.0,569.4431608808572,569.4252404428826,0.01792043797463843,825.692583277243,740.2761091451144,,740.2761091451144,,True,False,True,,,
SIM_DIR-1784852438,SIM_DIR,capstone_i,,44,44,242.0,0.0,0.0,1.0,569.4431608808572,569.4252404428826,0.01792043797463843,825.692583277243,740.2761091451144,,740.2761091451144,1100.0,True,False,True,,,
SIM_DIR-1784852438,SIM_DIR,capstone_ii,,44,44,242.0,0.0,0.0,1.0,569.4431608808572,569.4252404428826,0.01792043797463843,739.8111608808572,675.9231608808573,,675.9231608808573,1100.0,True,False,True,,,
SIM_DIR-1784852438,SIM_DIR,capstone_iii_fit_1x,fit_1x,44,44,242.0,0.0,0.0,1.0,569.4431608808572,569.4252404428826,0.01792043797463843,,,598.0144229030014,598.0144229030014,1100.0,True,False,True,,,
SIM_DIR-1784852438,SIM_DIR,capstone_iii_fit_2x,fit_2x,44,44,242.0,0.0,0.0,1.0,569.4431608808572,569.4252404428826,0.01792043797463843,,,626.4856849251456,626.4856849251456,1100.0,True,False,True,,,
SIM_DIR-1784852438,SIM_DIR,capstone_iii_fit_activity,fit_activity,44,44,242.0,0.0,0.0,1.0,569.4431608808572,569.4252404428826,0.01792043797463843,,,620.7914325207167,620.7914325207167,1100.0,True,False,True,,,
SIM_DIR-1784852438,SIM_DIR,capstone_iii_fit_activity_pvt,fit_activity_pvt,44,44,242.0,0.0,0.0,1.0,569.4431608808572,569.4252404428826,0.01792043797463843,,,637.8741897340033,637.8741897340033,1100.0,True,False,True,,,
SIM_DIR-1784852438,SIM_DIR,capstone_iii_full,full,44,44,242.0,0.0,0.0,1.0,569.4431608808572,569.4252404428826,0.01792043797463843,,,654.9569469472897,654.9569469472897,1100.0,True,False,True,,,
SIM_DIR-1784852438,SIM_DIR,baseline,,45,45,243.0,0.0,0.0,1.0,572.4666130818662,572.4486926438915,0.01792043797463843,830.0765889687059,744.206597006426,,744.206597006426,,True,False,True,,,
SIM_DIR-1784852438,SIM_DIR,capstone_i,,45,45,243.0,0.0,0.0,1.0,572.4666130818662,572.4486926438915,0.01792043797463843,830.0765889687059,744.206597006426,,744.206597006426,1100.0,True,False,True,,,
SIM_DIR-1784852438,SIM_DIR,capstone_ii,,45,45,243.0,0.0,0.0,1.0,572.4666130818662,572.4486926438915,0.01792043797463843,743.5386130818662,679.3866130818661,,679.3866130818661,1100.0,True,False,True,,,
SIM_DIR-1784852438,SIM_DIR,capstone_iii_fit_1x,fit_1x,45,45,243.0,0.0,0.0,1.0,572.4666130818662,572.4486926438915,0.01792043797463843,,,601.1890477140607,601.1890477140607,1100.0,True,False,True,,,
SIM_DIR-1784852438,SIM_DIR,capstone_iii_fit_2x,fit_2x,45,45,243.0,0.0,0.0,1.0,572.4666130818662,572.4486926438915,0.01792043797463843,,,629.8114823462554,629.8114823462554,1100.0,True,False,True,,,
SIM_DIR-1784852438,SIM_DIR,capstone_iii_fit_activity,fit_activity,45,45,243.0,0.0,0.0,1.0,572.4666130818662,572.4486926438915,0.01792043797463843,,,624.0869954198164,624.0869954198164,1100.0,True,False,True,,,
SIM_DIR-1784852438,SIM_DIR,capstone_iii_fit_activity_pvt,fit_activity_pvt,45,45,243.0,0.0,0.0,1.0,572.4666130818662,572.4486926438915,0.01792043797463843,,,641.2604561991332,641.2604561991332,1100.0,True,False,True,,,
SIM_DIR-1784852438,SIM_DIR,capstone_iii_full,full,45,45,243.0,0.0,0.0,1.0,572.4666130818662,572.4486926438915,0.01792043797463843,,,658.4339169784499,658.4339169784499,1100.0,True,False,True,,,
SIM_DIR-1784852438,SIM_DIR,baseline,,46,46,245.0,0.0,0.0,1.0,577.853792615299,577.8358721773243,0.01792043797463843,837.8879992921835,751.2099303998887,,751.2099303998887,,True,False,True,,,
SIM_DIR-1784852438,SIM_DIR,capstone_i,,46,46,245.0,0.0,0.0,1.0,577.853792615299,577.8358721773243,0.01792043797463843,837.8879992921835,751.2099303998887,,751.2099303998887,1100.0,True,False,True,,,
SIM_DIR-1784852438,SIM_DIR,capstone_ii,,46,46,245.0,0.0,0.0,1.0,577.853792615299,577.8358721773243,0.01792043797463843,750.333792615299,685.6537926152989,,685.6537926152989,1100.0,True,False,True,,,
SIM_DIR-1784852438,SIM_DIR,capstone_iii_fit_1x,fit_1x,46,46,245.0,0.0,0.0,1.0,577.853792615299,577.8358721773243,0.01792043797463843,,,606.8455862241651,606.8455862241651,1100.0,True,False,True,,,
SIM_DIR-1784852438,SIM_DIR,capstone_iii_fit_2x,fit_2x,46,46,245.0,0.0,0.0,1.0,577.853792615299,577.8358721773243,0.01792043797463843,,,635.7373798330315,635.7373798330315,1100.0,True,False,True,,,
SIM_DIR-1784852438,SIM_DIR,capstone_iii_fit_activity,fit_activity,46,46,245.0,0.0,0.0,1.0,577.853792615299,577.8358721773243,0.01792043797463843,,,629.9590211112582,629.9590211112582,1100.0,True,False,True,,,
SIM_DIR-1784852438,SIM_DIR,capstone_iii_fit_activity_pvt,fit_activity_pvt,46,46,245.0,0.0,0.0,1.0,577.853792615299,577.8358721773243,0.01792043797463843,,,647.294097276578,647.294097276578,1100.0,True,False,True,,,
SIM_DIR-1784852438,SIM_DIR,capstone_iii_full,full,46,46,245.0,0.0,0.0,1.0,577.853792615299,577.8358721773243,0.01792043797463843,,,664.6291734418976,664.6291734418976,1100.0,True,False,True,,,
SIM_DIR-1784852438,SIM_DIR,baseline,,47,47,246.0,0.0,0.0,1.0,580.8904265827491,580.8725061447744,0.01792043797463843,842.2911185449861,755.1575545575739,,755.1575545575739,,True,False,True,,,
SIM_DIR-1784852438,SIM_DIR,capstone_i,,47,47,246.0,0.0,0.0,1.0,580.8904265827491,580.8725061447744,0.01792043797463843,842.2911185449861,755.1575545575739,,755.1575545575739,1100.0,True,False,True,,,
SIM_DIR-1784852438,SIM_DIR,capstone_ii,,47,47,246.0,0.0,0.0,1.0,580.8904265827491,580.8725061447744,0.01792043797463843,754.0744265827491,689.1304265827491,,689.1304265827491,1100.0,True,False,True,,,
SIM_DIR-1784852438,SIM_DIR,capstone_iii_fit_1x,fit_1x,47,47,246.0,0.0,0.0,1.0,580.8904265827491,580.8725061447744,0.01792043797463843,,,610.034051889988,610.034051889988,1100.0,True,False,True,,,
SIM_DIR-1784852438,SIM_DIR,capstone_iii_fit_2x,fit_2x,47,47,246.0,0.0,0.0,1.0,580.8904265827491,580.8725061447744,0.01792043797463843,,,639.0776771972266,639.0776771972266,1100.0,True,False,True,,,
SIM_DIR-1784852438,SIM_DIR,capstone_iii_fit_activity,fit_activity,47,47,246.0,0.0,0.0,1.0,580.8904265827491,580.8725061447744,0.01792043797463843,,,633.2689521357788,633.2689521357788,1100.0,True,False,True,,,
SIM_DIR-1784852438,SIM_DIR,capstone_iii_fit_activity_pvt,fit_activity_pvt,47,47,246.0,0.0,0.0,1.0,580.8904265827491,580.8725061447744,0.01792043797463843,,,650.6951273201221,650.6951273201221,1100.0,True,False,True,,,
SIM_DIR-1784852438,SIM_DIR,capstone_iii_full,full,47,47,246.0,0.0,0.0,1.0,580.8904265827491,580.8725061447744,0.01792043797463843,,,668.1213025044652,668.1213025044652,1100.0,True,False,True,,,
SIM_DIR-1784852438,SIM_DIR,baseline,,48,48,246.0,0.0,0.0,1.0,581.5682432859592,581.5503228479845,0.01792043797463843,843.2739527646407,756.0387162717469,,756.0387162717469,,True,False,True,,,
SIM_DIR-1784852438,SIM_DIR,capstone_i,,48,48,246.0,0.0,0.0,1.0,581.5682432859592,581.5503228479845,0.01792043797463843,843.2739527646407,756.0387162717469,,756.0387162717469,1100.0,True,False,True,,,
SIM_DIR-1784852438,SIM_DIR,capstone_ii,,48,48,246.0,0.0,0.0,1.0,581.5682432859592,581.5503228479845,0.01792043797463843,754.7522432859591,689.8082432859592,,689.8082432859592,1100.0,True,False,True,,,
SIM_DIR-1784852438,SIM_DIR,capstone_iii_fit_1x,fit_1x,48,48,246.0,0.0,0.0,1.0,581.5682432859592,581.5503228479845,0.01792043797463843,,,610.7457594283584,610.7457594283584,1100.0,True,False,True,,,
SIM_DIR-1784852438,SIM_DIR,capstone_iii_fit_2x,fit_2x,48,48,246.0,0.0,0.0,1.0,581.5682432859592,581.5503228479845,0.01792043797463843,,,639.8232755707576,639.8232755707576,1100.0,True,False,True,,,
SIM_DIR-1784852438,SIM_DIR,capstone_iii_fit_activity,fit_activity,48,48,246.0,0.0,0.0,1.0,581.5682432859592,581.5503228479845,0.01792043797463843,,,634.0077723422777,634.0077723422777,1100.0,True,False,True,,,
SIM_DIR-1784852438,SIM_DIR,capstone_iii_fit_activity_pvt,fit_activity_pvt,48,48,246.0,0.0,0.0,1.0,581.5682432859592,581.5503228479845,0.01792043797463843,,,651.4542820277173,651.4542820277173,1100.0,True,False,True,,,
SIM_DIR-1784852438,SIM_DIR,capstone_iii_full,full,48,48,246.0,0.0,0.0,1.0,581.5682432859592,581.5503228479845,0.01792043797463843,,,668.9007917131569,668.9007917131569,1100.0,True,False,True,,,
SIM_DIR-1784852438,SIM_DIR,baseline,,49,49,248.0,0.0,0.0,1.0,586.9793179171522,586.9613974791775,0.01792043797463843,851.1200109798707,763.0731132922979,,763.0731132922979,,True,False,True,,,
SIM_DIR-1784852438,SIM_DIR,capstone_i,,49,49,248.0,0.0,0.0,1.0,586.9793179171522,586.9613974791775,0.01792043797463843,851.1200109798707,763.0731132922979,,763.0731132922979,1100.0,True,False,True,,,
SIM_DIR-1784852438,SIM_DIR,capstone_ii,,49,49,248.0,0.0,0.0,1.0,586.9793179171522,586.9613974791775,0.01792043797463843,761.5713179171522,696.0993179171522,,696.0993179171522,1100.0,True,False,True,,,
SIM_DIR-1784852438,SIM_DIR,capstone_iii_fit_1x,fit_1x,49,49,248.0,0.0,0.0,1.0,586.9793179171522,586.9613974791775,0.01792043797463843,,,616.4273877911111,616.4273877911111,1100.0,True,False,True,,,
SIM_DIR-1784852438,SIM_DIR,capstone_iii_fit_2x,fit_2x,49,49,248.0,0.0,0.0,1.0,586.9793179171522,586.9613974791775,0.01792043797463843,,,645.77545766507,645.77545766507,1100.0,True,False,True,,,
SIM_DIR-1784852438,SIM_DIR,capstone_iii_fit_activity,fit_activity,49,49,248.0,0.0,0.0,1.0,586.9793179171522,586.9613974791775,0.01792043797463843,,,639.9058436902782,639.9058436902782,1100.0,True,False,True,,,
SIM_DIR-1784852438,SIM_DIR,capstone_iii_fit_activity_pvt,fit_activity_pvt,49,49,248.0,0.0,0.0,1.0,586.9793179171522,586.9613974791775,0.01792043797463843,,,657.5146856146534,657.5146856146534,1100.0,True,False,True,,,
SIM_DIR-1784852438,SIM_DIR,capstone_iii_full,full,49,49,248.0,0.0,0.0,1.0,586.9793179171522,586.9613974791775,0.01792043797463843,,,675.1235275390288,675.1235275390288,1100.0,True,False,True,,,
SIM_DIR-1784852438,SIM_DIR,baseline,,50,50,255.0,0.0,0.0,1.0,604.2487678797597,604.230847441785,0.01792043797463843,876.1607134256516,785.5233982436877,,785.5233982436877,,True,False,True,,,
SIM_DIR-1784852438,SIM_DIR,capstone_i,,50,50,255.0,0.0,0.0,1.0,604.2487678797597,604.230847441785,0.01792043797463843,876.1607134256516,785.5233982436877,,785.5233982436877,1100.0,True,False,True,,,
SIM_DIR-1784852438,SIM_DIR,capstone_ii,,50,50,255.0,0.0,0.0,1.0,604.2487678797597,604.230847441785,0.01792043797463843,783.7687678797597,716.4487678797598,,716.4487678797598,1100.0,True,False,True,,,
SIM_DIR-1784852438,SIM_DIR,capstone_iii_fit_1x,fit_1x,50,50,255.0,0.0,0.0,1.0,604.2487678797597,604.230847441785,0.01792043797463843,,,634.5603102518489,634.5603102518489,1100.0,True,False,True,,,
SIM_DIR-1784852438,SIM_DIR,capstone_iii_fit_2x,fit_2x,50,50,255.0,0.0,0.0,1.0,604.2487678797597,604.230847441785,0.01792043797463843,,,664.7718526239382,664.7718526239382,1100.0,True,False,True,,,
SIM_DIR-1784852438,SIM_DIR,capstone_iii_fit_activity,fit_activity,50,50,255.0,0.0,0.0,1.0,604.2487678797597,604.230847441785,0.01792043797463843,,,658.7295441495203,658.7295441495203,1100.0,True,False,True,,,
SIM_DIR-1784852438,SIM_DIR,capstone_iii_fit_activity_pvt,fit_activity_pvt,50,50,255.0,0.0,0.0,1.0,604.2487678797597,604.230847441785,0.01792043797463843,,,676.8564695727739,676.8564695727739,1100.0,True,False,True,,,
SIM_DIR-1784852438,SIM_DIR,capstone_iii_full,full,50,50,255.0,0.0,0.0,1.0,604.2487678797597,604.230847441785,0.01792043797463843,,,694.9833949960274,694.9833949960274,1100.0,True,False,True,,,
SIM_DIR-1784852438,SIM_DIR,baseline,,51,51,257.0,0.0,0.0,1.0,609.6950187677386,609.6770983297639,0.01792043797463843,884.0577772132209,792.6035243980602,,792.6035243980602,,True,False,True,,,
SIM_DIR-1784852438,SIM_DIR,capstone_i,,51,51,257.0,0.0,0.0,1.0,609.6950187677386,609.6770983297639,0.01792043797463843,884.0577772132209,792.6035243980602,,792.6035243980602,1100.0,True,False,True,,,
SIM_DIR-1784852438,SIM_DIR,capstone_ii,,51,51,257.0,0.0,0.0,1.0,609.6950187677386,609.6770983297639,0.01792043797463843,790.6230187677386,722.7750187677386,,722.7750187677386,1100.0,True,False,True,,,
SIM_DIR-1784852438,SIM_DIR,capstone_iii_fit_1x,fit_1x,51,51,257.0,0.0,0.0,1.0,609.6950187677386,609.6770983297639,0.01792043797463843,,,640.2788736842267,640.2788736842267,1100.0,True,False,True,,,
SIM_DIR-1784852438,SIM_DIR,capstone_iii_fit_2x,fit_2x,51,51,257.0,0.0,0.0,1.0,609.6950187677386,609.6770983297639,0.01792043797463843,,,670.762728600715,670.762728600715,1100.0,True,False,True,,,
SIM_DIR-1784852438,SIM_DIR,capstone_iii_fit_activity,fit_activity,51,51,257.0,0.0,0.0,1.0,609.6950187677386,609.6770983297639,0.01792043797463843,,,664.6659576174172,664.6659576174172,1100.0,True,False,True,,,
SIM_DIR-1784852438,SIM_DIR,capstone_iii_fit_activity_pvt,fit_activity_pvt,51,51,257.0,0.0,0.0,1.0,609.6950187677386,609.6770983297639,0.01792043797463843,,,682.9562705673103,682.9562705673103,1100.0,True,False,True,,,
SIM_DIR-1784852438,SIM_DIR,capstone_iii_full,full,51,51,257.0,0.0,0.0,1.0,609.6950187677386,609.6770983297639,0.01792043797463843,,,701.2465835172031,701.2465835172031,1100.0,True,False,True,,,
SIM_DIR-1784852438,SIM_DIR,baseline,,52,52,257.0,0.0,0.0,1.0,610.4018944405515,610.3839740025768,0.01792043797463843,885.0827469387996,793.522462772717,,793.522462772717,,True,False,True,,,
SIM_DIR-1784852438,SIM_DIR,capstone_i,,52,52,257.0,0.0,0.0,1.0,610.4018944405515,610.3839740025768,0.01792043797463843,885.0827469387996,793.522462772717,,793.522462772717,1100.0,True,False,True,,,
SIM_DIR-1784852438,SIM_DIR,capstone_ii,,52,52,257.0,0.0,0.0,1.0,610.4018944405515,610.3839740025768,0.01792043797463843,791.3298944405515,723.4818944405515,,723.4818944405515,1100.0,True,False,True,,,
SIM_DIR-1784852438,SIM_DIR,capstone_iii_fit_1x,fit_1x,52,52,257.0,0.0,0.0,1.0,610.4018944405515,610.3839740025768,0.01792043797463843,,,641.0210931406803,641.0210931406803,1100.0,True,False,True,,,
SIM_DIR-1784852438,SIM_DIR,capstone_iii_fit_2x,fit_2x,52,52,257.0,0.0,0.0,1.0,610.4018944405515,610.3839740025768,0.01792043797463843,,,671.5402918408092,671.5402918408092,1100.0,True,False,True,,,
SIM_DIR-1784852438,SIM_DIR,capstone_iii_fit_activity,fit_activity,52,52,257.0,0.0,0.0,1.0,610.4018944405515,610.3839740025768,0.01792043797463843,,,665.4364521007834,665.4364521007834,1100.0,True,False,True,,,
SIM_DIR-1784852438,SIM_DIR,capstone_iii_fit_activity_pvt,fit_activity_pvt,52,52,257.0,0.0,0.0,1.0,610.4018944405515,610.3839740025768,0.01792043797463843,,,683.7479713208606,683.7479713208606,1100.0,True,False,True,,,
SIM_DIR-1784852438,SIM_DIR,capstone_iii_full,full,52,52,257.0,0.0,0.0,1.0,610.4018944405515,610.3839740025768,0.01792043797463843,,,702.059490540938,702.059490540938,1100.0,True,False,True,,,
SIM_DIR-1784852438,SIM_DIR,baseline,,53,53,257.0,0.0,0.0,1.0,611.1084621690385,611.0905417310638,0.01792043797463843,886.1072701451058,794.4410008197501,,794.4410008197501,,True,False,True,,,
SIM_DIR-1784852438,SIM_DIR,capstone_i,,53,53,257.0,0.0,0.0,1.0,611.1084621690385,611.0905417310638,0.01792043797463843,886.1072701451058,794.4410008197501,,794.4410008197501,1100.0,True,False,True,,,
SIM_DIR-1784852438,SIM_DIR,capstone_ii,,53,53,257.0,0.0,0.0,1.0,611.1084621690385,611.0905417310638,0.01792043797463843,792.0364621690385,724.1884621690385,,724.1884621690385,1100.0,True,False,True,,,
SIM_DIR-1784852438,SIM_DIR,capstone_iii_fit_1x,fit_1x,53,53,257.0,0.0,0.0,1.0,611.1084621690385,611.0905417310638,0.01792043797463843,,,641.7629892555916,641.7629892555916,1100.0,True,False,True,,,
SIM_DIR-1784852438,SIM_DIR,capstone_iii_fit_2x,fit_2x,53,53,257.0,0.0,0.0,1.0,611.1084621690385,611.0905417310638,0.01792043797463843,,,672.3175163421449,672.3175163421449,1100.0,True,False,True,,,
SIM_DIR-1784852438,SIM_DIR,capstone_iii_fit_activity,fit_activity,53,53,257.0,0.0,0.0,1.0,611.1084621690385,611.0905417310638,0.01792043797463843,,,666.2066109248342,666.2066109248342,1100.0,True,False,True,,,
SIM_DIR-1784852438,SIM_DIR,capstone_iii_fit_activity_pvt,fit_activity_pvt,53,53,257.0,0.0,0.0,1.0,611.1084621690385,611.0905417310638,0.01792043797463843,,,684.539327176766,684.539327176766,1100.0,True,False,True,,,
SIM_DIR-1784852438,SIM_DIR,capstone_iii_full,full,53,53,257.0,0.0,0.0,1.0,611.1084621690385,611.0905417310638,0.01792043797463843,,,702.872043428698,702.872043428698,1100.0,True,False,True,,,
SIM_DIR-1784852438,SIM_DIR,baseline,,54,54,261.0,0.0,0.0,1.0,621.336852976072,621.3189325380973,0.01792043797463843,900.9384368153044,807.7379088688937,,807.7379088688937,,True,False,True,,,
SIM_DIR-1784852438,SIM_DIR,capstone_i,,54,54,261.0,0.0,0.0,1.0,621.336852976072,621.3189325380973,0.01792043797463843,900.9384368153044,807.7379088688937,,807.7379088688937,1100.0,True,False,True,,,
SIM_DIR-1784852438,SIM_DIR,capstone_ii,,54,54,261.0,0.0,0.0,1.0,621.336852976072,621.3189325380973,0.01792043797463843,805.080852976072,736.176852976072,,736.176852976072,1100.0,True,False,True,,,
SIM_DIR-1784852438,SIM_DIR,capstone_iii_fit_1x,fit_1x,54,54,261.0,0.0,0.0,1.0,621.336852976072,621.3189325380973,0.01792043797463843,,,652.5027996029769,652.5027996029769,1100.0,True,False,True,,,
SIM_DIR-1784852438,SIM_DIR,capstone_iii_fit_2x,fit_2x,54,54,261.0,0.0,0.0,1.0,621.336852976072,621.3189325380973,0.01792043797463843,,,683.5687462298819,683.5687462298819,1100.0,True,False,True,,,
SIM_DIR-1784852438,SIM_DIR,capstone_iii_fit_activity,fit_activity,54,54,261.0,0.0,0.0,1.0,621.336852976072,621.3189325380973,0.01792043797463843,,,677.3555569045009,677.3555569045009,1100.0,True,False,True,,,
SIM_DIR-1784852438,SIM_DIR,capstone_iii_fit_activity_pvt,fit_activity_pvt,54,54,261.0,0.0,0.0,1.0,621.336852976072,621.3189325380973,0.01792043797463843,,,695.9951248806437,695.9951248806437,1100.0,True,False,True,,,
SIM_DIR-1784852438,SIM_DIR,capstone_iii_full,full,54,54,261.0,0.0,0.0,1.0,621.336852976072,621.3189325380973,0.01792043797463843,,,714.6346928567866,714.6346928567866,1100.0,True,False,True,,,
SIM_DIR-1784852438,SIM_DIR,baseline,,55,55,263.0,0.0,0.0,1.0,626.8203562776457,626.802435839671,0.01792043797463843,908.8895166025862,814.8664631609395,,814.8664631609395,,True,False,True,,,
SIM_DIR-1784852438,SIM_DIR,capstone_i,,55,55,263.0,0.0,0.0,1.0,626.8203562776457,626.802435839671,0.01792043797463843,908.8895166025862,814.8664631609395,,814.8664631609395,1100.0,True,False,True,,,
SIM_DIR-1784852438,SIM_DIR,capstone_ii,,55,55,263.0,0.0,0.0,1.0,626.8203562776457,626.802435839671,0.01792043797463843,811.9723562776458,742.5403562776457,,742.5403562776457,1100.0,True,False,True,,,
SIM_DIR-1784852438,SIM_DIR,capstone_iii_fit_1x,fit_1x,55,55,263.0,0.0,0.0,1.0,626.8203562776457,626.802435839671,0.01792043797463843,,,658.2604780696292,658.2604780696292,1100.0,True,False,True,,,
SIM_DIR-1784852438,SIM_DIR,capstone_iii_fit_2x,fit_2x,55,55,263.0,0.0,0.0,1.0,626.8203562776457,626.802435839671,0.01792043797463843,,,689.6005998616129,689.6005998616129,1100.0,True,False,True,,,
SIM_DIR-1784852438,SIM_DIR,capstone_iii_fit_activity,fit_activity,55,55,263.0,0.0,0.0,1.0,626.8203562776457,626.802435839671,0.01792043797463843,,,683.332575503216,683.332575503216,1100.0,True,False,True,,,
SIM_DIR-1784852438,SIM_DIR,capstone_iii_fit_activity_pvt,fit_activity_pvt,55,55,263.0,0.0,0.0,1.0,626.8203562776457,626.802435839671,0.01792043797463843,,,702.1366485784063,702.1366485784063,1100.0,True,False,True,,,
SIM_DIR-1784852438,SIM_DIR,capstone_iii_full,full,55,55,263.0,0.0,0.0,1.0,626.8203562776457,626.802435839671,0.01792043797463843,,,720.9407216535964,720.9407216535964,1100.0,True,False,True,,,
SIM_DIR-1784852438,SIM_DIR,baseline,,56,56,268.0,0.0,0.0,1.0,639.472610089481,639.4546896515063,0.01792043797463843,927.2352846297474,831.3143931163254,,831.3143931163254,,True,False,True,,,
SIM_DIR-1784852438,SIM_DIR,capstone_i,,56,56,268.0,0.0,0.0,1.0,639.472610089481,639.4546896515063,0.01792043797463843,927.2352846297474,831.3143931163254,,831.3143931163254,1100.0,True,False,True,,,
SIM_DIR-1784852438,SIM_DIR,capstone_ii,,56,56,268.0,0.0,0.0,1.0,639.472610089481,639.4546896515063,0.01792043797463843,828.144610089481,757.392610089481,,757.392610089481,1100.0,True,False,True,,,
SIM_DIR-1784852438,SIM_DIR,capstone_iii_fit_1x,fit_1x,56,56,268.0,0.0,0.0,1.0,639.472610089481,639.4546896515063,0.01792043797463843,,,671.5453445720564,671.5453445720564,1100.0,True,False,True,,,
SIM_DIR-1784852438,SIM_DIR,capstone_iii_fit_2x,fit_2x,56,56,268.0,0.0,0.0,1.0,639.472610089481,639.4546896515063,0.01792043797463843,,,703.5180790546317,703.5180790546317,1100.0,True,False,True,,,
SIM_DIR-1784852438,SIM_DIR,capstone_iii_fit_activity,fit_activity,56,56,268.0,0.0,0.0,1.0,639.472610089481,639.4546896515063,0.01792043797463843,,,697.1235321581166,697.1235321581166,1100.0,True,False,True,,,
SIM_DIR-1784852438,SIM_DIR,capstone_iii_fit_activity_pvt,fit_activity_pvt,56,56,268.0,0.0,0.0,1.0,639.472610089481,639.4546896515063,0.01792043797463843,,,716.3071728476618,716.3071728476618,1100.0,True,False,True,,,
SIM_DIR-1784852438,SIM_DIR,capstone_iii_full,full,56,56,268.0,0.0,0.0,1.0,639.472610089481,639.4546896515063,0.01792043797463843,,,735.490813537207,735.490813537207,1100.0,True,False,True,,,
SIM_DIR-1784852438,SIM_DIR,baseline,,57,57,269.0,0.0,0.0,1.0,642.5969235719333,642.5790031339586,0.01792043797463843,931.7655391793032,835.3760006435133,,835.3760006435133,,True,False,True,,,
SIM_DIR-1784852438,SIM_DIR,capstone_i,,57,57,269.0,0.0,0.0,1.0,642.5969235719333,642.5790031339586,0.01792043797463843,931.7655391793032,835.3760006435133,,835.3760006435133,1100.0,True,False,True,,,
SIM_DIR-1784852438,SIM_DIR,capstone_ii,,57,57,269.0,0.0,0.0,1.0,642.5969235719333,642.5790031339586,0.01792043797463843,831.9729235719333,760.9569235719333,,760.9569235719333,1100.0,True,False,True,,,
SIM_DIR-1784852438,SIM_DIR,capstone_iii_fit_1x,fit_1x,57,57,269.0,0.0,0.0,1.0,642.5969235719333,642.5790031339586,0.01792043797463843,,,674.8258737286311,674.8258737286311,1100.0,True,False,True,,,
SIM_DIR-1784852438,SIM_DIR,capstone_iii_fit_2x,fit_2x,57,57,269.0,0.0,0.0,1.0,642.5969235719333,642.5790031339586,0.01792043797463843,,,706.9548238853291,706.9548238853291,1100.0,True,False,True,,,
SIM_DIR-1784852438,SIM_DIR,capstone_iii_fit_activity,fit_activity,57,57,269.0,0.0,0.0,1.0,642.5969235719333,642.5790031339586,0.01792043797463843,,,700.5290338539895,700.5290338539895,1100.0,True,False,True,,,
SIM_DIR-1784852438,SIM_DIR,capstone_iii_fit_activity_pvt,fit_activity_pvt,57,57,269.0,0.0,0.0,1.0,642.5969235719333,642.5790031339586,0.01792043797463843,,,719.8064039480083,719.8064039480083,1100.0,True,False,True,,,
SIM_DIR-1784852438,SIM_DIR,capstone_iii_full,full,57,57,269.0,0.0,0.0,1.0,642.5969235719333,642.5790031339586,0.01792043797463843,,,739.083774042027,739.083774042027,1100.0,True,False,True,,,
SIM_DIR-1784852438,SIM_DIR,baseline,,58,58,271.0,0.0,0.0,1.0,648.1179248685345,648.1000044305598,0.01792043797463843,939.770991059375,842.5533023290949,,842.5533023290949,,True,False,True,,,
SIM_DIR-1784852438,SIM_DIR,capstone_i,,58,58,271.0,0.0,0.0,1.0,648.1179248685345,648.1000044305598,0.01792043797463843,939.770991059375,842.5533023290949,,842.5533023290949,1100.0,True,False,True,,,
SIM_DIR-1784852438,SIM_DIR,capstone_ii,,58,58,271.0,0.0,0.0,1.0,648.1179248685345,648.1000044305598,0.01792043797463843,838.9019248685345,767.3579248685345,,767.3579248685345,1100.0,True,False,True,,,
SIM_DIR-1784852438,SIM_DIR,capstone_iii_fit_1x,fit_1x,58,58,271.0,0.0,0.0,1.0,648.1179248685345,648.1000044305598,0.01792043797463843,,,680.6229250900625,680.6229250900625,1100.0,True,False,True,,,
SIM_DIR-1784852438,SIM_DIR,capstone_iii_fit_2x,fit_2x,58,58,271.0,0.0,0.0,1.0,648.1179248685345,648.1000044305598,0.01792043797463843,,,713.0279253115905,713.0279253115905,1100.0,True,False,True,,,
SIM_DIR-1784852438,SIM_DIR,capstone_iii_fit_activity,fit_activity,58,58,271.0,0.0,0.0,1.0,648.1179248685345,648.1000044305598,0.01792043797463843,,,706.5469252672849,706.5469252672849,1100.0,True,False,True,,,
SIM_DIR-1784852438,SIM_DIR,capstone_iii_fit_activity_pvt,fit_activity_pvt,58,58,271.0,0.0,0.0,1.0,648.1179248685345,648.1000044305598,0.01792043797463843,,,725.9899254002017,725.9899254002017,1100.0,True,False,True,,,
SIM_DIR-1784852438,SIM_DIR,capstone_iii_full,full,58,58,271.0,0.0,0.0,1.0,648.1179248685345,648.1000044305598,0.01792043797463843,,,745.4329255331185,745.4329255331185,1100.0,True,False,True,,,
SIM_DIR-1784852438,SIM_DIR,baseline,,59,59,271.0,0.0,0.0,1.0,648.8610735168576,648.8431530788829,0.01792043797463843,940.8485565994434,843.5193955719149,,843.5193955719149,,True,False,True,,,
SIM_DIR-1784852438,SIM_DIR,capstone_i,,59,59,271.0,0.0,0.0,1.0,648.8610735168576,648.8431530788829,0.01792043797463843,940.8485565994434,843.5193955719149,,843.5193955719149,1100.0,True,False,True,,,
SIM_DIR-1784852438,SIM_DIR,capstone_ii,,59,59,271.0,0.0,0.0,1.0,648.8610735168576,648.8431530788829,0.01792043797463843,839.6450735168576,768.1010735168576,,768.1010735168576,1100.0,True,False,True,,,
SIM_DIR-1784852438,SIM_DIR,capstone_iii_fit_1x,fit_1x,59,59,271.0,0.0,0.0,1.0,648.8610735168576,648.8431530788829,0.01792043797463843,,,681.4032311708017,681.4032311708017,1100.0,True,False,True,,,
SIM_DIR-1784852438,SIM_DIR,capstone_iii_fit_2x,fit_2x,59,59,271.0,0.0,0.0,1.0,648.8610735168576,648.8431530788829,0.01792043797463843,,,713.8453888247459,713.8453888247459,1100.0,True,False,True,,,
SIM_DIR-1784852438,SIM_DIR,capstone_iii_fit_activity,fit_activity,59,59,271.0,0.0,0.0,1.0,648.8610735168576,648.8431530788829,0.01792043797463843,,,707.3569572939571,707.3569572939571,1100.0,True,False,True,,,
SIM_DIR-1784852438,SIM_DIR,capstone_iii_fit_activity_pvt,fit_activity_pvt,59,59,271.0,0.0,0.0,1.0,648.8610735168576,648.8431530788829,0.01792043797463843,,,726.8222518863236,726.8222518863236,1100.0,True,False,True,,,
SIM_DIR-1784852438,SIM_DIR,capstone_iii_full,full,59,59,271.0,0.0,0.0,1.0,648.8610735168576,648.8431530788829,0.01792043797463843,,,746.28754647869,746.28754647869,1100.0,True,False,True,,,
SIM_DIR-1784852438,SIM_DIR,baseline,,60,60,273.0,0.0,0.0,1.0,654.3979029309468,654.3799824929721,0.01792043797463843,948.8769592498728,850.7172738102308,,850.7172738102308,,True,False,True,,,
SIM_DIR-1784852438,SIM_DIR,capstone_i,,60,60,273.0,0.0,0.0,1.0,654.3979029309468,654.3799824929721,0.01792043797463843,948.8769592498728,850.7172738102308,,850.7172738102308,1100.0,True,False,True,,,
SIM_DIR-1784852438,SIM_DIR,capstone_ii,,60,60,273.0,0.0,0.0,1.0,654.3979029309468,654.3799824929721,0.01792043797463843,846.5899029309468,774.5179029309468,,774.5179029309468,1100.0,True,False,True,,,
SIM_DIR-1784852438,SIM_DIR,capstone_iii_fit_1x,fit_1x,60,60,273.0,0.0,0.0,1.0,654.3979029309468,654.3799824929721,0.01792043797463843,,,687.2169020555954,687.2169020555954,1100.0,True,False,True,,,
SIM_DIR-1784852438,SIM_DIR,capstone_iii_fit_2x,fit_2x,60,60,273.0,0.0,0.0,1.0,654.3979029309468,654.3799824929721,0.01792043797463843,,,719.9359011802441,719.9359011802441,1100.0,True,False,True,,,
SIM_DIR-1784852438,SIM_DIR,capstone_iii_fit_activity,fit_activity,60,60,273.0,0.0,0.0,1.0,654.3979029309468,654.3799824929721,0.01792043797463843,,,713.3921013553144,713.3921013553144,1100.0,True,False,True,,,
SIM_DIR-1784852438,SIM_DIR,capstone_iii_fit_activity_pvt,fit_activity_pvt,60,60,273.0,0.0,0.0,1.0,654.3979029309468,654.3799824929721,0.01792043797463843,,,733.0235008301034,733.0235008301034,1100.0,True,False,True,,,
SIM_DIR-1784852438,SIM_DIR,capstone_iii_full,full,60,60,273.0,0.0,0.0,1.0,654.3979029309468,654.3799824929721,0.01792043797463843,,,752.6549003048925,752.6549003048925,1100.0,True,False,True,,,
SIM_DIR-1784852438,SIM_DIR,baseline,,61,61,281.0,0.0,0.0,1.0,674.34379951795,674.3258790799753,0.01792043797463843,977.7985093010274,876.6469393733349,,876.6469393733349,,True,False,True,,,
SIM_DIR-1784852438,SIM_DIR,capstone_i,,61,61,281.0,0.0,0.0,1.0,674.34379951795,674.3258790799753,0.01792043797463843,977.7985093010274,876.6469393733349,,876.6469393733349,1100.0,True,False,True,,,
SIM_DIR-1784852438,SIM_DIR,capstone_ii,,61,61,281.0,0.0,0.0,1.0,674.34379951795,674.3258790799753,0.01792043797463843,872.16779951795,797.9837995179499,,797.9837995179499,1100.0,True,False,True,,,
SIM_DIR-1784852438,SIM_DIR,capstone_iii_fit_1x,fit_1x,61,61,281.0,0.0,0.0,1.0,674.34379951795,674.3258790799753,0.01792043797463843,,,708.1600934719486,708.1600934719486,1100.0,True,False,True,,,
SIM_DIR-1784852438,SIM_DIR,capstone_iii_fit_2x,fit_2x,61,61,281.0,0.0,0.0,1.0,674.34379951795,674.3258790799753,0.01792043797463843,,,741.8763874259474,741.8763874259474,1100.0,True,False,True,,,
SIM_DIR-1784852438,SIM_DIR,capstone_iii_fit_activity,fit_activity,61,61,281.0,0.0,0.0,1.0,674.34379951795,674.3258790799753,0.01792043797463843,,,735.1331286351476,735.1331286351476,1100.0,True,False,True,,,
SIM_DIR-1784852438,SIM_DIR,capstone_iii_fit_activity_pvt,fit_activity_pvt,61,61,281.0,0.0,0.0,1.0,674.34379951795,674.3258790799753,0.01792043797463843,,,755.3629050075469,755.3629050075469,1100.0,True,False,True,,,
SIM_DIR-1784852438,SIM_DIR,capstone_iii_full,full,61,61,281.0,0.0,0.0,1.0,674.34379951795,674.3258790799753,0.01792043797463843,,,775.5926813799462,775.5926813799462,1100.0,True,False,True,,,
SIM_DIR-1784852438,SIM_DIR,baseline,,62,62,286.0,0.0,0.0,1.0,687.1257815509977,687.107861113023,0.01792043797463843,996.3323832489466,893.263516016297,,893.263516016297,,True,False,True,,,
SIM_DIR-1784852438,SIM_DIR,capstone_i,,62,62,286.0,0.0,0.0,1.0,687.1257815509977,687.107861113023,0.01792043797463843,996.3323832489466,893.263516016297,,893.263516016297,1100.0,True,False,True,,,
SIM_DIR-1784852438,SIM_DIR,capstone_ii,,62,62,286.0,0.0,0.0,1.0,687.1257815509977,687.107861113023,0.01792043797463843,888.4697815509976,812.9657815509977,,812.9657815509977,1100.0,True,False,True,,,
SIM_DIR-1784852438,SIM_DIR,capstone_iii_fit_1x,fit_1x,62,62,286.0,0.0,0.0,1.0,687.1257815509977,687.107861113023,0.01792043797463843,,,721.5811746066489,721.5811746066489,1100.0,True,False,True,,,
SIM_DIR-1784852438,SIM_DIR,capstone_iii_fit_2x,fit_2x,62,62,286.0,0.0,0.0,1.0,687.1257815509977,687.107861113023,0.01792043797463843,,,755.9365676622999,755.9365676622999,1100.0,True,False,True,,,
SIM_DIR-1784852438,SIM_DIR,capstone_iii_fit_activity,fit_activity,62,62,286.0,0.0,0.0,1.0,687.1257815509977,687.107861113023,0.01792043797463843,,,749.0654890511697,749.0654890511697,1100.0,True,False,True,,,
SIM_DIR-1784852438,SIM_DIR,capstone_iii_fit_activity_pvt,fit_activity_pvt,62,62,286.0,0.0,0.0,1.0,687.1257815509977,687.107861113023,0.01792043797463843,,,769.6787248845603,769.6787248845603,1100.0,True,False,True,,,
SIM_DIR-1784852438,SIM_DIR,capstone_iii_full,full,62,62,286.0,0.0,0.0,1.0,687.1257815509977,687.107861113023,0.01792043797463843,,,790.291960717951,790.291960717951,1100.0,True,False,True,,,
SIM_DIR-1784852438,SIM_DIR,baseline,,63,63,287.0,0.0,0.0,1.0,690.3139718067077,690.2960513687331,0.01792043797463843,1000.9552591197262,897.4081633487201,,897.4081633487201,,True,False,True,,,
SIM_DIR-1784852438,SIM_DIR,capstone_i,,63,63,287.0,0.0,0.0,1.0,690.3139718067077,690.2960513687331,0.01792043797463843,1000.9552591197262,897.4081633487201,,897.4081633487201,1100.0,True,False,True,,,
SIM_DIR-1784852438,SIM_DIR,capstone_ii,,63,63,287.0,0.0,0.0,1.0,690.3139718067077,690.2960513687331,0.01792043797463843,892.3619718067077,816.5939718067077,,816.5939718067077,1100.0,True,False,True,,,
SIM_DIR-1784852438,SIM_DIR,capstone_iii_fit_1x,fit_1x,63,63,287.0,0.0,0.0,1.0,690.3139718067077,690.2960513687331,0.01792043797463843,,,724.9287743751444,724.9287743751444,1100.0,True,False,True,,,
SIM_DIR-1784852438,SIM_DIR,capstone_iii_fit_2x,fit_2x,63,63,287.0,0.0,0.0,1.0,690.3139718067077,690.2960513687331,0.01792043797463843,,,759.4435769435811,759.4435769435811,1100.0,True,False,True,,,
SIM_DIR-1784852438,SIM_DIR,capstone_iii_fit_activity,fit_activity,63,63,287.0,0.0,0.0,1.0,690.3139718067077,690.2960513687331,0.01792043797463843,,,752.5406164298937,752.5406164298937,1100.0,True,False,True,,,
SIM_DIR-1784852438,SIM_DIR,capstone_iii_fit_activity_pvt,fit_activity_pvt,63,63,287.0,0.0,0.0,1.0,690.3139718067077,690.2960513687331,0.01792043797463843,,,773.2494979709558,773.2494979709558,1100.0,True,False,True,,,
SIM_DIR-1784852438,SIM_DIR,capstone_iii_full,full,63,63,287.0,0.0,0.0,1.0,690.3139718067077,690.2960513687331,0.01792043797463843,,,793.9583795120177,793.9583795120177,1100.0,True,False,True,,,
SIM_DIR-1784852438,SIM_DIR,baseline,,64,64,288.0,0.0,0.0,1.0,693.507313665644,693.4893932276693,0.01792043797463843,1005.5856048151837,901.5595077653372,,901.5595077653372,,True,False,True,,,
SIM_DIR-1784852438,SIM_DIR,capstone_i,,64,64,288.0,0.0,0.0,1.0,693.507313665644,693.4893932276693,0.01792043797463843,1005.5856048151837,901.5595077653372,,901.5595077653372,1100.0,True,False,True,,,
SIM_DIR-1784852438,SIM_DIR,capstone_ii,,64,64,288.0,0.0,0.0,1.0,693.507313665644,693.4893932276693,0.01792043797463843,896.259313665644,820.227313665644,,820.227313665644,1100.0,True,False,True,,,
SIM_DIR-1784852438,SIM_DIR,capstone_iii_fit_1x,fit_1x,64,64,288.0,0.0,0.0,1.0,693.507313665644,693.4893932276693,0.01792043797463843,,,728.2817833270276,728.2817833270276,1100.0,True,False,True,,,
SIM_DIR-1784852438,SIM_DIR,capstone_iii_fit_2x,fit_2x,64,64,288.0,0.0,0.0,1.0,693.507313665644,693.4893932276693,0.01792043797463843,,,762.9562529884109,762.9562529884109,1100.0,True,False,True,,,
SIM_DIR-1784852438,SIM_DIR,capstone_iii_fit_activity,fit_activity,64,64,288.0,0.0,0.0,1.0,693.507313665644,693.4893932276693,0.01792043797463843,,,756.0213590561343,756.0213590561343,1100.0,True,False,True,,,
SIM_DIR-1784852438,SIM_DIR,capstone_iii_fit_activity_pvt,fit_activity_pvt,64,64,288.0,0.0,0.0,1.0,693.507313665644,693.4893932276693,0.01792043797463843,,,776.8260408529643,776.8260408529643,1100.0,True,False,True,,,
SIM_DIR-1784852438,SIM_DIR,capstone_iii_full,full,64,64,288.0,0.0,0.0,1.0,693.507313665644,693.4893932276693,0.01792043797463843,,,797.6307226497943,797.6307226497943,1100.0,True,False,True,,,
SIM_DIR-1784852438,SIM_DIR,baseline,,65,65,289.0,0.0,0.0,1.0,696.7058056240782,696.6878851861035,0.01792043797463843,1010.2234181549132,905.7175473113016,,905.7175473113016,,True,False,True,,,
SIM_DIR-1784852438,SIM_DIR,capstone_i,,65,65,289.0,0.0,0.0,1.0,696.7058056240782,696.6878851861035,0.01792043797463843,1010.2234181549132,905.7175473113016,,905.7175473113016,1100.0,True,False,True,,,
SIM_DIR-1784852438,SIM_DIR,capstone_ii,,65,65,289.0,0.0,0.0,1.0,696.7058056240782,696.6878851861035,0.01792043797463843,900.1618056240782,823.8658056240781,,823.8658056240781,1100.0,True,False,True,,,
SIM_DIR-1784852438,SIM_DIR,capstone_iii_fit_1x,fit_1x,65,65,289.0,0.0,0.0,1.0,696.7058056240782,696.6878851861035,0.01792043797463843,,,731.6401998833834,731.6401998833834,1100.0,True,False,True,,,
SIM_DIR-1784852438,SIM_DIR,capstone_iii_fit_2x,fit_2x,65,65,289.0,0.0,0.0,1.0,696.7058056240782,696.6878851861035,0.01792043797463843,,,766.4745941426885,766.4745941426885,1100.0,True,False,True,,,
SIM_DIR-1784852438,SIM_DIR,capstone_iii_fit_activity,fit_activity,65,65,289.0,0.0,0.0,1.0,696.7058056240782,696.6878851861035,0.01792043797463843,,,759.5077152908275,759.5077152908275,1100.0,True,False,True,,,
SIM_DIR-1784852438,SIM_DIR,capstone_iii_fit_activity_pvt,fit_activity_pvt,65,65,289.0,0.0,0.0,1.0,696.7058056240782,696.6878851861035,0.01792043797463843,,,780.4083518464106,780.4083518464106,1100.0,True,False,True,,,
SIM_DIR-1784852438,SIM_DIR,capstone_iii_full,full,65,65,289.0,0.0,0.0,1.0,696.7058056240782,696.6878851861035,0.01792043797463843,,,801.3089884019936,801.3089884019936,1100.0,True,False,True,,,
SIM_DIR-1784852438,SIM_DIR,baseline,,66,66,297.0,0.0,0.0,1.0,716.8033795720822,716.7854591341076,0.01792043797463843,1039.3649003795192,931.844393443707,,931.844393443707,,True,False,True,,,
SIM_DIR-1784852438,SIM_DIR,capstone_i,,66,66,297.0,0.0,0.0,1.0,716.8033795720822,716.7854591341076,0.01792043797463843,1039.3649003795192,931.844393443707,,931.844393443707,1100.0,True,False,True,,,
SIM_DIR-1784852438,SIM_DIR,capstone_ii,,66,66,297.0,0.0,0.0,1.0,716.8033795720822,716.7854591341076,0.01792043797463843,925.8913795720823,847.4833795720822,,847.4833795720822,1100.0,True,False,True,,,
SIM_DIR-1784852438,SIM_DIR,capstone_iii_fit_1x,fit_1x,66,66,297.0,0.0,0.0,1.0,716.8033795720822,716.7854591341076,0.01792043797463843,,,752.7426525287877,752.7426525287877,1100.0,True,False,True,,,
SIM_DIR-1784852438,SIM_DIR,capstone_iii_fit_2x,fit_2x,66,66,297.0,0.0,0.0,1.0,716.8033795720822,716.7854591341076,0.01792043797463843,,,788.581925485493,788.581925485493,1100.0,True,False,True,,,
SIM_DIR-1784852438,SIM_DIR,capstone_iii_fit_activity,fit_activity,66,66,297.0,0.0,0.0,1.0,716.8033795720822,716.7854591341076,0.01792043797463843,,,781.4140708941519,781.4140708941519,1100.0,True,False,True,,,
SIM_DIR-1784852438,SIM_DIR,capstone_iii_fit_activity_pvt,fit_activity_pvt,66,66,297.0,0.0,0.0,1.0,716.8033795720822,716.7854591341076,0.01792043797463843,,,802.9176346681752,802.9176346681752,1100.0,True,False,True,,,
SIM_DIR-1784852438,SIM_DIR,capstone_iii_full,full,66,66,297.0,0.0,0.0,1.0,716.8033795720822,716.7854591341076,0.01792043797463843,,,824.4211984421985,824.4211984421985,1100.0,True,False,True,,,
SIM_DIR-1784852438,SIM_DIR,baseline,,67,67,298.0,0.0,0.0,1.0,720.0312998514752,720.0133794135005,0.01792043797463843,1044.045384784639,936.0406898069177,,936.0406898069177,,True,False,True,,,
SIM_DIR-1784852438,SIM_DIR,capstone_i,,67,67,298.0,0.0,0.0,1.0,720.0312998514752,720.0133794135005,0.01792043797463843,1044.045384784639,936.0406898069177,,936.0406898069177,1100.0,True,False,True,,,
SIM_DIR-1784852438,SIM_DIR,capstone_ii,,67,67,298.0,0.0,0.0,1.0,720.0312998514752,720.0133794135005,0.01792043797463843,929.8232998514752,851.1512998514752,,851.1512998514752,1100.0,True,False,True,,,
SIM_DIR-1784852438,SIM_DIR,capstone_iii_fit_1x,fit_1x,67,67,298.0,0.0,0.0,1.0,720.0312998514752,720.0133794135005,0.01792043797463843,,,756.1319688221504,756.1319688221504,1100.0,True,False,True,,,
SIM_DIR-1784852438,SIM_DIR,capstone_iii_fit_2x,fit_2x,67,67,298.0,0.0,0.0,1.0,720.0312998514752,720.0133794135005,0.01792043797463843,,,792.1326377928253,792.1326377928253,1100.0,True,False,True,,,
SIM_DIR-1784852438,SIM_DIR,capstone_iii_fit_activity,fit_activity,67,67,298.0,0.0,0.0,1.0,720.0312998514752,720.0133794135005,0.01792043797463843,,,784.9325039986902,784.9325039986902,1100.0,True,False,True,,,
SIM_DIR-1784852438,SIM_DIR,capstone_iii_fit_activity_pvt,fit_activity_pvt,67,67,298.0,0.0,0.0,1.0,720.0312998514752,720.0133794135005,0.01792043797463843,,,806.5329053810952,806.5329053810952,1100.0,True,False,True,,,
SIM_DIR-1784852438,SIM_DIR,capstone_iii_full,full,67,67,298.0,0.0,0.0,1.0,720.0312998514752,720.0133794135005,0.01792043797463843,,,828.1333067635003,828.1333067635003,1100.0,True,False,True,,,
SIM_DIR-1784852438,SIM_DIR,baseline,,68,68,298.0,0.0,0.0,1.0,720.8454737030601,720.8275532650854,0.01792043797463843,1045.225936869437,937.0991158139781,,937.0991158139781,,True,False,True,,,
SIM_DIR-1784852438,SIM_DIR,capstone_i,,68,68,298.0,0.0,0.0,1.0,720.8454737030601,720.8275532650854,0.01792043797463843,1045.225936869437,937.0991158139781,,937.0991158139781,1100.0,True,False,True,,,
SIM_DIR-1784852438,SIM_DIR,capstone_ii,,68,68,298.0,0.0,0.0,1.0,720.8454737030601,720.8275532650854,0.01792043797463843,930.6374737030601,851.9654737030601,,851.9654737030601,1100.0,True,False,True,,,
SIM_DIR-1784852438,SIM_DIR,capstone_iii_fit_1x,fit_1x,68,68,298.0,0.0,0.0,1.0,720.8454737030601,720.8275532650854,0.01792043797463843,,,756.9868513663145,756.9868513663145,1100.0,True,False,True,,,
SIM_DIR-1784852438,SIM_DIR,capstone_iii_fit_2x,fit_2x,68,68,298.0,0.0,0.0,1.0,720.8454737030601,720.8275532650854,0.01792043797463843,,,793.0282290295687,793.0282290295687,1100.0,True,False,True,,,
SIM_DIR-1784852438,SIM_DIR,capstone_iii_fit_activity,fit_activity,68,68,298.0,0.0,0.0,1.0,720.8454737030601,720.8275532650854,0.01792043797463843,,,785.8199534969178,785.8199534969178,1100.0,True,False,True,,,
SIM_DIR-1784852438,SIM_DIR,capstone_iii_fit_activity_pvt,fit_activity_pvt,68,68,298.0,0.0,0.0,1.0,720.8454737030601,720.8275532650854,0.01792043797463843,,,807.4447800948705,807.4447800948705,1100.0,True,False,True,,,
SIM_DIR-1784852438,SIM_DIR,capstone_iii_full,full,68,68,298.0,0.0,0.0,1.0,720.8454737030601,720.8275532650854,0.01792043797463843,,,829.069606692823,829.069606692823,1100.0,True,False,True,,,
SIM_DIR-1784852438,SIM_DIR,baseline,,69,69,311.0,0.0,0.0,1.0,753.1403227999593,753.1224023619847,0.01792043797463843,1092.053468059941,979.0824196399471,,979.0824196399471,,True,False,True,,,
SIM_DIR-1784852438,SIM_DIR,capstone_i,,69,69,311.0,0.0,0.0,1.0,753.1403227999593,753.1224023619847,0.01792043797463843,1092.053468059941,979.0824196399471,,979.0824196399471,1100.0,True,False,True,,,
SIM_DIR-1784852438,SIM_DIR,capstone_ii,,69,69,311.0,0.0,0.0,1.0,753.1403227999593,753.1224023619847,0.01792043797463843,972.0843227999594,889.9803227999594,,889.9803227999594,1100.0,True,False,True,,,
SIM_DIR-1784852438,SIM_DIR,capstone_iii_fit_1x,fit_1x,69,69,311.0,0.0,0.0,1.0,753.1403227999593,753.1224023619847,0.01792043797463843,,,790.8964429180586,790.8964429180586,1100.0,True,False,True,,,
SIM_DIR-1784852438,SIM_DIR,capstone_iii_fit_2x,fit_2x,69,69,311.0,0.0,0.0,1.0,753.1403227999593,753.1224023619847,0.01792043797463843,,,828.5525630361577,828.5525630361577,1100.0,True,False,True,,,
SIM_DIR-1784852438,SIM_DIR,capstone_iii_fit_activity,fit_activity,69,69,311.0,0.0,0.0,1.0,753.1403227999593,753.1224023619847,0.01792043797463843,,,821.021339012538,821.021339012538,1100.0,True,False,True,,,
SIM_DIR-1784852438,SIM_DIR,capstone_iii_fit_activity_pvt,fit_activity_pvt,69,69,311.0,0.0,0.0,1.0,753.1403227999593,753.1224023619847,0.01792043797463843,,,843.6150110833975,843.6150110833975,1100.0,True,False,True,,,
SIM_DIR-1784852438,SIM_DIR,capstone_iii_full,full,69,69,311.0,0.0,0.0,1.0,753.1403227999593,753.1224023619847,0.01792043797463843,,,866.2086831542571,866.2086831542571,1100.0,True,False,True,,,
SIM_DIR-1784852438,SIM_DIR,baseline,,70,70,312.0,0.0,0.0,1.0,756.4136822472539,756.3957618092792,0.01792043797463843,1096.799839258518,983.33778692143,,983.33778692143,,True,False,True,,,
SIM_DIR-1784852438,SIM_DIR,capstone_i,,70,70,312.0,0.0,0.0,1.0,756.4136822472539,756.3957618092792,0.01792043797463843,1096.799839258518,983.33778692143,,983.33778692143,1100.0,True,False,True,,,
SIM_DIR-1784852438,SIM_DIR,capstone_ii,,70,70,312.0,0.0,0.0,1.0,756.4136822472539,756.3957618092792,0.01792043797463843,976.0616822472539,893.6936822472538,,893.6936822472538,1100.0,True,False,True,,,
SIM_DIR-1784852438,SIM_DIR,capstone_iii_fit_1x,fit_1x,70,70,312.0,0.0,0.0,1.0,756.4136822472539,756.3957618092792,0.01792043797463843,,,794.3334703377179,794.3334703377179,1100.0,True,False,True,,,
SIM_DIR-1784852438,SIM_DIR,capstone_iii_fit_2x,fit_2x,70,70,312.0,0.0,0.0,1.0,756.4136822472539,756.3957618092792,0.01792043797463843,,,832.1532584281817,832.1532584281817,1100.0,True,False,True,,,
SIM_DIR-1784852438,SIM_DIR,capstone_iii_fit_activity,fit_activity,70,70,312.0,0.0,0.0,1.0,756.4136822472539,756.3957618092792,0.01792043797463843,,,824.5893008100891,824.5893008100891,1100.0,True,False,True,,,
SIM_DIR-1784852438,SIM_DIR,capstone_iii_fit_activity_pvt,fit_activity_pvt,70,70,312.0,0.0,0.0,1.0,756.4136822472539,756.3957618092792,0.01792043797463843,,,847.2811736643674,847.2811736643674,1100.0,True,False,True,,,
SIM_DIR-1784852438,SIM_DIR,capstone_iii_full,full,70,70,312.0,0.0,0.0,1.0,756.4136822472539,756.3957618092792,0.01792043797463843,,,869.9730465186457,869.9730465186457,1100.0,True,False,True,,,
SIM_DIR-1784852438,SIM_DIR,baseline,,71,71,319.0,0.0,0.0,1.0,774.2546091720408,774.2366887340661,0.01792043797463843,1122.669183299459,1006.530991923653,,1006.530991923653,,True,False,True,,,
SIM_DIR-1784852438,SIM_DIR,capstone_i,,71,71,319.0,0.0,0.0,1.0,774.2546091720408,774.2366887340661,0.01792043797463843,1122.669183299459,1006.530991923653,,1006.530991923653,1100.0,True,False,True,,,
SIM_DIR-1784852438,SIM_DIR,capstone_ii,,71,71,319.0,0.0,0.0,1.0,774.2546091720408,774.2366887340661,0.01792043797463843,998.8306091720408,914.6146091720408,,914.6146091720408,1100.0,True,False,True,,,
SIM_DIR-1784852438,SIM_DIR,capstone_iii_fit_1x,fit_1x,71,71,319.0,0.0,0.0,1.0,774.2546091720408,774.2366887340661,0.01792043797463843,,,813.0664436087442,813.0664436087442,1100.0,True,False,True,,,
SIM_DIR-1784852438,SIM_DIR,capstone_iii_fit_2x,fit_2x,71,71,319.0,0.0,0.0,1.0,774.2546091720408,774.2366887340661,0.01792043797463843,,,851.7782780454475,851.7782780454475,1100.0,True,False,True,,,
SIM_DIR-1784852438,SIM_DIR,capstone_iii_fit_activity,fit_activity,71,71,319.0,0.0,0.0,1.0,774.2546091720408,774.2366887340661,0.01792043797463843,,,844.0359111581066,844.0359111581066,1100.0,True,False,True,,,
SIM_DIR-1784852438,SIM_DIR,capstone_iii_fit_activity_pvt,fit_activity_pvt,71,71,319.0,0.0,0.0,1.0,774.2546091720408,774.2366887340661,0.01792043797463843,,,867.2630118201288,867.2630118201288,1100.0,True,False,True,,,
SIM_DIR-1784852438,SIM_DIR,capstone_iii_full,full,71,71,319.0,0.0,0.0,1.0,774.2546091720408,774.2366887340661,0.01792043797463843,,,890.4901124821508,890.4901124821508,1100.0,True,False,True,,,
SIM_DIR-1784852438,SIM_DIR,baseline,,72,72,335.0,0.0,0.0,1.0,814.0016087541159,813.9836883161412,0.01792043797463843,1180.3023326934679,1058.2020913803506,,1058.2020913803506,,True,False,True,,,
SIM_DIR-1784852438,SIM_DIR,capstone_i,,72,72,335.0,0.0,0.0,1.0,814.0016087541159,813.9836883161412,0.01792043797463843,1180.3023326934679,1058.2020913803506,,1058.2020913803506,1100.0,True,False,True,,,
SIM_DIR-1784852438,SIM_DIR,capstone_ii,,72,72,335.0,0.0,0.0,1.0,814.0016087541159,813.9836883161412,0.01792043797463843,1049.841608754116,961.4016087541158,,961.4016087541158,1100.0,True,False,True,,,
SIM_DIR-1784852438,SIM_DIR,capstone_iii_fit_1x,fit_1x,72,72,335.0,0.0,0.0,1.0,814.0016087541159,813.9836883161412,0.01792043797463843,,,854.800793169923,854.800793169923,1100.0,True,False,True,,,
SIM_DIR-1784852438,SIM_DIR,capstone_iii_fit_2x,fit_2x,72,72,335.0,0.0,0.0,1.0,814.0016087541159,813.9836883161412,0.01792043797463843,,,895.49997758573,895.49997758573,1100.0,True,False,True,,,
SIM_DIR-1784852438,SIM_DIR,capstone_iii_fit_activity,fit_activity,72,72,335.0,0.0,0.0,1.0,814.0016087541159,813.9836883161412,0.01792043797463843,,,887.3601407025685,887.3601407025685,1100.0,True,False,True,,,
SIM_DIR-1784852438,SIM_DIR,capstone_iii_fit_activity_pvt,fit_activity_pvt,72,72,335.0,0.0,0.0,1.0,814.0016087541159,813.9836883161412,0.01792043797463843,,,911.779651352053,911.779651352053,1100.0,True,False,True,,,
SIM_DIR-1784852438,SIM_DIR,capstone_iii_full,full,72,72,335.0,0.0,0.0,1.0,814.0016087541159,813.9836883161412,0.01792043797463843,,,936.1991620015372,936.1991620015372,1100.0,True,False,True,,,
SIM_DIR-1784852438,SIM_DIR,baseline,,73,73,337.0,0.0,0.0,1.0,819.7801201446968,819.7621997067221,0.01792043797463843,1188.6811742098103,1065.7141561881058,,1065.7141561881058,,True,False,True,,,
SIM_DIR-1784852438,SIM_DIR,capstone_i,,73,73,337.0,0.0,0.0,1.0,819.7801201446968,819.7621997067221,0.01792043797463843,1188.6811742098103,1065.7141561881058,,1065.7141561881058,1100.0,True,False,True,,,
SIM_DIR-1784852438,SIM_DIR,capstone_ii,,73,73,337.0,0.0,0.0,1.0,819.7801201446968,819.7621997067221,0.01792043797463843,1057.0281201446967,968.0601201446967,,968.0601201446967,1100.0,True,False,True,,,
SIM_DIR-1784852438,SIM_DIR,capstone_iii_fit_1x,fit_1x,73,73,337.0,0.0,0.0,1.0,819.7801201446968,819.7621997067221,0.01792043797463843,,,860.8682301300329,860.8682301300329,1100.0,True,False,True,,,
SIM_DIR-1784852438,SIM_DIR,capstone_iii_fit_2x,fit_2x,73,73,337.0,0.0,0.0,1.0,819.7801201446968,819.7621997067221,0.01792043797463843,,,901.856340115369,901.856340115369,1100.0,True,False,True,,,
SIM_DIR-1784852438,SIM_DIR,capstone_iii_fit_activity,fit_activity,73,73,337.0,0.0,0.0,1.0,819.7801201446968,819.7621997067221,0.01792043797463843,,,893.6587181183017,893.6587181183017,1100.0,True,False,True,,,
SIM_DIR-1784852438,SIM_DIR,capstone_iii_fit_activity_pvt,fit_activity_pvt,73,73,337.0,0.0,0.0,1.0,819.7801201446968,819.7621997067221,0.01792043797463843,,,918.2515841095034,918.2515841095034,1100.0,True,False,True,,,
SIM_DIR-1784852438,SIM_DIR,capstone_iii_full,full,73,73,337.0,0.0,0.0,1.0,819.7801201446968,819.7621997067221,0.01792043797463843,,,942.8444501007051,942.8444501007051,1100.0,True,False,True,,,
SIM_DIR-1784852438,SIM_DIR,baseline,,74,74,337.0,0.0,0.0,1.0,820.6986697386816,820.6807493007069,0.01792043797463843,1190.0130711210882,1066.908270660286,,1066.908270660286,,True,False,True,,,
SIM_DIR-1784852438,SIM_DIR,capstone_i,,74,74,337.0,0.0,0.0,1.0,820.6986697386816,820.6807493007069,0.01792043797463843,1190.0130711210882,1066.908270660286,,1066.908270660286,1100.0,True,False,True,,,
SIM_DIR-1784852438,SIM_DIR,capstone_ii,,74,74,337.0,0.0,0.0,1.0,820.6986697386816,820.6807493007069,0.01792043797463843,1057.9466697386815,968.9786697386816,,968.9786697386816,1100.0,True,False,True,,,
SIM_DIR-1784852438,SIM_DIR,capstone_iii_fit_1x,fit_1x,74,74,337.0,0.0,0.0,1.0,820.6986697386816,820.6807493007069,0.01792043797463843,,,861.8327072037171,861.8327072037171,1100.0,True,False,True,,,
SIM_DIR-1784852438,SIM_DIR,capstone_iii_fit_2x,fit_2x,74,74,337.0,0.0,0.0,1.0,820.6986697386816,820.6807493007069,0.01792043797463843,,,902.8667446687523,902.8667446687523,1100.0,True,False,True,,,
SIM_DIR-1784852438,SIM_DIR,capstone_iii_fit_activity,fit_activity,74,74,337.0,0.0,0.0,1.0,820.6986697386816,820.6807493007069,0.01792043797463843,,,894.6599371757452,894.6599371757452,1100.0,True,False,True,,,
SIM_DIR-1784852438,SIM_DIR,capstone_iii_fit_activity_pvt,fit_activity_pvt,74,74,337.0,0.0,0.0,1.0,820.6986697386816,820.6807493007069,0.01792043797463843,,,919.2803596547664,919.2803596547664,1100.0,True,False,True,,,
SIM_DIR-1784852438,SIM_DIR,capstone_iii_full,full,74,74,337.0,0.0,0.0,1.0,820.6986697386816,820.6807493007069,0.01792043797463843,,,943.9007821337877,943.9007821337877,1100.0,True,False,True,,,
SIM_DIR-1784852438,SIM_DIR,baseline,,75,75,339.0,0.0,0.0,1.0,826.4928218068914,826.4749013689167,0.01792043797463843,1198.4145916199925,1074.4406683489588,,1074.4406683489588,,True,False,True,,,
SIM_DIR-1784852438,SIM_DIR,capstone_i,,75,75,339.0,0.0,0.0,1.0,826.4928218068914,826.4749013689167,0.01792043797463843,1198.4145916199925,1074.4406683489588,,1074.4406683489588,1100.0,True,False,True,,,
SIM_DIR-1784852438,SIM_DIR,capstone_ii,,75,75,339.0,0.0,0.0,1.0,826.4928218068914,826.4749013689167,0.01792043797463843,1065.1488218068914,975.6528218068913,,975.6528218068913,1100.0,True,False,True,,,
SIM_DIR-1784852438,SIM_DIR,capstone_iii_fit_1x,fit_1x,75,75,339.0,0.0,0.0,1.0,826.4928218068914,826.4749013689167,0.01792043797463843,,,867.9165668753373,867.9165668753373,1100.0,True,False,True,,,
SIM_DIR-1784852438,SIM_DIR,capstone_iii_fit_2x,fit_2x,75,75,339.0,0.0,0.0,1.0,826.4928218068914,826.4749013689167,0.01792043797463843,,,909.240311943783,909.240311943783,1100.0,True,False,True,,,
SIM_DIR-1784852438,SIM_DIR,capstone_iii_fit_activity,fit_activity,75,75,339.0,0.0,0.0,1.0,826.4928218068914,826.4749013689167,0.01792043797463843,,,900.9755629300939,900.9755629300939,1100.0,True,False,True,,,
SIM_DIR-1784852438,SIM_DIR,capstone_iii_fit_activity_pvt,fit_activity_pvt,75,75,339.0,0.0,0.0,1.0,826.4928218068914,826.4749013689167,0.01792043797463843,,,925.7698099711614,925.7698099711614,1100.0,True,False,True,,,
SIM_DIR-1784852438,SIM_DIR,capstone_iii_full,full,75,75,339.0,0.0,0.0,1.0,826.4928218068914,826.4749013689167,0.01792043797463843,,,950.5640570122289,950.5640570122289,1100.0,True,False,True,,,
SIM_DIR-1784852438,SIM_DIR,baseline,,76,76,341.0,0.0,0.0,1.0,832.2975145045425,832.2795940665678,0.01792043797463843,1206.8313960315866,1081.9867688559052,,1081.9867688559052,,True,False,True,,,
SIM_DIR-1784852438,SIM_DIR,capstone_i,,76,76,341.0,0.0,0.0,1.0,832.2975145045425,832.2795940665678,0.01792043797463843,1206.8313960315866,1081.9867688559052,,1081.9867688559052,1100.0,True,False,True,,,
SIM_DIR-1784852438,SIM_DIR,capstone_ii,,76,76,341.0,0.0,0.0,1.0,832.2975145045425,832.2795940665678,0.01792043797463843,1072.3615145045426,982.3375145045425,,982.3375145045425,1100.0,True,False,True,,,
SIM_DIR-1784852438,SIM_DIR,capstone_iii_fit_1x,fit_1x,76,76,341.0,0.0,0.0,1.0,832.2975145045425,832.2795940665678,0.01792043797463843,,,874.0114942078709,874.0114942078709,1100.0,True,False,True,,,
SIM_DIR-1784852438,SIM_DIR,capstone_iii_fit_2x,fit_2x,76,76,341.0,0.0,0.0,1.0,832.2975145045425,832.2795940665678,0.01792043797463843,,,915.6254739111993,915.6254739111993,1100.0,True,False,True,,,
SIM_DIR-1784852438,SIM_DIR,capstone_iii_fit_activity,fit_activity,76,76,341.0,0.0,0.0,1.0,832.2975145045425,832.2795940665678,0.01792043797463843,,,907.3026779705336,907.3026779705336,1100.0,True,False,True,,,
SIM_DIR-1784852438,SIM_DIR,capstone_iii_fit_activity_pvt,fit_activity_pvt,76,76,341.0,0.0,0.0,1.0,832.2975145045425,832.2795940665678,0.01792043797463843,,,932.2710657925306,932.2710657925306,1100.0,True,False,True,,,
SIM_DIR-1784852438,SIM_DIR,capstone_iii_full,full,76,76,341.0,0.0,0.0,1.0,832.2975145045425,832.2795940665678,0.01792043797463843,,,957.2394536145277,957.2394536145277,1100.0,True,False,True,,,
SIM_DIR-1784852438,SIM_DIR,baseline,,77,77,341.0,0.0,0.0,1.0,833.2258933059933,833.2079728680186,0.01792043797463843,1208.1775452936902,1083.1936612977913,,1083.1936612977913,,True,False,True,,,
SIM_DIR-1784852438,SIM_DIR,capstone_i,,77,77,341.0,0.0,0.0,1.0,833.2258933059933,833.2079728680186,0.01792043797463843,1208.1775452936902,1083.1936612977913,,1083.1936612977913,1100.0,True,False,True,,,
SIM_DIR-1784852438,SIM_DIR,capstone_ii,,77,77,341.0,0.0,0.0,1.0,833.2258933059933,833.2079728680186,0.01792043797463843,1073.2898933059932,983.2658933059934,,983.2658933059934,1100.0,True,False,True,,,
SIM_DIR-1784852438,SIM_DIR,capstone_iii_fit_1x,fit_1x,77,77,341.0,0.0,0.0,1.0,833.2258933059933,833.2079728680186,0.01792043797463843,,,874.9862919493943,874.9862919493943,1100.0,True,False,True,,,
SIM_DIR-1784852438,SIM_DIR,capstone_iii_fit_2x,fit_2x,77,77,341.0,0.0,0.0,1.0,833.2258933059933,833.2079728680186,0.01792043797463843,,,916.6466905927952,916.6466905927952,1100.0,True,False,True,,,
SIM_DIR-1784852438,SIM_DIR,capstone_iii_fit_activity,fit_activity,77,77,341.0,0.0,0.0,1.0,833.2258933059933,833.2079728680186,0.01792043797463843,,,908.3146108641149,908.3146108641149,1100.0,True,False,True,,,
SIM_DIR-1784852438,SIM_DIR,capstone_iii_fit_activity_pvt,fit_activity_pvt,77,77,341.0,0.0,0.0,1.0,833.2258933059933,833.2079728680186,0.01792043797463843,,,933.3108500501556,933.3108500501556,1100.0,True,False,True,,,
SIM_DIR-1784852438,SIM_DIR,capstone_iii_full,full,77,77,341.0,0.0,0.0,1.0,833.2258933059933,833.2079728680186,0.01792043797463843,,,958.3070892361961,958.3070892361961,1100.0,True,False,True,,,
SIM_DIR-1784852438,SIM_DIR,baseline,,78,78,343.0,0.0,0.0,1.0,839.0462116002702,839.0282911622955,0.01792043797463843,1216.6170068203917,1090.7600750803513,,1090.7600750803513,,True,False,True,,,
SIM_DIR-1784852438,SIM_DIR,capstone_i,,78,78,343.0,0.0,0.0,1.0,839.0462116002702,839.0282911622955,0.01792043797463843,1216.6170068203917,1090.7600750803513,,1090.7600750803513,1100.0,True,False,True,,,
SIM_DIR-1784852438,SIM_DIR,capstone_ii,,78,78,343.0,0.0,0.0,1.0,839.0462116002702,839.0282911622955,0.01792043797463843,1080.5182116002702,989.9662116002703,,989.9662116002703,1100.0,True,False,True,,,
SIM_DIR-1784852438,SIM_DIR,capstone_iii_fit_1x,fit_1x,78,78,343.0,0.0,0.0,1.0,839.0462116002702,839.0282911622955,0.01792043797463843,,,881.0976261583851,881.0976261583851,1100.0,True,False,True,,,
SIM_DIR-1784852438,SIM_DIR,capstone_iii_fit_2x,fit_2x,78,78,343.0,0.0,0.0,1.0,839.0462116002702,839.0282911622955,0.01792043797463843,,,923.0490407164997,923.0490407164997,1100.0,True,False,True,,,
SIM_DIR-1784852438,SIM_DIR,capstone_iii_fit_activity,fit_activity,78,78,343.0,0.0,0.0,1.0,839.0462116002702,839.0282911622955,0.01792043797463843,,,914.6587578048768,914.6587578048768,1100.0,True,False,True,,,
SIM_DIR-1784852438,SIM_DIR,capstone_iii_fit_activity_pvt,fit_activity_pvt,78,78,343.0,0.0,0.0,1.0,839.0462116002702,839.0282911622955,0.01792043797463843,,,939.8296065397457,939.8296065397457,1100.0,True,False,True,,,
SIM_DIR-1784852438,SIM_DIR,capstone_iii_full,full,78,78,343.0,0.0,0.0,1.0,839.0462116002702,839.0282911622955,0.01792043797463843,,,965.0004552746146,965.0004552746146,1100.0,True,False,True,,,
SIM_DIR-1784852438,SIM_DIR,baseline,,79,79,344.0,0.0,0.0,1.0,842.4281928847315,842.4102724467568,0.01792043797463843,1221.5208796828606,1095.156650750151,,1095.156650750151,,True,False,True,,,
SIM_DIR-1784852438,SIM_DIR,capstone_i,,79,79,344.0,0.0,0.0,1.0,842.4281928847315,842.4102724467568,0.01792043797463843,1221.5208796828606,1095.156650750151,,1095.156650750151,1100.0,True,False,True,,,
SIM_DIR-1784852438,SIM_DIR,capstone_ii,,79,79,344.0,0.0,0.0,1.0,842.4281928847315,842.4102724467568,0.01792043797463843,1084.6041928847314,993.7881928847315,,993.7881928847315,1100.0,True,False,True,,,
SIM_DIR-1784852438,SIM_DIR,capstone_iii_fit_1x,fit_1x,79,79,344.0,0.0,0.0,1.0,842.4281928847315,842.4102724467568,0.01792043797463843,,,884.6487065070694,884.6487065070694,1100.0,True,False,True,,,
SIM_DIR-1784852438,SIM_DIR,capstone_iii_fit_2x,fit_2x,79,79,344.0,0.0,0.0,1.0,842.4281928847315,842.4102724467568,0.01792043797463843,,,926.7692201294071,926.7692201294071,1100.0,True,False,True,,,
SIM_DIR-1784852438,SIM_DIR,capstone_iii_fit_activity,fit_activity,79,79,344.0,0.0,0.0,1.0,842.4281928847315,842.4102724467568,0.01792043797463843,,,918.3451174049396,918.3451174049396,1100.0,True,False,True,,,
SIM_DIR-1784852438,SIM_DIR,capstone_iii_fit_activity_pvt,fit_activity_pvt,79,79,344.0,0.0,0.0,1.0,842.4281928847315,842.4102724467568,0.01792043797463843,,,943.6174255783422,943.6174255783422,1100.0,True,False,True,,,
SIM_DIR-1784852438,SIM_DIR,capstone_iii_full,full,79,79,344.0,0.0,0.0,1.0,842.4281928847315,842.4102724467568,0.01792043797463843,,,968.8897337517451,968.8897337517451,1100.0,True,False,True,,,
SIM_DIR-1784852438,SIM_DIR,baseline,,80,80,346.0,0.0,0.0,1.0,848.2668477238723,848.2489272858976,0.01792043797463843,1229.9869291996147,1102.746902041034,,1102.746902041034,,True,False,True,,,
SIM_DIR-1784852438,SIM_DIR,capstone_i,,80,80,346.0,0.0,0.0,1.0,848.2668477238723,848.2489272858976,0.01792043797463843,1229.9869291996147,1102.746902041034,,1102.746902041034,1100.0,False,True,False,,,
SIM_DIR-1784852438,SIM_DIR,capstone_ii,,80,80,346.0,0.0,0.0,1.0,848.2668477238723,848.2489272858976,0.01792043797463843,1091.8508477238722,1000.5068477238723,,1000.5068477238723,1100.0,True,False,True,,,
SIM_DIR-1784852438,SIM_DIR,capstone_iii_fit_1x,fit_1x,80,80,346.0,0.0,0.0,1.0,848.2668477238723,848.2489272858976,0.01792043797463843,,,890.7792940881671,890.7792940881671,1100.0,True,False,True,,,
SIM_DIR-1784852438,SIM_DIR,capstone_iii_fit_2x,fit_2x,80,80,346.0,0.0,0.0,1.0,848.2668477238723,848.2489272858976,0.01792043797463843,,,933.191740452462,933.191740452462,1100.0,True,False,True,,,
SIM_DIR-1784852438,SIM_DIR,capstone_iii_fit_activity,fit_activity,80,80,346.0,0.0,0.0,1.0,848.2668477238723,848.2489272858976,0.01792043797463843,,,924.709251179603,924.709251179603,1100.0,True,False,True,,,
SIM_DIR-1784852438,SIM_DIR,capstone_iii_fit_activity_pvt,fit_activity_pvt,80,80,346.0,0.0,0.0,1.0,848.2668477238723,848.2489272858976,0.01792043797463843,,,950.1567189981799,950.1567189981799,1100.0,True,False,True,,,
SIM_DIR-1784852438,SIM_DIR,capstone_iii_full,full,80,80,346.0,0.0,0.0,1.0,848.2668477238723,848.2489272858976,0.01792043797463843,,,975.6041868167569,975.6041868167569,1100.0,True,False,True,,,
SIM_DIR-1784852438,SIM_DIR,baseline,,81,81,346.0,0.0,0.0,1.0,849.2074155721372,849.1894951341625,0.01792043797463843,1231.3507525795987,1103.9696402437783,,1103.9696402437783,,True,False,True,,,
SIM_DIR-1784852438,SIM_DIR,capstone_ii,,81,81,346.0,0.0,0.0,1.0,849.2074155721372,849.1894951341625,0.01792043797463843,1092.791415572137,1001.4474155721372,,1001.4474155721372,1100.0,True,False,True,,,
SIM_DIR-1784852438,SIM_DIR,capstone_iii_fit_1x,fit_1x,81,81,346.0,0.0,0.0,1.0,849.2074155721372,849.1894951341625,0.01792043797463843,,,891.7668903288454,891.7668903288454,1100.0,True,False,True,,,
SIM_DIR-1784852438,SIM_DIR,capstone_iii_fit_2x,fit_2x,81,81,346.0,0.0,0.0,1.0,849.2074155721372,849.1894951341625,0.01792043797463843,,,934.2263650855534,934.2263650855534,1100.0,True,False,True,,,
SIM_DIR-1784852438,SIM_DIR,capstone_iii_fit_activity,fit_activity,81,81,346.0,0.0,0.0,1.0,849.2074155721372,849.1894951341625,0.01792043797463843,,,925.7344701342118,925.7344701342118,1100.0,True,False,True,,,
SIM_DIR-1784852438,SIM_DIR,capstone_iii_fit_activity_pvt,fit_activity_pvt,81,81,346.0,0.0,0.0,1.0,849.2074155721372,849.1894951341625,0.01792043797463843,,,951.2101549882367,951.2101549882367,1100.0,True,False,True,,,
SIM_DIR-1784852438,SIM_DIR,capstone_iii_full,full,81,81,346.0,0.0,0.0,1.0,849.2074155721372,849.1894951341625,0.01792043797463843,,,976.6858398422617,976.6858398422617,1100.0,True,False,True,,,
SIM_DIR-1784852438,SIM_DIR,baseline,,82,82,354.0,0.0,0.0,1.0,869.8038108905766,869.785890452602,0.01792043797463843,1261.2155257913362,1130.7449541577496,,1130.7449541577496,,True,False,True,,,
SIM_DIR-1784852438,SIM_DIR,capstone_ii,,82,82,354.0,0.0,0.0,1.0,869.8038108905766,869.785890452602,0.01792043797463843,1119.0198108905768,1025.5638108905766,,1025.5638108905766,1100.0,True,False,True,,,
SIM_DIR-1784852438,SIM_DIR,capstone_iii_fit_1x,fit_1x,82,82,354.0,0.0,0.0,1.0,869.8038108905766,869.785890452602,0.01792043797463843,,,913.3931054132067,913.3931054132067,1100.0,True,False,True,,,
SIM_DIR-1784852438,SIM_DIR,capstone_iii_fit_2x,fit_2x,82,82,354.0,0.0,0.0,1.0,869.8038108905766,869.785890452602,0.01792043797463843,,,956.8823999358368,956.8823999358368,1100.0,True,False,True,,,
SIM_DIR-1784852438,SIM_DIR,capstone_iii_fit_activity,fit_activity,82,82,354.0,0.0,0.0,1.0,869.8038108905766,869.785890452602,0.01792043797463843,,,948.1845410313107,948.1845410313107,1100.0,True,False,True,,,
SIM_DIR-1784852438,SIM_DIR,capstone_iii_fit_activity_pvt,fit_activity_pvt,82,82,354.0,0.0,0.0,1.0,869.8038108905766,869.785890452602,0.01792043797463843,,,974.2781177448888,974.2781177448888,1100.0,True,False,True,,,
SIM_DIR-1784852438,SIM_DIR,capstone_iii_full,full,82,82,354.0,0.0,0.0,1.0,869.8038108905766,869.785890452602,0.01792043797463843,,,1000.3716944584669,1000.3716944584669,1100.0,True,False,True,,,
SIM_DIR-1784852438,SIM_DIR,baseline,,83,83,367.0,0.0,0.0,1.0,902.7420128224105,902.7240923844358,0.01792043797463843,1308.9759185924952,1173.5646166691338,,1173.5646166691338,,True,False,True,,,
SIM_DIR-1784852438,SIM_DIR,capstone_ii,,83,83,367.0,0.0,0.0,1.0,902.7420128224105,902.7240923844358,0.01792043797463843,1161.1100128224105,1064.2220128224105,,1064.2220128224105,1100.0,True,False,True,,,
SIM_DIR-1784852438,SIM_DIR,capstone_iii_fit_1x,fit_1x,83,83,367.0,0.0,0.0,1.0,902.7420128224105,902.7240923844358,0.01792043797463843,,,947.9782174416323,947.9782174416323,1100.0,True,False,True,,,
SIM_DIR-1784852438,SIM_DIR,capstone_iii_fit_2x,fit_2x,83,83,367.0,0.0,0.0,1.0,902.7420128224105,902.7240923844358,0.01792043797463843,,,993.114422060854,993.114422060854,1100.0,True,False,True,,,
SIM_DIR-1784852438,SIM_DIR,capstone_iii_fit_activity,fit_activity,83,83,367.0,0.0,0.0,1.0,902.7420128224105,902.7240923844358,0.01792043797463843,,,984.0871811370097,984.0871811370097,1100.0,True,False,True,,,
SIM_DIR-1784852438,SIM_DIR,capstone_iii_fit_activity_pvt,fit_activity_pvt,83,83,367.0,0.0,0.0,1.0,902.7420128224105,902.7240923844358,0.01792043797463843,,,1011.1689039085427,1011.1689039085427,1100.0,True,False,True,,,
SIM_DIR-1784852438,SIM_DIR,capstone_iii_full,full,83,83,367.0,0.0,0.0,1.0,902.7420128224105,902.7240923844358,0.01792043797463843,,,1038.2506266800758,1038.2506266800758,1100.0,True,False,True,,,
SIM_DIR-1784852438,SIM_DIR,baseline,,84,84,369.0,0.0,0.0,1.0,908.66346516415,908.6455447261753,0.01792043797463843,1317.5620244880174,1181.262504713395,,1181.262504713395,,True,False,True,,,
SIM_DIR-1784852438,SIM_DIR,capstone_ii,,84,84,369.0,0.0,0.0,1.0,908.66346516415,908.6455447261753,0.01792043797463843,1168.43946516415,1071.02346516415,,1071.02346516415,1100.0,True,False,True,,,
SIM_DIR-1784852438,SIM_DIR,capstone_iii_fit_1x,fit_1x,84,84,369.0,0.0,0.0,1.0,908.66346516415,908.6455447261753,0.01792043797463843,,,954.1957424004588,954.1957424004588,1100.0,True,False,True,,,
SIM_DIR-1784852438,SIM_DIR,capstone_iii_fit_2x,fit_2x,84,84,369.0,0.0,0.0,1.0,908.66346516415,908.6455447261753,0.01792043797463843,,,999.6280196367675,999.6280196367675,1100.0,True,False,True,,,
SIM_DIR-1784852438,SIM_DIR,capstone_iii_fit_activity,fit_activity,84,84,369.0,0.0,0.0,1.0,908.66346516415,908.6455447261753,0.01792043797463843,,,990.5415641895057,990.5415641895057,1100.0,True,False,True,,,
SIM_DIR-1784852438,SIM_DIR,capstone_iii_fit_activity_pvt,fit_activity_pvt,84,84,369.0,0.0,0.0,1.0,908.66346516415,908.6455447261753,0.01792043797463843,,,1017.8009305312911,1017.8009305312911,1100.0,True,False,True,,,
SIM_DIR-1784852438,SIM_DIR,capstone_iii_full,full,84,84,369.0,0.0,0.0,1.0,908.66346516415,908.6455447261753,0.01792043797463843,,,1045.0602968730761,1045.0602968730761,1100.0,True,False,True,,,
SIM_DIR-1784852438,SIM_DIR,baseline,,85,85,373.0,0.0,0.0,1.0,919.5257460584957,919.507825620521,0.01792043797463843,1333.3123317848188,1195.3834698760445,,1195.3834698760445,,True,False,True,,,
SIM_DIR-1784852438,SIM_DIR,capstone_ii,,85,85,373.0,0.0,0.0,1.0,919.5257460584957,919.507825620521,0.01792043797463843,1182.1177460584956,1083.6457460584957,,1083.6457460584957,1100.0,True,False,True,,,
SIM_DIR-1784852438,SIM_DIR,capstone_iii_fit_1x,fit_1x,85,85,373.0,0.0,0.0,1.0,919.5257460584957,919.507825620521,0.01792043797463843,,,965.6011373395218,965.6011373395218,1100.0,True,False,True,,,
SIM_DIR-1784852438,SIM_DIR,capstone_iii_fit_2x,fit_2x,85,85,373.0,0.0,0.0,1.0,919.5257460584957,919.507825620521,0.01792043797463843,,,1011.5765286205477,1011.5765286205477,1100.0,True,False,True,,,
SIM_DIR-1784852438,SIM_DIR,capstone_iii_fit_activity,fit_activity,85,85,373.0,0.0,0.0,1.0,919.5257460584957,919.507825620521,0.01792043797463843,,,1002.3814503643425,1002.3814503643425,1100.0,True,False,True,,,
SIM_DIR-1784852438,SIM_DIR,capstone_iii_fit_activity_pvt,fit_activity_pvt,85,85,373.0,0.0,0.0,1.0,919.5257460584957,919.507825620521,0.01792043797463843,,,1029.966685132958,1029.966685132958,1100.0,True,False,True,,,
SIM_DIR-1784852438,SIM_DIR,capstone_iii_full,full,85,85,373.0,0.0,0.0,1.0,919.5257460584957,919.507825620521,0.01792043797463843,,,1057.5519199015737,1057.5519199015737,1100.0,True,False,True,,,
SIM_DIR-1784852438,SIM_DIR,baseline,,86,86,374.0,0.0,0.0,1.0,923.0057228548991,922.9878024169244,0.01792043797463843,1338.3582981396037,1199.9074397113689,,1199.9074397113689,,True,False,True,,,
SIM_DIR-1784852438,SIM_DIR,capstone_ii,,86,86,374.0,0.0,0.0,1.0,923.0057228548991,922.9878024169244,0.01792043797463843,1186.3017228548993,1087.5657228548991,,1087.5657228548991,1100.0,True,False,True,,,
SIM_DIR-1784852438,SIM_DIR,capstone_iii_fit_1x,fit_1x,86,86,374.0,0.0,0.0,1.0,923.0057228548991,922.9878024169244,0.01792043797463843,,,969.2551129757454,969.2551129757454,1100.0,True,False,True,,,
SIM_DIR-1784852438,SIM_DIR,capstone_iii_fit_2x,fit_2x,86,86,374.0,0.0,0.0,1.0,923.0057228548991,922.9878024169244,0.01792043797463843,,,1015.4045030965915,1015.4045030965915,1100.0,True,False,True,,,
SIM_DIR-1784852438,SIM_DIR,capstone_iii_fit_activity,fit_activity,86,86,374.0,0.0,0.0,1.0,923.0057228548991,922.9878024169244,0.01792043797463843,,,1006.1746250724224,1006.1746250724224,1100.0,True,False,True,,,
SIM_DIR-1784852438,SIM_DIR,capstone_iii_fit_activity_pvt,fit_activity_pvt,86,86,374.0,0.0,0.0,1.0,923.0057228548991,922.9878024169244,0.01792043797463843,,,1033.8642591449297,1033.8642591449297,1100.0,True,False,True,,,
SIM_DIR-1784852438,SIM_DIR,capstone_iii_full,full,86,86,374.0,0.0,0.0,1.0,923.0057228548991,922.9878024169244,0.01792043797463843,,,1061.5538932174377,1061.5538932174377,1100.0,True,False,True,,,
SIM_DIR-1784852438,SIM_DIR,baseline,,87,87,375.0,0.0,0.0,1.0,926.49075683563,926.4728363976553,0.01792043797463843,1343.4115974116635,1204.437983886319,,1204.437983886319,,True,False,True,,,
SIM_DIR-1784852438,SIM_DIR,capstone_ii,,87,87,375.0,0.0,0.0,1.0,926.49075683563,926.4728363976553,0.01792043797463843,1190.49075683563,1091.49075683563,,1091.49075683563,1100.0,True,False,True,,,
SIM_DIR-1784852438,SIM_DIR,capstone_iii_fit_1x,fit_1x,87,87,375.0,0.0,0.0,1.0,926.49075683563,926.4728363976553,0.01792043797463843,,,972.9143986555129,972.9143986555129,1100.0,True,False,True,,,
SIM_DIR-1784852438,SIM_DIR,capstone_iii_fit_2x,fit_2x,87,87,375.0,0.0,0.0,1.0,926.49075683563,926.4728363976553,0.01792043797463843,,,1019.2380404753955,1019.2380404753955,1100.0,True,False,True,,,
SIM_DIR-1784852438,SIM_DIR,capstone_iii_fit_activity,fit_activity,87,87,375.0,0.0,0.0,1.0,926.49075683563,926.4728363976553,0.01792043797463843,,,1009.9733121114191,1009.9733121114191,1100.0,True,False,True,,,
SIM_DIR-1784852438,SIM_DIR,capstone_iii_fit_activity_pvt,fit_activity_pvt,87,87,375.0,0.0,0.0,1.0,926.49075683563,926.4728363976553,0.01792043797463843,,,1037.7674972033485,1037.7674972033485,1100.0,True,False,True,,,
SIM_DIR-1784852438,SIM_DIR,capstone_iii_full,full,87,87,375.0,0.0,0.0,1.0,926.49075683563,926.4728363976553,0.01792043797463843,,,1065.5616822952782,1065.5616822952782,1100.0,True,False,True,,,
SIM_DIR-1784852438,SIM_DIR,baseline,,88,88,376.0,0.0,0.0,1.0,929.980847139873,929.9629267018984,0.01792043797463843,1348.4722283528158,1208.975101281835,,1208.975101281835,,True,False,True,,,
SIM_DIR-1784852438,SIM_DIR,capstone_ii,,88,88,376.0,0.0,0.0,1.0,929.980847139873,929.9629267018984,0.01792043797463843,1194.684847139873,1095.420847139873,,1095.420847139873,1100.0,True,False,True,,,
SIM_DIR-1784852438,SIM_DIR,capstone_iii_fit_1x,fit_1x,88,88,376.0,0.0,0.0,1.0,929.980847139873,929.9629267018984,0.01792043797463843,,,976.578993474968,976.578993474968,1100.0,True,False,True,,,
SIM_DIR-1784852438,SIM_DIR,capstone_iii_fit_2x,fit_2x,88,88,376.0,0.0,0.0,1.0,929.980847139873,929.9629267018984,0.01792043797463843,,,1023.077139810063,1023.077139810063,1100.0,True,False,True,,,
SIM_DIR-1784852438,SIM_DIR,capstone_iii_fit_activity,fit_activity,88,88,376.0,0.0,0.0,1.0,929.980847139873,929.9629267018984,0.01792043797463843,,,1013.7775105430438,1013.7775105430438,1100.0,True,False,True,,,
SIM_DIR-1784852438,SIM_DIR,capstone_iii_fit_activity_pvt,fit_activity_pvt,88,88,376.0,0.0,0.0,1.0,929.980847139873,929.9629267018984,0.01792043797463843,,,1041.6763983441008,1041.6763983441008,1100.0,True,False,True,,,
SIM_DIR-1784852438,SIM_DIR,capstone_iii_full,full,88,88,376.0,0.0,0.0,1.0,929.980847139873,929.9629267018984,0.01792043797463843,,,1069.5752861451576,1069.5752861451576,1100.0,True,False,True,,,
SIM_DIR-1784852438,SIM_DIR,baseline,,89,89,378.0,0.0,0.0,1.0,935.9520090232693,935.9340885852946,0.01792043797463843,1357.1304130837405,1216.7376117302501,,1216.7376117302501,,True,False,True,,,
SIM_DIR-1784852438,SIM_DIR,capstone_ii,,89,89,378.0,0.0,0.0,1.0,935.9520090232693,935.9340885852946,0.01792043797463843,1202.0640090232694,1102.2720090232692,,1102.2720090232692,1100.0,False,True,False,,,
SIM_DIR-1784852438,SIM_DIR,capstone_iii_fit_1x,fit_1x,89,89,378.0,0.0,0.0,1.0,935.9520090232693,935.9340885852946,0.01792043797463843,,,982.8487134525342,982.8487134525342,1100.0,True,False,True,,,
SIM_DIR-1784852438,SIM_DIR,capstone_iii_fit_2x,fit_2x,89,89,378.0,0.0,0.0,1.0,935.9520090232693,935.9340885852946,0.01792043797463843,,,1029.6454178817987,1029.6454178817987,1100.0,True,False,True,,,
SIM_DIR-1784852438,SIM_DIR,capstone_iii_fit_activity,fit_activity,89,89,378.0,0.0,0.0,1.0,935.9520090232693,935.9340885852946,0.01792043797463843,,,1020.2860769959458,1020.2860769959458,1100.0,True,False,True,,,
SIM_DIR-1784852438,SIM_DIR,capstone_iii_fit_activity_pvt,fit_activity_pvt,89,89,378.0,0.0,0.0,1.0,935.9520090232693,935.9340885852946,0.01792043797463843,,,1048.3640996535046,1048.3640996535046,1100.0,True,False,True,,,
SIM_DIR-1784852438,SIM_DIR,capstone_iii_full,full,89,89,378.0,0.0,0.0,1.0,935.9520090232693,935.9340885852946,0.01792043797463843,,,1076.4421223110635,1076.4421223110635,1100.0,True,False,True,,,
SIM_DIR-1784852438,SIM_DIR,baseline,,90,90,380.0,0.0,0.0,1.0,941.933644500286,941.9157240623114,0.01792043797463843,1365.8037845254148,1224.5137378503719,,1224.5137378503719,,True,False,True,,,
SIM_DIR-1784852438,SIM_DIR,capstone_iii_fit_1x,fit_1x,90,90,380.0,0.0,0.0,1.0,941.933644500286,941.9157240623114,0.01792043797463843,,,989.1294307034017,989.1294307034017,1100.0,True,False,True,,,
SIM_DIR-1784852438,SIM_DIR,capstone_iii_fit_2x,fit_2x,90,90,380.0,0.0,0.0,1.0,941.933644500286,941.9157240623114,0.01792043797463843,,,1036.2252169065173,1036.2252169065173,1100.0,True,False,True,,,
SIM_DIR-1784852438,SIM_DIR,capstone_iii_fit_activity,fit_activity,90,90,380.0,0.0,0.0,1.0,941.933644500286,941.9157240623114,0.01792043797463843,,,1026.806059665894,1026.806059665894,1100.0,True,False,True,,,
SIM_DIR-1784852438,SIM_DIR,capstone_iii_fit_activity_pvt,fit_activity_pvt,90,90,380.0,0.0,0.0,1.0,941.933644500286,941.9157240623114,0.01792043797463843,,,1055.0635313877633,1055.0635313877633,1100.0,True,False,True,,,
SIM_DIR-1784852438,SIM_DIR,capstone_iii_full,full,90,90,380.0,0.0,0.0,1.0,941.933644500286,941.9157240623114,0.01792043797463843,,,1083.3210031096328,1083.3210031096328,1100.0,True,False,True,,,
SIM_DIR-1784852438,SIM_DIR,baseline,,91,91,385.0,0.0,0.0,1.0,955.3700521718558,955.3521317338812,0.01792043797463843,1385.2865756491908,1241.9810678234126,,1241.9810678234126,,True,False,True,,,
SIM_DIR-1784852438,SIM_DIR,capstone_iii_fit_1x,fit_1x,91,91,385.0,0.0,0.0,1.0,955.3700521718558,955.3521317338812,0.01792043797463843,,,1003.23765875855,1003.23765875855,1100.0,True,False,True,,,
SIM_DIR-1784852438,SIM_DIR,capstone_iii_fit_2x,fit_2x,91,91,385.0,0.0,0.0,1.0,955.3700521718558,955.3521317338812,0.01792043797463843,,,1051.0052653452437,1051.0052653452437,1100.0,True,False,True,,,
SIM_DIR-1784852438,SIM_DIR,capstone_iii_fit_activity,fit_activity,91,91,385.0,0.0,0.0,1.0,955.3700521718558,955.3521317338812,0.01792043797463843,,,1041.451744027905,1041.451744027905,1100.0,True,False,True,,,
SIM_DIR-1784852438,SIM_DIR,capstone_iii_fit_activity_pvt,fit_activity_pvt,91,91,385.0,0.0,0.0,1.0,955.3700521718558,955.3521317338812,0.01792043797463843,,,1070.1123079799215,1070.1123079799215,1100.0,True,False,True,,,
SIM_DIR-1784852438,SIM_DIR,capstone_iii_full,full,91,91,385.0,0.0,0.0,1.0,955.3700521718558,955.3521317338812,0.01792043797463843,,,1098.772871931938,1098.772871931938,1100.0,True,False,True,,,
SIM_DIR-1784852438,SIM_DIR,baseline,,92,92,385.0,0.0,0.0,1.0,956.4124630378409,956.3945425998662,0.01792043797463843,1386.7980714048692,1243.3362019491933,,1243.3362019491933,,True,False,True,,,
SIM_DIR-1784852438,SIM_DIR,capstone_iii_fit_1x,fit_1x,92,92,385.0,0.0,0.0,1.0,956.4124630378409,956.3945425998662,0.01792043797463843,,,1004.3321901678343,1004.3321901678343,1100.0,True,False,True,,,
SIM_DIR-1784852438,SIM_DIR,capstone_iii_fit_2x,fit_2x,92,92,385.0,0.0,0.0,1.0,956.4124630378409,956.3945425998662,0.01792043797463843,,,1052.1519172978276,1052.1519172978276,1100.0,True,False,True,,,
SIM_DIR-1784852438,SIM_DIR,capstone_iii_fit_activity,fit_activity,92,92,385.0,0.0,0.0,1.0,956.4124630378409,956.3945425998662,0.01792043797463843,,,1042.5879718718288,1042.5879718718288,1100.0,True,False,True,,,
SIM_DIR-1784852438,SIM_DIR,capstone_iii_fit_activity_pvt,fit_activity_pvt,92,92,385.0,0.0,0.0,1.0,956.4124630378409,956.3945425998662,0.01792043797463843,,,1071.2798081498247,1071.2798081498247,1100.0,True,False,True,,,
SIM_DIR-1784852438,SIM_DIR,capstone_iii_full,full,92,92,385.0,0.0,0.0,1.0,956.4124630378409,956.3945425998662,0.01792043797463843,,,1099.9716444278206,1099.9716444278206,1100.0,True,False,True,,,
SIM_DIR-1784852438,SIM_DIR,baseline,,93,93,386.0,0.0,0.0,1.0,959.9413554033353,959.9234349653606,0.01792043797463843,1391.914965334836,1247.923762024336,,1247.923762024336,,True,False,True,,,
SIM_DIR-1784852438,SIM_DIR,capstone_iii_fit_1x,fit_1x,93,93,386.0,0.0,0.0,1.0,959.9413554033353,959.9234349653606,0.01792043797463843,,,1008.0375271516034,1008.0375271516034,1100.0,True,False,True,,,
SIM_DIR-1784852438,SIM_DIR,capstone_iii_fit_2x,fit_2x,93,93,386.0,0.0,0.0,1.0,959.9413554033353,959.9234349653606,0.01792043797463843,,,1056.0336988998713,1056.0336988998713,1100.0,True,False,True,,,
SIM_DIR-1784852438,SIM_DIR,capstone_iii_fit_activity,fit_activity,93,93,386.0,0.0,0.0,1.0,959.9413554033353,959.9234349653606,0.01792043797463843,,,1046.4344645502174,1046.4344645502174,1100.0,True,False,True,,,
SIM_DIR-1784852438,SIM_DIR,capstone_iii_fit_activity_pvt,fit_activity_pvt,93,93,386.0,0.0,0.0,1.0,959.9413554033353,959.9234349653606,0.01792043797463843,,,1075.2321675991784,1075.2321675991784,1100.0,True,False,True,,,
SIM_DIR-1784852438,SIM_DIR,capstone_iii_full,full,93,93,386.0,0.0,0.0,1.0,959.9413554033353,959.9234349653606,0.01792043797463843,,,1104.0298706481392,1104.0298706481392,1100.0,False,True,False,,,
SIM_DIR-1784852438,SIM_DIR,baseline,,94,94,388.0,0.0,0.0,1.0,965.964848317351,965.9469278793763,0.01792043797463843,1400.6490300601588,1255.7543028125563,,1255.7543028125563,,True,False,True,,,
SIM_DIR-1784852438,SIM_DIR,capstone_iii_fit_1x,fit_1x,94,94,388.0,0.0,0.0,1.0,965.964848317351,965.9469278793763,0.01792043797463843,,,1014.36219471132,1014.36219471132,1100.0,True,False,True,,,
SIM_DIR-1784852438,SIM_DIR,capstone_iii_fit_2x,fit_2x,94,94,388.0,0.0,0.0,1.0,965.964848317351,965.9469278793763,0.01792043797463843,,,1062.6595411052886,1062.6595411052886,1100.0,True,False,True,,,
SIM_DIR-1784852438,SIM_DIR,capstone_iii_fit_activity,fit_activity,94,94,388.0,0.0,0.0,1.0,965.964848317351,965.9469278793763,0.01792043797463843,,,1053.0000718264946,1053.0000718264946,1100.0,True,False,True,,,
SIM_DIR-1784852438,SIM_DIR,capstone_iii_fit_activity_pvt,fit_activity_pvt,94,94,388.0,0.0,0.0,1.0,965.964848317351,965.9469278793763,0.01792043797463843,,,1081.978479662876,1081.978479662876,1100.0,True,False,True,,,
SIM_DIR-1784852438,SIM_DIR,baseline,,95,95,392.0,0.0,0.0,1.0,976.9833138208515,976.9653933828769,0.01792043797463843,1416.6258050402348,1270.078307967107,,1270.078307967107,,True,False,True,,,
SIM_DIR-1784852438,SIM_DIR,capstone_iii_fit_1x,fit_1x,95,95,392.0,0.0,0.0,1.0,976.9833138208515,976.9653933828769,0.01792043797463843,,,1025.9315834899953,1025.9315834899953,1100.0,True,False,True,,,
SIM_DIR-1784852438,SIM_DIR,capstone_iii_fit_2x,fit_2x,95,95,392.0,0.0,0.0,1.0,976.9833138208515,976.9653933828769,0.01792043797463843,,,1074.7798531591393,1074.7798531591393,1100.0,True,False,True,,,
SIM_DIR-1784852438,SIM_DIR,capstone_iii_fit_activity,fit_activity,95,95,392.0,0.0,0.0,1.0,976.9833138208515,976.9653933828769,0.01792043797463843,,,1065.0101992253103,1065.0101992253103,1100.0,True,False,True,,,
SIM_DIR-1784852438,SIM_DIR,capstone_iii_fit_activity_pvt,fit_activity_pvt,95,95,392.0,0.0,0.0,1.0,976.9833138208515,976.9653933828769,0.01792043797463843,,,1094.3191610267966,1094.3191610267966,1100.0,True,False,True,,,
SIM_DIR-1784852438,SIM_DIR,baseline,,96,96,392.0,0.0,0.0,1.0,978.0431964008907,978.025275962916,0.01792043797463843,1418.1626347812914,1271.456155321158,,1271.456155321158,,True,False,True,,,
SIM_DIR-1784852438,SIM_DIR,capstone_iii_fit_1x,fit_1x,96,96,392.0,0.0,0.0,1.0,978.0431964008907,978.025275962916,0.01792043797463843,,,1027.0444601990364,1027.0444601990364,1100.0,True,False,True,,,
SIM_DIR-1784852438,SIM_DIR,capstone_iii_fit_2x,fit_2x,96,96,392.0,0.0,0.0,1.0,978.0431964008907,978.025275962916,0.01792043797463843,,,1075.9457239971823,1075.9457239971823,1100.0,True,False,True,,,
SIM_DIR-1784852438,SIM_DIR,capstone_iii_fit_activity,fit_activity,96,96,392.0,0.0,0.0,1.0,978.0431964008907,978.025275962916,0.01792043797463843,,,1066.165471237553,1066.165471237553,1100.0,True,False,True,,,
SIM_DIR-1784852438,SIM_DIR,capstone_iii_fit_activity_pvt,fit_activity_pvt,96,96,392.0,0.0,0.0,1.0,978.0431964008907,978.025275962916,0.01792043797463843,,,1095.5062295164407,1095.5062295164407,1100.0,True,False,True,,,
SIM_DIR-1784852438,SIM_DIR,baseline,,97,97,392.0,0.0,0.0,1.0,979.1027138743178,979.0847934363431,0.01792043797463843,1419.6989351177608,1272.8335280366132,,1272.8335280366132,,True,False,True,,,
SIM_DIR-1784852438,SIM_DIR,capstone_iii_fit_1x,fit_1x,97,97,392.0,0.0,0.0,1.0,979.1027138743178,979.0847934363431,0.01792043797463843,,,1028.156953546135,1028.156953546135,1100.0,True,False,True,,,
SIM_DIR-1784852438,SIM_DIR,capstone_iii_fit_2x,fit_2x,97,97,392.0,0.0,0.0,1.0,979.1027138743178,979.0847934363431,0.01792043797463843,,,1077.1111932179522,1077.1111932179522,1100.0,True,False,True,,,
SIM_DIR-1784852438,SIM_DIR,capstone_iii_fit_activity,fit_activity,97,97,392.0,0.0,0.0,1.0,979.1027138743178,979.0847934363431,0.01792043797463843,,,1067.3203452835887,1067.3203452835887,1100.0,True,False,True,,,
SIM_DIR-1784852438,SIM_DIR,capstone_iii_fit_activity_pvt,fit_activity_pvt,97,97,392.0,0.0,0.0,1.0,979.1027138743178,979.0847934363431,0.01792043797463843,,,1096.6928890866789,1096.6928890866789,1100.0,True,False,True,,,
SIM_DIR-1784852438,SIM_DIR,baseline,,98,98,393.0,0.0,0.0,1.0,982.6622355078038,982.6443150698291,0.01792043797463843,1424.8602414863153,1277.460906160145,,1277.460906160145,,True,False,True,,,
SIM_DIR-1784852438,SIM_DIR,capstone_iii_fit_1x,fit_1x,98,98,393.0,0.0,0.0,1.0,982.6622355078038,982.6443150698291,0.01792043797463843,,,1031.8944512612952,1031.8944512612952,1100.0,True,False,True,,,
SIM_DIR-1784852438,SIM_DIR,capstone_iii_fit_2x,fit_2x,98,98,393.0,0.0,0.0,1.0,982.6622355078038,982.6443150698291,0.01792043797463843,,,1081.0266670147867,1081.0266670147867,1100.0,True,False,True,,,
SIM_DIR-1784852438,SIM_DIR,capstone_iii_fit_activity,fit_activity,98,98,393.0,0.0,0.0,1.0,982.6622355078038,982.6443150698291,0.01792043797463843,,,1071.2002238640882,1071.2002238640882,1100.0,True,False,True,,,
SIM_DIR-1784852438,SIM_DIR,capstone_iii_fit_activity_pvt,fit_activity_pvt,98,98,393.0,0.0,0.0,1.0,982.6622355078038,982.6443150698291,0.01792043797463843,,,1100.6795533161833,1100.6795533161833,1100.0,False,True,False,,,
SIM_DIR-1784852438,SIM_DIR,baseline,,99,99,396.0,0.0,0.0,1.0,991.2329345697054,991.2150141317308,0.01792043797463843,1437.2877551260729,1288.602814940617,,1288.602814940617,,True,False,True,,,
SIM_DIR-1784852438,SIM_DIR,capstone_iii_fit_1x,fit_1x,99,99,396.0,0.0,0.0,1.0,991.2329345697054,991.2150141317308,0.01792043797463843,,,1040.893685276292,1040.893685276292,1100.0,True,False,True,,,
SIM_DIR-1784852438,SIM_DIR,capstone_iii_fit_2x,fit_2x,99,99,396.0,0.0,0.0,1.0,991.2329345697054,991.2150141317308,0.01792043797463843,,,1090.4544359828785,1090.4544359828785,1100.0,True,False,True,,,
SIM_DIR-1784852438,SIM_DIR,capstone_iii_fit_activity,fit_activity,99,99,396.0,0.0,0.0,1.0,991.2329345697054,991.2150141317308,0.01792043797463843,,,1080.542285841561,1080.542285841561,1100.0,True,False,True,,,
SIM_DIR-1784852438,SIM_DIR,baseline,,100,100,396.0,0.0,0.0,1.0,992.3021693404987,992.284248902524,0.01792043797463843,1438.8381455437232,1289.9928201426483,,1289.9928201426483,,True,False,True,,,
SIM_DIR-1784852438,SIM_DIR,capstone_iii_fit_1x,fit_1x,100,100,396.0,0.0,0.0,1.0,992.3021693404987,992.284248902524,0.01792043797463843,,,1042.0163817856248,1042.0163817856248,1100.0,True,False,True,,,
SIM_DIR-1784852438,SIM_DIR,capstone_iii_fit_2x,fit_2x,100,100,396.0,0.0,0.0,1.0,992.3021693404987,992.284248902524,0.01792043797463843,,,1091.630594230751,1091.630594230751,1100.0,True,False,True,,,
SIM_DIR-1784852438,SIM_DIR,capstone_iii_fit_activity,fit_activity,100,100,396.0,0.0,0.0,1.0,992.3021693404987,992.284248902524,0.01792043797463843,,,1081.7077517417258,1081.7077517417258,1100.0,True,False,True,,,
SIM_DIR-1784852438,SIM_DIR,baseline,,101,101,399.0,0.0,0.0,1.0,1000.8964459449988,1000.8785255070242,0.01792043797463843,1451.2998466202482,1301.1653797284985,,1301.1653797284985,,True,False,True,,,
SIM_DIR-1784852438,SIM_DIR,capstone_iii_fit_1x,fit_1x,101,101,399.0,0.0,0.0,1.0,1000.8964459449988,1000.8785255070242,0.01792043797463843,,,1051.04037222035,1051.04037222035,1100.0,True,False,True,,,
SIM_DIR-1784852438,SIM_DIR,capstone_iii_fit_2x,fit_2x,101,101,399.0,0.0,0.0,1.0,1000.8964459449988,1000.8785255070242,0.01792043797463843,,,1101.0842984957012,1101.0842984957012,1100.0,False,True,False,,,
SIM_DIR-1784852438,SIM_DIR,capstone_iii_fit_activity,fit_activity,101,101,399.0,0.0,0.0,1.0,1000.8964459449988,1000.8785255070242,0.01792043797463843,,,1091.075513240631,1091.075513240631,1100.0,True,False,True,,,
SIM_DIR-1784852438,SIM_DIR,baseline,,102,102,402.0,0.0,0.0,1.0,1009.5065535887359,1009.4886331507612,0.01792043797463843,1463.784502703667,1312.3585196653567,,1312.3585196653567,,True,False,True,,,
SIM_DIR-1784852438,SIM_DIR,capstone_iii_fit_1x,fit_1x,102,102,402.0,0.0,0.0,1.0,1009.5065535887359,1009.4886331507612,0.01792043797463843,,,1060.080985246274,1060.080985246274,1100.0,True,False,True,,,
SIM_DIR-1784852438,SIM_DIR,capstone_iii_fit_activity,fit_activity,102,102,402.0,0.0,0.0,1.0,1009.5065535887359,1009.4886331507612,0.01792043797463843,,,1100.4605305723044,1100.4605305723044,1100.0,False,True,False,,,
SIM_DIR-1784852438,SIM_DIR,baseline,,103,103,402.0,0.0,0.0,1.0,1010.5908968025412,1010.5729763645666,0.01792043797463843,1465.3568003636847,1313.7681658433037,,1313.7681658433037,,True,False,True,,,
SIM_DIR-1784852438,SIM_DIR,capstone_iii_fit_1x,fit_1x,103,103,402.0,0.0,0.0,1.0,1010.5908968025412,1010.5729763645666,0.01792043797463843,,,1061.2195456207694,1061.2195456207694,1100.0,True,False,True,,,
SIM_DIR-1784852438,SIM_DIR,baseline,,104,104,402.0,0.0,0.0,1.0,1011.6748800625998,1011.6569596246251,0.01792043797463843,1466.9285760907696,1315.1773440813797,,1315.1773440813797,,True,False,True,,,
SIM_DIR-1784852438,SIM_DIR,capstone_iii_fit_1x,fit_1x,104,104,402.0,0.0,0.0,1.0,1011.6748800625998,1011.6569596246251,0.01792043797463843,,,1062.357728043831,1062.357728043831,1100.0,True,False,True,,,
SIM_DIR-1784852438,SIM_DIR,baseline,,105,105,403.0,0.0,0.0,1.0,1015.2777605717382,1015.2598401337635,0.01792043797463843,1472.1527528290203,1319.8610887432596,,1319.8610887432596,,True,False,True,,,
SIM_DIR-1784852438,SIM_DIR,capstone_iii_fit_1x,fit_1x,105,105,403.0,0.0,0.0,1.0,1015.2777605717382,1015.2598401337635,0.01792043797463843,,,1066.1407525784264,1066.1407525784264,1100.0,True,False,True,,,
SIM_DIR-1784852438,SIM_DIR,baseline,,106,106,409.0,0.0,0.0,1.0,1031.4954239796343,1031.4775035416596,0.01792043797463843,1495.6683647704697,1340.9440511735247,,1340.9440511735247,,True,False,True,,,
SIM_DIR-1784852438,SIM_DIR,capstone_iii_fit_1x,fit_1x,106,106,409.0,0.0,0.0,1.0,1031.4954239796343,1031.4775035416596,0.01792043797463843,,,1083.1692991567172,1083.1692991567172,1100.0,True,False,True,,,
SIM_DIR-1784852438,SIM_DIR,baseline,,107,107,416.0,0.0,0.0,1.0,1050.269702105982,1050.2517816680074,0.01792043797463843,1522.891068053674,1365.3506127377768,,1365.3506127377768,,True,False,True,,,
SIM_DIR-1784852438,SIM_DIR,capstone_iii_fit_1x,fit_1x,107,107,416.0,0.0,0.0,1.0,1050.269702105982,1050.2517816680074,0.01792043797463843,,,1102.8822911893824,1102.8822911893824,1100.0,False,True,False,,,
SIM_DIR-1784852438,SIM_DIR,baseline,,108,108,420.0,0.0,0.0,1.0,1061.4993134083668,1061.481392970392,0.01792043797463843,1539.1740044421317,1379.949107430877,,1379.949107430877,,True,False,True,,,
SIM_DIR-1784852438,SIM_DIR,baseline,,109,109,421.0,0.0,0.0,1.0,1065.1600129453798,1065.142092507405,0.01792043797463843,1544.4820187708006,1384.7080168289938,,1384.7080168289938,,True,False,True,,,
SIM_DIR-1784852438,SIM_DIR,baseline,,110,110,422.0,0.0,0.0,1.0,1068.8257312762141,1068.8078108382394,0.01792043797463843,1549.7973103505105,1389.4734506590785,,1389.4734506590785,,True,False,True,,,
SIM_DIR-1784852438,SIM_DIR,baseline,,111,111,423.0,0.0,0.0,1.0,1072.496467849309,1072.4785474113344,0.01792043797463843,1555.119878381498,1394.2454082041018,,1394.2454082041018,,True,False,True,,,
SIM_DIR-1784852438,SIM_DIR,baseline,,112,112,425.0,0.0,0.0,1.0,1078.710321888219,1078.6924014502442,0.01792043797463843,1564.1299667379174,1402.3234184546845,,1402.3234184546845,,True,False,True,,,
SIM_DIR-1784852438,SIM_DIR,baseline,,113,113,426.0,0.0,0.0,1.0,1082.3937819582989,1082.3758615203242,0.01792043797463843,1569.4709838395333,1407.1119165457885,,1407.1119165457885,,True,False,True,,,
SIM_DIR-1784852438,SIM_DIR,baseline,,114,114,429.0,0.0,0.0,1.0,1091.1692102110248,1091.1512897730502,0.01792043797463843,1582.195354805986,1418.5199732743324,,1418.5199732743324,,True,False,True,,,
SIM_DIR-1784852438,SIM_DIR,baseline,,115,115,429.0,0.0,0.0,1.0,1092.3219120783056,1092.3039916403309,0.01792043797463843,1583.866772513543,1420.0184857017973,,1420.0184857017973,,True,False,True,,,
SIM_DIR-1784852438,SIM_DIR,baseline,,116,116,439.0,0.0,0.0,1.0,1118.962747437729,1118.9448269997542,0.01792043797463843,1622.4959837847068,1454.6515716690476,,1454.6515716690476,,True,False,True,,,
SIM_DIR-1784852438,SIM_DIR,baseline,,117,117,439.0,0.0,0.0,1.0,1120.1415858162477,1120.123665378273,0.01792043797463843,1624.205299433559,1456.184061561122,,1456.184061561122,,True,False,True,,,
SIM_DIR-1784852438,SIM_DIR,baseline,,118,118,440.0,0.0,0.0,1.0,1123.8742797547607,1123.856359316786,0.01792043797463843,1629.6177056444028,1461.036563681189,,1461.036563681189,,True,False,True,,,
SIM_DIR-1784852438,SIM_DIR,baseline,,119,119,445.0,0.0,0.0,1.0,1137.8395900515734,1137.8216696135987,0.01792043797463843,1649.8674055747813,1479.1914670670456,,1479.1914670670456,,True,False,True,,,
SIM_DIR-1784852438,SIM_DIR,baseline,,120,120,446.0,0.0,0.0,1.0,1141.5930264802769,1141.5751060423022,0.01792043797463843,1655.3098883964014,1484.07093442436,,1484.07093442436,,True,False,True,,,
SIM_DIR-1784852438,SIM_DIR,baseline,,121,121,449.0,0.0,0.0,1.0,1150.4759994879582,1150.4580790499836,0.01792043797463843,1668.1901992575395,1495.6187993343458,,1495.6187993343458,,True,False,True,,,
SIM_DIR-1784852438,SIM_DIR,baseline,,122,122,451.0,0.0,0.0,1.0,1156.8097499133123,1156.7918294753376,0.01792043797463843,1677.3741373743028,1503.852674887306,,1503.852674887306,,True,False,True,,,
SIM_DIR-1784852438,SIM_DIR,baseline,,123,123,451.0,0.0,0.0,1.0,1158.018602364393,1158.0006819264183,0.01792043797463843,1679.1269734283699,1505.424183073711,,1505.424183073711,,True,False,True,,,
SIM_DIR-1784852438,SIM_DIR,baseline,,124,124,454.0,0.0,0.0,1.0,1166.9380194973112,1166.9200990593365,0.01792043797463843,1692.0601282711011,1517.0194253465047,,1517.0194253465047,,True,False,True,,,
SIM_DIR-1784852438,SIM_DIR,baseline,,125,125,455.0,0.0,0.0,1.0,1170.7271755194101,1170.7092550814355,0.01792043797463843,1697.5544045031447,1521.9453281752333,,1521.9453281752333,,True,False,True,,,
SIM_DIR-1784852438,SIM_DIR,baseline,,126,126,461.0,0.0,0.0,1.0,1187.3996549097985,1187.3817344718238,0.01792043797463843,1721.729499619208,1543.619551382738,,1543.619551382738,,True,False,True,,,
SIM_DIR-1784852438,SIM_DIR,baseline,,127,127,465.0,0.0,0.0,1.0,1198.9472173806498,1198.9292969426751,0.01792043797463843,1738.4734652019422,1558.6313825948448,,1558.6313825948448,,True,False,True,,,
SIM_DIR-1784852438,SIM_DIR,baseline,,128,128,465.0,0.0,0.0,1.0,1200.1917542909566,1200.173833852982,0.01792043797463843,1740.2780437218871,1560.2492805782438,,1560.2492805782438,,True,False,True,,,
SIM_DIR-1784852438,SIM_DIR,baseline,,129,129,465.0,0.0,0.0,1.0,1201.4359291316682,1201.4180086936935,0.01792043797463843,1742.0820972409188,1561.8667078711687,,1561.8667078711687,,True,False,True,,,
SIM_DIR-1784852438,SIM_DIR,baseline,,130,130,465.0,0.0,0.0,1.0,1202.6797439114748,1202.6618234735001,0.01792043797463843,1743.8856286716384,1563.4836670849172,,1563.4836670849172,,True,False,True,,,
SIM_DIR-1784852438,SIM_DIR,baseline,,131,131,465.0,0.0,0.0,1.0,1203.9232006273696,1203.905280189395,0.01792043797463843,1745.688640909686,1565.1001608155805,,1565.1001608155805,,True,False,True,,,
SIM_DIR-1784852438,SIM_DIR,baseline,,132,132,465.0,0.0,0.0,1.0,1205.1663012647366,1205.148380826762,0.01792043797463843,1747.491136833868,1566.7161916441576,,1566.7161916441576,,True,False,True,,,
SIM_DIR-1784852438,SIM_DIR,baseline,,133,133,465.0,0.0,0.0,1.0,1206.4090477974391,1206.3911273594645,0.01792043797463843,1749.2931193062866,1568.331762136671,,1568.331762136671,,True,False,True,,,
SIM_DIR-1784852438,SIM_DIR,baseline,,134,134,465.0,0.0,0.0,1.0,1207.651442187903,1207.6335217499284,0.01792043797463843,1751.0945911724593,1569.9468748442741,,1569.9468748442741,,True,False,True,,,
SIM_DIR-1784852438,SIM_DIR,baseline,,135,135,466.0,0.0,0.0,1.0,1211.4932187870963,1211.4752983491217,0.01792043797463843,1756.6651672412897,1574.9411844232252,,1574.9411844232252,,True,False,True,,,
SIM_DIR-1784852438,SIM_DIR,baseline,,136,136,468.0,0.0,0.0,1.0,1217.9423904764315,1217.9244700384568,0.01792043797463843,1766.0164661908257,1583.325107619361,,1583.325107619361,,True,False,True,,,
SIM_DIR-1784852438,SIM_DIR,baseline,,137,137,477.0,0.0,0.0,1.0,1242.6373993545217,1242.619478916547,0.01792043797463843,1801.8242290640565,1615.4286191608783,,1615.4286191608783,,True,False,True,,,
SIM_DIR-1784852438,SIM_DIR,baseline,,138,138,477.0,0.0,0.0,1.0,1243.9104305157362,1243.8925100777615,0.01792043797463843,1803.6701242478173,1617.0835596704571,,1617.0835596704571,,True,False,True,,,
SIM_DIR-1784852438,SIM_DIR,baseline,,139,139,481.0,0.0,0.0,1.0,1255.624747152204,1255.6068267142293,0.01792043797463843,1820.6558833706958,1632.3121712978652,,1632.3121712978652,,True,False,True,,,
SIM_DIR-1784852438,SIM_DIR,baseline,,140,140,483.0,0.0,0.0,1.0,1262.1339001459048,1262.1159797079301,0.01792043797463843,1830.0941552115619,1640.7740701896764,,1640.7740701896764,,True,False,True,,,
