run_id,kernel,mode,bound_mode,iteration,breaks,f_mhz,II,raw_AHA_II,effective_power_II,P_mean_mW,P_mean_dyn_mW,P_mean_leak_mW,P_upper_anchor_mW,P_upper_spec_mW,P_upper_robust_mW,P_effective_stop_upper_mW,cap_mW,safe,stopped_here,active_after,P_oracle_mW,success,delta_cap_pct
SIM_DIR-1784855095,SIM_DIR,baseline,,0,0,55.0,0.0,0.0,1.0,145.36881451213839,145.34822845341554,0.02058605872284101,210.78478104260066,188.97945886577992,,188.97945886577992,,True,False,True,,,
SIM_DIR-1784855095,SIM_DIR,capstone_i,,0,0,55.0,0.0,0.0,1.0,145.36881451213839,145.34822845341554,0.02058605872284101,210.78478104260066,188.97945886577992,,188.97945886577992,1300.0,True,False,True,,,
SIM_DIR-1784855095,SIM_DIR,capstone_ii,,0,0,55.0,0.0,0.0,1.0,145.36881451213839,145.34822845341554,0.02058605872284101,228.56881451213837,197.36881451213839,,197.36881451213839,1300.0,True,False,True,,,
SIM_DIR-1784855095,SIM_DIR,capstone_iii_fit_1x,fit_1x,0,0,55.0,0.0,0.0,1.0,145.36881451213839,145.34822845341554,0.02058605872284101,,,152.73622593480914,152.73622593480914,1300.0,True,False,True,,,
SIM_DIR-1784855095,SIM_DIR,capstone_iii_fit_2x,fit_2x,0,0,55.0,0.0,0.0,1.0,145.36881451213839,145.34822845341554,0.02058605872284101,,,160.00363735747996,160.00363735747996,1300.0,True,False,True,,,
SIM_DIR-1784855095,SIM_DIR,capstone_iii_fit_activity,fit_activity,0,0,55.0,0.0,0.0,1.0,145.36881451213839,145.34822845341554,0.02058605872284101,,,158.55015507294578,158.55015507294578,1300.0,True,False,True,,,
SIM_DIR-1784855095,SIM_DIR,capstone_iii_fit_activity_pvt,fit_activity_pvt,0,0,55.0,0.0,0.0,1.0,145.36881451213839,145.34822845341554,0.02058605872284101,,,162.91060192654825,162.91060192654825,1300.0,True,False,True,,,
SIM_DIR-1784855095,SIM_DIR,capstone_iii_full,full,0,0,55.0,0.0,0.0,1.0,145.36881451213839,145.34822845341554,0.02058605872284101,,,167.27104878015072,167.27104878015072,1300.0,True,False,True,,,
SIM_DIR-1784855095,SIM_DIR,baseline,,1,1,58.0,0.0,0.0,1.0,153.46418591809115,153.4435998593683,0.02058605872284101,222.52306958123216,199.5034416935185,,199.5034416935185,,True,False,True,,,
SIM_DIR-1784855095,SIM_DIR,capstone_i,,1,1,58.0,0.0,0.0,1.0,153.46418591809115,153.4435998593683,0.02058605872284101,222.52306958123216,199.5034416935185,,199.5034416935185,1300.0,True,False,True,,,
SIM_DIR-1784855095,SIM_DIR,capstone_ii,,1,1,58.0,0.0,0.0,1.0,153.46418591809115,153.4435998593683,0.02058605872284101,236.66418591809116,205.46418591809115,,205.46418591809115,1300.0,True,False,True,,,
SIM_DIR-1784855095,SIM_DIR,capstone_iii_fit_1x,fit_1x,1,1,58.0,0.0,0.0,1.0,153.46418591809115,153.4435998593683,0.02058605872284101,,,161.23636591105955,161.23636591105955,1300.0,True,False,True,,,
SIM_DIR-1784855095,SIM_DIR,capstone_iii_fit_2x,fit_2x,1,1,58.0,0.0,0.0,1.0,153.46418591809115,153.4435998593683,0.02058605872284101,,,168.908545904028,168.908545904028,1300.0,True,False,True,,,
SIM_DIR-1784855095,SIM_DIR,capstone_iii_fit_activity,fit_activity,1,1,58.0,0.0,0.0,1.0,153.46418591809115,153.4435998593683,0.02058605872284101,,,167.3741099054343,167.3741099054343,1300.0,True,False,True,,,
SIM_DIR-1784855095,SIM_DIR,capstone_iii_fit_activity_pvt,fit_activity_pvt,1,1,58.0,0.0,0.0,1.0,153.46418591809115,153.4435998593683,0.02058605872284101,,,171.97741790121535,171.97741790121535,1300.0,True,False,True,,,
SIM_DIR-1784855095,SIM_DIR,capstone_iii_full,full,1,1,58.0,0.0,0.0,1.0,153.46418591809115,153.4435998593683,0.02058605872284101,,,176.5807258969964,176.5807258969964,1300.0,True,False,True,,,
SIM_DIR-1784855095,SIM_DIR,baseline,,2,2,61.0,0.0,0.0,1.0,161.57678211968724,161.5561960609644,0.02058605872284101,234.2863340735465,210.0498167555934,,210.0498167555934,,True,False,True,,,
SIM_DIR-1784855095,SIM_DIR,capstone_i,,2,2,61.0,0.0,0.0,1.0,161.57678211968724,161.5561960609644,0.02058605872284101,234.2863340735465,210.0498167555934,,210.0498167555934,1300.0,True,False,True,,,
SIM_DIR-1784855095,SIM_DIR,capstone_ii,,2,2,61.0,0.0,0.0,1.0,161.57678211968724,161.5561960609644,0.02058605872284101,244.77678211968725,213.57678211968724,,213.57678211968724,1300.0,True,False,True,,,
SIM_DIR-1784855095,SIM_DIR,capstone_iii_fit_1x,fit_1x,2,2,61.0,0.0,0.0,1.0,161.57678211968724,161.5561960609644,0.02058605872284101,,,169.75459192273544,169.75459192273544,1300.0,True,False,True,,,
SIM_DIR-1784855095,SIM_DIR,capstone_iii_fit_2x,fit_2x,2,2,61.0,0.0,0.0,1.0,161.57678211968724,161.5561960609644,0.02058605872284101,,,177.83240172578368,177.83240172578368,1300.0,True,False,True,,,
SIM_DIR-1784855095,SIM_DIR,capstone_iii_fit_activity,fit_activity,2,2,61.0,0.0,0.0,1.0,161.57678211968724,161.5561960609644,0.02058605872284101,,,176.21683976517403,176.21683976517403,1300.0,True,False,True,,,
SIM_DIR-1784855095,SIM_DIR,capstone_iii_fit_activity_pvt,fit_activity_pvt,2,2,61.0,0.0,0.0,1.0,161.57678211968724,161.5561960609644,0.02058605872284101,,,181.06352564700293,181.06352564700293,1300.0,True,False,True,,,
SIM_DIR-1784855095,SIM_DIR,capstone_iii_full,full,2,2,61.0,0.0,0.0,1.0,161.57678211968724,161.5561960609644,0.02058605872284101,,,185.9102115288319,185.9102115288319,1300.0,True,False,True,,,
SIM_DIR-1784855095,SIM_DIR,baseline,,3,3,66.0,0.0,0.0,1.0,175.00927934418112,174.98869328545828,0.02058605872284101,253.76345504906263,227.51206314743547,,227.51206314743547,,True,False,True,,,
SIM_DIR-1784855095,SIM_DIR,capstone_i,,3,3,66.0,0.0,0.0,1.0,175.00927934418112,174.98869328545828,0.02058605872284101,253.76345504906263,227.51206314743547,,227.51206314743547,1300.0,True,False,True,,,
SIM_DIR-1784855095,SIM_DIR,capstone_ii,,3,3,66.0,0.0,0.0,1.0,175.00927934418112,174.98869328545828,0.02058605872284101,258.20927934418114,227.00927934418112,,227.00927934418112,1300.0,True,False,True,,,
SIM_DIR-1784855095,SIM_DIR,capstone_iii_fit_1x,fit_1x,3,3,66.0,0.0,0.0,1.0,175.00927934418112,174.98869328545828,0.02058605872284101,,,183.85871400845403,183.85871400845403,1300.0,True,False,True,,,
SIM_DIR-1784855095,SIM_DIR,capstone_iii_fit_2x,fit_2x,3,3,66.0,0.0,0.0,1.0,175.00927934418112,174.98869328545828,0.02058605872284101,,,192.60814867272697,192.60814867272697,1300.0,True,False,True,,,
SIM_DIR-1784855095,SIM_DIR,capstone_iii_fit_activity,fit_activity,3,3,66.0,0.0,0.0,1.0,175.00927934418112,174.98869328545828,0.02058605872284101,,,190.85826173987238,190.85826173987238,1300.0,True,False,True,,,
SIM_DIR-1784855095,SIM_DIR,capstone_iii_fit_activity_pvt,fit_activity_pvt,3,3,66.0,0.0,0.0,1.0,175.00927934418112,174.98869328545828,0.02058605872284101,,,196.10792253843613,196.10792253843613,1300.0,True,False,True,,,
SIM_DIR-1784855095,SIM_DIR,capstone_iii_full,full,3,3,66.0,0.0,0.0,1.0,175.00927934418112,174.98869328545828,0.02058605872284101,,,201.35758333699985,201.35758333699985,1300.0,True,False,True,,,
SIM_DIR-1784855095,SIM_DIR,baseline,,4,4,66.0,0.0,0.0,1.0,175.1993790633446,175.17879300462175,0.02058605872284101,254.03909964184965,227.75919278234798,,227.75919278234798,,True,False,True,,,
SIM_DIR-1784855095,SIM_DIR,capstone_i,,4,4,66.0,0.0,0.0,1.0,175.1993790633446,175.17879300462175,0.02058605872284101,254.03909964184965,227.75919278234798,,227.75919278234798,1300.0,True,False,True,,,
SIM_DIR-1784855095,SIM_DIR,capstone_ii,,4,4,66.0,0.0,0.0,1.0,175.1993790633446,175.17879300462175,0.02058605872284101,258.3993790633446,227.1993790633446,,227.1993790633446,1300.0,True,False,True,,,
SIM_DIR-1784855095,SIM_DIR,capstone_iii_fit_1x,fit_1x,4,4,66.0,0.0,0.0,1.0,175.1993790633446,175.17879300462175,0.02058605872284101,,,184.05831871357566,184.05831871357566,1300.0,True,False,True,,,
SIM_DIR-1784855095,SIM_DIR,capstone_iii_fit_2x,fit_2x,4,4,66.0,0.0,0.0,1.0,175.1993790633446,175.17879300462175,0.02058605872284101,,,192.8172583638068,192.8172583638068,1300.0,True,False,True,,,
SIM_DIR-1784855095,SIM_DIR,capstone_iii_fit_activity,fit_activity,4,4,66.0,0.0,0.0,1.0,175.1993790633446,175.17879300462175,0.02058605872284101,,,191.06547043376057,191.06547043376057,1300.0,True,False,True,,,
SIM_DIR-1784855095,SIM_DIR,capstone_iii_fit_activity_pvt,fit_activity_pvt,4,4,66.0,0.0,0.0,1.0,175.1993790633446,175.17879300462175,0.02058605872284101,,,196.3208342238992,196.3208342238992,1300.0,True,False,True,,,
SIM_DIR-1784855095,SIM_DIR,capstone_iii_full,full,4,4,66.0,0.0,0.0,1.0,175.1993790633446,175.17879300462175,0.02058605872284101,,,201.57619801403786,201.57619801403786,1300.0,True,False,True,,,
SIM_DIR-1784855095,SIM_DIR,baseline,,5,5,72.0,0.0,0.0,1.0,191.3320116958426,191.31142563711975,0.02058605872284101,277.43141695897174,248.73161520459539,,248.73161520459539,,True,False,True,,,
SIM_DIR-1784855095,SIM_DIR,capstone_i,,5,5,72.0,0.0,0.0,1.0,191.3320116958426,191.31142563711975,0.02058605872284101,277.43141695897174,248.73161520459539,,248.73161520459539,1300.0,True,False,True,,,
SIM_DIR-1784855095,SIM_DIR,capstone_ii,,5,5,72.0,0.0,0.0,1.0,191.3320116958426,191.31142563711975,0.02058605872284101,274.5320116958426,243.3320116958426,,243.3320116958426,1300.0,True,False,True,,,
SIM_DIR-1784855095,SIM_DIR,capstone_iii_fit_1x,fit_1x,5,5,72.0,0.0,0.0,1.0,191.3320116958426,191.31142563711975,0.02058605872284101,,,200.99758297769856,200.99758297769856,1300.0,True,False,True,,,
SIM_DIR-1784855095,SIM_DIR,capstone_iii_fit_2x,fit_2x,5,5,72.0,0.0,0.0,1.0,191.3320116958426,191.31142563711975,0.02058605872284101,,,210.56315425955455,210.56315425955455,1300.0,True,False,True,,,
SIM_DIR-1784855095,SIM_DIR,capstone_iii_fit_activity,fit_activity,5,5,72.0,0.0,0.0,1.0,191.3320116958426,191.31142563711975,0.02058605872284101,,,208.65004000318336,208.65004000318336,1300.0,True,False,True,,,
SIM_DIR-1784855095,SIM_DIR,capstone_iii_fit_activity_pvt,fit_activity_pvt,5,5,72.0,0.0,0.0,1.0,191.3320116958426,191.31142563711975,0.02058605872284101,,,214.38938277229695,214.38938277229695,1300.0,True,False,True,,,
SIM_DIR-1784855095,SIM_DIR,capstone_iii_full,full,5,5,72.0,0.0,0.0,1.0,191.3320116958426,191.31142563711975,0.02058605872284101,,,220.12872554141052,220.12872554141052,1300.0,True,False,True,,,
SIM_DIR-1784855095,SIM_DIR,baseline,,6,6,79.0,0.0,0.0,1.0,210.15907217183698,210.13848611311414,0.02058605872284101,304.7306546491636,273.20679382338807,,273.20679382338807,,True,False,True,,,
SIM_DIR-1784855095,SIM_DIR,capstone_i,,6,6,79.0,0.0,0.0,1.0,210.15907217183698,210.13848611311414,0.02058605872284101,304.7306546491636,273.20679382338807,,273.20679382338807,1300.0,True,False,True,,,
SIM_DIR-1784855095,SIM_DIR,capstone_ii,,6,6,79.0,0.0,0.0,1.0,210.15907217183698,210.13848611311414,0.02058605872284101,293.359072171837,262.159072171837,,262.159072171837,1300.0,True,False,True,,,
SIM_DIR-1784855095,SIM_DIR,capstone_iii_fit_1x,fit_1x,6,6,79.0,0.0,0.0,1.0,210.15907217183698,210.13848611311414,0.02058605872284101,,,220.76599647749268,220.76599647749268,1300.0,True,False,True,,,
SIM_DIR-1784855095,SIM_DIR,capstone_iii_fit_2x,fit_2x,6,6,79.0,0.0,0.0,1.0,210.15907217183698,210.13848611311414,0.02058605872284101,,,231.2729207831484,231.2729207831484,1300.0,True,False,True,,,
SIM_DIR-1784855095,SIM_DIR,capstone_iii_fit_activity,fit_activity,6,6,79.0,0.0,0.0,1.0,210.15907217183698,210.13848611311414,0.02058605872284101,,,229.17153592201726,229.17153592201726,1300.0,True,False,True,,,
SIM_DIR-1784855095,SIM_DIR,capstone_iii_fit_activity_pvt,fit_activity_pvt,6,6,79.0,0.0,0.0,1.0,210.15907217183698,210.13848611311414,0.02058605872284101,,,235.47569050541068,235.47569050541068,1300.0,True,False,True,,,
SIM_DIR-1784855095,SIM_DIR,capstone_iii_full,full,6,6,79.0,0.0,0.0,1.0,210.15907217183698,210.13848611311414,0.02058605872284101,,,241.7798450888041,241.7798450888041,1300.0,True,False,True,,,
SIM_DIR-1784855095,SIM_DIR,baseline,,7,7,80.0,0.0,0.0,1.0,213.04916625374446,213.02858019502162,0.02058605872284101,308.9212910679295,276.9639161298678,,276.9639161298678,,True,False,True,,,
SIM_DIR-1784855095,SIM_DIR,capstone_i,,7,7,80.0,0.0,0.0,1.0,213.04916625374446,213.02858019502162,0.02058605872284101,308.9212910679295,276.9639161298678,,276.9639161298678,1300.0,True,False,True,,,
SIM_DIR-1784855095,SIM_DIR,capstone_ii,,7,7,80.0,0.0,0.0,1.0,213.04916625374446,213.02858019502162,0.02058605872284101,296.2491662537445,265.0491662537445,,265.0491662537445,1300.0,True,False,True,,,
SIM_DIR-1784855095,SIM_DIR,capstone_iii_fit_1x,fit_1x,7,7,80.0,0.0,0.0,1.0,213.04916625374446,213.02858019502162,0.02058605872284101,,,223.80059526349552,223.80059526349552,1300.0,True,False,True,,,
SIM_DIR-1784855095,SIM_DIR,capstone_iii_fit_2x,fit_2x,7,7,80.0,0.0,0.0,1.0,213.04916625374446,213.02858019502162,0.02058605872284101,,,234.45202427324662,234.45202427324662,1300.0,True,False,True,,,
SIM_DIR-1784855095,SIM_DIR,capstone_iii_fit_activity,fit_activity,7,7,80.0,0.0,0.0,1.0,213.04916625374446,213.02858019502162,0.02058605872284101,,,232.3217384712964,232.3217384712964,1300.0,True,False,True,,,
SIM_DIR-1784855095,SIM_DIR,capstone_iii_fit_activity_pvt,fit_activity_pvt,7,7,80.0,0.0,0.0,1.0,213.04916625374446,213.02858019502162,0.02058605872284101,,,238.71259587714707,238.71259587714707,1300.0,True,False,True,,,
SIM_DIR-1784855095,SIM_DIR,capstone_iii_full,full,7,7,80.0,0.0,0.0,1.0,213.04916625374446,213.02858019502162,0.02058605872284101,,,245.1034532829977,245.1034532829977,1300.0,True,False,True,,,
SIM_DIR-1784855095,SIM_DIR,baseline,,8,8,86.0,0.0,0.0,1.0,229.27357137680875,229.2529853180859,0.02058605872284101,332.44667849637267,298.0556427898514,,298.0556427898514,,True,False,True,,,
SIM_DIR-1784855095,SIM_DIR,capstone_i,,8,8,86.0,0.0,0.0,1.0,229.27357137680875,229.2529853180859,0.02058605872284101,332.44667849637267,298.0556427898514,,298.0556427898514,1300.0,True,False,True,,,
SIM_DIR-1784855095,SIM_DIR,capstone_ii,,8,8,86.0,0.0,0.0,1.0,229.27357137680875,229.2529853180859,0.02058605872284101,312.47357137680876,281.2735713768087,,281.2735713768087,1300.0,True,False,True,,,
SIM_DIR-1784855095,SIM_DIR,capstone_iii_fit_1x,fit_1x,8,8,86.0,0.0,0.0,1.0,229.27357137680875,229.2529853180859,0.02058605872284101,,,240.83622064271302,240.83622064271302,1300.0,True,False,True,,,
SIM_DIR-1784855095,SIM_DIR,capstone_iii_fit_2x,fit_2x,8,8,86.0,0.0,0.0,1.0,229.27357137680875,229.2529853180859,0.02058605872284101,,,252.29886990861735,252.29886990861735,1300.0,True,False,True,,,
SIM_DIR-1784855095,SIM_DIR,capstone_iii_fit_activity,fit_activity,8,8,86.0,0.0,0.0,1.0,229.27357137680875,229.2529853180859,0.02058605872284101,,,250.00634005543648,250.00634005543648,1300.0,True,False,True,,,
SIM_DIR-1784855095,SIM_DIR,capstone_iii_fit_activity_pvt,fit_activity_pvt,8,8,86.0,0.0,0.0,1.0,229.27357137680875,229.2529853180859,0.02058605872284101,,,256.883929614979,256.883929614979,1300.0,True,False,True,,,
SIM_DIR-1784855095,SIM_DIR,capstone_iii_full,full,8,8,86.0,0.0,0.0,1.0,229.27357137680875,229.2529853180859,0.02058605872284101,,,263.7615191745216,263.7615191745216,1300.0,True,False,True,,,
SIM_DIR-1784855095,SIM_DIR,baseline,,9,9,90.0,0.0,0.0,1.0,240.19514843799195,240.1745623792691,0.02058605872284101,348.2829652350883,312.25369296938953,,312.25369296938953,,True,False,True,,,
SIM_DIR-1784855095,SIM_DIR,capstone_i,,9,9,90.0,0.0,0.0,1.0,240.19514843799195,240.1745623792691,0.02058605872284101,348.2829652350883,312.25369296938953,,312.25369296938953,1300.0,True,False,True,,,
SIM_DIR-1784855095,SIM_DIR,capstone_ii,,9,9,90.0,0.0,0.0,1.0,240.19514843799195,240.1745623792691,0.02058605872284101,323.39514843799196,292.195148437992,,292.195148437992,1300.0,True,False,True,,,
SIM_DIR-1784855095,SIM_DIR,capstone_iii_fit_1x,fit_1x,9,9,90.0,0.0,0.0,1.0,240.19514843799195,240.1745623792691,0.02058605872284101,,,252.30387655695537,252.30387655695537,1300.0,True,False,True,,,
SIM_DIR-1784855095,SIM_DIR,capstone_iii_fit_2x,fit_2x,9,9,90.0,0.0,0.0,1.0,240.19514843799195,240.1745623792691,0.02058605872284101,,,264.31260467591886,264.31260467591886,1300.0,True,False,True,,,
SIM_DIR-1784855095,SIM_DIR,capstone_iii_fit_activity,fit_activity,9,9,90.0,0.0,0.0,1.0,240.19514843799195,240.1745623792691,0.02058605872284101,,,261.91085905212617,261.91085905212617,1300.0,True,False,True,,,
SIM_DIR-1784855095,SIM_DIR,capstone_iii_fit_activity_pvt,fit_activity_pvt,9,9,90.0,0.0,0.0,1.0,240.19514843799195,240.1745623792691,0.02058605872284101,,,269.11609592350425,269.11609592350425,1300.0,True,False,True,,,
SIM_DIR-1784855095,SIM_DIR,capstone_iii_full,full,9,9,90.0,0.0,0.0,1.0,240.19514843799195,240.1745623792691,0.02058605872284101,,,276.32133279488227,276.32133279488227,1300.0,True,False,True,,,
SIM_DIR-1784855095,SIM_DIR,baseline,,10,10,100.0,0.0,0.0,1.0,267.16847035365623,267.1478842949334,0.02058605872284101,387.3942820128015,347.31901145975314,,347.31901145975314,,True,False,True,,,
SIM_DIR-1784855095,SIM_DIR,capstone_i,,10,10,100.0,0.0,0.0,1.0,267.16847035365623,267.1478842949334,0.02058605872284101,387.3942820128015,347.31901145975314,,347.31901145975314,1300.0,True,False,True,,,
SIM_DIR-1784855095,SIM_DIR,capstone_ii,,10,10,100.0,0.0,0.0,1.0,267.16847035365623,267.1478842949334,0.02058605872284101,350.3684703536562,319.16847035365623,,319.16847035365623,1300.0,True,False,True,,,
SIM_DIR-1784855095,SIM_DIR,capstone_iii_fit_1x,fit_1x,10,10,100.0,0.0,0.0,1.0,267.16847035365623,267.1478842949334,0.02058605872284101,,,280.6258645684029,280.6258645684029,1300.0,True,False,True,,,
SIM_DIR-1784855095,SIM_DIR,capstone_iii_fit_2x,fit_2x,10,10,100.0,0.0,0.0,1.0,267.16847035365623,267.1478842949334,0.02058605872284101,,,293.9832587831496,293.9832587831496,1300.0,True,False,True,,,
SIM_DIR-1784855095,SIM_DIR,capstone_iii_fit_activity,fit_activity,10,10,100.0,0.0,0.0,1.0,267.16847035365623,267.1478842949334,0.02058605872284101,,,291.3117799402003,291.3117799402003,1300.0,True,False,True,,,
SIM_DIR-1784855095,SIM_DIR,capstone_iii_fit_activity_pvt,fit_activity_pvt,10,10,100.0,0.0,0.0,1.0,267.16847035365623,267.1478842949334,0.02058605872284101,,,299.3262164690483,299.3262164690483,1300.0,True,False,True,,,
SIM_DIR-1784855095,SIM_DIR,capstone_iii_full,full,10,10,100.0,0.0,0.0,1.0,267.16847035365623,267.1478842949334,0.02058605872284101,,,307.34065299789626,307.34065299789626,1300.0,True,False,True,,,
SIM_DIR-1784855095,SIM_DIR,baseline,,11,11,106.0,0.0,0.0,1.0,283.5017048253465,283.4811187666237,0.02058605872284101,411.0774719967524,368.5522162729505,,368.5522162729505,,True,False,True,,,
SIM_DIR-1784855095,SIM_DIR,capstone_i,,11,11,106.0,0.0,0.0,1.0,283.5017048253465,283.4811187666237,0.02058605872284101,411.0774719967524,368.5522162729505,,368.5522162729505,1300.0,True,False,True,,,
SIM_DIR-1784855095,SIM_DIR,capstone_ii,,11,11,106.0,0.0,0.0,1.0,283.5017048253465,283.4811187666237,0.02058605872284101,371.6937048253465,338.6217048253465,,338.6217048253465,1300.0,True,False,True,,,
SIM_DIR-1784855095,SIM_DIR,capstone_iii_fit_1x,fit_1x,11,11,106.0,0.0,0.0,1.0,283.5017048253465,283.4811187666237,0.02058605872284101,,,297.7757607636777,297.7757607636777,1300.0,True,False,True,,,
SIM_DIR-1784855095,SIM_DIR,capstone_iii_fit_2x,fit_2x,11,11,106.0,0.0,0.0,1.0,283.5017048253465,283.4811187666237,0.02058605872284101,,,311.9498167020089,311.9498167020089,1300.0,True,False,True,,,
SIM_DIR-1784855095,SIM_DIR,capstone_iii_fit_activity,fit_activity,11,11,106.0,0.0,0.0,1.0,283.5017048253465,283.4811187666237,0.02058605872284101,,,309.11500551434267,309.11500551434267,1300.0,True,False,True,,,
SIM_DIR-1784855095,SIM_DIR,capstone_iii_fit_activity_pvt,fit_activity_pvt,11,11,106.0,0.0,0.0,1.0,283.5017048253465,283.4811187666237,0.02058605872284101,,,317.6194390773413,317.6194390773413,1300.0,True,False,True,,,
SIM_DIR-1784855095,SIM_DIR,capstone_iii_full,full,11,11,106.0,0.0,0.0,1.0,283.5017048253465,283.4811187666237,0.02058605872284101,,,326.12387264034004,326.12387264034004,1300.0,True,False,True,,,
SIM_DIR-1784855095,SIM_DIR,baseline,,12,12,112.0,0.0,0.0,1.0,299.8692549155597,299.84866885683687,0.02058605872284101,434.81041962756154,389.8300313902276,,389.8300313902276,,True,False,True,,,
SIM_DIR-1784855095,SIM_DIR,capstone_i,,12,12,112.0,0.0,0.0,1.0,299.8692549155597,299.84866885683687,0.02058605872284101,434.81041962756154,389.8300313902276,,389.8300313902276,1300.0,True,False,True,,,
SIM_DIR-1784855095,SIM_DIR,capstone_ii,,12,12,112.0,0.0,0.0,1.0,299.8692549155597,299.84866885683687,0.02058605872284101,393.0532549155597,358.1092549155597,,358.1092549155597,1300.0,True,False,True,,,
SIM_DIR-1784855095,SIM_DIR,capstone_iii_fit_1x,fit_1x,12,12,112.0,0.0,0.0,1.0,299.8692549155597,299.84866885683687,0.02058605872284101,,,314.96168835840155,314.96168835840155,1300.0,True,False,True,,,
SIM_DIR-1784855095,SIM_DIR,capstone_iii_fit_2x,fit_2x,12,12,112.0,0.0,0.0,1.0,299.8692549155597,299.84866885683687,0.02058605872284101,,,329.95412180124345,329.95412180124345,1300.0,True,False,True,,,
SIM_DIR-1784855095,SIM_DIR,capstone_iii_fit_activity,fit_activity,12,12,112.0,0.0,0.0,1.0,299.8692549155597,299.84866885683687,0.02058605872284101,,,326.95563511267505,326.95563511267505,1300.0,True,False,True,,,
SIM_DIR-1784855095,SIM_DIR,capstone_iii_fit_activity_pvt,fit_activity_pvt,12,12,112.0,0.0,0.0,1.0,299.8692549155597,299.84866885683687,0.02058605872284101,,,335.95109517838017,335.95109517838017,1300.0,True,False,True,,,
SIM_DIR-1784855095,SIM_DIR,capstone_iii_full,full,12,12,112.0,0.0,0.0,1.0,299.8692549155597,299.84866885683687,0.02058605872284101,,,344.94655524408523,344.94655524408523,1300.0,True,False,True,,,
SIM_DIR-1784855095,SIM_DIR,baseline,,13,13,114.0,0.0,0.0,1.0,305.5507424824286,305.53015642370576,0.02058605872284101,443.0485765995214,397.21596522715714,,397.21596522715714,,True,False,True,,,
SIM_DIR-1784855095,SIM_DIR,capstone_i,,13,13,114.0,0.0,0.0,1.0,305.5507424824286,305.53015642370576,0.02058605872284101,443.0485765995214,397.21596522715714,,397.21596522715714,1300.0,True,False,True,,,
SIM_DIR-1784855095,SIM_DIR,capstone_ii,,13,13,114.0,0.0,0.0,1.0,305.5507424824286,305.53015642370576,0.02058605872284101,400.3987424824286,364.83074248242855,,364.83074248242855,1300.0,True,False,True,,,
SIM_DIR-1784855095,SIM_DIR,capstone_iii_fit_1x,fit_1x,13,13,114.0,0.0,0.0,1.0,305.5507424824286,305.53015642370576,0.02058605872284101,,,320.92725030361385,320.92725030361385,1300.0,True,False,True,,,
SIM_DIR-1784855095,SIM_DIR,capstone_iii_fit_2x,fit_2x,13,13,114.0,0.0,0.0,1.0,305.5507424824286,305.53015642370576,0.02058605872284101,,,336.20375812479915,336.20375812479915,1300.0,True,False,True,,,
SIM_DIR-1784855095,SIM_DIR,capstone_iii_fit_activity,fit_activity,13,13,114.0,0.0,0.0,1.0,305.5507424824286,305.53015642370576,0.02058605872284101,,,333.1484565605621,333.1484565605621,1300.0,True,False,True,,,
SIM_DIR-1784855095,SIM_DIR,capstone_iii_fit_activity_pvt,fit_activity_pvt,13,13,114.0,0.0,0.0,1.0,305.5507424824286,305.53015642370576,0.02058605872284101,,,342.31436125327326,342.31436125327326,1300.0,True,False,True,,,
SIM_DIR-1784855095,SIM_DIR,capstone_iii_full,full,13,13,114.0,0.0,0.0,1.0,305.5507424824286,305.53015642370576,0.02058605872284101,,,351.48026594598446,351.48026594598446,1300.0,True,False,True,,,
SIM_DIR-1784855095,SIM_DIR,baseline,,14,14,116.0,0.0,0.0,1.0,311.2435615216477,311.22297546292486,0.02058605872284101,451.3031642063891,404.616629978142,,404.616629978142,,True,False,True,,,
SIM_DIR-1784855095,SIM_DIR,capstone_i,,14,14,116.0,0.0,0.0,1.0,311.2435615216477,311.22297546292486,0.02058605872284101,451.3031642063891,404.616629978142,,404.616629978142,1300.0,True,False,True,,,
SIM_DIR-1784855095,SIM_DIR,capstone_ii,,14,14,116.0,0.0,0.0,1.0,311.2435615216477,311.22297546292486,0.02058605872284101,407.7555615216477,371.56356152164767,,371.56356152164767,1300.0,True,False,True,,,
SIM_DIR-1784855095,SIM_DIR,capstone_iii_fit_1x,fit_1x,14,14,116.0,0.0,0.0,1.0,311.2435615216477,311.22297546292486,0.02058605872284101,,,326.904710294794,326.904710294794,1300.0,True,False,True,,,
SIM_DIR-1784855095,SIM_DIR,capstone_iii_fit_2x,fit_2x,14,14,116.0,0.0,0.0,1.0,311.2435615216477,311.22297546292486,0.02058605872284101,,,342.4658590679402,342.4658590679402,1300.0,True,False,True,,,
SIM_DIR-1784855095,SIM_DIR,capstone_iii_fit_activity,fit_activity,14,14,116.0,0.0,0.0,1.0,311.2435615216477,311.22297546292486,0.02058605872284101,,,339.353629313311,339.353629313311,1300.0,True,False,True,,,
SIM_DIR-1784855095,SIM_DIR,capstone_iii_fit_activity_pvt,fit_activity_pvt,14,14,116.0,0.0,0.0,1.0,311.2435615216477,311.22297546292486,0.02058605872284101,,,348.69031857719875,348.69031857719875,1300.0,True,False,True,,,
SIM_DIR-1784855095,SIM_DIR,capstone_iii_full,full,14,14,116.0,0.0,0.0,1.0,311.2435615216477,311.22297546292486,0.02058605872284101,,,358.0270078410864,358.0270078410864,1300.0,True,False,True,,,
SIM_DIR-1784855095,SIM_DIR,baseline,,15,15,117.0,0.0,0.0,1.0,314.2618823238142,314.24129626509136,0.02058605872284101,455.67972936953055,408.5404470209584,,408.5404470209584,,True,False,True,,,
SIM_DIR-1784855095,SIM_DIR,capstone_i,,15,15,117.0,0.0,0.0,1.0,314.2618823238142,314.24129626509136,0.02058605872284101,455.67972936953055,408.5404470209584,,408.5404470209584,1300.0,True,False,True,,,
SIM_DIR-1784855095,SIM_DIR,capstone_ii,,15,15,117.0,0.0,0.0,1.0,314.2618823238142,314.24129626509136,0.02058605872284101,411.60588232381417,375.10188232381415,,375.10188232381415,1300.0,True,False,True,,,
SIM_DIR-1784855095,SIM_DIR,capstone_iii_fit_1x,fit_1x,15,15,117.0,0.0,0.0,1.0,314.2618823238142,314.24129626509136,0.02058605872284101,,,330.07394713706884,330.07394713706884,1300.0,True,False,True,,,
SIM_DIR-1784855095,SIM_DIR,capstone_iii_fit_2x,fit_2x,15,15,117.0,0.0,0.0,1.0,314.2618823238142,314.24129626509136,0.02058605872284101,,,345.78601195032337,345.78601195032337,1300.0,True,False,True,,,
SIM_DIR-1784855095,SIM_DIR,capstone_iii_fit_activity,fit_activity,15,15,117.0,0.0,0.0,1.0,314.2618823238142,314.24129626509136,0.02058605872284101,,,342.6435989876725,342.6435989876725,1300.0,True,False,True,,,
SIM_DIR-1784855095,SIM_DIR,capstone_iii_fit_activity_pvt,fit_activity_pvt,15,15,117.0,0.0,0.0,1.0,314.2618823238142,314.24129626509136,0.02058605872284101,,,352.07083787562516,352.07083787562516,1300.0,True,False,True,,,
SIM_DIR-1784855095,SIM_DIR,capstone_iii_full,full,15,15,117.0,0.0,0.0,1.0,314.2618823238142,314.24129626509136,0.02058605872284101,,,361.4980767635779,361.4980767635779,1300.0,True,False,True,,,
SIM_DIR-1784855095,SIM_DIR,baseline,,16,16,118.0,0.0,0.0,1.0,317.2857910514238,317.265204992701,0.02058605872284101,460.0643970245645,412.471528366851,,412.471528366851,,True,False,True,,,
SIM_DIR-1784855095,SIM_DIR,capstone_i,,16,16,118.0,0.0,0.0,1.0,317.2857910514238,317.265204992701,0.02058605872284101,460.0643970245645,412.471528366851,,412.471528366851,1300.0,True,False,True,,,
SIM_DIR-1784855095,SIM_DIR,capstone_ii,,16,16,118.0,0.0,0.0,1.0,317.2857910514238,317.265204992701,0.02058605872284101,415.4617910514238,378.6457910514238,,378.6457910514238,1300.0,True,False,True,,,
SIM_DIR-1784855095,SIM_DIR,capstone_iii_fit_1x,fit_1x,16,16,118.0,0.0,0.0,1.0,317.2857910514238,317.265204992701,0.02058605872284101,,,333.24905130105884,333.24905130105884,1300.0,True,False,True,,,
SIM_DIR-1784855095,SIM_DIR,capstone_iii_fit_2x,fit_2x,16,16,118.0,0.0,0.0,1.0,317.2857910514238,317.265204992701,0.02058605872284101,,,349.1123115506939,349.1123115506939,1300.0,True,False,True,,,
SIM_DIR-1784855095,SIM_DIR,capstone_iii_fit_activity,fit_activity,16,16,118.0,0.0,0.0,1.0,317.2857910514238,317.265204992701,0.02058605872284101,,,345.93965950076694,345.93965950076694,1300.0,True,False,True,,,
SIM_DIR-1784855095,SIM_DIR,capstone_iii_fit_activity_pvt,fit_activity_pvt,16,16,118.0,0.0,0.0,1.0,317.2857910514238,317.265204992701,0.02058605872284101,,,355.4576156505479,355.4576156505479,1300.0,True,False,True,,,
SIM_DIR-1784855095,SIM_DIR,capstone_iii_full,full,16,16,118.0,0.0,0.0,1.0,317.2857910514238,317.265204992701,0.02058605872284101,,,364.97557180032896,364.97557180032896,1300.0,True,False,True,,,
SIM_DIR-1784855095,SIM_DIR,baseline,,17,17,125.0,0.0,0.0,1.0,336.4645973382409,336.44401127951807,0.02058605872284101,487.87366614044925,437.40397653971314,,437.40397653971314,,True,False,True,,,
SIM_DIR-1784855095,SIM_DIR,capstone_i,,17,17,125.0,0.0,0.0,1.0,336.4645973382409,336.44401127951807,0.02058605872284101,487.87366614044925,437.40397653971314,,437.40397653971314,1300.0,True,False,True,,,
SIM_DIR-1784855095,SIM_DIR,capstone_ii,,17,17,125.0,0.0,0.0,1.0,336.4645973382409,336.44401127951807,0.02058605872284101,440.4645973382409,401.4645973382409,,401.4645973382409,1300.0,True,False,True,,,
SIM_DIR-1784855095,SIM_DIR,capstone_iii_fit_1x,fit_1x,17,17,125.0,0.0,0.0,1.0,336.4645973382409,336.44401127951807,0.02058605872284101,,,353.3867979022168,353.3867979022168,1300.0,True,False,True,,,
SIM_DIR-1784855095,SIM_DIR,capstone_iii_fit_2x,fit_2x,17,17,125.0,0.0,0.0,1.0,336.4645973382409,336.44401127951807,0.02058605872284101,,,370.2089984661927,370.2089984661927,1300.0,True,False,True,,,
SIM_DIR-1784855095,SIM_DIR,capstone_iii_fit_activity,fit_activity,17,17,125.0,0.0,0.0,1.0,336.4645973382409,336.44401127951807,0.02058605872284101,,,366.84455835339753,366.84455835339753,1300.0,True,False,True,,,
SIM_DIR-1784855095,SIM_DIR,capstone_iii_fit_activity_pvt,fit_activity_pvt,17,17,125.0,0.0,0.0,1.0,336.4645973382409,336.44401127951807,0.02058605872284101,,,376.93787869178306,376.93787869178306,1300.0,True,False,True,,,
SIM_DIR-1784855095,SIM_DIR,capstone_iii_full,full,17,17,125.0,0.0,0.0,1.0,336.4645973382409,336.44401127951807,0.02058605872284101,,,387.03119903016864,387.03119903016864,1300.0,True,False,True,,,
SIM_DIR-1784855095,SIM_DIR,baseline,,18,18,125.0,0.0,0.0,1.0,336.8224346157679,336.8018485570451,0.02058605872284101,488.3925301928635,437.8691650004983,,437.8691650004983,,True,False,True,,,
SIM_DIR-1784855095,SIM_DIR,capstone_i,,18,18,125.0,0.0,0.0,1.0,336.8224346157679,336.8018485570451,0.02058605872284101,488.3925301928635,437.8691650004983,,437.8691650004983,1300.0,True,False,True,,,
SIM_DIR-1784855095,SIM_DIR,capstone_ii,,18,18,125.0,0.0,0.0,1.0,336.8224346157679,336.8018485570451,0.02058605872284101,440.8224346157679,401.8224346157679,,401.8224346157679,1300.0,True,False,True,,,
SIM_DIR-1784855095,SIM_DIR,capstone_iii_fit_1x,fit_1x,18,18,125.0,0.0,0.0,1.0,336.8224346157679,336.8018485570451,0.02058605872284101,,,353.7625270436202,353.7625270436202,1300.0,True,False,True,,,
SIM_DIR-1784855095,SIM_DIR,capstone_iii_fit_2x,fit_2x,18,18,125.0,0.0,0.0,1.0,336.8224346157679,336.8018485570451,0.02058605872284101,,,370.60261947147245,370.60261947147245,1300.0,True,False,True,,,
SIM_DIR-1784855095,SIM_DIR,capstone_iii_fit_activity,fit_activity,18,18,125.0,0.0,0.0,1.0,336.8224346157679,336.8018485570451,0.02058605872284101,,,367.234600985902,367.234600985902,1300.0,True,False,True,,,
SIM_DIR-1784855095,SIM_DIR,capstone_iii_fit_activity_pvt,fit_activity_pvt,18,18,125.0,0.0,0.0,1.0,336.8224346157679,336.8018485570451,0.02058605872284101,,,377.33865644261334,377.33865644261334,1300.0,True,False,True,,,
SIM_DIR-1784855095,SIM_DIR,capstone_iii_full,full,18,18,125.0,0.0,0.0,1.0,336.8224346157679,336.8018485570451,0.02058605872284101,,,387.4427118993247,387.4427118993247,1300.0,True,False,True,,,
SIM_DIR-1784855095,SIM_DIR,baseline,,19,19,130.0,0.0,0.0,1.0,350.66650232670236,350.64591626797954,0.02058605872284101,508.46642837371843,455.86645302471305,,455.86645302471305,,True,False,True,,,
SIM_DIR-1784855095,SIM_DIR,capstone_i,,19,19,130.0,0.0,0.0,1.0,350.66650232670236,350.64591626797954,0.02058605872284101,508.46642837371843,455.86645302471305,,455.86645302471305,1300.0,True,False,True,,,
SIM_DIR-1784855095,SIM_DIR,capstone_ii,,19,19,130.0,0.0,0.0,1.0,350.66650232670236,350.64591626797954,0.02058605872284101,458.8265023267024,418.2665023267024,,418.2665023267024,1300.0,True,False,True,,,
SIM_DIR-1784855095,SIM_DIR,capstone_iii_fit_1x,fit_1x,19,19,130.0,0.0,0.0,1.0,350.66650232670236,350.64591626797954,0.02058605872284101,,,368.2987981401014,368.2987981401014,1300.0,True,False,True,,,
SIM_DIR-1784855095,SIM_DIR,capstone_iii_fit_2x,fit_2x,19,19,130.0,0.0,0.0,1.0,350.66650232670236,350.64591626797954,0.02058605872284101,,,385.83109395350033,385.83109395350033,1300.0,True,False,True,,,
SIM_DIR-1784855095,SIM_DIR,capstone_iii_fit_activity,fit_activity,19,19,130.0,0.0,0.0,1.0,350.66650232670236,350.64591626797954,0.02058605872284101,,,382.32463479082054,382.32463479082054,1300.0,True,False,True,,,
SIM_DIR-1784855095,SIM_DIR,capstone_iii_fit_activity_pvt,fit_activity_pvt,19,19,130.0,0.0,0.0,1.0,350.66650232670236,350.64591626797954,0.02058605872284101,,,392.8440122788599,392.8440122788599,1300.0,True,False,True,,,
SIM_DIR-1784855095,SIM_DIR,capstone_iii_full,full,19,19,130.0,0.0,0.0,1.0,350.66650232670236,350.64591626797954,0.02058605872284101,,,403.36338976689933,403.36338976689933,1300.0,True,False,True,,,
SIM_DIR-1784855095,SIM_DIR,baseline,,20,20,131.0,0.0,0.0,1.0,353.73847649292355,353.71789043420074,0.02058605872284101,512.9207909147391,459.8600194408006,,459.8600194408006,,True,False,True,,,
SIM_DIR-1784855095,SIM_DIR,capstone_i,,20,20,131.0,0.0,0.0,1.0,353.73847649292355,353.71789043420074,0.02058605872284101,512.9207909147391,459.8600194408006,,459.8600194408006,1300.0,True,False,True,,,
SIM_DIR-1784855095,SIM_DIR,capstone_ii,,20,20,131.0,0.0,0.0,1.0,353.73847649292355,353.71789043420074,0.02058605872284101,462.7304764929236,421.85847649292356,,421.85847649292356,1300.0,True,False,True,,,
SIM_DIR-1784855095,SIM_DIR,capstone_iii_fit_1x,fit_1x,20,20,131.0,0.0,0.0,1.0,353.73847649292355,353.71789043420074,0.02058605872284101,,,371.52437101463363,371.52437101463363,1300.0,True,False,True,,,
SIM_DIR-1784855095,SIM_DIR,capstone_iii_fit_2x,fit_2x,20,20,131.0,0.0,0.0,1.0,353.73847649292355,353.71789043420074,0.02058605872284101,,,389.2102655363436,389.2102655363436,1300.0,True,False,True,,,
SIM_DIR-1784855095,SIM_DIR,capstone_iii_fit_activity,fit_activity,20,20,131.0,0.0,0.0,1.0,353.73847649292355,353.71789043420074,0.02058605872284101,,,385.6730866320017,385.6730866320017,1300.0,True,False,True,,,
SIM_DIR-1784855095,SIM_DIR,capstone_iii_fit_activity_pvt,fit_activity_pvt,20,20,131.0,0.0,0.0,1.0,353.73847649292355,353.71789043420074,0.02058605872284101,,,396.2846233450277,396.2846233450277,1300.0,True,False,True,,,
SIM_DIR-1784855095,SIM_DIR,capstone_iii_full,full,20,20,131.0,0.0,0.0,1.0,353.73847649292355,353.71789043420074,0.02058605872284101,,,406.89616005805374,406.89616005805374,1300.0,True,False,True,,,
SIM_DIR-1784855095,SIM_DIR,baseline,,21,21,135.0,0.0,0.0,1.0,364.9250004885156,364.9044144297928,0.02058605872284101,529.1412507083476,474.4025006350703,,474.4025006350703,,True,False,True,,,
SIM_DIR-1784855095,SIM_DIR,capstone_i,,21,21,135.0,0.0,0.0,1.0,364.9250004885156,364.9044144297928,0.02058605872284101,529.1412507083476,474.4025006350703,,474.4025006350703,1300.0,True,False,True,,,
SIM_DIR-1784855095,SIM_DIR,capstone_ii,,21,21,135.0,0.0,0.0,1.0,364.9250004885156,364.9044144297928,0.02058605872284101,477.2450004885156,435.1250004885156,,435.1250004885156,1300.0,True,False,True,,,
SIM_DIR-1784855095,SIM_DIR,capstone_iii_fit_1x,fit_1x,21,21,135.0,0.0,0.0,1.0,364.9250004885156,364.9044144297928,0.02058605872284101,,,383.2702212100053,383.2702212100053,1300.0,True,False,True,,,
SIM_DIR-1784855095,SIM_DIR,capstone_iii_fit_2x,fit_2x,21,21,135.0,0.0,0.0,1.0,364.9250004885156,364.9044144297928,0.02058605872284101,,,401.5154419314949,401.5154419314949,1300.0,True,False,True,,,
SIM_DIR-1784855095,SIM_DIR,capstone_iii_fit_activity,fit_activity,21,21,135.0,0.0,0.0,1.0,364.9250004885156,364.9044144297928,0.02058605872284101,,,397.866397787197,397.866397787197,1300.0,True,False,True,,,
SIM_DIR-1784855095,SIM_DIR,capstone_iii_fit_activity_pvt,fit_activity_pvt,21,21,135.0,0.0,0.0,1.0,364.9250004885156,364.9044144297928,0.02058605872284101,,,408.81353022009074,408.81353022009074,1300.0,True,False,True,,,
SIM_DIR-1784855095,SIM_DIR,capstone_iii_full,full,21,21,135.0,0.0,0.0,1.0,364.9250004885156,364.9044144297928,0.02058605872284101,,,419.76066265298454,419.76066265298454,1300.0,True,False,True,,,
SIM_DIR-1784855095,SIM_DIR,baseline,,22,22,136.0,0.0,0.0,1.0,368.0166713085906,367.9960852498678,0.02058605872284101,533.6241733974564,478.42167270116784,,478.42167270116784,,True,False,True,,,
SIM_DIR-1784855095,SIM_DIR,capstone_i,,22,22,136.0,0.0,0.0,1.0,368.0166713085906,367.9960852498678,0.02058605872284101,533.6241733974564,478.42167270116784,,478.42167270116784,1300.0,True,False,True,,,
SIM_DIR-1784855095,SIM_DIR,capstone_ii,,22,22,136.0,0.0,0.0,1.0,368.0166713085906,367.9960852498678,0.02058605872284101,481.16867130859066,438.73667130859064,,438.73667130859064,1300.0,True,False,True,,,
SIM_DIR-1784855095,SIM_DIR,capstone_iii_fit_1x,fit_1x,22,22,136.0,0.0,0.0,1.0,368.0166713085906,367.9960852498678,0.02058605872284101,,,386.5164755710841,386.5164755710841,1300.0,True,False,True,,,
SIM_DIR-1784855095,SIM_DIR,capstone_iii_fit_2x,fit_2x,22,22,136.0,0.0,0.0,1.0,368.0166713085906,367.9960852498678,0.02058605872284101,,,404.9162798335774,404.9162798335774,1300.0,True,False,True,,,
SIM_DIR-1784855095,SIM_DIR,capstone_iii_fit_activity,fit_activity,22,22,136.0,0.0,0.0,1.0,368.0166713085906,367.9960852498678,0.02058605872284101,,,401.23631898107874,401.23631898107874,1300.0,True,False,True,,,
SIM_DIR-1784855095,SIM_DIR,capstone_iii_fit_activity_pvt,fit_activity_pvt,22,22,136.0,0.0,0.0,1.0,368.0166713085906,367.9960852498678,0.02058605872284101,,,412.2762015385748,412.2762015385748,1300.0,True,False,True,,,
SIM_DIR-1784855095,SIM_DIR,capstone_iii_full,full,22,22,136.0,0.0,0.0,1.0,368.0166713085906,367.9960852498678,0.02058605872284101,,,423.3160840960708,423.3160840960708,1300.0,True,False,True,,,
SIM_DIR-1784855095,SIM_DIR,baseline,,23,23,149.0,0.0,0.0,1.0,403.6184194436516,403.5978333849288,0.02058605872284101,585.2467081932948,524.703945276747,,524.703945276747,,True,False,True,,,
SIM_DIR-1784855095,SIM_DIR,capstone_i,,23,23,149.0,0.0,0.0,1.0,403.6184194436516,403.5978333849288,0.02058605872284101,585.2467081932948,524.703945276747,,524.703945276747,1300.0,True,False,True,,,
SIM_DIR-1784855095,SIM_DIR,capstone_ii,,23,23,149.0,0.0,0.0,1.0,403.6184194436516,403.5978333849288,0.02058605872284101,527.5864194436516,481.0984194436516,,481.0984194436516,1300.0,True,False,True,,,
SIM_DIR-1784855095,SIM_DIR,capstone_iii_fit_1x,fit_1x,23,23,149.0,0.0,0.0,1.0,403.6184194436516,403.5978333849288,0.02058605872284101,,,423.89831111289806,423.89831111289806,1300.0,True,False,True,,,
SIM_DIR-1784855095,SIM_DIR,capstone_iii_fit_2x,fit_2x,23,23,149.0,0.0,0.0,1.0,403.6184194436516,403.5978333849288,0.02058605872284101,,,444.07820278214444,444.07820278214444,1300.0,True,False,True,,,
SIM_DIR-1784855095,SIM_DIR,capstone_iii_fit_activity,fit_activity,23,23,149.0,0.0,0.0,1.0,403.6184194436516,403.5978333849288,0.02058605872284101,,,440.0422244482952,440.0422244482952,1300.0,True,False,True,,,
SIM_DIR-1784855095,SIM_DIR,capstone_iii_fit_activity_pvt,fit_activity_pvt,23,23,149.0,0.0,0.0,1.0,403.6184194436516,403.5978333849288,0.02058605872284101,,,452.150159449843,452.150159449843,1300.0,True,False,True,,,
SIM_DIR-1784855095,SIM_DIR,capstone_iii_full,full,23,23,149.0,0.0,0.0,1.0,403.6184194436516,403.5978333849288,0.02058605872284101,,,464.25809445139095,464.25809445139095,1300.0,True,False,True,,,
SIM_DIR-1784855095,SIM_DIR,baseline,,24,24,151.0,0.0,0.0,1.0,409.4670276188594,409.4464415601366,0.02058605872284101,593.7271900473461,532.3071359045173,,532.3071359045173,,True,False,True,,,
SIM_DIR-1784855095,SIM_DIR,capstone_i,,24,24,151.0,0.0,0.0,1.0,409.4670276188594,409.4464415601366,0.02058605872284101,593.7271900473461,532.3071359045173,,532.3071359045173,1300.0,True,False,True,,,
SIM_DIR-1784855095,SIM_DIR,capstone_ii,,24,24,151.0,0.0,0.0,1.0,409.4670276188594,409.4464415601366,0.02058605872284101,535.0990276188594,487.9870276188594,,487.9870276188594,1300.0,True,False,True,,,
SIM_DIR-1784855095,SIM_DIR,capstone_iii_fit_1x,fit_1x,24,24,151.0,0.0,0.0,1.0,409.4670276188594,409.4464415601366,0.02058605872284101,,,430.0393496968663,430.0393496968663,1300.0,True,False,True,,,
SIM_DIR-1784855095,SIM_DIR,capstone_iii_fit_2x,fit_2x,24,24,151.0,0.0,0.0,1.0,409.4670276188594,409.4464415601366,0.02058605872284101,,,450.5116717748731,450.5116717748731,1300.0,True,False,True,,,
SIM_DIR-1784855095,SIM_DIR,capstone_iii_fit_activity,fit_activity,24,24,151.0,0.0,0.0,1.0,409.4670276188594,409.4464415601366,0.02058605872284101,,,446.41720735927174,446.41720735927174,1300.0,True,False,True,,,
SIM_DIR-1784855095,SIM_DIR,capstone_iii_fit_activity_pvt,fit_activity_pvt,24,24,151.0,0.0,0.0,1.0,409.4670276188594,409.4464415601366,0.02058605872284101,,,458.70060060607585,458.70060060607585,1300.0,True,False,True,,,
SIM_DIR-1784855095,SIM_DIR,capstone_iii_full,full,24,24,151.0,0.0,0.0,1.0,409.4670276188594,409.4464415601366,0.02058605872284101,,,470.98399385287996,470.98399385287996,1300.0,True,False,True,,,
SIM_DIR-1784855095,SIM_DIR,baseline,,25,25,155.0,0.0,0.0,1.0,420.75571940169016,420.73513334296734,0.02058605872284101,610.0957931324507,546.9824352221972,,546.9824352221972,,True,False,True,,,
SIM_DIR-1784855095,SIM_DIR,capstone_i,,25,25,155.0,0.0,0.0,1.0,420.75571940169016,420.73513334296734,0.02058605872284101,610.0957931324507,546.9824352221972,,546.9824352221972,1300.0,True,False,True,,,
SIM_DIR-1784855095,SIM_DIR,capstone_ii,,25,25,155.0,0.0,0.0,1.0,420.75571940169016,420.73513334296734,0.02058605872284101,549.7157194016902,501.3557194016902,,501.3557194016902,1300.0,True,False,True,,,
SIM_DIR-1784855095,SIM_DIR,capstone_iii_fit_1x,fit_1x,25,25,155.0,0.0,0.0,1.0,420.75571940169016,420.73513334296734,0.02058605872284101,,,441.89247606883856,441.89247606883856,1300.0,True,False,True,,,
SIM_DIR-1784855095,SIM_DIR,capstone_iii_fit_2x,fit_2x,25,25,155.0,0.0,0.0,1.0,420.75571940169016,420.73513334296734,0.02058605872284101,,,462.9292327359869,462.9292327359869,1300.0,True,False,True,,,
SIM_DIR-1784855095,SIM_DIR,capstone_iii_fit_activity,fit_activity,25,25,155.0,0.0,0.0,1.0,420.75571940169016,420.73513334296734,0.02058605872284101,,,458.72188140255724,458.72188140255724,1300.0,True,False,True,,,
SIM_DIR-1784855095,SIM_DIR,capstone_iii_fit_activity_pvt,fit_activity_pvt,25,25,155.0,0.0,0.0,1.0,420.75571940169016,420.73513334296734,0.02058605872284101,,,471.3439354028462,471.3439354028462,1300.0,True,False,True,,,
SIM_DIR-1784855095,SIM_DIR,capstone_iii_full,full,25,25,155.0,0.0,0.0,1.0,420.75571940169016,420.73513334296734,0.02058605872284101,,,483.9659894031353,483.9659894031353,1300.0,True,False,True,,,
SIM_DIR-1784855095,SIM_DIR,baseline,,26,26,156.0,0.0,0.0,1.0,423.91524086234296,423.89465480362014,0.02058605872284101,614.6770992503973,551.0898131210458,,551.0898131210458,,True,False,True,,,
SIM_DIR-1784855095,SIM_DIR,capstone_i,,26,26,156.0,0.0,0.0,1.0,423.91524086234296,423.89465480362014,0.02058605872284101,614.6770992503973,551.0898131210458,,551.0898131210458,1300.0,True,False,True,,,
SIM_DIR-1784855095,SIM_DIR,capstone_ii,,26,26,156.0,0.0,0.0,1.0,423.91524086234296,423.89465480362014,0.02058605872284101,553.7072408623429,505.03524086234296,,505.03524086234296,1300.0,True,False,True,,,
SIM_DIR-1784855095,SIM_DIR,capstone_iii_fit_1x,fit_1x,26,26,156.0,0.0,0.0,1.0,423.91524086234296,423.89465480362014,0.02058605872284101,,,445.20997360252403,445.20997360252403,1300.0,True,False,True,,,
SIM_DIR-1784855095,SIM_DIR,capstone_iii_fit_2x,fit_2x,26,26,156.0,0.0,0.0,1.0,423.91524086234296,423.89465480362014,0.02058605872284101,,,466.40470634270497,466.40470634270497,1300.0,True,False,True,,,
SIM_DIR-1784855095,SIM_DIR,capstone_iii_fit_activity,fit_activity,26,26,156.0,0.0,0.0,1.0,423.91524086234296,423.89465480362014,0.02058605872284101,,,462.1657597946689,462.1657597946689,1300.0,True,False,True,,,
SIM_DIR-1784855095,SIM_DIR,capstone_iii_fit_activity_pvt,fit_activity_pvt,26,26,156.0,0.0,0.0,1.0,423.91524086234296,423.89465480362014,0.02058605872284101,,,474.88259943877745,474.88259943877745,1300.0,True,False,True,,,
SIM_DIR-1784855095,SIM_DIR,capstone_iii_full,full,26,26,156.0,0.0,0.0,1.0,423.91524086234296,423.89465480362014,0.02058605872284101,,,487.599439082886,487.599439082886,1300.0,True,False,True,,,
SIM_DIR-1784855095,SIM_DIR,baseline,,27,27,160.0,0.0,0.0,1.0,435.24066343351154,435.22007737478873,0.02058605872284101,631.0989619785918,565.812862463565,,565.812862463565,,True,False,True,,,
SIM_DIR-1784855095,SIM_DIR,capstone_i,,27,27,160.0,0.0,0.0,1.0,435.24066343351154,435.22007737478873,0.02058605872284101,631.0989619785918,565.812862463565,,565.812862463565,1300.0,True,False,True,,,
SIM_DIR-1784855095,SIM_DIR,capstone_ii,,27,27,160.0,0.0,0.0,1.0,435.24066343351154,435.22007737478873,0.02058605872284101,568.3606634335115,518.4406634335115,,518.4406634335115,1300.0,True,False,True,,,
SIM_DIR-1784855095,SIM_DIR,capstone_iii_fit_1x,fit_1x,27,27,160.0,0.0,0.0,1.0,435.24066343351154,435.22007737478873,0.02058605872284101,,,457.10166730225103,457.10166730225103,1300.0,True,False,True,,,
SIM_DIR-1784855095,SIM_DIR,capstone_iii_fit_2x,fit_2x,27,27,160.0,0.0,0.0,1.0,435.24066343351154,435.22007737478873,0.02058605872284101,,,478.8626711709904,478.8626711709904,1300.0,True,False,True,,,
SIM_DIR-1784855095,SIM_DIR,capstone_iii_fit_activity,fit_activity,27,27,160.0,0.0,0.0,1.0,435.24066343351154,435.22007737478873,0.02058605872284101,,,474.5104703972426,474.5104703972426,1300.0,True,False,True,,,
SIM_DIR-1784855095,SIM_DIR,capstone_iii_fit_activity_pvt,fit_activity_pvt,27,27,160.0,0.0,0.0,1.0,435.24066343351154,435.22007737478873,0.02058605872284101,,,487.5670727184862,487.5670727184862,1300.0,True,False,True,,,
SIM_DIR-1784855095,SIM_DIR,capstone_iii_full,full,27,27,160.0,0.0,0.0,1.0,435.24066343351154,435.22007737478873,0.02058605872284101,,,500.62367503972985,500.62367503972985,1300.0,True,False,True,,,
SIM_DIR-1784855095,SIM_DIR,baseline,,28,28,165.0,0.0,0.0,1.0,449.3116899598095,449.2911039010867,0.02058605872284101,651.5019504417237,584.1051969477523,,584.1051969477523,,True,False,True,,,
SIM_DIR-1784855095,SIM_DIR,capstone_i,,28,28,165.0,0.0,0.0,1.0,449.3116899598095,449.2911039010867,0.02058605872284101,651.5019504417237,584.1051969477523,,584.1051969477523,1300.0,True,False,True,,,
SIM_DIR-1784855095,SIM_DIR,capstone_ii,,28,28,165.0,0.0,0.0,1.0,449.3116899598095,449.2911039010867,0.02058605872284101,586.5916899598095,535.1116899598095,,535.1116899598095,1300.0,True,False,True,,,
SIM_DIR-1784855095,SIM_DIR,capstone_iii_fit_1x,fit_1x,28,28,165.0,0.0,0.0,1.0,449.3116899598095,449.2911039010867,0.02058605872284101,,,471.8762451548639,471.8762451548639,1300.0,True,False,True,,,
SIM_DIR-1784855095,SIM_DIR,capstone_iii_fit_2x,fit_2x,28,28,165.0,0.0,0.0,1.0,449.3116899598095,449.2911039010867,0.02058605872284101,,,494.3408003499182,494.3408003499182,1300.0,True,False,True,,,
SIM_DIR-1784855095,SIM_DIR,capstone_iii_fit_activity,fit_activity,28,28,165.0,0.0,0.0,1.0,449.3116899598095,449.2911039010867,0.02058605872284101,,,489.8478893109073,489.8478893109073,1300.0,True,False,True,,,
SIM_DIR-1784855095,SIM_DIR,capstone_iii_fit_activity_pvt,fit_activity_pvt,28,28,165.0,0.0,0.0,1.0,449.3116899598095,449.2911039010867,0.02058605872284101,,,503.32662242793987,503.32662242793987,1300.0,True,False,True,,,
SIM_DIR-1784855095,SIM_DIR,capstone_iii_full,full,28,28,165.0,0.0,0.0,1.0,449.3116899598095,449.2911039010867,0.02058605872284101,,,516.8053555449726,516.8053555449726,1300.0,True,False,True,,,
SIM_DIR-1784855095,SIM_DIR,baseline,,29,29,168.0,0.0,0.0,1.0,457.959378472975,457.9387924142522,0.02058605872284101,664.0410987858137,595.3471920148676,,595.3471920148676,,True,False,True,,,
SIM_DIR-1784855095,SIM_DIR,capstone_i,,29,29,168.0,0.0,0.0,1.0,457.959378472975,457.9387924142522,0.02058605872284101,664.0410987858137,595.3471920148676,,595.3471920148676,1300.0,True,False,True,,,
SIM_DIR-1784855095,SIM_DIR,capstone_ii,,29,29,168.0,0.0,0.0,1.0,457.959378472975,457.9387924142522,0.02058605872284101,597.7353784729751,545.319378472975,,545.319378472975,1300.0,True,False,True,,,
SIM_DIR-1784855095,SIM_DIR,capstone_iii_fit_1x,fit_1x,29,29,168.0,0.0,0.0,1.0,457.959378472975,457.9387924142522,0.02058605872284101,,,480.9563180936877,480.9563180936877,1300.0,True,False,True,,,
SIM_DIR-1784855095,SIM_DIR,capstone_iii_fit_2x,fit_2x,29,29,168.0,0.0,0.0,1.0,457.959378472975,457.9387924142522,0.02058605872284101,,,503.85325771440023,503.85325771440023,1300.0,True,False,True,,,
SIM_DIR-1784855095,SIM_DIR,capstone_iii_fit_activity,fit_activity,29,29,168.0,0.0,0.0,1.0,457.959378472975,457.9387924142522,0.02058605872284101,,,499.2738697902577,499.2738697902577,1300.0,True,False,True,,,
SIM_DIR-1784855095,SIM_DIR,capstone_iii_fit_activity_pvt,fit_activity_pvt,29,29,168.0,0.0,0.0,1.0,457.959378472975,457.9387924142522,0.02058605872284101,,,513.0120335626854,513.0120335626854,1300.0,True,False,True,,,
SIM_DIR-1784855095,SIM_DIR,capstone_iii_full,full,29,29,168.0,0.0,0.0,1.0,457.959378472975,457.9387924142522,0.02058605872284101,,,526.750197335113,526.750197335113,1300.0,True,False,True,,,
SIM_DIR-1784855095,SIM_DIR,baseline,,30,30,170.0,0.0,0.0,1.0,463.8952958911806,463.87470983245777,0.02058605872284101,672.6481790422118,603.0638846585348,,603.0638846585348,,True,False,True,,,
SIM_DIR-1784855095,SIM_DIR,capstone_i,,30,30,170.0,0.0,0.0,1.0,463.8952958911806,463.87470983245777,0.02058605872284101,672.6481790422118,603.0638846585348,,603.0638846585348,1300.0,True,False,True,,,
SIM_DIR-1784855095,SIM_DIR,capstone_ii,,30,30,170.0,0.0,0.0,1.0,463.8952958911806,463.87470983245777,0.02058605872284101,605.3352958911805,552.2952958911806,,552.2952958911806,1300.0,True,False,True,,,
SIM_DIR-1784855095,SIM_DIR,capstone_iii_fit_1x,fit_1x,30,30,170.0,0.0,0.0,1.0,463.8952958911806,463.87470983245777,0.02058605872284101,,,487.18903138280353,487.18903138280353,1300.0,True,False,True,,,
SIM_DIR-1784855095,SIM_DIR,capstone_iii_fit_2x,fit_2x,30,30,170.0,0.0,0.0,1.0,463.8952958911806,463.87470983245777,0.02058605872284101,,,510.38276687442635,510.38276687442635,1300.0,True,False,True,,,
SIM_DIR-1784855095,SIM_DIR,capstone_iii_fit_activity,fit_activity,30,30,170.0,0.0,0.0,1.0,463.8952958911806,463.87470983245777,0.02058605872284101,,,505.7440197761018,505.7440197761018,1300.0,True,False,True,,,
SIM_DIR-1784855095,SIM_DIR,capstone_iii_fit_activity_pvt,fit_activity_pvt,30,30,170.0,0.0,0.0,1.0,463.8952958911806,463.87470983245777,0.02058605872284101,,,519.6602610710755,519.6602610710755,1300.0,True,False,True,,,
SIM_DIR-1784855095,SIM_DIR,capstone_iii_full,full,30,30,170.0,0.0,0.0,1.0,463.8952958911806,463.87470983245777,0.02058605872284101,,,533.5765023660493,533.5765023660493,1300.0,True,False,True,,,
SIM_DIR-1784855095,SIM_DIR,baseline,,31,31,170.0,0.0,0.0,1.0,464.37936829216846,464.35878223344565,0.02058605872284101,673.3500840236443,603.693178779819,,603.693178779819,,True,False,True,,,
SIM_DIR-1784855095,SIM_DIR,capstone_i,,31,31,170.0,0.0,0.0,1.0,464.37936829216846,464.35878223344565,0.02058605872284101,673.3500840236443,603.693178779819,,603.693178779819,1300.0,True,False,True,,,
SIM_DIR-1784855095,SIM_DIR,capstone_ii,,31,31,170.0,0.0,0.0,1.0,464.37936829216846,464.35878223344565,0.02058605872284101,605.8193682921685,552.7793682921684,,552.7793682921684,1300.0,True,False,True,,,
SIM_DIR-1784855095,SIM_DIR,capstone_iii_fit_1x,fit_1x,31,31,170.0,0.0,0.0,1.0,464.37936829216846,464.35878223344565,0.02058605872284101,,,487.6973074038408,487.6973074038408,1300.0,True,False,True,,,
SIM_DIR-1784855095,SIM_DIR,capstone_iii_fit_2x,fit_2x,31,31,170.0,0.0,0.0,1.0,464.37936829216846,464.35878223344565,0.02058605872284101,,,510.915246515513,510.915246515513,1300.0,True,False,True,,,
SIM_DIR-1784855095,SIM_DIR,capstone_iii_fit_activity,fit_activity,31,31,170.0,0.0,0.0,1.0,464.37936829216846,464.35878223344565,0.02058605872284101,,,506.2716586931786,506.2716586931786,1300.0,True,False,True,,,
SIM_DIR-1784855095,SIM_DIR,capstone_iii_fit_activity_pvt,fit_activity_pvt,31,31,170.0,0.0,0.0,1.0,464.37936829216846,464.35878223344565,0.02058605872284101,,,520.202422160182,520.202422160182,1300.0,True,False,True,,,
SIM_DIR-1784855095,SIM_DIR,capstone_iii_full,full,31,31,170.0,0.0,0.0,1.0,464.37936829216846,464.35878223344565,0.02058605872284101,,,534.1331856271854,534.1331856271854,1300.0,True,False,True,,,
SIM_DIR-1784855095,SIM_DIR,baseline,,32,32,172.0,0.0,0.0,1.0,470.33198618446295,470.31140012574014,0.02058605872284101,681.9813799674713,611.4315820398018,,611.4315820398018,,True,False,True,,,
SIM_DIR-1784855095,SIM_DIR,capstone_i,,32,32,172.0,0.0,0.0,1.0,470.33198618446295,470.31140012574014,0.02058605872284101,681.9813799674713,611.4315820398018,,611.4315820398018,1300.0,True,False,True,,,
SIM_DIR-1784855095,SIM_DIR,capstone_ii,,32,32,172.0,0.0,0.0,1.0,470.33198618446295,470.31140012574014,0.02058605872284101,613.435986184463,559.771986184463,,559.771986184463,1300.0,True,False,True,,,
SIM_DIR-1784855095,SIM_DIR,capstone_iii_fit_1x,fit_1x,32,32,172.0,0.0,0.0,1.0,470.33198618446295,470.31140012574014,0.02058605872284101,,,493.94755619075,493.94755619075,1300.0,True,False,True,,,
SIM_DIR-1784855095,SIM_DIR,capstone_iii_fit_2x,fit_2x,32,32,172.0,0.0,0.0,1.0,470.33198618446295,470.31140012574014,0.02058605872284101,,,517.463126197037,517.463126197037,1300.0,True,False,True,,,
SIM_DIR-1784855095,SIM_DIR,capstone_iii_fit_activity,fit_activity,32,32,172.0,0.0,0.0,1.0,470.33198618446295,470.31140012574014,0.02058605872284101,,,512.7600121957797,512.7600121957797,1300.0,True,False,True,,,
SIM_DIR-1784855095,SIM_DIR,capstone_iii_fit_activity_pvt,fit_activity_pvt,32,32,172.0,0.0,0.0,1.0,470.33198618446295,470.31140012574014,0.02058605872284101,,,526.8693541995518,526.8693541995518,1300.0,True,False,True,,,
SIM_DIR-1784855095,SIM_DIR,capstone_iii_full,full,32,32,172.0,0.0,0.0,1.0,470.33198618446295,470.31140012574014,0.02058605872284101,,,540.978696203324,540.978696203324,1300.0,True,False,True,,,
SIM_DIR-1784855095,SIM_DIR,baseline,,33,33,176.0,0.0,0.0,1.0,481.77022197951914,481.7496359207963,0.02058605872284101,698.5668218703028,626.3012885733749,,626.3012885733749,,True,False,True,,,
SIM_DIR-1784855095,SIM_DIR,capstone_i,,33,33,176.0,0.0,0.0,1.0,481.77022197951914,481.7496359207963,0.02058605872284101,698.5668218703028,626.3012885733749,,626.3012885733749,1300.0,True,False,True,,,
SIM_DIR-1784855095,SIM_DIR,capstone_ii,,33,33,176.0,0.0,0.0,1.0,481.77022197951914,481.7496359207963,0.02058605872284101,628.2022219795192,573.2902219795192,,573.2902219795192,1300.0,True,False,True,,,
SIM_DIR-1784855095,SIM_DIR,capstone_iii_fit_1x,fit_1x,33,33,176.0,0.0,0.0,1.0,481.77022197951914,481.7496359207963,0.02058605872284101,,,505.957703775559,505.957703775559,1300.0,True,False,True,,,
SIM_DIR-1784855095,SIM_DIR,capstone_iii_fit_2x,fit_2x,33,33,176.0,0.0,0.0,1.0,481.77022197951914,481.7496359207963,0.02058605872284101,,,530.0451855715988,530.0451855715988,1300.0,True,False,True,,,
SIM_DIR-1784855095,SIM_DIR,capstone_iii_fit_activity,fit_activity,33,33,176.0,0.0,0.0,1.0,481.77022197951914,481.7496359207963,0.02058605872284101,,,525.2276892123908,525.2276892123908,1300.0,True,False,True,,,
SIM_DIR-1784855095,SIM_DIR,capstone_iii_fit_activity_pvt,fit_activity_pvt,33,33,176.0,0.0,0.0,1.0,481.77022197951914,481.7496359207963,0.02058605872284101,,,539.6801782900149,539.6801782900149,1300.0,True,False,True,,,
SIM_DIR-1784855095,SIM_DIR,capstone_iii_full,full,33,33,176.0,0.0,0.0,1.0,481.77022197951914,481.7496359207963,0.02058605872284101,,,554.1326673676386,554.1326673676386,1300.0,True,False,True,,,
SIM_DIR-1784855095,SIM_DIR,baseline,,34,34,183.0,0.0,0.0,1.0,501.45119264998687,501.43060659126405,0.02058605872284101,727.104229342481,651.886550444983,,651.886550444983,,True,False,True,,,
SIM_DIR-1784855095,SIM_DIR,capstone_i,,34,34,183.0,0.0,0.0,1.0,501.45119264998687,501.43060659126405,0.02058605872284101,727.104229342481,651.886550444983,,651.886550444983,1300.0,True,False,True,,,
SIM_DIR-1784855095,SIM_DIR,capstone_ii,,34,34,183.0,0.0,0.0,1.0,501.45119264998687,501.43060659126405,0.02058605872284101,653.7071926499868,596.6111926499868,,596.6111926499868,1300.0,True,False,True,,,
SIM_DIR-1784855095,SIM_DIR,capstone_iii_fit_1x,fit_1x,34,34,183.0,0.0,0.0,1.0,501.45119264998687,501.43060659126405,0.02058605872284101,,,526.6227229795502,526.6227229795502,1300.0,True,False,True,,,
SIM_DIR-1784855095,SIM_DIR,capstone_iii_fit_2x,fit_2x,34,34,183.0,0.0,0.0,1.0,501.45119264998687,501.43060659126405,0.02058605872284101,,,551.6942533091133,551.6942533091133,1300.0,True,False,True,,,
SIM_DIR-1784855095,SIM_DIR,capstone_iii_fit_activity,fit_activity,34,34,183.0,0.0,0.0,1.0,501.45119264998687,501.43060659126405,0.02058605872284101,,,546.6799472432007,546.6799472432007,1300.0,True,False,True,,,
SIM_DIR-1784855095,SIM_DIR,capstone_iii_fit_activity_pvt,fit_activity_pvt,34,34,183.0,0.0,0.0,1.0,501.45119264998687,501.43060659126405,0.02058605872284101,,,561.7228654409387,561.7228654409387,1300.0,True,False,True,,,
SIM_DIR-1784855095,SIM_DIR,capstone_iii_full,full,34,34,183.0,0.0,0.0,1.0,501.45119264998687,501.43060659126405,0.02058605872284101,,,576.7657836386766,576.7657836386766,1300.0,True,False,True,,,
SIM_DIR-1784855095,SIM_DIR,baseline,,35,35,186.0,0.0,0.0,1.0,510.20016617505433,510.1795801163315,0.02058605872284101,739.7902409538287,663.2602160275707,,663.2602160275707,,True,False,True,,,
SIM_DIR-1784855095,SIM_DIR,capstone_i,,35,35,186.0,0.0,0.0,1.0,510.20016617505433,510.1795801163315,0.02058605872284101,739.7902409538287,663.2602160275707,,663.2602160275707,1300.0,True,False,True,,,
SIM_DIR-1784855095,SIM_DIR,capstone_ii,,35,35,186.0,0.0,0.0,1.0,510.20016617505433,510.1795801163315,0.02058605872284101,664.9521661750543,606.9201661750543,,606.9201661750543,1300.0,True,False,True,,,
SIM_DIR-1784855095,SIM_DIR,capstone_iii_fit_1x,fit_1x,35,35,186.0,0.0,0.0,1.0,510.20016617505433,510.1795801163315,0.02058605872284101,,,535.809145180871,535.809145180871,1300.0,True,False,True,,,
SIM_DIR-1784855095,SIM_DIR,capstone_iii_fit_2x,fit_2x,35,35,186.0,0.0,0.0,1.0,510.20016617505433,510.1795801163315,0.02058605872284101,,,561.3181241866874,561.3181241866874,1300.0,True,False,True,,,
SIM_DIR-1784855095,SIM_DIR,capstone_iii_fit_activity,fit_activity,35,35,186.0,0.0,0.0,1.0,510.20016617505433,510.1795801163315,0.02058605872284101,,,556.2163283855242,556.2163283855242,1300.0,True,False,True,,,
SIM_DIR-1784855095,SIM_DIR,capstone_iii_fit_activity_pvt,fit_activity_pvt,35,35,186.0,0.0,0.0,1.0,510.20016617505433,510.1795801163315,0.02058605872284101,,,571.5217157890141,571.5217157890141,1300.0,True,False,True,,,
SIM_DIR-1784855095,SIM_DIR,capstone_iii_full,full,35,35,186.0,0.0,0.0,1.0,510.20016617505433,510.1795801163315,0.02058605872284101,,,586.8271031925041,586.8271031925041,1300.0,True,False,True,,,
SIM_DIR-1784855095,SIM_DIR,baseline,,36,36,200.0,0.0,0.0,1.0,549.1691606182811,549.1485745595583,0.02058605872284101,796.2952828965076,713.9199088037655,,713.9199088037655,,True,False,True,,,
SIM_DIR-1784855095,SIM_DIR,capstone_i,,36,36,200.0,0.0,0.0,1.0,549.1691606182811,549.1485745595583,0.02058605872284101,796.2952828965076,713.9199088037655,,713.9199088037655,1300.0,True,False,True,,,
SIM_DIR-1784855095,SIM_DIR,capstone_ii,,36,36,200.0,0.0,0.0,1.0,549.1691606182811,549.1485745595583,0.02058605872284101,715.5691606182811,653.1691606182811,,653.1691606182811,1300.0,True,False,True,,,
SIM_DIR-1784855095,SIM_DIR,capstone_iii_fit_1x,fit_1x,36,36,200.0,0.0,0.0,1.0,549.1691606182811,549.1485745595583,0.02058605872284101,,,576.7265893462592,576.7265893462592,1300.0,True,False,True,,,
SIM_DIR-1784855095,SIM_DIR,capstone_iii_fit_2x,fit_2x,36,36,200.0,0.0,0.0,1.0,549.1691606182811,549.1485745595583,0.02058605872284101,,,604.184018074237,604.184018074237,1300.0,True,False,True,,,
SIM_DIR-1784855095,SIM_DIR,capstone_iii_fit_activity,fit_activity,36,36,200.0,0.0,0.0,1.0,549.1691606182811,549.1485745595583,0.02058605872284101,,,598.6925323286415,598.6925323286415,1300.0,True,False,True,,,
SIM_DIR-1784855095,SIM_DIR,capstone_iii_fit_activity_pvt,fit_activity_pvt,36,36,200.0,0.0,0.0,1.0,549.1691606182811,549.1485745595583,0.02058605872284101,,,615.1669895654283,615.1669895654283,1300.0,True,False,True,,,
SIM_DIR-1784855095,SIM_DIR,capstone_iii_full,full,36,36,200.0,0.0,0.0,1.0,549.1691606182811,549.1485745595583,0.02058605872284101,,,631.6414468022149,631.6414468022149,1300.0,True,False,True,,,
SIM_DIR-1784855095,SIM_DIR,baseline,,37,37,207.0,0.0,0.0,1.0,568.9774075192763,568.9568214605534,0.02058605872284101,825.0172409029507,739.6706297750592,,739.6706297750592,,True,False,True,,,
SIM_DIR-1784855095,SIM_DIR,capstone_i,,37,37,207.0,0.0,0.0,1.0,568.9774075192763,568.9568214605534,0.02058605872284101,825.0172409029507,739.6706297750592,,739.6706297750592,1300.0,True,False,True,,,
SIM_DIR-1784855095,SIM_DIR,capstone_ii,,37,37,207.0,0.0,0.0,1.0,568.9774075192763,568.9568214605534,0.02058605872284101,741.2014075192762,676.6174075192763,,676.6174075192763,1300.0,True,False,True,,,
SIM_DIR-1784855095,SIM_DIR,capstone_iii_fit_1x,fit_1x,37,37,207.0,0.0,0.0,1.0,568.9774075192763,568.9568214605534,0.02058605872284101,,,597.525248592304,597.525248592304,1300.0,True,False,True,,,
SIM_DIR-1784855095,SIM_DIR,capstone_iii_fit_2x,fit_2x,37,37,207.0,0.0,0.0,1.0,568.9774075192763,568.9568214605534,0.02058605872284101,,,625.9730896653316,625.9730896653316,1300.0,True,False,True,,,
SIM_DIR-1784855095,SIM_DIR,capstone_iii_fit_activity,fit_activity,37,37,207.0,0.0,0.0,1.0,568.9774075192763,568.9568214605534,0.02058605872284101,,,620.2835214507262,620.2835214507262,1300.0,True,False,True,,,
SIM_DIR-1784855095,SIM_DIR,capstone_iii_fit_activity_pvt,fit_activity_pvt,37,37,207.0,0.0,0.0,1.0,568.9774075192763,568.9568214605534,0.02058605872284101,,,637.3522260945427,637.3522260945427,1300.0,True,False,True,,,
SIM_DIR-1784855095,SIM_DIR,capstone_iii_full,full,37,37,207.0,0.0,0.0,1.0,568.9774075192763,568.9568214605534,0.02058605872284101,,,654.4209307383593,654.4209307383593,1300.0,True,False,True,,,
SIM_DIR-1784855095,SIM_DIR,baseline,,38,38,208.0,0.0,0.0,1.0,572.3166514588244,572.2960654001015,0.02058605872284101,829.8591446152953,744.0116468964717,,744.0116468964717,,True,False,True,,,
SIM_DIR-1784855095,SIM_DIR,capstone_i,,38,38,208.0,0.0,0.0,1.0,572.3166514588244,572.2960654001015,0.02058605872284101,829.8591446152953,744.0116468964717,,744.0116468964717,1300.0,True,False,True,,,
SIM_DIR-1784855095,SIM_DIR,capstone_ii,,38,38,208.0,0.0,0.0,1.0,572.3166514588244,572.2960654001015,0.02058605872284101,745.3726514588244,680.4766514588243,,680.4766514588243,1300.0,True,False,True,,,
SIM_DIR-1784855095,SIM_DIR,capstone_iii_fit_1x,fit_1x,38,38,208.0,0.0,0.0,1.0,572.3166514588244,572.2960654001015,0.02058605872284101,,,601.0314547288295,601.0314547288295,1300.0,True,False,True,,,
SIM_DIR-1784855095,SIM_DIR,capstone_iii_fit_2x,fit_2x,38,38,208.0,0.0,0.0,1.0,572.3166514588244,572.2960654001015,0.02058605872284101,,,629.6462579988345,629.6462579988345,1300.0,True,False,True,,,
SIM_DIR-1784855095,SIM_DIR,capstone_iii_fit_activity,fit_activity,38,38,208.0,0.0,0.0,1.0,572.3166514588244,572.2960654001015,0.02058605872284101,,,623.9232973448336,623.9232973448336,1300.0,True,False,True,,,
SIM_DIR-1784855095,SIM_DIR,capstone_iii_fit_activity_pvt,fit_activity_pvt,38,38,208.0,0.0,0.0,1.0,572.3166514588244,572.2960654001015,0.02058605872284101,,,641.0921793068366,641.0921793068366,1300.0,True,False,True,,,
SIM_DIR-1784855095,SIM_DIR,capstone_iii_full,full,38,38,208.0,0.0,0.0,1.0,572.3166514588244,572.2960654001015,0.02058605872284101,,,658.2610612688396,658.2610612688396,1300.0,True,False,True,,,
SIM_DIR-1784855095,SIM_DIR,baseline,,39,39,210.0,0.0,0.0,1.0,578.4156095984075,578.3950235396846,0.02058605872284101,838.7026339176908,751.9402924779298,,751.9402924779298,,True,False,True,,,
SIM_DIR-1784855095,SIM_DIR,capstone_i,,39,39,210.0,0.0,0.0,1.0,578.4156095984075,578.3950235396846,0.02058605872284101,838.7026339176908,751.9402924779298,,751.9402924779298,1300.0,True,False,True,,,
SIM_DIR-1784855095,SIM_DIR,capstone_ii,,39,39,210.0,0.0,0.0,1.0,578.4156095984075,578.3950235396846,0.02058605872284101,753.1356095984075,687.6156095984076,,687.6156095984076,1300.0,True,False,True,,,
SIM_DIR-1784855095,SIM_DIR,capstone_iii_fit_1x,fit_1x,39,39,210.0,0.0,0.0,1.0,578.4156095984075,578.3950235396846,0.02058605872284101,,,607.4353607753918,607.4353607753918,1300.0,True,False,True,,,
SIM_DIR-1784855095,SIM_DIR,capstone_iii_fit_2x,fit_2x,39,39,210.0,0.0,0.0,1.0,578.4156095984075,578.3950235396846,0.02058605872284101,,,636.355111952376,636.355111952376,1300.0,True,False,True,,,
SIM_DIR-1784855095,SIM_DIR,capstone_iii_fit_activity,fit_activity,39,39,210.0,0.0,0.0,1.0,578.4156095984075,578.3950235396846,0.02058605872284101,,,630.5711617169792,630.5711617169792,1300.0,True,False,True,,,
SIM_DIR-1784855095,SIM_DIR,capstone_iii_fit_activity_pvt,fit_activity_pvt,39,39,210.0,0.0,0.0,1.0,578.4156095984075,578.3950235396846,0.02058605872284101,,,647.9230124231697,647.9230124231697,1300.0,True,False,True,,,
SIM_DIR-1784855095,SIM_DIR,capstone_iii_full,full,39,39,210.0,0.0,0.0,1.0,578.4156095984075,578.3950235396846,0.02058605872284101,,,665.2748631293603,665.2748631293603,1300.0,True,False,True,,,
SIM_DIR-1784855095,SIM_DIR,baseline,,40,40,211.0,0.0,0.0,1.0,581.7685933715856,581.7480073128627,0.02058605872284101,843.564460388799,756.2991713830612,,756.2991713830612,,True,False,True,,,
SIM_DIR-1784855095,SIM_DIR,capstone_i,,40,40,211.0,0.0,0.0,1.0,581.7685933715856,581.7480073128627,0.02058605872284101,843.564460388799,756.2991713830612,,756.2991713830612,1300.0,True,False,True,,,
SIM_DIR-1784855095,SIM_DIR,capstone_ii,,40,40,211.0,0.0,0.0,1.0,581.7685933715856,581.7480073128627,0.02058605872284101,757.3205933715856,691.4885933715856,,691.4885933715856,1300.0,True,False,True,,,
SIM_DIR-1784855095,SIM_DIR,capstone_iii_fit_1x,fit_1x,40,40,211.0,0.0,0.0,1.0,581.7685933715856,581.7480073128627,0.02058605872284101,,,610.9559937372287,610.9559937372287,1300.0,True,False,True,,,
SIM_DIR-1784855095,SIM_DIR,capstone_iii_fit_2x,fit_2x,40,40,211.0,0.0,0.0,1.0,581.7685933715856,581.7480073128627,0.02058605872284101,,,640.0433941028717,640.0433941028717,1300.0,True,False,True,,,
SIM_DIR-1784855095,SIM_DIR,capstone_iii_fit_activity,fit_activity,40,40,211.0,0.0,0.0,1.0,581.7685933715856,581.7480073128627,0.02058605872284101,,,634.2259140297432,634.2259140297432,1300.0,True,False,True,,,
SIM_DIR-1784855095,SIM_DIR,capstone_iii_fit_activity_pvt,fit_activity_pvt,40,40,211.0,0.0,0.0,1.0,581.7685933715856,581.7480073128627,0.02058605872284101,,,651.6783542491291,651.6783542491291,1300.0,True,False,True,,,
SIM_DIR-1784855095,SIM_DIR,capstone_iii_full,full,40,40,211.0,0.0,0.0,1.0,581.7685933715856,581.7480073128627,0.02058605872284101,,,669.130794468515,669.130794468515,1300.0,True,False,True,,,
SIM_DIR-1784855095,SIM_DIR,baseline,,41,41,211.0,0.0,0.0,1.0,582.3670880856005,582.3465020268776,0.02058605872284101,844.4322777241207,757.0772145112807,,757.0772145112807,,True,False,True,,,
SIM_DIR-1784855095,SIM_DIR,capstone_i,,41,41,211.0,0.0,0.0,1.0,582.3670880856005,582.3465020268776,0.02058605872284101,844.4322777241207,757.0772145112807,,757.0772145112807,1300.0,True,False,True,,,
SIM_DIR-1784855095,SIM_DIR,capstone_ii,,41,41,211.0,0.0,0.0,1.0,582.3670880856005,582.3465020268776,0.02058605872284101,757.9190880856005,692.0870880856005,,692.0870880856005,1300.0,True,False,True,,,
SIM_DIR-1784855095,SIM_DIR,capstone_iii_fit_1x,fit_1x,41,41,211.0,0.0,0.0,1.0,582.3670880856005,582.3465020268776,0.02058605872284101,,,611.5844131869444,611.5844131869444,1300.0,True,False,True,,,
SIM_DIR-1784855095,SIM_DIR,capstone_iii_fit_2x,fit_2x,41,41,211.0,0.0,0.0,1.0,582.3670880856005,582.3465020268776,0.02058605872284101,,,640.7017382882882,640.7017382882882,1300.0,True,False,True,,,
SIM_DIR-1784855095,SIM_DIR,capstone_iii_fit_activity,fit_activity,41,41,211.0,0.0,0.0,1.0,582.3670880856005,582.3465020268776,0.02058605872284101,,,634.8782732680195,634.8782732680195,1300.0,True,False,True,,,
SIM_DIR-1784855095,SIM_DIR,capstone_iii_fit_activity_pvt,fit_activity_pvt,41,41,211.0,0.0,0.0,1.0,582.3670880856005,582.3465020268776,0.02058605872284101,,,652.3486683288257,652.3486683288257,1300.0,True,False,True,,,
SIM_DIR-1784855095,SIM_DIR,capstone_iii_full,full,41,41,211.0,0.0,0.0,1.0,582.3670880856005,582.3465020268776,0.02058605872284101,,,669.8190633896321,669.8190633896321,1300.0,True,False,True,,,
SIM_DIR-1784855095,SIM_DIR,baseline,,42,42,213.0,0.0,0.0,1.0,588.4908997859021,588.4703137271792,0.02058605872284101,853.311804689558,765.0381697216728,,765.0381697216728,,True,False,True,,,
SIM_DIR-1784855095,SIM_DIR,capstone_i,,42,42,213.0,0.0,0.0,1.0,588.4908997859021,588.4703137271792,0.02058605872284101,853.311804689558,765.0381697216728,,765.0381697216728,1300.0,True,False,True,,,
SIM_DIR-1784855095,SIM_DIR,capstone_ii,,42,42,213.0,0.0,0.0,1.0,588.4908997859021,588.4703137271792,0.02058605872284101,765.7068997859021,699.2508997859021,,699.2508997859021,1300.0,True,False,True,,,
SIM_DIR-1784855095,SIM_DIR,capstone_iii_fit_1x,fit_1x,42,42,213.0,0.0,0.0,1.0,588.4908997859021,588.4703137271792,0.02058605872284101,,,618.0144154722611,618.0144154722611,1300.0,True,False,True,,,
SIM_DIR-1784855095,SIM_DIR,capstone_iii_fit_2x,fit_2x,42,42,213.0,0.0,0.0,1.0,588.4908997859021,588.4703137271792,0.02058605872284101,,,647.4379311586201,647.4379311586201,1300.0,True,False,True,,,
SIM_DIR-1784855095,SIM_DIR,capstone_iii_fit_activity,fit_activity,42,42,213.0,0.0,0.0,1.0,588.4908997859021,588.4703137271792,0.02058605872284101,,,641.5532280213483,641.5532280213483,1300.0,True,False,True,,,
SIM_DIR-1784855095,SIM_DIR,capstone_iii_fit_activity_pvt,fit_activity_pvt,42,42,213.0,0.0,0.0,1.0,588.4908997859021,588.4703137271792,0.02058605872284101,,,659.2073374331636,659.2073374331636,1300.0,True,False,True,,,
SIM_DIR-1784855095,SIM_DIR,capstone_iii_full,full,42,42,213.0,0.0,0.0,1.0,588.4908997859021,588.4703137271792,0.02058605872284101,,,676.8614468449789,676.8614468449789,1300.0,True,False,True,,,
SIM_DIR-1784855095,SIM_DIR,baseline,,43,43,214.0,0.0,0.0,1.0,591.8602183617492,591.8396323030263,0.02058605872284101,858.1973166245363,769.418283870274,,769.418283870274,,True,False,True,,,
SIM_DIR-1784855095,SIM_DIR,capstone_i,,43,43,214.0,0.0,0.0,1.0,591.8602183617492,591.8396323030263,0.02058605872284101,858.1973166245363,769.418283870274,,769.418283870274,1300.0,True,False,True,,,
SIM_DIR-1784855095,SIM_DIR,capstone_ii,,43,43,214.0,0.0,0.0,1.0,591.8602183617492,591.8396323030263,0.02058605872284101,769.9082183617492,703.1402183617491,,703.1402183617491,1300.0,True,False,True,,,
SIM_DIR-1784855095,SIM_DIR,capstone_iii_fit_1x,fit_1x,43,43,214.0,0.0,0.0,1.0,591.8602183617492,591.8396323030263,0.02058605872284101,,,621.5521999769005,621.5521999769005,1300.0,True,False,True,,,
SIM_DIR-1784855095,SIM_DIR,capstone_iii_fit_2x,fit_2x,43,43,214.0,0.0,0.0,1.0,591.8602183617492,591.8396323030263,0.02058605872284101,,,651.1441815920518,651.1441815920518,1300.0,True,False,True,,,
SIM_DIR-1784855095,SIM_DIR,capstone_iii_fit_activity,fit_activity,43,43,214.0,0.0,0.0,1.0,591.8602183617492,591.8396323030263,0.02058605872284101,,,645.2257852690216,645.2257852690216,1300.0,True,False,True,,,
SIM_DIR-1784855095,SIM_DIR,capstone_iii_fit_activity_pvt,fit_activity_pvt,43,43,214.0,0.0,0.0,1.0,591.8602183617492,591.8396323030263,0.02058605872284101,,,662.9809742381124,662.9809742381124,1300.0,True,False,True,,,
SIM_DIR-1784855095,SIM_DIR,capstone_iii_full,full,43,43,214.0,0.0,0.0,1.0,591.8602183617492,591.8396323030263,0.02058605872284101,,,680.736163207203,680.736163207203,1300.0,True,False,True,,,
SIM_DIR-1784855095,SIM_DIR,baseline,,44,44,215.0,0.0,0.0,1.0,595.234977831732,595.2143917730091,0.02058605872284101,863.0907178560113,773.8054711812516,,773.8054711812516,,True,False,True,,,
SIM_DIR-1784855095,SIM_DIR,capstone_i,,44,44,215.0,0.0,0.0,1.0,595.234977831732,595.2143917730091,0.02058605872284101,863.0907178560113,773.8054711812516,,773.8054711812516,1300.0,True,False,True,,,
SIM_DIR-1784855095,SIM_DIR,capstone_ii,,44,44,215.0,0.0,0.0,1.0,595.234977831732,595.2143917730091,0.02058605872284101,774.114977831732,707.0349778317319,,707.0349778317319,1300.0,True,False,True,,,
SIM_DIR-1784855095,SIM_DIR,capstone_iii_fit_1x,fit_1x,44,44,215.0,0.0,0.0,1.0,595.234977831732,595.2143917730091,0.02058605872284101,,,625.0956974203824,625.0956974203824,1300.0,True,False,True,,,
SIM_DIR-1784855095,SIM_DIR,capstone_iii_fit_2x,fit_2x,44,44,215.0,0.0,0.0,1.0,595.234977831732,595.2143917730091,0.02058605872284101,,,654.856417009033,654.856417009033,1300.0,True,False,True,,,
SIM_DIR-1784855095,SIM_DIR,capstone_iii_fit_activity,fit_activity,44,44,215.0,0.0,0.0,1.0,595.234977831732,595.2143917730091,0.02058605872284101,,,648.9042730913028,648.9042730913028,1300.0,True,False,True,,,
SIM_DIR-1784855095,SIM_DIR,capstone_iii_fit_activity_pvt,fit_activity_pvt,44,44,215.0,0.0,0.0,1.0,595.234977831732,595.2143917730091,0.02058605872284101,,,666.760704844493,666.760704844493,1300.0,True,False,True,,,
SIM_DIR-1784855095,SIM_DIR,capstone_iii_full,full,44,44,215.0,0.0,0.0,1.0,595.234977831732,595.2143917730091,0.02058605872284101,,,684.6171365976833,684.6171365976833,1300.0,True,False,True,,,
SIM_DIR-1784855095,SIM_DIR,baseline,,45,45,221.0,0.0,0.0,1.0,612.4715324541374,612.4509463954146,0.02058605872284101,888.0837220584992,796.2129921903787,,796.2129921903787,,True,False,True,,,
SIM_DIR-1784855095,SIM_DIR,capstone_i,,45,45,221.0,0.0,0.0,1.0,612.4715324541374,612.4509463954146,0.02058605872284101,888.0837220584992,796.2129921903787,,796.2129921903787,1300.0,True,False,True,,,
SIM_DIR-1784855095,SIM_DIR,capstone_ii,,45,45,221.0,0.0,0.0,1.0,612.4715324541374,612.4509463954146,0.02058605872284101,796.3435324541374,727.3915324541374,,727.3915324541374,1300.0,True,False,True,,,
SIM_DIR-1784855095,SIM_DIR,capstone_iii_fit_1x,fit_1x,45,45,221.0,0.0,0.0,1.0,612.4715324541374,612.4509463954146,0.02058605872284101,,,643.1940797739082,643.1940797739082,1300.0,True,False,True,,,
SIM_DIR-1784855095,SIM_DIR,capstone_iii_fit_2x,fit_2x,45,45,221.0,0.0,0.0,1.0,612.4715324541374,612.4509463954146,0.02058605872284101,,,673.816627093679,673.816627093679,1300.0,True,False,True,,,
SIM_DIR-1784855095,SIM_DIR,capstone_iii_fit_activity,fit_activity,45,45,221.0,0.0,0.0,1.0,612.4715324541374,612.4509463954146,0.02058605872284101,,,667.6921176297247,667.6921176297247,1300.0,True,False,True,,,
SIM_DIR-1784855095,SIM_DIR,capstone_iii_fit_activity_pvt,fit_activity_pvt,45,45,221.0,0.0,0.0,1.0,612.4715324541374,612.4509463954146,0.02058605872284101,,,686.0656460215872,686.0656460215872,1300.0,True,False,True,,,
SIM_DIR-1784855095,SIM_DIR,capstone_iii_full,full,45,45,221.0,0.0,0.0,1.0,612.4715324541374,612.4509463954146,0.02058605872284101,,,704.4391744134496,704.4391744134496,1300.0,True,False,True,,,
SIM_DIR-1784855095,SIM_DIR,baseline,,46,46,221.0,0.0,0.0,1.0,613.0972211743017,613.0766351155788,0.02058605872284101,888.9909707027374,797.0263875265922,,797.0263875265922,,True,False,True,,,
SIM_DIR-1784855095,SIM_DIR,capstone_i,,46,46,221.0,0.0,0.0,1.0,613.0972211743017,613.0766351155788,0.02058605872284101,888.9909707027374,797.0263875265922,,797.0263875265922,1300.0,True,False,True,,,
SIM_DIR-1784855095,SIM_DIR,capstone_ii,,46,46,221.0,0.0,0.0,1.0,613.0972211743017,613.0766351155788,0.02058605872284101,796.9692211743018,728.0172211743017,,728.0172211743017,1300.0,True,False,True,,,
SIM_DIR-1784855095,SIM_DIR,capstone_iii_fit_1x,fit_1x,46,46,221.0,0.0,0.0,1.0,613.0972211743017,613.0766351155788,0.02058605872284101,,,643.8510529300808,643.8510529300808,1300.0,True,False,True,,,
SIM_DIR-1784855095,SIM_DIR,capstone_iii_fit_2x,fit_2x,46,46,221.0,0.0,0.0,1.0,613.0972211743017,613.0766351155788,0.02058605872284101,,,674.5048846858597,674.5048846858597,1300.0,True,False,True,,,
SIM_DIR-1784855095,SIM_DIR,capstone_iii_fit_activity,fit_activity,46,46,221.0,0.0,0.0,1.0,613.0972211743017,613.0766351155788,0.02058605872284101,,,668.3741183347039,668.3741183347039,1300.0,True,False,True,,,
SIM_DIR-1784855095,SIM_DIR,capstone_iii_fit_activity_pvt,fit_activity_pvt,46,46,221.0,0.0,0.0,1.0,613.0972211743017,613.0766351155788,0.02058605872284101,,,686.7664173881712,686.7664173881712,1300.0,True,False,True,,,
SIM_DIR-1784855095,SIM_DIR,capstone_iii_full,full,46,46,221.0,0.0,0.0,1.0,613.0972211743017,613.0766351155788,0.02058605872284101,,,705.1587164416385,705.1587164416385,1300.0,True,False,True,,,
SIM_DIR-1784855095,SIM_DIR,baseline,,47,47,224.0,0.0,0.0,1.0,622.0534770243776,622.0328909656547,0.02058605872284101,901.9775416853474,808.6695201316909,,808.6695201316909,,True,False,True,,,
SIM_DIR-1784855095,SIM_DIR,capstone_i,,47,47,224.0,0.0,0.0,1.0,622.0534770243776,622.0328909656547,0.02058605872284101,901.9775416853474,808.6695201316909,,808.6695201316909,1300.0,True,False,True,,,
SIM_DIR-1784855095,SIM_DIR,capstone_ii,,47,47,224.0,0.0,0.0,1.0,622.0534770243776,622.0328909656547,0.02058605872284101,808.4214770243776,738.5334770243776,,738.5334770243776,1300.0,True,False,True,,,
SIM_DIR-1784855095,SIM_DIR,capstone_iii_fit_1x,fit_1x,47,47,224.0,0.0,0.0,1.0,622.0534770243776,622.0328909656547,0.02058605872284101,,,653.2551215726604,653.2551215726604,1300.0,True,False,True,,,
SIM_DIR-1784855095,SIM_DIR,capstone_iii_fit_2x,fit_2x,47,47,224.0,0.0,0.0,1.0,622.0534770243776,622.0328909656547,0.02058605872284101,,,684.3567661209431,684.3567661209431,1300.0,True,False,True,,,
SIM_DIR-1784855095,SIM_DIR,capstone_iii_fit_activity,fit_activity,47,47,224.0,0.0,0.0,1.0,622.0534770243776,622.0328909656547,0.02058605872284101,,,678.1364372112866,678.1364372112866,1300.0,True,False,True,,,
SIM_DIR-1784855095,SIM_DIR,capstone_iii_fit_activity_pvt,fit_activity_pvt,47,47,224.0,0.0,0.0,1.0,622.0534770243776,622.0328909656547,0.02058605872284101,,,696.7974239402563,696.7974239402563,1300.0,True,False,True,,,
SIM_DIR-1784855095,SIM_DIR,capstone_iii_full,full,47,47,224.0,0.0,0.0,1.0,622.0534770243776,622.0328909656547,0.02058605872284101,,,715.4584106692258,715.4584106692258,1300.0,True,False,True,,,
SIM_DIR-1784855095,SIM_DIR,baseline,,48,48,227.0,0.0,0.0,1.0,631.0264780863159,631.0058920275931,0.02058605872284101,914.9883932251581,820.3344215122107,,820.3344215122107,,True,False,True,,,
SIM_DIR-1784855095,SIM_DIR,capstone_i,,48,48,227.0,0.0,0.0,1.0,631.0264780863159,631.0058920275931,0.02058605872284101,914.9883932251581,820.3344215122107,,820.3344215122107,1300.0,True,False,True,,,
SIM_DIR-1784855095,SIM_DIR,capstone_ii,,48,48,227.0,0.0,0.0,1.0,631.0264780863159,631.0058920275931,0.02058605872284101,819.890478086316,749.0664780863159,,749.0664780863159,1300.0,True,False,True,,,
SIM_DIR-1784855095,SIM_DIR,capstone_iii_fit_1x,fit_1x,48,48,227.0,0.0,0.0,1.0,631.0264780863159,631.0058920275931,0.02058605872284101,,,662.6767726876957,662.6767726876957,1300.0,True,False,True,,,
SIM_DIR-1784855095,SIM_DIR,capstone_iii_fit_2x,fit_2x,48,48,227.0,0.0,0.0,1.0,631.0264780863159,631.0058920275931,0.02058605872284101,,,694.2270672890753,694.2270672890753,1300.0,True,False,True,,,
SIM_DIR-1784855095,SIM_DIR,capstone_iii_fit_activity,fit_activity,48,48,227.0,0.0,0.0,1.0,631.0264780863159,631.0058920275931,0.02058605872284101,,,687.9170083687994,687.9170083687994,1300.0,True,False,True,,,
SIM_DIR-1784855095,SIM_DIR,capstone_iii_fit_activity_pvt,fit_activity_pvt,48,48,227.0,0.0,0.0,1.0,631.0264780863159,631.0058920275931,0.02058605872284101,,,706.8471851296272,706.8471851296272,1300.0,True,False,True,,,
SIM_DIR-1784855095,SIM_DIR,capstone_iii_full,full,48,48,227.0,0.0,0.0,1.0,631.0264780863159,631.0058920275931,0.02058605872284101,,,725.7773618904549,725.7773618904549,1300.0,True,False,True,,,
SIM_DIR-1784855095,SIM_DIR,baseline,,49,49,229.0,0.0,0.0,1.0,637.2336265548233,637.2130404961005,0.02058605872284101,923.9887585044938,828.4037145212703,,828.4037145212703,,True,False,True,,,
SIM_DIR-1784855095,SIM_DIR,capstone_i,,49,49,229.0,0.0,0.0,1.0,637.2336265548233,637.2130404961005,0.02058605872284101,923.9887585044938,828.4037145212703,,828.4037145212703,1300.0,True,False,True,,,
SIM_DIR-1784855095,SIM_DIR,capstone_ii,,49,49,229.0,0.0,0.0,1.0,637.2336265548233,637.2130404961005,0.02058605872284101,827.7616265548234,756.3136265548234,,756.3136265548234,1300.0,True,False,True,,,
SIM_DIR-1784855095,SIM_DIR,capstone_iii_fit_1x,fit_1x,49,49,229.0,0.0,0.0,1.0,637.2336265548233,637.2130404961005,0.02058605872284101,,,669.1942785796284,669.1942785796284,1300.0,True,False,True,,,
SIM_DIR-1784855095,SIM_DIR,capstone_iii_fit_2x,fit_2x,49,49,229.0,0.0,0.0,1.0,637.2336265548233,637.2130404961005,0.02058605872284101,,,701.0549306044335,701.0549306044335,1300.0,True,False,True,,,
SIM_DIR-1784855095,SIM_DIR,capstone_iii_fit_activity,fit_activity,49,49,229.0,0.0,0.0,1.0,637.2336265548233,637.2130404961005,0.02058605872284101,,,694.6828001994724,694.6828001994724,1300.0,True,False,True,,,
SIM_DIR-1784855095,SIM_DIR,capstone_iii_fit_activity_pvt,fit_activity_pvt,49,49,229.0,0.0,0.0,1.0,637.2336265548233,637.2130404961005,0.02058605872284101,,,713.7991914143554,713.7991914143554,1300.0,True,False,True,,,
SIM_DIR-1784855095,SIM_DIR,capstone_iii_full,full,49,49,229.0,0.0,0.0,1.0,637.2336265548233,637.2130404961005,0.02058605872284101,,,732.9155826292383,732.9155826292383,1300.0,True,False,True,,,
SIM_DIR-1784855095,SIM_DIR,baseline,,50,50,236.0,0.0,0.0,1.0,657.3789336486446,657.3583475899218,0.02058605872284101,953.1994537905347,854.5926137432381,,854.5926137432381,,True,False,True,,,
SIM_DIR-1784855095,SIM_DIR,capstone_i,,50,50,236.0,0.0,0.0,1.0,657.3789336486446,657.3583475899218,0.02058605872284101,953.1994537905347,854.5926137432381,,854.5926137432381,1300.0,True,False,True,,,
SIM_DIR-1784855095,SIM_DIR,capstone_ii,,50,50,236.0,0.0,0.0,1.0,657.3789336486446,657.3583475899218,0.02058605872284101,853.7309336486446,780.0989336486447,,780.0989336486447,1300.0,True,False,True,,,
SIM_DIR-1784855095,SIM_DIR,capstone_iii_fit_1x,fit_1x,50,50,236.0,0.0,0.0,1.0,657.3789336486446,657.3583475899218,0.02058605872284101,,,690.3468510281408,690.3468510281408,1300.0,True,False,True,,,
SIM_DIR-1784855095,SIM_DIR,capstone_iii_fit_2x,fit_2x,50,50,236.0,0.0,0.0,1.0,657.3789336486446,657.3583475899218,0.02058605872284101,,,723.2147684076369,723.2147684076369,1300.0,True,False,True,,,
SIM_DIR-1784855095,SIM_DIR,capstone_iii_fit_activity,fit_activity,50,50,236.0,0.0,0.0,1.0,657.3789336486446,657.3583475899218,0.02058605872284101,,,716.6411849317376,716.6411849317376,1300.0,True,False,True,,,
SIM_DIR-1784855095,SIM_DIR,capstone_iii_fit_activity_pvt,fit_activity_pvt,50,50,236.0,0.0,0.0,1.0,657.3789336486446,657.3583475899218,0.02058605872284101,,,736.3619353594353,736.3619353594353,1300.0,True,False,True,,,
SIM_DIR-1784855095,SIM_DIR,capstone_iii_full,full,50,50,236.0,0.0,0.0,1.0,657.3789336486446,657.3583475899218,0.02058605872284101,,,756.0826857871328,756.0826857871328,1300.0,True,False,True,,,
SIM_DIR-1784855095,SIM_DIR,baseline,,51,51,237.0,0.0,0.0,1.0,660.8341144750466,660.8135284163237,0.02058605872284101,958.2094659888176,859.0843488175606,,859.0843488175606,,True,False,True,,,
SIM_DIR-1784855095,SIM_DIR,capstone_i,,51,51,237.0,0.0,0.0,1.0,660.8341144750466,660.8135284163237,0.02058605872284101,958.2094659888176,859.0843488175606,,859.0843488175606,1300.0,True,False,True,,,
SIM_DIR-1784855095,SIM_DIR,capstone_ii,,51,51,237.0,0.0,0.0,1.0,660.8341144750466,660.8135284163237,0.02058605872284101,858.0181144750466,784.0741144750466,,784.0741144750466,1300.0,True,False,True,,,
SIM_DIR-1784855095,SIM_DIR,capstone_iii_fit_1x,fit_1x,51,51,237.0,0.0,0.0,1.0,660.8341144750466,660.8135284163237,0.02058605872284101,,,693.9747908958627,693.9747908958627,1300.0,True,False,True,,,
SIM_DIR-1784855095,SIM_DIR,capstone_iii_fit_2x,fit_2x,51,51,237.0,0.0,0.0,1.0,660.8341144750466,660.8135284163237,0.02058605872284101,,,727.015467316679,727.015467316679,1300.0,True,False,True,,,
SIM_DIR-1784855095,SIM_DIR,capstone_iii_fit_activity,fit_activity,51,51,237.0,0.0,0.0,1.0,660.8341144750466,660.8135284163237,0.02058605872284101,,,720.4073320325157,720.4073320325157,1300.0,True,False,True,,,
SIM_DIR-1784855095,SIM_DIR,capstone_iii_fit_activity_pvt,fit_activity_pvt,51,51,237.0,0.0,0.0,1.0,660.8341144750466,660.8135284163237,0.02058605872284101,,,740.2317378850054,740.2317378850054,1300.0,True,False,True,,,
SIM_DIR-1784855095,SIM_DIR,capstone_iii_full,full,51,51,237.0,0.0,0.0,1.0,660.8341144750466,660.8135284163237,0.02058605872284101,,,760.0561437374952,760.0561437374952,1300.0,True,False,True,,,
SIM_DIR-1784855095,SIM_DIR,baseline,,52,52,240.0,0.0,0.0,1.0,669.8768408552291,669.8562547965063,0.02058605872284101,971.3214192400823,870.8398931117979,,870.8398931117979,,True,False,True,,,
SIM_DIR-1784855095,SIM_DIR,capstone_i,,52,52,240.0,0.0,0.0,1.0,669.8768408552291,669.8562547965063,0.02058605872284101,971.3214192400823,870.8398931117979,,870.8398931117979,1300.0,True,False,True,,,
SIM_DIR-1784855095,SIM_DIR,capstone_ii,,52,52,240.0,0.0,0.0,1.0,669.8768408552291,669.8562547965063,0.02058605872284101,869.5568408552292,794.6768408552291,,794.6768408552291,1300.0,True,False,True,,,
SIM_DIR-1784855095,SIM_DIR,capstone_iii_fit_1x,fit_1x,52,52,240.0,0.0,0.0,1.0,669.8768408552291,669.8562547965063,0.02058605872284101,,,703.4696535950544,703.4696535950544,1300.0,True,False,True,,,
SIM_DIR-1784855095,SIM_DIR,capstone_iii_fit_2x,fit_2x,52,52,240.0,0.0,0.0,1.0,669.8768408552291,669.8562547965063,0.02058605872284101,,,736.9624663348798,736.9624663348798,1300.0,True,False,True,,,
SIM_DIR-1784855095,SIM_DIR,capstone_iii_fit_activity,fit_activity,52,52,240.0,0.0,0.0,1.0,669.8768408552291,669.8562547965063,0.02058605872284101,,,730.2639037869147,730.2639037869147,1300.0,True,False,True,,,
SIM_DIR-1784855095,SIM_DIR,capstone_iii_fit_activity_pvt,fit_activity_pvt,52,52,240.0,0.0,0.0,1.0,669.8768408552291,669.8562547965063,0.02058605872284101,,,750.3595914308099,750.3595914308099,1300.0,True,False,True,,,
SIM_DIR-1784855095,SIM_DIR,capstone_iii_full,full,52,52,240.0,0.0,0.0,1.0,669.8768408552291,669.8562547965063,0.02058605872284101,,,770.455279074705,770.455279074705,1300.0,True,False,True,,,
SIM_DIR-1784855095,SIM_DIR,baseline,,53,53,241.0,0.0,0.0,1.0,673.3484880374822,673.3279019787593,0.02058605872284101,976.3553076543492,875.3530344487268,,875.3530344487268,,True,False,True,,,
SIM_DIR-1784855095,SIM_DIR,capstone_i,,53,53,241.0,0.0,0.0,1.0,673.3484880374822,673.3279019787593,0.02058605872284101,976.3553076543492,875.3530344487268,,875.3530344487268,1300.0,True,False,True,,,
SIM_DIR-1784855095,SIM_DIR,capstone_ii,,53,53,241.0,0.0,0.0,1.0,673.3484880374822,673.3279019787593,0.02058605872284101,873.8604880374822,798.6684880374822,,798.6684880374822,1300.0,True,False,True,,,
SIM_DIR-1784855095,SIM_DIR,capstone_iii_fit_1x,fit_1x,53,53,241.0,0.0,0.0,1.0,673.3484880374822,673.3279019787593,0.02058605872284101,,,707.1148831364202,707.1148831364202,1300.0,True,False,True,,,
SIM_DIR-1784855095,SIM_DIR,capstone_iii_fit_2x,fit_2x,53,53,241.0,0.0,0.0,1.0,673.3484880374822,673.3279019787593,0.02058605872284101,,,740.7812782353582,740.7812782353582,1300.0,True,False,True,,,
SIM_DIR-1784855095,SIM_DIR,capstone_iii_fit_activity,fit_activity,53,53,241.0,0.0,0.0,1.0,673.3484880374822,673.3279019787593,0.02058605872284101,,,734.0479992155706,734.0479992155706,1300.0,True,False,True,,,
SIM_DIR-1784855095,SIM_DIR,capstone_iii_fit_activity_pvt,fit_activity_pvt,53,53,241.0,0.0,0.0,1.0,673.3484880374822,673.3279019787593,0.02058605872284101,,,754.2478362749333,754.2478362749333,1300.0,True,False,True,,,
SIM_DIR-1784855095,SIM_DIR,capstone_iii_full,full,53,53,241.0,0.0,0.0,1.0,673.3484880374822,673.3279019787593,0.02058605872284101,,,774.4476733342962,774.4476733342962,1300.0,True,False,True,,,
SIM_DIR-1784855095,SIM_DIR,baseline,,54,54,245.0,0.0,0.0,1.0,685.2156837705356,685.1950977118128,0.02058605872284101,993.5627414672766,890.7803889016964,,890.7803889016964,,True,False,True,,,
SIM_DIR-1784855095,SIM_DIR,capstone_i,,54,54,245.0,0.0,0.0,1.0,685.2156837705356,685.1950977118128,0.02058605872284101,993.5627414672766,890.7803889016964,,890.7803889016964,1300.0,True,False,True,,,
SIM_DIR-1784855095,SIM_DIR,capstone_ii,,54,54,245.0,0.0,0.0,1.0,685.2156837705356,685.1950977118128,0.02058605872284101,889.0556837705357,812.6156837705356,,812.6156837705356,1300.0,True,False,True,,,
SIM_DIR-1784855095,SIM_DIR,capstone_iii_fit_1x,fit_1x,54,54,245.0,0.0,0.0,1.0,685.2156837705356,685.1950977118128,0.02058605872284101,,,719.5754386561263,719.5754386561263,1300.0,True,False,True,,,
SIM_DIR-1784855095,SIM_DIR,capstone_iii_fit_2x,fit_2x,54,54,245.0,0.0,0.0,1.0,685.2156837705356,685.1950977118128,0.02058605872284101,,,753.835193541717,753.835193541717,1300.0,True,False,True,,,
SIM_DIR-1784855095,SIM_DIR,capstone_iii_fit_activity,fit_activity,54,54,245.0,0.0,0.0,1.0,685.2156837705356,685.1950977118128,0.02058605872284101,,,746.9832425645989,746.9832425645989,1300.0,True,False,True,,,
SIM_DIR-1784855095,SIM_DIR,capstone_iii_fit_activity_pvt,fit_activity_pvt,54,54,245.0,0.0,0.0,1.0,685.2156837705356,685.1950977118128,0.02058605872284101,,,767.5390954959531,767.5390954959531,1300.0,True,False,True,,,
SIM_DIR-1784855095,SIM_DIR,capstone_iii_full,full,54,54,245.0,0.0,0.0,1.0,685.2156837705356,685.1950977118128,0.02058605872284101,,,788.0949484273076,788.0949484273076,1300.0,True,False,True,,,
SIM_DIR-1784855095,SIM_DIR,baseline,,55,55,245.0,0.0,0.0,1.0,685.9070674476658,685.8864813889429,0.02058605872284101,994.5652477991154,891.6791876819656,,891.6791876819656,,True,False,True,,,
SIM_DIR-1784855095,SIM_DIR,capstone_i,,55,55,245.0,0.0,0.0,1.0,685.9070674476658,685.8864813889429,0.02058605872284101,994.5652477991154,891.6791876819656,,891.6791876819656,1300.0,True,False,True,,,
SIM_DIR-1784855095,SIM_DIR,capstone_ii,,55,55,245.0,0.0,0.0,1.0,685.9070674476658,685.8864813889429,0.02058605872284101,889.7470674476658,813.3070674476658,,813.3070674476658,1300.0,True,False,True,,,
SIM_DIR-1784855095,SIM_DIR,capstone_iii_fit_1x,fit_1x,55,55,245.0,0.0,0.0,1.0,685.9070674476658,685.8864813889429,0.02058605872284101,,,720.301391517113,720.301391517113,1300.0,True,False,True,,,
SIM_DIR-1784855095,SIM_DIR,capstone_iii_fit_2x,fit_2x,55,55,245.0,0.0,0.0,1.0,685.9070674476658,685.8864813889429,0.02058605872284101,,,754.5957155865601,754.5957155865601,1300.0,True,False,True,,,
SIM_DIR-1784855095,SIM_DIR,capstone_iii_fit_activity,fit_activity,55,55,245.0,0.0,0.0,1.0,685.9070674476658,685.8864813889429,0.02058605872284101,,,747.7368507726707,747.7368507726707,1300.0,True,False,True,,,
SIM_DIR-1784855095,SIM_DIR,capstone_iii_fit_activity_pvt,fit_activity_pvt,55,55,245.0,0.0,0.0,1.0,685.9070674476658,685.8864813889429,0.02058605872284101,,,768.3134452143389,768.3134452143389,1300.0,True,False,True,,,
SIM_DIR-1784855095,SIM_DIR,capstone_iii_full,full,55,55,245.0,0.0,0.0,1.0,685.9070674476658,685.8864813889429,0.02058605872284101,,,788.8900396560073,788.8900396560073,1300.0,True,False,True,,,
SIM_DIR-1784855095,SIM_DIR,baseline,,56,56,245.0,0.0,0.0,1.0,686.5982071644739,686.5776211057511,0.02058605872284101,995.5674003884872,892.5776693138162,,892.5776693138162,,True,False,True,,,
SIM_DIR-1784855095,SIM_DIR,capstone_i,,56,56,245.0,0.0,0.0,1.0,686.5982071644739,686.5776211057511,0.02058605872284101,995.5674003884872,892.5776693138162,,892.5776693138162,1300.0,True,False,True,,,
SIM_DIR-1784855095,SIM_DIR,capstone_ii,,56,56,245.0,0.0,0.0,1.0,686.5982071644739,686.5776211057511,0.02058605872284101,890.438207164474,813.9982071644739,,813.9982071644739,1300.0,True,False,True,,,
SIM_DIR-1784855095,SIM_DIR,capstone_iii_fit_1x,fit_1x,56,56,245.0,0.0,0.0,1.0,686.5982071644739,686.5776211057511,0.02058605872284101,,,721.0270882197615,721.0270882197615,1300.0,True,False,True,,,
SIM_DIR-1784855095,SIM_DIR,capstone_iii_fit_2x,fit_2x,56,56,245.0,0.0,0.0,1.0,686.5982071644739,686.5776211057511,0.02058605872284101,,,755.355969275049,755.355969275049,1300.0,True,False,True,,,
SIM_DIR-1784855095,SIM_DIR,capstone_iii_fit_activity,fit_activity,56,56,245.0,0.0,0.0,1.0,686.5982071644739,686.5776211057511,0.02058605872284101,,,748.4901930639915,748.4901930639915,1300.0,True,False,True,,,
SIM_DIR-1784855095,SIM_DIR,capstone_iii_fit_activity_pvt,fit_activity_pvt,56,56,245.0,0.0,0.0,1.0,686.5982071644739,686.5776211057511,0.02058605872284101,,,769.087521697164,769.087521697164,1300.0,True,False,True,,,
SIM_DIR-1784855095,SIM_DIR,capstone_iii_full,full,56,56,245.0,0.0,0.0,1.0,686.5982071644739,686.5776211057511,0.02058605872284101,,,789.6848503303366,789.6848503303366,1300.0,True,False,True,,,
SIM_DIR-1784855095,SIM_DIR,baseline,,57,57,246.0,0.0,0.0,1.0,690.094281796375,690.0736957376521,0.02058605872284101,1000.6367086047436,897.1225663352875,,897.1225663352875,,True,False,True,,,
SIM_DIR-1784855095,SIM_DIR,capstone_i,,57,57,246.0,0.0,0.0,1.0,690.094281796375,690.0736957376521,0.02058605872284101,1000.6367086047436,897.1225663352875,,897.1225663352875,1300.0,True,False,True,,,
SIM_DIR-1784855095,SIM_DIR,capstone_ii,,57,57,246.0,0.0,0.0,1.0,690.094281796375,690.0736957376521,0.02058605872284101,894.766281796375,818.0142817963749,,818.0142817963749,1300.0,True,False,True,,,
SIM_DIR-1784855095,SIM_DIR,capstone_iii_fit_1x,fit_1x,57,57,246.0,0.0,0.0,1.0,690.094281796375,690.0736957376521,0.02058605872284101,,,724.6979665832577,724.6979665832577,1300.0,True,False,True,,,
SIM_DIR-1784855095,SIM_DIR,capstone_iii_fit_2x,fit_2x,57,57,246.0,0.0,0.0,1.0,690.094281796375,690.0736957376521,0.02058605872284101,,,759.2016513701402,759.2016513701402,1300.0,True,False,True,,,
SIM_DIR-1784855095,SIM_DIR,capstone_iii_fit_activity,fit_activity,57,57,246.0,0.0,0.0,1.0,690.094281796375,690.0736957376521,0.02058605872284101,,,752.3009144127637,752.3009144127637,1300.0,True,False,True,,,
SIM_DIR-1784855095,SIM_DIR,capstone_iii_fit_activity_pvt,fit_activity_pvt,57,57,246.0,0.0,0.0,1.0,690.094281796375,690.0736957376521,0.02058605872284101,,,773.0031252848933,773.0031252848933,1300.0,True,False,True,,,
SIM_DIR-1784855095,SIM_DIR,capstone_iii_full,full,57,57,246.0,0.0,0.0,1.0,690.094281796375,690.0736957376521,0.02058605872284101,,,793.7053361570229,793.7053361570229,1300.0,True,False,True,,,
SIM_DIR-1784855095,SIM_DIR,baseline,,58,58,246.0,0.0,0.0,1.0,690.7877563388812,690.7671702801583,0.02058605872284101,1001.6422466913777,898.0240832405456,,898.0240832405456,,True,False,True,,,
SIM_DIR-1784855095,SIM_DIR,capstone_i,,58,58,246.0,0.0,0.0,1.0,690.7877563388812,690.7671702801583,0.02058605872284101,1001.6422466913777,898.0240832405456,,898.0240832405456,1300.0,True,False,True,,,
SIM_DIR-1784855095,SIM_DIR,capstone_ii,,58,58,246.0,0.0,0.0,1.0,690.7877563388812,690.7671702801583,0.02058605872284101,895.4597563388812,818.7077563388812,,818.7077563388812,1300.0,True,False,True,,,
SIM_DIR-1784855095,SIM_DIR,capstone_iii_fit_1x,fit_1x,58,58,246.0,0.0,0.0,1.0,690.7877563388812,690.7671702801583,0.02058605872284101,,,725.4261148528892,725.4261148528892,1300.0,True,False,True,,,
SIM_DIR-1784855095,SIM_DIR,capstone_iii_fit_2x,fit_2x,58,58,246.0,0.0,0.0,1.0,690.7877563388812,690.7671702801583,0.02058605872284101,,,759.9644733668971,759.9644733668971,1300.0,True,False,True,,,
SIM_DIR-1784855095,SIM_DIR,capstone_iii_fit_activity,fit_activity,58,58,246.0,0.0,0.0,1.0,690.7877563388812,690.7671702801583,0.02058605872284101,,,753.0568016640955,753.0568016640955,1300.0,True,False,True,,,
SIM_DIR-1784855095,SIM_DIR,capstone_iii_fit_activity_pvt,fit_activity_pvt,58,58,246.0,0.0,0.0,1.0,690.7877563388812,690.7671702801583,0.02058605872284101,,,773.7798167725002,773.7798167725002,1300.0,True,False,True,,,
SIM_DIR-1784855095,SIM_DIR,capstone_iii_full,full,58,58,246.0,0.0,0.0,1.0,690.7877563388812,690.7671702801583,0.02058605872284101,,,794.502831880905,794.502831880905,1300.0,True,False,True,,,
SIM_DIR-1784855095,SIM_DIR,baseline,,59,59,249.0,0.0,0.0,1.0,699.9134336166882,699.8928475579653,0.02058605872284101,1014.8744787441979,909.8874637016946,,909.8874637016946,,True,False,True,,,
SIM_DIR-1784855095,SIM_DIR,capstone_i,,59,59,249.0,0.0,0.0,1.0,699.9134336166882,699.8928475579653,0.02058605872284101,1014.8744787441979,909.8874637016946,,909.8874637016946,1300.0,True,False,True,,,
SIM_DIR-1784855095,SIM_DIR,capstone_ii,,59,59,249.0,0.0,0.0,1.0,699.9134336166882,699.8928475579653,0.02058605872284101,907.0814336166882,829.3934336166882,,829.3934336166882,1300.0,True,False,True,,,
SIM_DIR-1784855095,SIM_DIR,capstone_iii_fit_1x,fit_1x,59,59,249.0,0.0,0.0,1.0,699.9134336166882,699.8928475579653,0.02058605872284101,,,735.0080759945865,735.0080759945865,1300.0,True,False,True,,,
SIM_DIR-1784855095,SIM_DIR,capstone_iii_fit_2x,fit_2x,59,59,249.0,0.0,0.0,1.0,699.9134336166882,699.8928475579653,0.02058605872284101,,,770.0027183724848,770.0027183724848,1300.0,True,False,True,,,
SIM_DIR-1784855095,SIM_DIR,capstone_iii_fit_activity,fit_activity,59,59,249.0,0.0,0.0,1.0,699.9134336166882,699.8928475579653,0.02058605872284101,,,763.0037898969051,763.0037898969051,1300.0,True,False,True,,,
SIM_DIR-1784855095,SIM_DIR,capstone_iii_fit_activity_pvt,fit_activity_pvt,59,59,249.0,0.0,0.0,1.0,699.9134336166882,699.8928475579653,0.02058605872284101,,,784.0005753236441,784.0005753236441,1300.0,True,False,True,,,
SIM_DIR-1784855095,SIM_DIR,capstone_iii_full,full,59,59,249.0,0.0,0.0,1.0,699.9134336166882,699.8928475579653,0.02058605872284101,,,804.997360750383,804.997360750383,1300.0,True,False,True,,,
SIM_DIR-1784855095,SIM_DIR,baseline,,60,60,249.0,0.0,0.0,1.0,700.6148781091666,700.5942920504438,0.02058605872284101,1015.8915732582916,910.7993415419166,,910.7993415419166,,True,False,True,,,
SIM_DIR-1784855095,SIM_DIR,capstone_i,,60,60,249.0,0.0,0.0,1.0,700.6148781091666,700.5942920504438,0.02058605872284101,1015.8915732582916,910.7993415419166,,910.7993415419166,1300.0,True,False,True,,,
SIM_DIR-1784855095,SIM_DIR,capstone_ii,,60,60,249.0,0.0,0.0,1.0,700.6148781091666,700.5942920504438,0.02058605872284101,907.7828781091666,830.0948781091666,,830.0948781091666,1300.0,True,False,True,,,
SIM_DIR-1784855095,SIM_DIR,capstone_iii_fit_1x,fit_1x,60,60,249.0,0.0,0.0,1.0,700.6148781091666,700.5942920504438,0.02058605872284101,,,735.7445927116888,735.7445927116888,1300.0,True,False,True,,,
SIM_DIR-1784855095,SIM_DIR,capstone_iii_fit_2x,fit_2x,60,60,249.0,0.0,0.0,1.0,700.6148781091666,700.5942920504438,0.02058605872284101,,,770.774307314211,770.774307314211,1300.0,True,False,True,,,
SIM_DIR-1784855095,SIM_DIR,capstone_iii_fit_activity,fit_activity,60,60,249.0,0.0,0.0,1.0,700.6148781091666,700.5942920504438,0.02058605872284101,,,763.7683643937065,763.7683643937065,1300.0,True,False,True,,,
SIM_DIR-1784855095,SIM_DIR,capstone_iii_fit_activity_pvt,fit_activity_pvt,60,60,249.0,0.0,0.0,1.0,700.6148781091666,700.5942920504438,0.02058605872284101,,,784.7861931552198,784.7861931552198,1300.0,True,False,True,,,
SIM_DIR-1784855095,SIM_DIR,capstone_iii_full,full,60,60,249.0,0.0,0.0,1.0,700.6148781091666,700.5942920504438,0.02058605872284101,,,805.8040219167332,805.8040219167332,1300.0,True,False,True,,,
SIM_DIR-1784855095,SIM_DIR,baseline,,61,61,255.0,0.0,0.0,1.0,718.2147675631207,718.1941815043979,0.02058605872284101,1041.411412966525,933.679197832057,,933.679197832057,,True,False,True,,,
SIM_DIR-1784855095,SIM_DIR,capstone_i,,61,61,255.0,0.0,0.0,1.0,718.2147675631207,718.1941815043979,0.02058605872284101,1041.411412966525,933.679197832057,,933.679197832057,1300.0,True,False,True,,,
SIM_DIR-1784855095,SIM_DIR,capstone_ii,,61,61,255.0,0.0,0.0,1.0,718.2147675631207,718.1941815043979,0.02058605872284101,930.3747675631207,850.8147675631208,,850.8147675631208,1300.0,True,False,True,,,
SIM_DIR-1784855095,SIM_DIR,capstone_iii_fit_1x,fit_1x,61,61,255.0,0.0,0.0,1.0,718.2147675631207,718.1941815043979,0.02058605872284101,,,754.2244766383407,754.2244766383407,1300.0,True,False,True,,,
SIM_DIR-1784855095,SIM_DIR,capstone_iii_fit_2x,fit_2x,61,61,255.0,0.0,0.0,1.0,718.2147675631207,718.1941815043979,0.02058605872284101,,,790.1341857135606,790.1341857135606,1300.0,True,False,True,,,
SIM_DIR-1784855095,SIM_DIR,capstone_iii_fit_activity,fit_activity,61,61,255.0,0.0,0.0,1.0,718.2147675631207,718.1941815043979,0.02058605872284101,,,782.9522438985166,782.9522438985166,1300.0,True,False,True,,,
SIM_DIR-1784855095,SIM_DIR,capstone_iii_fit_activity_pvt,fit_activity_pvt,61,61,255.0,0.0,0.0,1.0,718.2147675631207,718.1941815043979,0.02058605872284101,,,804.4980693436485,804.4980693436485,1300.0,True,False,True,,,
SIM_DIR-1784855095,SIM_DIR,capstone_iii_full,full,61,61,255.0,0.0,0.0,1.0,718.2147675631207,718.1941815043979,0.02058605872284101,,,826.0438947887804,826.0438947887804,1300.0,True,False,True,,,
SIM_DIR-1784855095,SIM_DIR,baseline,,62,62,255.0,0.0,0.0,1.0,718.9326206261408,718.9120345674179,0.02058605872284101,1042.452299907904,934.6124068139831,,934.6124068139831,,True,False,True,,,
SIM_DIR-1784855095,SIM_DIR,capstone_i,,62,62,255.0,0.0,0.0,1.0,718.9326206261408,718.9120345674179,0.02058605872284101,1042.452299907904,934.6124068139831,,934.6124068139831,1300.0,True,False,True,,,
SIM_DIR-1784855095,SIM_DIR,capstone_ii,,62,62,255.0,0.0,0.0,1.0,718.9326206261408,718.9120345674179,0.02058605872284101,931.0926206261407,851.5326206261408,,851.5326206261408,1300.0,True,False,True,,,
SIM_DIR-1784855095,SIM_DIR,capstone_iii_fit_1x,fit_1x,62,62,255.0,0.0,0.0,1.0,718.9326206261408,718.9120345674179,0.02058605872284101,,,754.9782223545117,754.9782223545117,1300.0,True,False,True,,,
SIM_DIR-1784855095,SIM_DIR,capstone_iii_fit_2x,fit_2x,62,62,255.0,0.0,0.0,1.0,718.9326206261408,718.9120345674179,0.02058605872284101,,,790.9238240828827,790.9238240828827,1300.0,True,False,True,,,
SIM_DIR-1784855095,SIM_DIR,capstone_iii_fit_activity,fit_activity,62,62,255.0,0.0,0.0,1.0,718.9326206261408,718.9120345674179,0.02058605872284101,,,783.7347037372084,783.7347037372084,1300.0,True,False,True,,,
SIM_DIR-1784855095,SIM_DIR,capstone_iii_fit_activity_pvt,fit_activity_pvt,62,62,255.0,0.0,0.0,1.0,718.9326206261408,718.9120345674179,0.02058605872284101,,,805.302064774231,805.302064774231,1300.0,True,False,True,,,
SIM_DIR-1784855095,SIM_DIR,capstone_iii_full,full,62,62,255.0,0.0,0.0,1.0,718.9326206261408,718.9120345674179,0.02058605872284101,,,826.8694258112536,826.8694258112536,1300.0,True,False,True,,,
SIM_DIR-1784855095,SIM_DIR,baseline,,63,63,257.0,0.0,0.0,1.0,725.2943827852686,725.2737967265457,0.02058605872284101,1051.6768550386394,942.8826976208492,,942.8826976208492,,True,False,True,,,
SIM_DIR-1784855095,SIM_DIR,capstone_i,,63,63,257.0,0.0,0.0,1.0,725.2943827852686,725.2737967265457,0.02058605872284101,1051.6768550386394,942.8826976208492,,942.8826976208492,1300.0,True,False,True,,,
SIM_DIR-1784855095,SIM_DIR,capstone_ii,,63,63,257.0,0.0,0.0,1.0,725.2943827852686,725.2737967265457,0.02058605872284101,939.1183827852685,858.9343827852686,,858.9343827852686,1300.0,True,False,True,,,
SIM_DIR-1784855095,SIM_DIR,capstone_iii_fit_1x,fit_1x,63,63,257.0,0.0,0.0,1.0,725.2943827852686,725.2737967265457,0.02058605872284101,,,761.6580726215959,761.6580726215959,1300.0,True,False,True,,,
SIM_DIR-1784855095,SIM_DIR,capstone_iii_fit_2x,fit_2x,63,63,257.0,0.0,0.0,1.0,725.2943827852686,725.2737967265457,0.02058605872284101,,,797.9217624579231,797.9217624579231,1300.0,True,False,True,,,
SIM_DIR-1784855095,SIM_DIR,capstone_iii_fit_activity,fit_activity,63,63,257.0,0.0,0.0,1.0,725.2943827852686,725.2737967265457,0.02058605872284101,,,790.6690244906578,790.6690244906578,1300.0,True,False,True,,,
SIM_DIR-1784855095,SIM_DIR,capstone_iii_fit_activity_pvt,fit_activity_pvt,63,63,257.0,0.0,0.0,1.0,725.2943827852686,725.2737967265457,0.02058605872284101,,,812.427238392454,812.427238392454,1300.0,True,False,True,,,
SIM_DIR-1784855095,SIM_DIR,capstone_iii_full,full,63,63,257.0,0.0,0.0,1.0,725.2943827852686,725.2737967265457,0.02058605872284101,,,834.1854522942505,834.1854522942505,1300.0,True,False,True,,,
SIM_DIR-1784855095,SIM_DIR,baseline,,64,64,257.0,0.0,0.0,1.0,726.0173735573828,725.99678749866,0.02058605872284101,1052.7251916582052,943.8225856245977,,943.8225856245977,,True,False,True,,,
SIM_DIR-1784855095,SIM_DIR,capstone_i,,64,64,257.0,0.0,0.0,1.0,726.0173735573828,725.99678749866,0.02058605872284101,1052.7251916582052,943.8225856245977,,943.8225856245977,1300.0,True,False,True,,,
SIM_DIR-1784855095,SIM_DIR,capstone_ii,,64,64,257.0,0.0,0.0,1.0,726.0173735573828,725.99678749866,0.02058605872284101,939.8413735573828,859.6573735573828,,859.6573735573828,1300.0,True,False,True,,,
SIM_DIR-1784855095,SIM_DIR,capstone_iii_fit_1x,fit_1x,64,64,257.0,0.0,0.0,1.0,726.0173735573828,725.99678749866,0.02058605872284101,,,762.4172129323159,762.4172129323159,1300.0,True,False,True,,,
SIM_DIR-1784855095,SIM_DIR,capstone_iii_fit_2x,fit_2x,64,64,257.0,0.0,0.0,1.0,726.0173735573828,725.99678749866,0.02058605872284101,,,798.7170523072489,798.7170523072489,1300.0,True,False,True,,,
SIM_DIR-1784855095,SIM_DIR,capstone_iii_fit_activity,fit_activity,64,64,257.0,0.0,0.0,1.0,726.0173735573828,725.99678749866,0.02058605872284101,,,791.4570844322624,791.4570844322624,1300.0,True,False,True,,,
SIM_DIR-1784855095,SIM_DIR,capstone_iii_fit_activity_pvt,fit_activity_pvt,64,64,257.0,0.0,0.0,1.0,726.0173735573828,725.99678749866,0.02058605872284101,,,813.2369880572221,813.2369880572221,1300.0,True,False,True,,,
SIM_DIR-1784855095,SIM_DIR,capstone_iii_full,full,64,64,257.0,0.0,0.0,1.0,726.0173735573828,725.99678749866,0.02058605872284101,,,835.0168916821818,835.0168916821818,1300.0,True,False,True,,,
SIM_DIR-1784855095,SIM_DIR,baseline,,65,65,260.0,0.0,0.0,1.0,735.2232273557622,735.2026412970393,0.02058605872284101,1066.0736796658553,955.7901955624909,,955.7901955624909,,True,False,True,,,
SIM_DIR-1784855095,SIM_DIR,capstone_i,,65,65,260.0,0.0,0.0,1.0,735.2232273557622,735.2026412970393,0.02058605872284101,1066.0736796658553,955.7901955624909,,955.7901955624909,1300.0,True,False,True,,,
SIM_DIR-1784855095,SIM_DIR,capstone_ii,,65,65,260.0,0.0,0.0,1.0,735.2232273557622,735.2026412970393,0.02058605872284101,951.5432273557623,870.4232273557623,,870.4232273557623,1300.0,True,False,True,,,
SIM_DIR-1784855095,SIM_DIR,capstone_iii_fit_1x,fit_1x,65,65,260.0,0.0,0.0,1.0,735.2232273557622,735.2026412970393,0.02058605872284101,,,772.0833594206142,772.0833594206142,1300.0,True,False,True,,,
SIM_DIR-1784855095,SIM_DIR,capstone_iii_fit_2x,fit_2x,65,65,260.0,0.0,0.0,1.0,735.2232273557622,735.2026412970393,0.02058605872284101,,,808.8434914854662,808.8434914854662,1300.0,True,False,True,,,
SIM_DIR-1784855095,SIM_DIR,capstone_iii_fit_activity,fit_activity,65,65,260.0,0.0,0.0,1.0,735.2232273557622,735.2026412970393,0.02058605872284101,,,801.4914650724959,801.4914650724959,1300.0,True,False,True,,,
SIM_DIR-1784855095,SIM_DIR,capstone_iii_fit_activity_pvt,fit_activity_pvt,65,65,260.0,0.0,0.0,1.0,735.2232273557622,735.2026412970393,0.02058605872284101,,,823.5475443114069,823.5475443114069,1300.0,True,False,True,,,
SIM_DIR-1784855095,SIM_DIR,capstone_iii_full,full,65,65,260.0,0.0,0.0,1.0,735.2232273557622,735.2026412970393,0.02058605872284101,,,845.6036235503182,845.6036235503182,1300.0,True,False,True,,,
SIM_DIR-1784855095,SIM_DIR,baseline,,66,66,261.0,0.0,0.0,1.0,738.7846782800804,738.7640922213575,0.02058605872284101,1071.2377835061166,960.4200817641045,,960.4200817641045,,True,False,True,,,
SIM_DIR-1784855095,SIM_DIR,capstone_i,,66,66,261.0,0.0,0.0,1.0,738.7846782800804,738.7640922213575,0.02058605872284101,1071.2377835061166,960.4200817641045,,960.4200817641045,1300.0,True,False,True,,,
SIM_DIR-1784855095,SIM_DIR,capstone_ii,,66,66,261.0,0.0,0.0,1.0,738.7846782800804,738.7640922213575,0.02058605872284101,955.9366782800803,874.5046782800804,,874.5046782800804,1300.0,True,False,True,,,
SIM_DIR-1784855095,SIM_DIR,capstone_iii_fit_1x,fit_1x,66,66,261.0,0.0,0.0,1.0,738.7846782800804,738.7640922213575,0.02058605872284101,,,775.8228828911483,775.8228828911483,1300.0,True,False,True,,,
SIM_DIR-1784855095,SIM_DIR,capstone_iii_fit_2x,fit_2x,66,66,261.0,0.0,0.0,1.0,738.7846782800804,738.7640922213575,0.02058605872284101,,,812.7610875022161,812.7610875022161,1300.0,True,False,True,,,
SIM_DIR-1784855095,SIM_DIR,capstone_iii_fit_activity,fit_activity,66,66,261.0,0.0,0.0,1.0,738.7846782800804,738.7640922213575,0.02058605872284101,,,805.3734465800026,805.3734465800026,1300.0,True,False,True,,,
SIM_DIR-1784855095,SIM_DIR,capstone_iii_fit_activity_pvt,fit_activity_pvt,66,66,261.0,0.0,0.0,1.0,738.7846782800804,738.7640922213575,0.02058605872284101,,,827.5363693466434,827.5363693466434,1300.0,True,False,True,,,
SIM_DIR-1784855095,SIM_DIR,capstone_iii_full,full,66,66,261.0,0.0,0.0,1.0,738.7846782800804,738.7640922213575,0.02058605872284101,,,849.6992921132841,849.6992921132841,1300.0,True,False,True,,,
SIM_DIR-1784855095,SIM_DIR,baseline,,67,67,263.0,0.0,0.0,1.0,745.1848293207846,745.1642432620617,0.02058605872284101,1080.5180025151376,968.74027811702,,968.74027811702,,True,False,True,,,
SIM_DIR-1784855095,SIM_DIR,capstone_i,,67,67,263.0,0.0,0.0,1.0,745.1848293207846,745.1642432620617,0.02058605872284101,1080.5180025151376,968.74027811702,,968.74027811702,1300.0,True,False,True,,,
SIM_DIR-1784855095,SIM_DIR,capstone_ii,,67,67,263.0,0.0,0.0,1.0,745.1848293207846,745.1642432620617,0.02058605872284101,964.0008293207846,881.9448293207846,,881.9448293207846,1300.0,True,False,True,,,
SIM_DIR-1784855095,SIM_DIR,capstone_iii_fit_1x,fit_1x,67,67,263.0,0.0,0.0,1.0,745.1848293207846,745.1642432620617,0.02058605872284101,,,782.5430414838877,782.5430414838877,1300.0,True,False,True,,,
SIM_DIR-1784855095,SIM_DIR,capstone_iii_fit_2x,fit_2x,67,67,263.0,0.0,0.0,1.0,745.1848293207846,745.1642432620617,0.02058605872284101,,,819.8012536469907,819.8012536469907,1300.0,True,False,True,,,
SIM_DIR-1784855095,SIM_DIR,capstone_iii_fit_activity,fit_activity,67,67,263.0,0.0,0.0,1.0,745.1848293207846,745.1642432620617,0.02058605872284101,,,812.3496112143702,812.3496112143702,1300.0,True,False,True,,,
SIM_DIR-1784855095,SIM_DIR,capstone_iii_fit_activity_pvt,fit_activity_pvt,67,67,263.0,0.0,0.0,1.0,745.1848293207846,745.1642432620617,0.02058605872284101,,,834.704538512232,834.704538512232,1300.0,True,False,True,,,
SIM_DIR-1784855095,SIM_DIR,capstone_iii_full,full,67,67,263.0,0.0,0.0,1.0,745.1848293207846,745.1642432620617,0.02058605872284101,,,857.0594658100938,857.0594658100938,1300.0,True,False,True,,,
SIM_DIR-1784855095,SIM_DIR,baseline,,68,68,264.0,0.0,0.0,1.0,748.7598400954532,748.7392540367304,0.02058605872284101,1085.7017681384073,973.3877921240892,,973.3877921240892,,True,False,True,,,
SIM_DIR-1784855095,SIM_DIR,capstone_i,,68,68,264.0,0.0,0.0,1.0,748.7598400954532,748.7392540367304,0.02058605872284101,1085.7017681384073,973.3877921240892,,973.3877921240892,1300.0,True,False,True,,,
SIM_DIR-1784855095,SIM_DIR,capstone_ii,,68,68,264.0,0.0,0.0,1.0,748.7598400954532,748.7392540367304,0.02058605872284101,968.4078400954533,886.0398400954532,,886.0398400954532,1300.0,True,False,True,,,
SIM_DIR-1784855095,SIM_DIR,capstone_iii_fit_1x,fit_1x,68,68,264.0,0.0,0.0,1.0,748.7598400954532,748.7392540367304,0.02058605872284101,,,786.2968027972897,786.2968027972897,1300.0,True,False,True,,,
SIM_DIR-1784855095,SIM_DIR,capstone_iii_fit_2x,fit_2x,68,68,264.0,0.0,0.0,1.0,748.7598400954532,748.7392540367304,0.02058605872284101,,,823.7337654991263,823.7337654991263,1300.0,True,False,True,,,
SIM_DIR-1784855095,SIM_DIR,capstone_iii_fit_activity,fit_activity,68,68,264.0,0.0,0.0,1.0,748.7598400954532,748.7392540367304,0.02058605872284101,,,816.246372958759,816.246372958759,1300.0,True,False,True,,,
SIM_DIR-1784855095,SIM_DIR,capstone_iii_fit_activity_pvt,fit_activity_pvt,68,68,264.0,0.0,0.0,1.0,748.7598400954532,748.7392540367304,0.02058605872284101,,,838.7085505798608,838.7085505798608,1300.0,True,False,True,,,
SIM_DIR-1784855095,SIM_DIR,capstone_iii_full,full,68,68,264.0,0.0,0.0,1.0,748.7598400954532,748.7392540367304,0.02058605872284101,,,861.1707282009628,861.1707282009628,1300.0,True,False,True,,,
SIM_DIR-1784855095,SIM_DIR,baseline,,69,69,265.0,0.0,0.0,1.0,752.3402228202732,752.3196367615503,0.02058605872284101,1090.893323089396,978.0422896663551,,978.0422896663551,,True,False,True,,,
SIM_DIR-1784855095,SIM_DIR,capstone_i,,69,69,265.0,0.0,0.0,1.0,752.3402228202732,752.3196367615503,0.02058605872284101,1090.893323089396,978.0422896663551,,978.0422896663551,1300.0,True,False,True,,,
SIM_DIR-1784855095,SIM_DIR,capstone_ii,,69,69,265.0,0.0,0.0,1.0,752.3402228202732,752.3196367615503,0.02058605872284101,972.8202228202732,890.1402228202732,,890.1402228202732,1300.0,True,False,True,,,
SIM_DIR-1784855095,SIM_DIR,capstone_iii_fit_1x,fit_1x,69,69,265.0,0.0,0.0,1.0,752.3402228202732,752.3196367615503,0.02058605872284101,,,790.0562046583507,790.0562046583507,1300.0,True,False,True,,,
SIM_DIR-1784855095,SIM_DIR,capstone_iii_fit_2x,fit_2x,69,69,265.0,0.0,0.0,1.0,752.3402228202732,752.3196367615503,0.02058605872284101,,,827.6721864964283,827.6721864964283,1300.0,True,False,True,,,
SIM_DIR-1784855095,SIM_DIR,capstone_iii_fit_activity,fit_activity,69,69,265.0,0.0,0.0,1.0,752.3402228202732,752.3196367615503,0.02058605872284101,,,820.1489901288128,820.1489901288128,1300.0,True,False,True,,,
SIM_DIR-1784855095,SIM_DIR,capstone_iii_fit_activity_pvt,fit_activity_pvt,69,69,265.0,0.0,0.0,1.0,752.3402228202732,752.3196367615503,0.02058605872284101,,,842.7185792316592,842.7185792316592,1300.0,True,False,True,,,
SIM_DIR-1784855095,SIM_DIR,capstone_iii_full,full,69,69,265.0,0.0,0.0,1.0,752.3402228202732,752.3196367615503,0.02058605872284101,,,865.2881683345057,865.2881683345057,1300.0,True,False,True,,,
SIM_DIR-1784855095,SIM_DIR,baseline,,70,70,265.0,0.0,0.0,1.0,753.0842263738851,753.0636403151623,0.02058605872284101,1091.9721282421335,979.0094942860508,,979.0094942860508,,True,False,True,,,
SIM_DIR-1784855095,SIM_DIR,capstone_i,,70,70,265.0,0.0,0.0,1.0,753.0842263738851,753.0636403151623,0.02058605872284101,1091.9721282421335,979.0094942860508,,979.0094942860508,1300.0,True,False,True,,,
SIM_DIR-1784855095,SIM_DIR,capstone_ii,,70,70,265.0,0.0,0.0,1.0,753.0842263738851,753.0636403151623,0.02058605872284101,973.5642263738852,890.8842263738851,,890.8842263738851,1300.0,True,False,True,,,
SIM_DIR-1784855095,SIM_DIR,capstone_iii_fit_1x,fit_1x,70,70,265.0,0.0,0.0,1.0,753.0842263738851,753.0636403151623,0.02058605872284101,,,790.8374083896433,790.8374083896433,1300.0,True,False,True,,,
SIM_DIR-1784855095,SIM_DIR,capstone_iii_fit_2x,fit_2x,70,70,265.0,0.0,0.0,1.0,753.0842263738851,753.0636403151623,0.02058605872284101,,,828.4905904054015,828.4905904054015,1300.0,True,False,True,,,
SIM_DIR-1784855095,SIM_DIR,capstone_iii_fit_activity,fit_activity,70,70,265.0,0.0,0.0,1.0,753.0842263738851,753.0636403151623,0.02058605872284101,,,820.9599540022499,820.9599540022499,1300.0,True,False,True,,,
SIM_DIR-1784855095,SIM_DIR,capstone_iii_fit_activity_pvt,fit_activity_pvt,70,70,265.0,0.0,0.0,1.0,753.0842263738851,753.0636403151623,0.02058605872284101,,,843.5518632117046,843.5518632117046,1300.0,True,False,True,,,
SIM_DIR-1784855095,SIM_DIR,capstone_iii_full,full,70,70,265.0,0.0,0.0,1.0,753.0842263738851,753.0636403151623,0.02058605872284101,,,866.1437724211595,866.1437724211595,1300.0,True,False,True,,,
SIM_DIR-1784855095,SIM_DIR,baseline,,71,71,268.0,0.0,0.0,1.0,762.3616542155459,762.341068156823,0.02058605872284101,1105.4243986125414,991.0701504802097,,991.0701504802097,,True,False,True,,,
SIM_DIR-1784855095,SIM_DIR,capstone_i,,71,71,268.0,0.0,0.0,1.0,762.3616542155459,762.341068156823,0.02058605872284101,1105.4243986125414,991.0701504802097,,991.0701504802097,1300.0,True,False,True,,,
SIM_DIR-1784855095,SIM_DIR,capstone_ii,,71,71,268.0,0.0,0.0,1.0,762.3616542155459,762.341068156823,0.02058605872284101,985.3376542155459,901.7216542155459,,901.7216542155459,1300.0,True,False,True,,,
SIM_DIR-1784855095,SIM_DIR,capstone_iii_fit_1x,fit_1x,71,71,268.0,0.0,0.0,1.0,762.3616542155459,762.341068156823,0.02058605872284101,,,800.578707623387,800.578707623387,1300.0,True,False,True,,,
SIM_DIR-1784855095,SIM_DIR,capstone_iii_fit_2x,fit_2x,71,71,268.0,0.0,0.0,1.0,762.3616542155459,762.341068156823,0.02058605872284101,,,838.6957610312281,838.6957610312281,1300.0,True,False,True,,,
SIM_DIR-1784855095,SIM_DIR,capstone_iii_fit_activity,fit_activity,71,71,268.0,0.0,0.0,1.0,762.3616542155459,762.341068156823,0.02058605872284101,,,831.0723503496598,831.0723503496598,1300.0,True,False,True,,,
SIM_DIR-1784855095,SIM_DIR,capstone_iii_fit_activity_pvt,fit_activity_pvt,71,71,268.0,0.0,0.0,1.0,762.3616542155459,762.341068156823,0.02058605872284101,,,853.9425823943646,853.9425823943646,1300.0,True,False,True,,,
SIM_DIR-1784855095,SIM_DIR,capstone_iii_full,full,71,71,268.0,0.0,0.0,1.0,762.3616542155459,762.341068156823,0.02058605872284101,,,876.8128144390693,876.8128144390693,1300.0,True,False,True,,,
SIM_DIR-1784855095,SIM_DIR,baseline,,72,72,273.0,0.0,0.0,1.0,777.3503971283137,777.3298110695908,0.02058605872284101,1127.1580758360549,1010.5555162668079,,1010.5555162668079,,True,False,True,,,
SIM_DIR-1784855095,SIM_DIR,capstone_i,,72,72,273.0,0.0,0.0,1.0,777.3503971283137,777.3298110695908,0.02058605872284101,1127.1580758360549,1010.5555162668079,,1010.5555162668079,1300.0,True,False,True,,,
SIM_DIR-1784855095,SIM_DIR,capstone_ii,,72,72,273.0,0.0,0.0,1.0,777.3503971283137,777.3298110695908,0.02058605872284101,1004.4863971283137,919.3103971283138,,919.3103971283138,1300.0,True,False,True,,,
SIM_DIR-1784855095,SIM_DIR,capstone_iii_fit_1x,fit_1x,72,72,273.0,0.0,0.0,1.0,777.3503971283137,777.3298110695908,0.02058605872284101,,,816.3168876817933,816.3168876817933,1300.0,True,False,True,,,
SIM_DIR-1784855095,SIM_DIR,capstone_iii_fit_2x,fit_2x,72,72,273.0,0.0,0.0,1.0,777.3503971283137,777.3298110695908,0.02058605872284101,,,855.1833782352728,855.1833782352728,1300.0,True,False,True,,,
SIM_DIR-1784855095,SIM_DIR,capstone_iii_fit_activity,fit_activity,72,72,273.0,0.0,0.0,1.0,777.3503971283137,777.3298110695908,0.02058605872284101,,,847.4100801245769,847.4100801245769,1300.0,True,False,True,,,
SIM_DIR-1784855095,SIM_DIR,capstone_iii_fit_activity_pvt,fit_activity_pvt,72,72,273.0,0.0,0.0,1.0,777.3503971283137,777.3298110695908,0.02058605872284101,,,870.7299744566646,870.7299744566646,1300.0,True,False,True,,,
SIM_DIR-1784855095,SIM_DIR,capstone_iii_full,full,72,72,273.0,0.0,0.0,1.0,777.3503971283137,777.3298110695908,0.02058605872284101,,,894.0498687887524,894.0498687887524,1300.0,True,False,True,,,
SIM_DIR-1784855095,SIM_DIR,baseline,,73,73,285.0,0.0,0.0,1.0,812.3181107443609,812.297524685638,0.02058605872284101,1177.8612605793232,1056.0135439676692,,1056.0135439676692,,True,False,True,,,
SIM_DIR-1784855095,SIM_DIR,capstone_i,,73,73,285.0,0.0,0.0,1.0,812.3181107443609,812.297524685638,0.02058605872284101,1177.8612605793232,1056.0135439676692,,1056.0135439676692,1300.0,True,False,True,,,
SIM_DIR-1784855095,SIM_DIR,capstone_ii,,73,73,285.0,0.0,0.0,1.0,812.3181107443609,812.297524685638,0.02058605872284101,1049.438110744361,960.5181107443609,,960.5181107443609,1300.0,True,False,True,,,
SIM_DIR-1784855095,SIM_DIR,capstone_iii_fit_1x,fit_1x,73,73,285.0,0.0,0.0,1.0,812.3181107443609,812.297524685638,0.02058605872284101,,,853.0329869786427,853.0329869786427,1300.0,True,False,True,,,
SIM_DIR-1784855095,SIM_DIR,capstone_iii_fit_2x,fit_2x,73,73,285.0,0.0,0.0,1.0,812.3181107443609,812.297524685638,0.02058605872284101,,,893.6478632129247,893.6478632129247,1300.0,True,False,True,,,
SIM_DIR-1784855095,SIM_DIR,capstone_iii_fit_activity,fit_activity,73,73,285.0,0.0,0.0,1.0,812.3181107443609,812.297524685638,0.02058605872284101,,,885.5248879660684,885.5248879660684,1300.0,True,False,True,,,
SIM_DIR-1784855095,SIM_DIR,capstone_iii_fit_activity_pvt,fit_activity_pvt,73,73,285.0,0.0,0.0,1.0,812.3181107443609,812.297524685638,0.02058605872284101,,,909.8938137066375,909.8938137066375,1300.0,True,False,True,,,
SIM_DIR-1784855095,SIM_DIR,capstone_iii_full,full,73,73,285.0,0.0,0.0,1.0,812.3181107443609,812.297524685638,0.02058605872284101,,,934.2627394472065,934.2627394472065,1300.0,True,False,True,,,
SIM_DIR-1784855095,SIM_DIR,baseline,,74,74,288.0,0.0,0.0,1.0,821.6761341268741,821.6555480681512,0.02058605872284101,1191.4303944839673,1068.1789743649363,,1068.1789743649363,,True,False,True,,,
SIM_DIR-1784855095,SIM_DIR,capstone_i,,74,74,288.0,0.0,0.0,1.0,821.6761341268741,821.6555480681512,0.02058605872284101,1191.4303944839673,1068.1789743649363,,1068.1789743649363,1300.0,True,False,True,,,
SIM_DIR-1784855095,SIM_DIR,capstone_ii,,74,74,288.0,0.0,0.0,1.0,821.6761341268741,821.6555480681512,0.02058605872284101,1061.292134126874,971.4361341268741,,971.4361341268741,1300.0,True,False,True,,,
SIM_DIR-1784855095,SIM_DIR,capstone_iii_fit_1x,fit_1x,74,74,288.0,0.0,0.0,1.0,821.6761341268741,821.6555480681512,0.02058605872284101,,,862.8589115302817,862.8589115302817,1300.0,True,False,True,,,
SIM_DIR-1784855095,SIM_DIR,capstone_iii_fit_2x,fit_2x,74,74,288.0,0.0,0.0,1.0,821.6761341268741,821.6555480681512,0.02058605872284101,,,903.9416889336893,903.9416889336893,1300.0,True,False,True,,,
SIM_DIR-1784855095,SIM_DIR,capstone_iii_fit_activity,fit_activity,74,74,288.0,0.0,0.0,1.0,821.6761341268741,821.6555480681512,0.02058605872284101,,,895.7251334530079,895.7251334530079,1300.0,True,False,True,,,
SIM_DIR-1784855095,SIM_DIR,capstone_iii_fit_activity_pvt,fit_activity_pvt,74,74,288.0,0.0,0.0,1.0,821.6761341268741,821.6555480681512,0.02058605872284101,,,920.3747998950523,920.3747998950523,1300.0,True,False,True,,,
SIM_DIR-1784855095,SIM_DIR,capstone_iii_full,full,74,74,288.0,0.0,0.0,1.0,821.6761341268741,821.6555480681512,0.02058605872284101,,,945.0244663370968,945.0244663370968,1300.0,True,False,True,,,
SIM_DIR-1784855095,SIM_DIR,baseline,,75,75,291.0,0.0,0.0,1.0,831.0507179490343,831.0301318903114,0.02058605872284101,1205.0235410260996,1080.3659333337446,,1080.3659333337446,,True,False,True,,,
SIM_DIR-1784855095,SIM_DIR,capstone_i,,75,75,291.0,0.0,0.0,1.0,831.0507179490343,831.0301318903114,0.02058605872284101,1205.0235410260996,1080.3659333337446,,1080.3659333337446,1300.0,True,False,True,,,
SIM_DIR-1784855095,SIM_DIR,capstone_ii,,75,75,291.0,0.0,0.0,1.0,831.0507179490343,831.0301318903114,0.02058605872284101,1073.1627179490342,982.3707179490343,,982.3707179490343,1300.0,True,False,True,,,
SIM_DIR-1784855095,SIM_DIR,capstone_iii_fit_1x,fit_1x,75,75,291.0,0.0,0.0,1.0,831.0507179490343,831.0301318903114,0.02058605872284101,,,872.7022245435498,872.7022245435498,1300.0,True,False,True,,,
SIM_DIR-1784855095,SIM_DIR,capstone_iii_fit_2x,fit_2x,75,75,291.0,0.0,0.0,1.0,831.0507179490343,831.0301318903114,0.02058605872284101,,,914.2537311380654,914.2537311380654,1300.0,True,False,True,,,
SIM_DIR-1784855095,SIM_DIR,capstone_iii_fit_activity,fit_activity,75,75,291.0,0.0,0.0,1.0,831.0507179490343,831.0301318903114,0.02058605872284101,,,905.9434298191624,905.9434298191624,1300.0,True,False,True,,,
SIM_DIR-1784855095,SIM_DIR,capstone_iii_fit_activity_pvt,fit_activity_pvt,75,75,291.0,0.0,0.0,1.0,831.0507179490343,831.0301318903114,0.02058605872284101,,,930.8743337758716,930.8743337758716,1300.0,True,False,True,,,
SIM_DIR-1784855095,SIM_DIR,capstone_iii_full,full,75,75,291.0,0.0,0.0,1.0,831.0507179490343,831.0301318903114,0.02058605872284101,,,955.805237732581,955.805237732581,1300.0,True,False,True,,,
SIM_DIR-1784855095,SIM_DIR,baseline,,76,76,293.0,0.0,0.0,1.0,837.5832796777204,837.5626936189975,0.02058605872284101,1214.4957555326946,1088.8582635810365,,1088.8582635810365,,True,False,True,,,
SIM_DIR-1784855095,SIM_DIR,capstone_i,,76,76,293.0,0.0,0.0,1.0,837.5832796777204,837.5626936189975,0.02058605872284101,1214.4957555326946,1088.8582635810365,,1088.8582635810365,1300.0,True,False,True,,,
SIM_DIR-1784855095,SIM_DIR,capstone_ii,,76,76,293.0,0.0,0.0,1.0,837.5832796777204,837.5626936189975,0.02058605872284101,1081.3592796777205,989.9432796777204,,989.9432796777204,1300.0,True,False,True,,,
SIM_DIR-1784855095,SIM_DIR,capstone_iii_fit_1x,fit_1x,76,76,293.0,0.0,0.0,1.0,837.5832796777204,837.5626936189975,0.02058605872284101,,,879.5614143586703,879.5614143586703,1300.0,True,False,True,,,
SIM_DIR-1784855095,SIM_DIR,capstone_iii_fit_2x,fit_2x,76,76,293.0,0.0,0.0,1.0,837.5832796777204,837.5626936189975,0.02058605872284101,,,921.4395490396201,921.4395490396201,1300.0,True,False,True,,,
SIM_DIR-1784855095,SIM_DIR,capstone_iii_fit_activity,fit_activity,76,76,293.0,0.0,0.0,1.0,837.5832796777204,837.5626936189975,0.02058605872284101,,,913.0639221034303,913.0639221034303,1300.0,True,False,True,,,
SIM_DIR-1784855095,SIM_DIR,capstone_iii_fit_activity_pvt,fit_activity_pvt,76,76,293.0,0.0,0.0,1.0,837.5832796777204,837.5626936189975,0.02058605872284101,,,938.1908029120001,938.1908029120001,1300.0,True,False,True,,,
SIM_DIR-1784855095,SIM_DIR,capstone_iii_full,full,76,76,293.0,0.0,0.0,1.0,837.5832796777204,837.5626936189975,0.02058605872284101,,,963.31768372057,963.31768372057,1300.0,True,False,True,,,
SIM_DIR-1784855095,SIM_DIR,baseline,,77,77,296.0,0.0,0.0,1.0,846.9881628630013,846.9675768042785,0.02058605872284101,1228.132836151352,1101.0846117219019,,1101.0846117219019,,True,False,True,,,
SIM_DIR-1784855095,SIM_DIR,capstone_i,,77,77,296.0,0.0,0.0,1.0,846.9881628630013,846.9675768042785,0.02058605872284101,1228.132836151352,1101.0846117219019,,1101.0846117219019,1300.0,True,False,True,,,
SIM_DIR-1784855095,SIM_DIR,capstone_ii,,77,77,296.0,0.0,0.0,1.0,846.9881628630013,846.9675768042785,0.02058605872284101,1093.2601628630014,1000.9081628630013,,1000.9081628630013,1300.0,True,False,True,,,
SIM_DIR-1784855095,SIM_DIR,capstone_iii_fit_1x,fit_1x,77,77,296.0,0.0,0.0,1.0,846.9881628630013,846.9675768042785,0.02058605872284101,,,889.4365417032152,889.4365417032152,1300.0,True,False,True,,,
SIM_DIR-1784855095,SIM_DIR,capstone_iii_fit_2x,fit_2x,77,77,296.0,0.0,0.0,1.0,846.9881628630013,846.9675768042785,0.02058605872284101,,,931.7849205434292,931.7849205434292,1300.0,True,False,True,,,
SIM_DIR-1784855095,SIM_DIR,capstone_iii_fit_activity,fit_activity,77,77,296.0,0.0,0.0,1.0,846.9881628630013,846.9675768042785,0.02058605872284101,,,923.3152447753863,923.3152447753863,1300.0,True,False,True,,,
SIM_DIR-1784855095,SIM_DIR,capstone_iii_fit_activity_pvt,fit_activity_pvt,77,77,296.0,0.0,0.0,1.0,846.9881628630013,846.9675768042785,0.02058605872284101,,,948.7242720795147,948.7242720795147,1300.0,True,False,True,,,
SIM_DIR-1784855095,SIM_DIR,capstone_iii_full,full,77,77,296.0,0.0,0.0,1.0,846.9881628630013,846.9675768042785,0.02058605872284101,,,974.133299383643,974.133299383643,1300.0,True,False,True,,,
SIM_DIR-1784855095,SIM_DIR,baseline,,78,78,296.0,0.0,0.0,1.0,847.8170553749126,847.7964693161897,0.02058605872284101,1229.3347302936231,1102.1621719873863,,1102.1621719873863,,True,False,True,,,
SIM_DIR-1784855095,SIM_DIR,capstone_i,,78,78,296.0,0.0,0.0,1.0,847.8170553749126,847.7964693161897,0.02058605872284101,1229.3347302936231,1102.1621719873863,,1102.1621719873863,1300.0,True,False,True,,,
SIM_DIR-1784855095,SIM_DIR,capstone_ii,,78,78,296.0,0.0,0.0,1.0,847.8170553749126,847.7964693161897,0.02058605872284101,1094.0890553749125,1001.7370553749125,,1001.7370553749125,1300.0,True,False,True,,,
SIM_DIR-1784855095,SIM_DIR,capstone_iii_fit_1x,fit_1x,78,78,296.0,0.0,0.0,1.0,847.8170553749126,847.7964693161897,0.02058605872284101,,,890.3068788407221,890.3068788407221,1300.0,True,False,True,,,
SIM_DIR-1784855095,SIM_DIR,capstone_iii_fit_2x,fit_2x,78,78,296.0,0.0,0.0,1.0,847.8170553749126,847.7964693161897,0.02058605872284101,,,932.6967023065316,932.6967023065316,1300.0,True,False,True,,,
SIM_DIR-1784855095,SIM_DIR,capstone_iii_fit_activity,fit_activity,78,78,296.0,0.0,0.0,1.0,847.8170553749126,847.7964693161897,0.02058605872284101,,,924.2187376133697,924.2187376133697,1300.0,True,False,True,,,
SIM_DIR-1784855095,SIM_DIR,capstone_iii_fit_activity_pvt,fit_activity_pvt,78,78,296.0,0.0,0.0,1.0,847.8170553749126,847.7964693161897,0.02058605872284101,,,949.6526316928555,949.6526316928555,1300.0,True,False,True,,,
SIM_DIR-1784855095,SIM_DIR,capstone_iii_full,full,78,78,296.0,0.0,0.0,1.0,847.8170553749126,847.7964693161897,0.02058605872284101,,,975.086525772341,975.086525772341,1300.0,True,False,True,,,
SIM_DIR-1784855095,SIM_DIR,baseline,,79,79,297.0,0.0,0.0,1.0,851.5126624723932,851.4920764136704,0.02058605872284101,1234.6933605849702,1106.9664612141112,,1106.9664612141112,,True,False,True,,,
SIM_DIR-1784855095,SIM_DIR,capstone_i,,79,79,297.0,0.0,0.0,1.0,851.5126624723932,851.4920764136704,0.02058605872284101,1234.6933605849702,1106.9664612141112,,1106.9664612141112,1300.0,True,False,True,,,
SIM_DIR-1784855095,SIM_DIR,capstone_ii,,79,79,297.0,0.0,0.0,1.0,851.5126624723932,851.4920764136704,0.02058605872284101,1098.6166624723933,1005.9526624723933,,1005.9526624723933,1300.0,True,False,True,,,
SIM_DIR-1784855095,SIM_DIR,capstone_iii_fit_1x,fit_1x,79,79,297.0,0.0,0.0,1.0,851.5126624723932,851.4920764136704,0.02058605872284101,,,894.1872662930767,894.1872662930767,1300.0,True,False,True,,,
SIM_DIR-1784855095,SIM_DIR,capstone_iii_fit_2x,fit_2x,79,79,297.0,0.0,0.0,1.0,851.5126624723932,851.4920764136704,0.02058605872284101,,,936.7618701137602,936.7618701137602,1300.0,True,False,True,,,
SIM_DIR-1784855095,SIM_DIR,capstone_iii_fit_activity,fit_activity,79,79,297.0,0.0,0.0,1.0,851.5126624723932,851.4920764136704,0.02058605872284101,,,928.2469493496236,928.2469493496236,1300.0,True,False,True,,,
SIM_DIR-1784855095,SIM_DIR,capstone_iii_fit_activity_pvt,fit_activity_pvt,79,79,297.0,0.0,0.0,1.0,851.5126624723932,851.4920764136704,0.02058605872284101,,,953.7917116420336,953.7917116420336,1300.0,True,False,True,,,
SIM_DIR-1784855095,SIM_DIR,capstone_iii_full,full,79,79,297.0,0.0,0.0,1.0,851.5126624723932,851.4920764136704,0.02058605872284101,,,979.3364739344438,979.3364739344438,1300.0,True,False,True,,,
SIM_DIR-1784855095,SIM_DIR,baseline,,80,80,298.0,0.0,0.0,1.0,855.2136058840994,855.1930198253765,0.02058605872284101,1240.059728531944,1111.7776876493292,,1111.7776876493292,,True,False,True,,,
SIM_DIR-1784855095,SIM_DIR,capstone_i,,80,80,298.0,0.0,0.0,1.0,855.2136058840994,855.1930198253765,0.02058605872284101,1240.059728531944,1111.7776876493292,,1111.7776876493292,1300.0,True,False,True,,,
SIM_DIR-1784855095,SIM_DIR,capstone_ii,,80,80,298.0,0.0,0.0,1.0,855.2136058840994,855.1930198253765,0.02058605872284101,1103.1496058840994,1010.1736058840994,,1010.1736058840994,1300.0,True,False,True,,,
SIM_DIR-1784855095,SIM_DIR,capstone_iii_fit_1x,fit_1x,80,80,298.0,0.0,0.0,1.0,855.2136058840994,855.1930198253765,0.02058605872284101,,,898.0732568753682,898.0732568753682,1300.0,True,False,True,,,
SIM_DIR-1784855095,SIM_DIR,capstone_iii_fit_2x,fit_2x,80,80,298.0,0.0,0.0,1.0,855.2136058840994,855.1930198253765,0.02058605872284101,,,940.832907866637,940.832907866637,1300.0,True,False,True,,,
SIM_DIR-1784855095,SIM_DIR,capstone_iii_fit_activity,fit_activity,80,80,298.0,0.0,0.0,1.0,855.2136058840994,855.1930198253765,0.02058605872284101,,,932.2809776683833,932.2809776683833,1300.0,True,False,True,,,
SIM_DIR-1784855095,SIM_DIR,capstone_iii_fit_activity_pvt,fit_activity_pvt,80,80,298.0,0.0,0.0,1.0,855.2136058840994,855.1930198253765,0.02058605872284101,,,957.9367682631445,957.9367682631445,1300.0,True,False,True,,,
SIM_DIR-1784855095,SIM_DIR,capstone_iii_full,full,80,80,298.0,0.0,0.0,1.0,855.2136058840994,855.1930198253765,0.02058605872284101,,,983.5925588579058,983.5925588579058,1300.0,True,False,True,,,
SIM_DIR-1784855095,SIM_DIR,baseline,,81,81,300.0,0.0,0.0,1.0,861.7924572015991,861.7718711428762,0.02058605872284101,1249.5990629423186,1120.3301943620788,,1120.3301943620788,,True,False,True,,,
SIM_DIR-1784855095,SIM_DIR,capstone_i,,81,81,300.0,0.0,0.0,1.0,861.7924572015991,861.7718711428762,0.02058605872284101,1249.5990629423186,1120.3301943620788,,1120.3301943620788,1300.0,True,False,True,,,
SIM_DIR-1784855095,SIM_DIR,capstone_ii,,81,81,300.0,0.0,0.0,1.0,861.7924572015991,861.7718711428762,0.02058605872284101,1111.392457201599,1017.7924572015991,,1017.7924572015991,1300.0,True,False,True,,,
SIM_DIR-1784855095,SIM_DIR,capstone_iii_fit_1x,fit_1x,81,81,300.0,0.0,0.0,1.0,861.7924572015991,861.7718711428762,0.02058605872284101,,,904.9810507587429,904.9810507587429,1300.0,True,False,True,,,
SIM_DIR-1784855095,SIM_DIR,capstone_iii_fit_2x,fit_2x,81,81,300.0,0.0,0.0,1.0,861.7924572015991,861.7718711428762,0.02058605872284101,,,948.0696443158866,948.0696443158866,1300.0,True,False,True,,,
SIM_DIR-1784855095,SIM_DIR,capstone_iii_fit_activity,fit_activity,81,81,300.0,0.0,0.0,1.0,861.7924572015991,861.7718711428762,0.02058605872284101,,,939.451925604458,939.451925604458,1300.0,True,False,True,,,
SIM_DIR-1784855095,SIM_DIR,capstone_iii_fit_activity_pvt,fit_activity_pvt,81,81,300.0,0.0,0.0,1.0,861.7924572015991,861.7718711428762,0.02058605872284101,,,965.3050817387442,965.3050817387442,1300.0,True,False,True,,,
SIM_DIR-1784855095,SIM_DIR,capstone_iii_full,full,81,81,300.0,0.0,0.0,1.0,861.7924572015991,861.7718711428762,0.02058605872284101,,,991.1582378730304,991.1582378730304,1300.0,True,False,True,,,
SIM_DIR-1784855095,SIM_DIR,baseline,,82,82,304.0,0.0,0.0,1.0,874.1329752162941,874.1123891575712,0.02058605872284101,1267.4928140636264,1136.3728677811823,,1136.3728677811823,,True,False,True,,,
SIM_DIR-1784855095,SIM_DIR,capstone_i,,82,82,304.0,0.0,0.0,1.0,874.1329752162941,874.1123891575712,0.02058605872284101,1267.4928140636264,1136.3728677811823,,1136.3728677811823,1300.0,True,False,True,,,
SIM_DIR-1784855095,SIM_DIR,capstone_ii,,82,82,304.0,0.0,0.0,1.0,874.1329752162941,874.1123891575712,0.02058605872284101,1127.060975216294,1032.2129752162941,,1032.2129752162941,1300.0,True,False,True,,,
SIM_DIR-1784855095,SIM_DIR,capstone_iii_fit_1x,fit_1x,82,82,304.0,0.0,0.0,1.0,874.1329752162941,874.1123891575712,0.02058605872284101,,,917.9385946741727,917.9385946741727,1300.0,True,False,True,,,
SIM_DIR-1784855095,SIM_DIR,capstone_iii_fit_2x,fit_2x,82,82,304.0,0.0,0.0,1.0,874.1329752162941,874.1123891575712,0.02058605872284101,,,961.6442141320513,961.6442141320513,1300.0,True,False,True,,,
SIM_DIR-1784855095,SIM_DIR,capstone_iii_fit_activity,fit_activity,82,82,304.0,0.0,0.0,1.0,874.1329752162941,874.1123891575712,0.02058605872284101,,,952.9030902404755,952.9030902404755,1300.0,True,False,True,,,
SIM_DIR-1784855095,SIM_DIR,capstone_iii_fit_activity_pvt,fit_activity_pvt,82,82,304.0,0.0,0.0,1.0,874.1329752162941,874.1123891575712,0.02058605872284101,,,979.1264619152026,979.1264619152026,1300.0,True,False,True,,,
SIM_DIR-1784855095,SIM_DIR,capstone_iii_full,full,82,82,304.0,0.0,0.0,1.0,874.1329752162941,874.1123891575712,0.02058605872284101,,,1005.3498335899297,1005.3498335899297,1300.0,True,False,True,,,
SIM_DIR-1784855095,SIM_DIR,baseline,,83,83,307.0,0.0,0.0,1.0,883.6174347188111,883.5968486600882,0.02058605872284101,1281.245280342276,1148.7026651344545,,1148.7026651344545,,True,False,True,,,
SIM_DIR-1784855095,SIM_DIR,capstone_i,,83,83,307.0,0.0,0.0,1.0,883.6174347188111,883.5968486600882,0.02058605872284101,1281.245280342276,1148.7026651344545,,1148.7026651344545,1300.0,True,False,True,,,
SIM_DIR-1784855095,SIM_DIR,capstone_ii,,83,83,307.0,0.0,0.0,1.0,883.6174347188111,883.5968486600882,0.02058605872284101,1139.0414347188112,1043.257434718811,,1043.257434718811,1300.0,True,False,True,,,
SIM_DIR-1784855095,SIM_DIR,capstone_iii_fit_1x,fit_1x,83,83,307.0,0.0,0.0,1.0,883.6174347188111,883.5968486600882,0.02058605872284101,,,927.8972771518154,927.8972771518154,1300.0,True,False,True,,,
SIM_DIR-1784855095,SIM_DIR,capstone_iii_fit_2x,fit_2x,83,83,307.0,0.0,0.0,1.0,883.6174347188111,883.5968486600882,0.02058605872284101,,,972.0771195848198,972.0771195848198,1300.0,True,False,True,,,
SIM_DIR-1784855095,SIM_DIR,capstone_iii_fit_activity,fit_activity,83,83,307.0,0.0,0.0,1.0,883.6174347188111,883.5968486600882,0.02058605872284101,,,963.241151098219,963.241151098219,1300.0,True,False,True,,,
SIM_DIR-1784855095,SIM_DIR,capstone_iii_fit_activity_pvt,fit_activity_pvt,83,83,307.0,0.0,0.0,1.0,883.6174347188111,883.5968486600882,0.02058605872284101,,,989.7490565580217,989.7490565580217,1300.0,True,False,True,,,
SIM_DIR-1784855095,SIM_DIR,capstone_iii_full,full,83,83,307.0,0.0,0.0,1.0,883.6174347188111,883.5968486600882,0.02058605872284101,,,1016.2569620178242,1016.2569620178242,1300.0,True,False,True,,,
SIM_DIR-1784855095,SIM_DIR,baseline,,84,84,307.0,0.0,0.0,1.0,884.4755200689531,884.4549340102302,0.02058605872284101,1282.489504099982,1149.818176089639,,1149.818176089639,,True,False,True,,,
SIM_DIR-1784855095,SIM_DIR,capstone_i,,84,84,307.0,0.0,0.0,1.0,884.4755200689531,884.4549340102302,0.02058605872284101,1282.489504099982,1149.818176089639,,1149.818176089639,1300.0,True,False,True,,,
SIM_DIR-1784855095,SIM_DIR,capstone_ii,,84,84,307.0,0.0,0.0,1.0,884.4755200689531,884.4549340102302,0.02058605872284101,1139.899520068953,1044.1155200689532,,1044.1155200689532,1300.0,True,False,True,,,
SIM_DIR-1784855095,SIM_DIR,capstone_iii_fit_1x,fit_1x,84,84,307.0,0.0,0.0,1.0,884.4755200689531,884.4549340102302,0.02058605872284101,,,928.7982667694646,928.7982667694646,1300.0,True,False,True,,,
SIM_DIR-1784855095,SIM_DIR,capstone_iii_fit_2x,fit_2x,84,84,307.0,0.0,0.0,1.0,884.4755200689531,884.4549340102302,0.02058605872284101,,,973.021013469976,973.021013469976,1300.0,True,False,True,,,
SIM_DIR-1784855095,SIM_DIR,capstone_iii_fit_activity,fit_activity,84,84,307.0,0.0,0.0,1.0,884.4755200689531,884.4549340102302,0.02058605872284101,,,964.1764641298738,964.1764641298738,1300.0,True,False,True,,,
SIM_DIR-1784855095,SIM_DIR,capstone_iii_fit_activity_pvt,fit_activity_pvt,84,84,307.0,0.0,0.0,1.0,884.4755200689531,884.4549340102302,0.02058605872284101,,,990.7101121501806,990.7101121501806,1300.0,True,False,True,,,
SIM_DIR-1784855095,SIM_DIR,capstone_iii_full,full,84,84,307.0,0.0,0.0,1.0,884.4755200689531,884.4549340102302,0.02058605872284101,,,1017.2437601704875,1017.2437601704875,1300.0,True,False,True,,,
SIM_DIR-1784855095,SIM_DIR,baseline,,85,85,310.0,0.0,0.0,1.0,893.9846064196975,893.9640203609746,0.02058605872284101,1296.2776793085613,1162.1799883456067,,1162.1799883456067,,True,False,True,,,
SIM_DIR-1784855095,SIM_DIR,capstone_i,,85,85,310.0,0.0,0.0,1.0,893.9846064196975,893.9640203609746,0.02058605872284101,1296.2776793085613,1162.1799883456067,,1162.1799883456067,1300.0,True,False,True,,,
SIM_DIR-1784855095,SIM_DIR,capstone_ii,,85,85,310.0,0.0,0.0,1.0,893.9846064196975,893.9640203609746,0.02058605872284101,1151.9046064196975,1055.1846064196975,,1055.1846064196975,1300.0,True,False,True,,,
SIM_DIR-1784855095,SIM_DIR,capstone_iii_fit_1x,fit_1x,85,85,310.0,0.0,0.0,1.0,893.9846064196975,893.9640203609746,0.02058605872284101,,,938.7828074377461,938.7828074377461,1300.0,True,False,True,,,
SIM_DIR-1784855095,SIM_DIR,capstone_iii_fit_2x,fit_2x,85,85,310.0,0.0,0.0,1.0,893.9846064196975,893.9640203609746,0.02058605872284101,,,983.4810084557948,983.4810084557948,1300.0,True,False,True,,,
SIM_DIR-1784855095,SIM_DIR,capstone_iii_fit_activity,fit_activity,85,85,310.0,0.0,0.0,1.0,893.9846064196975,893.9640203609746,0.02058605872284101,,,974.5413682521852,974.5413682521852,1300.0,True,False,True,,,
SIM_DIR-1784855095,SIM_DIR,capstone_iii_fit_activity_pvt,fit_activity_pvt,85,85,310.0,0.0,0.0,1.0,893.9846064196975,893.9640203609746,0.02058605872284101,,,1001.3602888630143,1001.3602888630143,1300.0,True,False,True,,,
SIM_DIR-1784855095,SIM_DIR,capstone_iii_full,full,85,85,310.0,0.0,0.0,1.0,893.9846064196975,893.9640203609746,0.02058605872284101,,,1028.1792094738432,1028.1792094738432,1300.0,True,False,True,,,
SIM_DIR-1784855095,SIM_DIR,baseline,,86,86,313.0,0.0,0.0,1.0,903.5101905024716,903.4896044437487,0.02058605872284101,1310.0897762285838,1174.563247653213,,1174.563247653213,,True,False,True,,,
SIM_DIR-1784855095,SIM_DIR,capstone_i,,86,86,313.0,0.0,0.0,1.0,903.5101905024716,903.4896044437487,0.02058605872284101,1310.0897762285838,1174.563247653213,,1174.563247653213,1300.0,True,False,True,,,
SIM_DIR-1784855095,SIM_DIR,capstone_ii,,86,86,313.0,0.0,0.0,1.0,903.5101905024716,903.4896044437487,0.02058605872284101,1163.9261905024716,1066.2701905024715,,1066.2701905024715,1300.0,True,False,True,,,
SIM_DIR-1784855095,SIM_DIR,capstone_iii_fit_1x,fit_1x,86,86,313.0,0.0,0.0,1.0,903.5101905024716,903.4896044437487,0.02058605872284101,,,948.784670724659,948.784670724659,1300.0,True,False,True,,,
SIM_DIR-1784855095,SIM_DIR,capstone_iii_fit_2x,fit_2x,86,86,313.0,0.0,0.0,1.0,903.5101905024716,903.4896044437487,0.02058605872284101,,,993.9591509468464,993.9591509468464,1300.0,True,False,True,,,
SIM_DIR-1784855095,SIM_DIR,capstone_iii_fit_activity,fit_activity,86,86,313.0,0.0,0.0,1.0,903.5101905024716,903.4896044437487,0.02058605872284101,,,984.9242549024091,984.9242549024091,1300.0,True,False,True,,,
SIM_DIR-1784855095,SIM_DIR,capstone_iii_fit_activity_pvt,fit_activity_pvt,86,86,313.0,0.0,0.0,1.0,903.5101905024716,903.4896044437487,0.02058605872284101,,,1012.0289430357215,1012.0289430357215,1300.0,True,False,True,,,
SIM_DIR-1784855095,SIM_DIR,capstone_iii_full,full,86,86,313.0,0.0,0.0,1.0,903.5101905024716,903.4896044437487,0.02058605872284101,,,1039.1336311690336,1039.1336311690336,1300.0,True,False,True,,,
SIM_DIR-1784855095,SIM_DIR,baseline,,87,87,313.0,0.0,0.0,1.0,904.3842437077503,904.3636576490275,0.02058605872284101,1311.3571533762379,1175.6995168200754,,1175.6995168200754,,True,False,True,,,
SIM_DIR-1784855095,SIM_DIR,capstone_i,,87,87,313.0,0.0,0.0,1.0,904.3842437077503,904.3636576490275,0.02058605872284101,1311.3571533762379,1175.6995168200754,,1175.6995168200754,1300.0,True,False,True,,,
SIM_DIR-1784855095,SIM_DIR,capstone_ii,,87,87,313.0,0.0,0.0,1.0,904.3842437077503,904.3636576490275,0.02058605872284101,1164.8002437077503,1067.1442437077503,,1067.1442437077503,1300.0,True,False,True,,,
SIM_DIR-1784855095,SIM_DIR,capstone_iii_fit_1x,fit_1x,87,87,313.0,0.0,0.0,1.0,904.3842437077503,904.3636576490275,0.02058605872284101,,,949.7024265902016,949.7024265902016,1300.0,True,False,True,,,
SIM_DIR-1784855095,SIM_DIR,capstone_iii_fit_2x,fit_2x,87,87,313.0,0.0,0.0,1.0,904.3842437077503,904.3636576490275,0.02058605872284101,,,994.920609472653,994.920609472653,1300.0,True,False,True,,,
SIM_DIR-1784855095,SIM_DIR,capstone_iii_fit_activity,fit_activity,87,87,313.0,0.0,0.0,1.0,904.3842437077503,904.3636576490275,0.02058605872284101,,,985.8769728961629,985.8769728961629,1300.0,True,False,True,,,
SIM_DIR-1784855095,SIM_DIR,capstone_iii_fit_activity_pvt,fit_activity_pvt,87,87,313.0,0.0,0.0,1.0,904.3842437077503,904.3636576490275,0.02058605872284101,,,1013.0078826256336,1013.0078826256336,1300.0,True,False,True,,,
SIM_DIR-1784855095,SIM_DIR,capstone_iii_full,full,87,87,313.0,0.0,0.0,1.0,904.3842437077503,904.3636576490275,0.02058605872284101,,,1040.1387923551042,1040.1387923551042,1300.0,True,False,True,,,
SIM_DIR-1784855095,SIM_DIR,baseline,,88,88,317.0,0.0,0.0,1.0,916.8265617503791,916.8059756916563,0.02058605872284101,1329.3985145380498,1191.8745302754928,,1191.8745302754928,,True,False,True,,,
SIM_DIR-1784855095,SIM_DIR,capstone_i,,88,88,317.0,0.0,0.0,1.0,916.8265617503791,916.8059756916563,0.02058605872284101,1329.3985145380498,1191.8745302754928,,1191.8745302754928,1300.0,True,False,True,,,
SIM_DIR-1784855095,SIM_DIR,capstone_ii,,88,88,317.0,0.0,0.0,1.0,916.8265617503791,916.8059756916563,0.02058605872284101,1180.570561750379,1081.666561750379,,1081.666561750379,1300.0,True,False,True,,,
SIM_DIR-1784855095,SIM_DIR,capstone_iii_fit_1x,fit_1x,88,88,317.0,0.0,0.0,1.0,916.8265617503791,916.8059756916563,0.02058605872284101,,,962.7668605349619,962.7668605349619,1300.0,True,False,True,,,
SIM_DIR-1784855095,SIM_DIR,capstone_iii_fit_2x,fit_2x,88,88,317.0,0.0,0.0,1.0,916.8265617503791,916.8059756916563,0.02058605872284101,,,1008.6071593195447,1008.6071593195447,1300.0,True,False,True,,,
SIM_DIR-1784855095,SIM_DIR,capstone_iii_fit_activity,fit_activity,88,88,317.0,0.0,0.0,1.0,916.8265617503791,916.8059756916563,0.02058605872284101,,,999.4390995626281,999.4390995626281,1300.0,True,False,True,,,
SIM_DIR-1784855095,SIM_DIR,capstone_iii_fit_activity_pvt,fit_activity_pvt,88,88,317.0,0.0,0.0,1.0,916.8265617503791,916.8059756916563,0.02058605872284101,,,1026.9432788333777,1026.9432788333777,1300.0,True,False,True,,,
SIM_DIR-1784855095,SIM_DIR,capstone_iii_full,full,88,88,317.0,0.0,0.0,1.0,916.8265617503791,916.8059756916563,0.02058605872284101,,,1054.4474581041272,1054.4474581041272,1300.0,True,False,True,,,
SIM_DIR-1784855095,SIM_DIR,baseline,,89,89,318.0,0.0,0.0,1.0,920.6061731266246,920.5855870679018,0.02058605872284101,1334.8789510336057,1196.7880250646122,,1196.7880250646122,,True,False,True,,,
SIM_DIR-1784855095,SIM_DIR,capstone_i,,89,89,318.0,0.0,0.0,1.0,920.6061731266246,920.5855870679018,0.02058605872284101,1334.8789510336057,1196.7880250646122,,1196.7880250646122,1300.0,True,False,True,,,
SIM_DIR-1784855095,SIM_DIR,capstone_ii,,89,89,318.0,0.0,0.0,1.0,920.6061731266246,920.5855870679018,0.02058605872284101,1185.1821731266245,1085.9661731266247,,1085.9661731266247,1300.0,True,False,True,,,
SIM_DIR-1784855095,SIM_DIR,capstone_iii_fit_1x,fit_1x,89,89,318.0,0.0,0.0,1.0,920.6061731266246,920.5855870679018,0.02058605872284101,,,966.7354524800198,966.7354524800198,1300.0,True,False,True,,,
SIM_DIR-1784855095,SIM_DIR,capstone_iii_fit_2x,fit_2x,89,89,318.0,0.0,0.0,1.0,920.6061731266246,920.5855870679018,0.02058605872284101,,,1012.7647318334149,1012.7647318334149,1300.0,True,False,True,,,
SIM_DIR-1784855095,SIM_DIR,capstone_iii_fit_activity,fit_activity,89,89,318.0,0.0,0.0,1.0,920.6061731266246,920.5855870679018,0.02058605872284101,,,1003.5588759627359,1003.5588759627359,1300.0,True,False,True,,,
SIM_DIR-1784855095,SIM_DIR,capstone_iii_fit_activity_pvt,fit_activity_pvt,89,89,318.0,0.0,0.0,1.0,920.6061731266246,920.5855870679018,0.02058605872284101,,,1031.1764435747727,1031.1764435747727,1300.0,True,False,True,,,
SIM_DIR-1784855095,SIM_DIR,capstone_iii_full,full,89,89,318.0,0.0,0.0,1.0,920.6061731266246,920.5855870679018,0.02058605872284101,,,1058.79401118681,1058.79401118681,1300.0,True,False,True,,,
SIM_DIR-1784855095,SIM_DIR,baseline,,90,90,318.0,0.0,0.0,1.0,921.493385732929,921.4727996742062,0.02058605872284101,1336.165409312747,1197.9414014528077,,1197.9414014528077,,True,False,True,,,
SIM_DIR-1784855095,SIM_DIR,capstone_i,,90,90,318.0,0.0,0.0,1.0,921.493385732929,921.4727996742062,0.02058605872284101,1336.165409312747,1197.9414014528077,,1197.9414014528077,1300.0,True,False,True,,,
SIM_DIR-1784855095,SIM_DIR,capstone_ii,,90,90,318.0,0.0,0.0,1.0,921.493385732929,921.4727996742062,0.02058605872284101,1186.069385732929,1086.853385732929,,1086.853385732929,1300.0,True,False,True,,,
SIM_DIR-1784855095,SIM_DIR,capstone_iii_fit_1x,fit_1x,90,90,318.0,0.0,0.0,1.0,921.493385732929,921.4727996742062,0.02058605872284101,,,967.6670257166393,967.6670257166393,1300.0,True,False,True,,,
SIM_DIR-1784855095,SIM_DIR,capstone_iii_fit_2x,fit_2x,90,90,318.0,0.0,0.0,1.0,921.493385732929,921.4727996742062,0.02058605872284101,,,1013.7406657003496,1013.7406657003496,1300.0,True,False,True,,,
SIM_DIR-1784855095,SIM_DIR,capstone_iii_fit_activity,fit_activity,90,90,318.0,0.0,0.0,1.0,921.493385732929,921.4727996742062,0.02058605872284101,,,1004.5259377036076,1004.5259377036076,1300.0,True,False,True,,,
SIM_DIR-1784855095,SIM_DIR,capstone_iii_fit_activity_pvt,fit_activity_pvt,90,90,318.0,0.0,0.0,1.0,921.493385732929,921.4727996742062,0.02058605872284101,,,1032.1701216938336,1032.1701216938336,1300.0,True,False,True,,,
SIM_DIR-1784855095,SIM_DIR,capstone_iii_full,full,90,90,318.0,0.0,0.0,1.0,921.493385732929,921.4727996742062,0.02058605872284101,,,1059.8143056840597,1059.8143056840597,1300.0,True,False,True,,,
SIM_DIR-1784855095,SIM_DIR,baseline,,91,91,319.0,0.0,0.0,1.0,925.2808356736507,925.2602496149278,0.02058605872284101,1341.6572117267935,1202.865086375746,,1202.865086375746,,True,False,True,,,
SIM_DIR-1784855095,SIM_DIR,capstone_i,,91,91,319.0,0.0,0.0,1.0,925.2808356736507,925.2602496149278,0.02058605872284101,1341.6572117267935,1202.865086375746,,1202.865086375746,1300.0,True,False,True,,,
SIM_DIR-1784855095,SIM_DIR,capstone_ii,,91,91,319.0,0.0,0.0,1.0,925.2808356736507,925.2602496149278,0.02058605872284101,1190.6888356736508,1091.1608356736506,,1091.1608356736506,1300.0,True,False,True,,,
SIM_DIR-1784855095,SIM_DIR,capstone_iii_fit_1x,fit_1x,91,91,319.0,0.0,0.0,1.0,925.2808356736507,925.2602496149278,0.02058605872284101,,,971.6438481543971,971.6438481543971,1300.0,True,False,True,,,
SIM_DIR-1784855095,SIM_DIR,capstone_iii_fit_2x,fit_2x,91,91,319.0,0.0,0.0,1.0,925.2808356736507,925.2602496149278,0.02058605872284101,,,1017.9068606351435,1017.9068606351435,1300.0,True,False,True,,,
SIM_DIR-1784855095,SIM_DIR,capstone_iii_fit_activity,fit_activity,91,91,319.0,0.0,0.0,1.0,925.2808356736507,925.2602496149278,0.02058605872284101,,,1008.6542581389944,1008.6542581389944,1300.0,True,False,True,,,
SIM_DIR-1784855095,SIM_DIR,capstone_iii_fit_activity_pvt,fit_activity_pvt,91,91,319.0,0.0,0.0,1.0,925.2808356736507,925.2602496149278,0.02058605872284101,,,1036.412065627442,1036.412065627442,1300.0,True,False,True,,,
SIM_DIR-1784855095,SIM_DIR,capstone_iii_full,full,91,91,319.0,0.0,0.0,1.0,925.2808356736507,925.2602496149278,0.02058605872284101,,,1064.1698731158897,1064.1698731158897,1300.0,True,False,True,,,
SIM_DIR-1784855095,SIM_DIR,baseline,,92,92,330.0,0.0,0.0,1.0,958.1065051995829,958.08591914086,0.02058605872284101,1389.254432539395,1245.5384567594579,,1245.5384567594579,,True,False,True,,,
SIM_DIR-1784855095,SIM_DIR,capstone_i,,92,92,330.0,0.0,0.0,1.0,958.1065051995829,958.08591914086,0.02058605872284101,1389.254432539395,1245.5384567594579,,1245.5384567594579,1300.0,True,False,True,,,
SIM_DIR-1784855095,SIM_DIR,capstone_ii,,92,92,330.0,0.0,0.0,1.0,958.1065051995829,958.08591914086,0.02058605872284101,1232.6665051995828,1129.7065051995828,,1129.7065051995828,1300.0,True,False,True,,,
SIM_DIR-1784855095,SIM_DIR,capstone_iii_fit_1x,fit_1x,92,92,330.0,0.0,0.0,1.0,958.1065051995829,958.08591914086,0.02058605872284101,,,1006.1108011566258,1006.1108011566258,1300.0,True,False,True,,,
SIM_DIR-1784855095,SIM_DIR,capstone_iii_fit_2x,fit_2x,92,92,330.0,0.0,0.0,1.0,958.1065051995829,958.08591914086,0.02058605872284101,,,1054.0150971136686,1054.0150971136686,1300.0,True,False,True,,,
SIM_DIR-1784855095,SIM_DIR,capstone_iii_fit_activity,fit_activity,92,92,330.0,0.0,0.0,1.0,958.1065051995829,958.08591914086,0.02058605872284101,,,1044.43423792226,1044.43423792226,1300.0,True,False,True,,,
SIM_DIR-1784855095,SIM_DIR,capstone_iii_fit_activity_pvt,fit_activity_pvt,92,92,330.0,0.0,0.0,1.0,958.1065051995829,958.08591914086,0.02058605872284101,,,1073.176815496486,1073.176815496486,1300.0,True,False,True,,,
SIM_DIR-1784855095,SIM_DIR,capstone_iii_full,full,92,92,330.0,0.0,0.0,1.0,958.1065051995829,958.08591914086,0.02058605872284101,,,1101.9193930707117,1101.9193930707117,1300.0,True,False,True,,,
SIM_DIR-1784855095,SIM_DIR,baseline,,93,93,330.0,0.0,0.0,1.0,959.026376617027,959.0057905583042,0.02058605872284101,1390.588246094689,1246.7342896021353,,1246.7342896021353,,True,False,True,,,
SIM_DIR-1784855095,SIM_DIR,capstone_i,,93,93,330.0,0.0,0.0,1.0,959.026376617027,959.0057905583042,0.02058605872284101,1390.588246094689,1246.7342896021353,,1246.7342896021353,1300.0,True,False,True,,,
SIM_DIR-1784855095,SIM_DIR,capstone_ii,,93,93,330.0,0.0,0.0,1.0,959.026376617027,959.0057905583042,0.02058605872284101,1233.586376617027,1130.626376617027,,1130.626376617027,1300.0,True,False,True,,,
SIM_DIR-1784855095,SIM_DIR,capstone_iii_fit_1x,fit_1x,93,93,330.0,0.0,0.0,1.0,959.026376617027,959.0057905583042,0.02058605872284101,,,1007.0766661449422,1007.0766661449422,1300.0,True,False,True,,,
SIM_DIR-1784855095,SIM_DIR,capstone_iii_fit_2x,fit_2x,93,93,330.0,0.0,0.0,1.0,959.026376617027,959.0057905583042,0.02058605872284101,,,1055.0269556728572,1055.0269556728572,1300.0,True,False,True,,,
SIM_DIR-1784855095,SIM_DIR,capstone_iii_fit_activity,fit_activity,93,93,330.0,0.0,0.0,1.0,959.026376617027,959.0057905583042,0.02058605872284101,,,1045.436897767274,1045.436897767274,1300.0,True,False,True,,,
SIM_DIR-1784855095,SIM_DIR,capstone_iii_fit_activity_pvt,fit_activity_pvt,93,93,330.0,0.0,0.0,1.0,959.026376617027,959.0057905583042,0.02058605872284101,,,1074.2070714840233,1074.2070714840233,1300.0,True,False,True,,,
SIM_DIR-1784855095,SIM_DIR,capstone_iii_full,full,93,93,330.0,0.0,0.0,1.0,959.026376617027,959.0057905583042,0.02058605872284101,,,1102.9772452007726,1102.9772452007726,1300.0,True,False,True,,,
SIM_DIR-1784855095,SIM_DIR,baseline,,94,94,334.0,0.0,0.0,1.0,971.5814364275293,971.5608503688064,0.02058605872284101,1408.7930828199173,1263.0558673557882,,1263.0558673557882,,True,False,True,,,
SIM_DIR-1784855095,SIM_DIR,capstone_i,,94,94,334.0,0.0,0.0,1.0,971.5814364275293,971.5608503688064,0.02058605872284101,1408.7930828199173,1263.0558673557882,,1263.0558673557882,1300.0,True,False,True,,,
SIM_DIR-1784855095,SIM_DIR,capstone_ii,,94,94,334.0,0.0,0.0,1.0,971.5814364275293,971.5608503688064,0.02058605872284101,1249.4694364275292,1145.2614364275294,,1145.2614364275294,1300.0,True,False,True,,,
SIM_DIR-1784855095,SIM_DIR,capstone_iii_fit_1x,fit_1x,94,94,334.0,0.0,0.0,1.0,971.5814364275293,971.5608503688064,0.02058605872284101,,,1020.2594789459696,1020.2594789459696,1300.0,True,False,True,,,
SIM_DIR-1784855095,SIM_DIR,capstone_iii_fit_2x,fit_2x,94,94,334.0,0.0,0.0,1.0,971.5814364275293,971.5608503688064,0.02058605872284101,,,1068.8375214644097,1068.8375214644097,1300.0,True,False,True,,,
SIM_DIR-1784855095,SIM_DIR,capstone_iii_fit_activity,fit_activity,94,94,334.0,0.0,0.0,1.0,971.5814364275293,971.5608503688064,0.02058605872284101,,,1059.1219129607216,1059.1219129607216,1300.0,True,False,True,,,
SIM_DIR-1784855095,SIM_DIR,capstone_iii_fit_activity_pvt,fit_activity_pvt,94,94,334.0,0.0,0.0,1.0,971.5814364275293,971.5608503688064,0.02058605872284101,,,1088.2687384717858,1088.2687384717858,1300.0,True,False,True,,,
SIM_DIR-1784855095,SIM_DIR,capstone_iii_full,full,94,94,334.0,0.0,0.0,1.0,971.5814364275293,971.5608503688064,0.02058605872284101,,,1117.4155639828502,1117.4155639828502,1300.0,True,False,True,,,
SIM_DIR-1784855095,SIM_DIR,baseline,,95,95,338.0,0.0,0.0,1.0,984.158513516597,984.1379274578742,0.02058605872284101,1427.0298445990657,1279.4060675715762,,1279.4060675715762,,True,False,True,,,
SIM_DIR-1784855095,SIM_DIR,capstone_i,,95,95,338.0,0.0,0.0,1.0,984.158513516597,984.1379274578742,0.02058605872284101,1427.0298445990657,1279.4060675715762,,1279.4060675715762,1300.0,True,False,True,,,
SIM_DIR-1784855095,SIM_DIR,capstone_ii,,95,95,338.0,0.0,0.0,1.0,984.158513516597,984.1379274578742,0.02058605872284101,1265.374513516597,1159.9185135165972,,1159.9185135165972,1300.0,True,False,True,,,
SIM_DIR-1784855095,SIM_DIR,capstone_iii_fit_1x,fit_1x,95,95,338.0,0.0,0.0,1.0,984.158513516597,984.1379274578742,0.02058605872284101,,,1033.4654098894905,1033.4654098894905,1300.0,True,False,True,,,
SIM_DIR-1784855095,SIM_DIR,capstone_iii_fit_2x,fit_2x,95,95,338.0,0.0,0.0,1.0,984.158513516597,984.1379274578742,0.02058605872284101,,,1082.6723062623842,1082.6723062623842,1300.0,True,False,True,,,
SIM_DIR-1784855095,SIM_DIR,capstone_iii_fit_activity,fit_activity,95,95,338.0,0.0,0.0,1.0,984.158513516597,984.1379274578742,0.02058605872284101,,,1072.8309269878057,1072.8309269878057,1300.0,True,False,True,,,
SIM_DIR-1784855095,SIM_DIR,capstone_iii_fit_activity_pvt,fit_activity_pvt,95,95,338.0,0.0,0.0,1.0,984.158513516597,984.1379274578742,0.02058605872284101,,,1102.3550648115418,1102.3550648115418,1300.0,True,False,True,,,
SIM_DIR-1784855095,SIM_DIR,capstone_iii_full,full,95,95,338.0,0.0,0.0,1.0,984.158513516597,984.1379274578742,0.02058605872284101,,,1131.879202635278,1131.879202635278,1300.0,True,False,True,,,
SIM_DIR-1784855095,SIM_DIR,baseline,,96,96,344.0,0.0,0.0,1.0,1002.5864709077806,1002.5658848490577,0.02058605872284101,1453.750382816282,1303.362412180115,,1303.362412180115,,True,False,True,,,
SIM_DIR-1784855095,SIM_DIR,capstone_i,,96,96,344.0,0.0,0.0,1.0,1002.5864709077806,1002.5658848490577,0.02058605872284101,1453.750382816282,1303.362412180115,,1303.362412180115,1300.0,False,True,False,,,
SIM_DIR-1784855095,SIM_DIR,capstone_ii,,96,96,344.0,0.0,0.0,1.0,1002.5864709077806,1002.5658848490577,0.02058605872284101,1288.7944709077806,1181.4664709077806,,1181.4664709077806,1300.0,True,False,True,,,
SIM_DIR-1784855095,SIM_DIR,capstone_iii_fit_1x,fit_1x,96,96,344.0,0.0,0.0,1.0,1002.5864709077806,1002.5658848490577,0.02058605872284101,,,1052.8147651502331,1052.8147651502331,1300.0,True,False,True,,,
SIM_DIR-1784855095,SIM_DIR,capstone_iii_fit_2x,fit_2x,96,96,344.0,0.0,0.0,1.0,1002.5864709077806,1002.5658848490577,0.02058605872284101,,,1102.943059392686,1102.943059392686,1300.0,True,False,True,,,
SIM_DIR-1784855095,SIM_DIR,capstone_iii_fit_activity,fit_activity,96,96,344.0,0.0,0.0,1.0,1002.5864709077806,1002.5658848490577,0.02058605872284101,,,1092.9174005441957,1092.9174005441957,1300.0,True,False,True,,,
SIM_DIR-1784855095,SIM_DIR,capstone_iii_fit_activity_pvt,fit_activity_pvt,96,96,344.0,0.0,0.0,1.0,1002.5864709077806,1002.5658848490577,0.02058605872284101,,,1122.9943770896673,1122.9943770896673,1300.0,True,False,True,,,
SIM_DIR-1784855095,SIM_DIR,capstone_iii_full,full,96,96,344.0,0.0,0.0,1.0,1002.5864709077806,1002.5658848490577,0.02058605872284101,,,1153.071353635139,1153.071353635139,1300.0,True,False,True,,,
SIM_DIR-1784855095,SIM_DIR,baseline,,97,97,345.0,0.0,0.0,1.0,1006.4614660463263,1006.4408799876035,0.02058605872284101,1459.369125767173,1308.3999058602242,,1308.3999058602242,,True,False,True,,,
SIM_DIR-1784855095,SIM_DIR,capstone_ii,,97,97,345.0,0.0,0.0,1.0,1006.4614660463263,1006.4408799876035,0.02058605872284101,1293.5014660463264,1185.8614660463263,,1185.8614660463263,1300.0,True,False,True,,,
SIM_DIR-1784855095,SIM_DIR,capstone_iii_fit_1x,fit_1x,97,97,345.0,0.0,0.0,1.0,1006.4614660463263,1006.4408799876035,0.02058605872284101,,,1056.8835100457063,1056.8835100457063,1300.0,True,False,True,,,
SIM_DIR-1784855095,SIM_DIR,capstone_iii_fit_2x,fit_2x,97,97,345.0,0.0,0.0,1.0,1006.4614660463263,1006.4408799876035,0.02058605872284101,,,1107.2055540450863,1107.2055540450863,1300.0,True,False,True,,,
SIM_DIR-1784855095,SIM_DIR,capstone_iii_fit_activity,fit_activity,97,97,345.0,0.0,0.0,1.0,1006.4614660463263,1006.4408799876035,0.02058605872284101,,,1097.1411452452105,1097.1411452452105,1300.0,True,False,True,,,
SIM_DIR-1784855095,SIM_DIR,capstone_iii_fit_activity_pvt,fit_activity_pvt,97,97,345.0,0.0,0.0,1.0,1006.4614660463263,1006.4408799876035,0.02058605872284101,,,1127.3343716448385,1127.3343716448385,1300.0,True,False,True,,,
SIM_DIR-1784855095,SIM_DIR,capstone_iii_full,full,97,97,345.0,0.0,0.0,1.0,1006.4614660463263,1006.4408799876035,0.02058605872284101,,,1157.5275980444667,1157.5275980444667,1300.0,True,False,True,,,
SIM_DIR-1784855095,SIM_DIR,baseline,,98,98,345.0,0.0,0.0,1.0,1007.4217479058,1007.4011618470771,0.02058605872284101,1460.7615344634098,1309.64827227754,,1309.64827227754,,True,False,True,,,
SIM_DIR-1784855095,SIM_DIR,capstone_ii,,98,98,345.0,0.0,0.0,1.0,1007.4217479058,1007.4011618470771,0.02058605872284101,1294.4617479058,1186.8217479058,,1186.8217479058,1300.0,True,False,True,,,
SIM_DIR-1784855095,SIM_DIR,capstone_iii_fit_1x,fit_1x,98,98,345.0,0.0,0.0,1.0,1007.4217479058,1007.4011618470771,0.02058605872284101,,,1057.8918059981536,1057.8918059981536,1300.0,True,False,True,,,
SIM_DIR-1784855095,SIM_DIR,capstone_iii_fit_2x,fit_2x,98,98,345.0,0.0,0.0,1.0,1007.4217479058,1007.4011618470771,0.02058605872284101,,,1108.2618640905073,1108.2618640905073,1300.0,True,False,True,,,
SIM_DIR-1784855095,SIM_DIR,capstone_iii_fit_activity,fit_activity,98,98,345.0,0.0,0.0,1.0,1007.4217479058,1007.4011618470771,0.02058605872284101,,,1098.1878524720366,1098.1878524720366,1300.0,True,False,True,,,
SIM_DIR-1784855095,SIM_DIR,capstone_iii_fit_activity_pvt,fit_activity_pvt,98,98,345.0,0.0,0.0,1.0,1007.4217479058,1007.4011618470771,0.02058605872284101,,,1128.409887327449,1128.409887327449,1300.0,True,False,True,,,
SIM_DIR-1784855095,SIM_DIR,capstone_iii_full,full,98,98,345.0,0.0,0.0,1.0,1007.4217479058,1007.4011618470771,0.02058605872284101,,,1158.6319221828612,1158.6319221828612,1300.0,True,False,True,,,
SIM_DIR-1784855095,SIM_DIR,baseline,,99,99,346.0,0.0,0.0,1.0,1011.3045395814542,1011.2839535227313,0.02058605872284101,1466.3915823931084,1314.6959014558904,,1314.6959014558904,,True,False,True,,,
SIM_DIR-1784855095,SIM_DIR,capstone_ii,,99,99,346.0,0.0,0.0,1.0,1011.3045395814542,1011.2839535227313,0.02058605872284101,1299.176539581454,1191.224539581454,,1191.224539581454,1300.0,True,False,True,,,
SIM_DIR-1784855095,SIM_DIR,capstone_iii_fit_1x,fit_1x,99,99,346.0,0.0,0.0,1.0,1011.3045395814542,1011.2839535227313,0.02058605872284101,,,1061.9687372575904,1061.9687372575904,1300.0,True,False,True,,,
SIM_DIR-1784855095,SIM_DIR,capstone_iii_fit_2x,fit_2x,99,99,346.0,0.0,0.0,1.0,1011.3045395814542,1011.2839535227313,0.02058605872284101,,,1112.532934933727,1112.532934933727,1300.0,True,False,True,,,
SIM_DIR-1784855095,SIM_DIR,capstone_iii_fit_activity,fit_activity,99,99,346.0,0.0,0.0,1.0,1011.3045395814542,1011.2839535227313,0.02058605872284101,,,1102.4200953984996,1102.4200953984996,1300.0,True,False,True,,,
SIM_DIR-1784855095,SIM_DIR,capstone_iii_fit_activity_pvt,fit_activity_pvt,99,99,346.0,0.0,0.0,1.0,1011.3045395814542,1011.2839535227313,0.02058605872284101,,,1132.7586140041815,1132.7586140041815,1300.0,True,False,True,,,
SIM_DIR-1784855095,SIM_DIR,capstone_iii_full,full,99,99,346.0,0.0,0.0,1.0,1011.3045395814542,1011.2839535227313,0.02058605872284101,,,1163.0971326098636,1163.0971326098636,1300.0,True,False,True,,,
SIM_DIR-1784855095,SIM_DIR,baseline,,100,100,346.0,0.0,0.0,1.0,1012.2670522993984,1012.2464662406755,0.02058605872284101,1467.7872258341276,1315.947167989218,,1315.947167989218,,True,False,True,,,
SIM_DIR-1784855095,SIM_DIR,capstone_ii,,100,100,346.0,0.0,0.0,1.0,1012.2670522993984,1012.2464662406755,0.02058605872284101,1300.1390522993984,1192.1870522993984,,1192.1870522993984,1300.0,True,False,True,,,
SIM_DIR-1784855095,SIM_DIR,capstone_iii_fit_1x,fit_1x,100,100,346.0,0.0,0.0,1.0,1012.2670522993984,1012.2464662406755,0.02058605872284101,,,1062.9793756114318,1062.9793756114318,1300.0,True,False,True,,,
SIM_DIR-1784855095,SIM_DIR,capstone_iii_fit_2x,fit_2x,100,100,346.0,0.0,0.0,1.0,1012.2670522993984,1012.2464662406755,0.02058605872284101,,,1113.5916989234659,1113.5916989234659,1300.0,True,False,True,,,
SIM_DIR-1784855095,SIM_DIR,capstone_iii_fit_activity,fit_activity,100,100,346.0,0.0,0.0,1.0,1012.2670522993984,1012.2464662406755,0.02058605872284101,,,1103.469234261059,1103.469234261059,1300.0,True,False,True,,,
SIM_DIR-1784855095,SIM_DIR,capstone_iii_fit_activity_pvt,fit_activity_pvt,100,100,346.0,0.0,0.0,1.0,1012.2670522993984,1012.2464662406755,0.02058605872284101,,,1133.8366282482793,1133.8366282482793,1300.0,True,False,True,,,
SIM_DIR-1784855095,SIM_DIR,capstone_iii_full,full,100,100,346.0,0.0,0.0,1.0,1012.2670522993984,1012.2464662406755,0.02058605872284101,,,1164.2040222354995,1164.2040222354995,1300.0,True,False,True,,,
SIM_DIR-1784855095,SIM_DIR,baseline,,101,101,354.0,0.0,0.0,1.0,1036.6560816681845,1036.6354956094617,0.02058605872284101,1503.1513184188675,1347.65290616864,,1347.65290616864,,True,False,True,,,
SIM_DIR-1784855095,SIM_DIR,capstone_ii,,101,101,354.0,0.0,0.0,1.0,1036.6560816681845,1036.6354956094617,0.02058605872284101,1331.1840816681845,1220.7360816681844,,1220.7360816681844,1300.0,True,False,True,,,
SIM_DIR-1784855095,SIM_DIR,capstone_iii_fit_1x,fit_1x,101,101,354.0,0.0,0.0,1.0,1036.6560816681845,1036.6354956094617,0.02058605872284101,,,1088.5878564486575,1088.5878564486575,1300.0,True,False,True,,,
SIM_DIR-1784855095,SIM_DIR,capstone_iii_fit_2x,fit_2x,101,101,354.0,0.0,0.0,1.0,1036.6560816681845,1036.6354956094617,0.02058605872284101,,,1140.4196312291306,1140.4196312291306,1300.0,True,False,True,,,
SIM_DIR-1784855095,SIM_DIR,capstone_iii_fit_activity,fit_activity,101,101,354.0,0.0,0.0,1.0,1036.6560816681845,1036.6354956094617,0.02058605872284101,,,1130.0532762730359,1130.0532762730359,1300.0,True,False,True,,,
SIM_DIR-1784855095,SIM_DIR,capstone_iii_fit_activity_pvt,fit_activity_pvt,101,101,354.0,0.0,0.0,1.0,1036.6560816681845,1036.6354956094617,0.02058605872284101,,,1161.1523411413198,1161.1523411413198,1300.0,True,False,True,,,
SIM_DIR-1784855095,SIM_DIR,capstone_iii_full,full,101,101,354.0,0.0,0.0,1.0,1036.6560816681845,1036.6354956094617,0.02058605872284101,,,1192.2514060096037,1192.2514060096037,1300.0,True,False,True,,,
SIM_DIR-1784855095,SIM_DIR,baseline,,102,102,356.0,0.0,0.0,1.0,1043.5025475288676,1043.4819614701448,0.02058605872284101,1513.078693916858,1356.553311787528,,1356.553311787528,,True,False,True,,,
SIM_DIR-1784855095,SIM_DIR,capstone_ii,,102,102,356.0,0.0,0.0,1.0,1043.5025475288676,1043.4819614701448,0.02058605872284101,1339.6945475288676,1228.6225475288675,,1228.6225475288675,1300.0,True,False,True,,,
SIM_DIR-1784855095,SIM_DIR,capstone_iii_fit_1x,fit_1x,102,102,356.0,0.0,0.0,1.0,1043.5025475288676,1043.4819614701448,0.02058605872284101,,,1095.7766456023746,1095.7766456023746,1300.0,True,False,True,,,
SIM_DIR-1784855095,SIM_DIR,capstone_iii_fit_2x,fit_2x,102,102,356.0,0.0,0.0,1.0,1043.5025475288676,1043.4819614701448,0.02058605872284101,,,1147.950743675882,1147.950743675882,1300.0,True,False,True,,,
SIM_DIR-1784855095,SIM_DIR,capstone_iii_fit_activity,fit_activity,102,102,356.0,0.0,0.0,1.0,1043.5025475288676,1043.4819614701448,0.02058605872284101,,,1137.5159240611806,1137.5159240611806,1300.0,True,False,True,,,
SIM_DIR-1784855095,SIM_DIR,capstone_iii_fit_activity_pvt,fit_activity_pvt,102,102,356.0,0.0,0.0,1.0,1043.5025475288676,1043.4819614701448,0.02058605872284101,,,1168.820382905285,1168.820382905285,1300.0,True,False,True,,,
SIM_DIR-1784855095,SIM_DIR,capstone_iii_full,full,102,102,356.0,0.0,0.0,1.0,1043.5025475288676,1043.4819614701448,0.02058605872284101,,,1200.1248417493891,1200.1248417493891,1300.0,True,False,True,,,
SIM_DIR-1784855095,SIM_DIR,baseline,,103,103,356.0,0.0,0.0,1.0,1044.4920363548533,1044.4714502961306,0.02058605872284101,1514.5134527145374,1357.8396472613094,,1357.8396472613094,,True,False,True,,,
SIM_DIR-1784855095,SIM_DIR,capstone_ii,,103,103,356.0,0.0,0.0,1.0,1044.4920363548533,1044.4714502961306,0.02058605872284101,1340.6840363548533,1229.6120363548534,,1229.6120363548534,1300.0,True,False,True,,,
SIM_DIR-1784855095,SIM_DIR,capstone_iii_fit_1x,fit_1x,103,103,356.0,0.0,0.0,1.0,1044.4920363548533,1044.4714502961306,0.02058605872284101,,,1096.8156088696596,1096.8156088696596,1300.0,True,False,True,,,
SIM_DIR-1784855095,SIM_DIR,capstone_iii_fit_2x,fit_2x,103,103,356.0,0.0,0.0,1.0,1044.4920363548533,1044.4714502961306,0.02058605872284101,,,1149.0391813844662,1149.0391813844662,1300.0,True,False,True,,,
SIM_DIR-1784855095,SIM_DIR,capstone_iii_fit_activity,fit_activity,103,103,356.0,0.0,0.0,1.0,1044.4920363548533,1044.4714502961306,0.02058605872284101,,,1138.594466881505,1138.594466881505,1300.0,True,False,True,,,
SIM_DIR-1784855095,SIM_DIR,capstone_iii_fit_activity_pvt,fit_activity_pvt,103,103,356.0,0.0,0.0,1.0,1044.4920363548533,1044.4714502961306,0.02058605872284101,,,1169.9286103903887,1169.9286103903887,1300.0,True,False,True,,,
SIM_DIR-1784855095,SIM_DIR,capstone_iii_full,full,103,103,356.0,0.0,0.0,1.0,1044.4920363548533,1044.4714502961306,0.02058605872284101,,,1201.2627538992726,1201.2627538992726,1300.0,True,False,True,,,
SIM_DIR-1784855095,SIM_DIR,baseline,,104,104,358.0,0.0,0.0,1.0,1051.3546217593082,1051.3340357005854,0.02058605872284101,1524.464201550997,1366.7610082871008,,1366.7610082871008,,True,False,True,,,
SIM_DIR-1784855095,SIM_DIR,capstone_ii,,104,104,358.0,0.0,0.0,1.0,1051.3546217593082,1051.3340357005854,0.02058605872284101,1349.2106217593082,1237.5146217593083,,1237.5146217593083,1300.0,True,False,True,,,
SIM_DIR-1784855095,SIM_DIR,capstone_iii_fit_1x,fit_1x,104,104,358.0,0.0,0.0,1.0,1051.3546217593082,1051.3340357005854,0.02058605872284101,,,1104.0213235443373,1104.0213235443373,1300.0,True,False,True,,,
SIM_DIR-1784855095,SIM_DIR,capstone_iii_fit_2x,fit_2x,104,104,358.0,0.0,0.0,1.0,1051.3546217593082,1051.3340357005854,0.02058605872284101,,,1156.5880253293667,1156.5880253293667,1300.0,True,False,True,,,
SIM_DIR-1784855095,SIM_DIR,capstone_iii_fit_activity,fit_activity,104,104,358.0,0.0,0.0,1.0,1051.3546217593082,1051.3340357005854,0.02058605872284101,,,1146.0746849723607,1146.0746849723607,1300.0,True,False,True,,,
SIM_DIR-1784855095,SIM_DIR,capstone_iii_fit_activity_pvt,fit_activity_pvt,104,104,358.0,0.0,0.0,1.0,1051.3546217593082,1051.3340357005854,0.02058605872284101,,,1177.6147060433782,1177.6147060433782,1300.0,True,False,True,,,
SIM_DIR-1784855095,SIM_DIR,capstone_iii_full,full,104,104,358.0,0.0,0.0,1.0,1051.3546217593082,1051.3340357005854,0.02058605872284101,,,1209.1547271143959,1209.1547271143959,1300.0,True,False,True,,,
SIM_DIR-1784855095,SIM_DIR,baseline,,105,105,358.0,0.0,0.0,1.0,1052.3491119403084,1052.3285258815856,0.02058605872284101,1525.906212313447,1368.053845522401,,1368.053845522401,,True,False,True,,,
SIM_DIR-1784855095,SIM_DIR,capstone_ii,,105,105,358.0,0.0,0.0,1.0,1052.3491119403084,1052.3285258815856,0.02058605872284101,1350.2051119403084,1238.5091119403085,,1238.5091119403085,1300.0,True,False,True,,,
SIM_DIR-1784855095,SIM_DIR,capstone_iii_fit_1x,fit_1x,105,105,358.0,0.0,0.0,1.0,1052.3491119403084,1052.3285258815856,0.02058605872284101,,,1105.0655382343873,1105.0655382343873,1300.0,True,False,True,,,
SIM_DIR-1784855095,SIM_DIR,capstone_iii_fit_2x,fit_2x,105,105,358.0,0.0,0.0,1.0,1052.3491119403084,1052.3285258815856,0.02058605872284101,,,1157.6819645284668,1157.6819645284668,1300.0,True,False,True,,,
SIM_DIR-1784855095,SIM_DIR,capstone_iii_fit_activity,fit_activity,105,105,358.0,0.0,0.0,1.0,1052.3491119403084,1052.3285258815856,0.02058605872284101,,,1147.158679269651,1147.158679269651,1300.0,True,False,True,,,
SIM_DIR-1784855095,SIM_DIR,capstone_iii_fit_activity_pvt,fit_activity_pvt,105,105,358.0,0.0,0.0,1.0,1052.3491119403084,1052.3285258815856,0.02058605872284101,,,1178.7285350460984,1178.7285350460984,1300.0,True,False,True,,,
SIM_DIR-1784855095,SIM_DIR,capstone_iii_full,full,105,105,358.0,0.0,0.0,1.0,1052.3491119403084,1052.3285258815856,0.02058605872284101,,,1210.298390822546,1210.298390822546,1300.0,True,False,True,,,
SIM_DIR-1784855095,SIM_DIR,baseline,,106,106,358.0,0.0,0.0,1.0,1053.3433254239235,1053.3227393652007,0.02058605872284101,1527.347821864689,1369.3463230511006,,1369.3463230511006,,True,False,True,,,
SIM_DIR-1784855095,SIM_DIR,capstone_ii,,106,106,358.0,0.0,0.0,1.0,1053.3433254239235,1053.3227393652007,0.02058605872284101,1351.1993254239235,1239.5033254239236,,1239.5033254239236,1300.0,True,False,True,,,
SIM_DIR-1784855095,SIM_DIR,capstone_iii_fit_1x,fit_1x,106,106,358.0,0.0,0.0,1.0,1053.3433254239235,1053.3227393652007,0.02058605872284101,,,1106.1094623921836,1106.1094623921836,1300.0,True,False,True,,,
SIM_DIR-1784855095,SIM_DIR,capstone_iii_fit_2x,fit_2x,106,106,358.0,0.0,0.0,1.0,1053.3433254239235,1053.3227393652007,0.02058605872284101,,,1158.7755993604437,1158.7755993604437,1300.0,True,False,True,,,
SIM_DIR-1784855095,SIM_DIR,capstone_iii_fit_activity,fit_activity,106,106,358.0,0.0,0.0,1.0,1053.3433254239235,1053.3227393652007,0.02058605872284101,,,1148.2423719667916,1148.2423719667916,1300.0,True,False,True,,,
SIM_DIR-1784855095,SIM_DIR,capstone_iii_fit_activity_pvt,fit_activity_pvt,106,106,358.0,0.0,0.0,1.0,1053.3433254239235,1053.3227393652007,0.02058605872284101,,,1179.8420541477476,1179.8420541477476,1300.0,True,False,True,,,
SIM_DIR-1784855095,SIM_DIR,capstone_iii_full,full,106,106,358.0,0.0,0.0,1.0,1053.3433254239235,1053.3227393652007,0.02058605872284101,,,1211.4417363287037,1211.4417363287037,1300.0,True,False,True,,,
SIM_DIR-1784855095,SIM_DIR,baseline,,107,107,358.0,0.0,0.0,1.0,1054.3372635923033,1054.3166775335806,0.02058605872284101,1528.7890322088397,1370.6384426699944,,1370.6384426699944,,True,False,True,,,
SIM_DIR-1784855095,SIM_DIR,capstone_ii,,107,107,358.0,0.0,0.0,1.0,1054.3372635923033,1054.3166775335806,0.02058605872284101,1352.1932635923033,1240.4972635923034,,1240.4972635923034,1300.0,True,False,True,,,
SIM_DIR-1784855095,SIM_DIR,capstone_iii_fit_1x,fit_1x,107,107,358.0,0.0,0.0,1.0,1054.3372635923033,1054.3166775335806,0.02058605872284101,,,1107.1530974689822,1107.1530974689822,1300.0,True,False,True,,,
SIM_DIR-1784855095,SIM_DIR,capstone_iii_fit_2x,fit_2x,107,107,358.0,0.0,0.0,1.0,1054.3372635923033,1054.3166775335806,0.02058605872284101,,,1159.8689313456614,1159.8689313456614,1300.0,True,False,True,,,
SIM_DIR-1784855095,SIM_DIR,capstone_iii_fit_activity,fit_activity,107,107,358.0,0.0,0.0,1.0,1054.3372635923033,1054.3166775335806,0.02058605872284101,,,1149.3257645703256,1149.3257645703256,1300.0,True,False,True,,,
SIM_DIR-1784855095,SIM_DIR,capstone_iii_fit_activity_pvt,fit_activity_pvt,107,107,358.0,0.0,0.0,1.0,1054.3372635923033,1054.3166775335806,0.02058605872284101,,,1180.955264896333,1180.955264896333,1300.0,True,False,True,,,
SIM_DIR-1784855095,SIM_DIR,capstone_iii_full,full,107,107,358.0,0.0,0.0,1.0,1054.3372635923033,1054.3166775335806,0.02058605872284101,,,1212.5847652223404,1212.5847652223404,1300.0,True,False,True,,,
SIM_DIR-1784855095,SIM_DIR,baseline,,108,108,363.0,0.0,0.0,1.0,1070.0698990738738,1070.049313015151,0.02058605872284101,1551.601353657117,1391.090868796036,,1391.090868796036,,True,False,True,,,
SIM_DIR-1784855095,SIM_DIR,capstone_ii,,108,108,363.0,0.0,0.0,1.0,1070.0698990738738,1070.049313015151,0.02058605872284101,1372.0858990738739,1258.8298990738738,,1258.8298990738738,1300.0,True,False,True,,,
SIM_DIR-1784855095,SIM_DIR,capstone_iii_fit_1x,fit_1x,108,108,363.0,0.0,0.0,1.0,1070.0698990738738,1070.049313015151,0.02058605872284101,,,1123.6723647246313,1123.6723647246313,1300.0,True,False,True,,,
SIM_DIR-1784855095,SIM_DIR,capstone_iii_fit_2x,fit_2x,108,108,363.0,0.0,0.0,1.0,1070.0698990738738,1070.049313015151,0.02058605872284101,,,1177.1748303753889,1177.1748303753889,1300.0,True,False,True,,,
SIM_DIR-1784855095,SIM_DIR,capstone_iii_fit_activity,fit_activity,108,108,363.0,0.0,0.0,1.0,1070.0698990738738,1070.049313015151,0.02058605872284101,,,1166.4743372452376,1166.4743372452376,1300.0,True,False,True,,,
SIM_DIR-1784855095,SIM_DIR,capstone_iii_fit_activity_pvt,fit_activity_pvt,108,108,363.0,0.0,0.0,1.0,1070.0698990738738,1070.049313015151,0.02058605872284101,,,1198.5758166356918,1198.5758166356918,1300.0,True,False,True,,,
SIM_DIR-1784855095,SIM_DIR,capstone_iii_full,full,108,108,363.0,0.0,0.0,1.0,1070.0698990738738,1070.049313015151,0.02058605872284101,,,1230.6772960261465,1230.6772960261465,1300.0,True,False,True,,,
SIM_DIR-1784855095,SIM_DIR,baseline,,109,109,364.0,0.0,0.0,1.0,1074.027734001659,1074.0071479429362,0.02058605872284101,1557.3402143024055,1396.2360542021568,,1396.2360542021568,,True,False,True,,,
SIM_DIR-1784855095,SIM_DIR,capstone_ii,,109,109,364.0,0.0,0.0,1.0,1074.027734001659,1074.0071479429362,0.02058605872284101,1376.8757340016589,1263.307734001659,,1263.307734001659,1300.0,True,False,True,,,
SIM_DIR-1784855095,SIM_DIR,capstone_iii_fit_1x,fit_1x,109,109,364.0,0.0,0.0,1.0,1074.027734001659,1074.0071479429362,0.02058605872284101,,,1127.8280913988056,1127.8280913988056,1300.0,True,False,True,,,
SIM_DIR-1784855095,SIM_DIR,capstone_iii_fit_2x,fit_2x,109,109,364.0,0.0,0.0,1.0,1074.027734001659,1074.0071479429362,0.02058605872284101,,,1181.5284487959525,1181.5284487959525,1300.0,True,False,True,,,
SIM_DIR-1784855095,SIM_DIR,capstone_iii_fit_activity,fit_activity,109,109,364.0,0.0,0.0,1.0,1074.027734001659,1074.0071479429362,0.02058605872284101,,,1170.7883773165229,1170.7883773165229,1300.0,True,False,True,,,
SIM_DIR-1784855095,SIM_DIR,capstone_iii_fit_activity_pvt,fit_activity_pvt,109,109,364.0,0.0,0.0,1.0,1074.027734001659,1074.0071479429362,0.02058605872284101,,,1203.008591754811,1203.008591754811,1300.0,True,False,True,,,
SIM_DIR-1784855095,SIM_DIR,capstone_iii_full,full,109,109,364.0,0.0,0.0,1.0,1074.027734001659,1074.0071479429362,0.02058605872284101,,,1235.2288061930992,1235.2288061930992,1300.0,True,False,True,,,
SIM_DIR-1784855095,SIM_DIR,baseline,,110,110,373.0,0.0,0.0,1.0,1101.6175874252312,1101.5970013665085,0.02058605872284101,1597.3455017665854,1432.1028636528006,,1432.1028636528006,,True,False,True,,,
SIM_DIR-1784855095,SIM_DIR,capstone_ii,,110,110,373.0,0.0,0.0,1.0,1101.6175874252312,1101.5970013665085,0.02058605872284101,1411.9535874252313,1295.5775874252313,,1295.5775874252313,1300.0,True,False,True,,,
SIM_DIR-1784855095,SIM_DIR,capstone_iii_fit_1x,fit_1x,110,110,373.0,0.0,0.0,1.0,1101.6175874252312,1101.5970013665085,0.02058605872284101,,,1156.7974374935566,1156.7974374935566,1300.0,True,False,True,,,
SIM_DIR-1784855095,SIM_DIR,capstone_iii_fit_2x,fit_2x,110,110,373.0,0.0,0.0,1.0,1101.6175874252312,1101.5970013665085,0.02058605872284101,,,1211.877287561882,1211.877287561882,1300.0,True,False,True,,,
SIM_DIR-1784855095,SIM_DIR,capstone_iii_fit_activity,fit_activity,110,110,373.0,0.0,0.0,1.0,1101.6175874252312,1101.5970013665085,0.02058605872284101,,,1200.861317548217,1200.861317548217,1300.0,True,False,True,,,
SIM_DIR-1784855095,SIM_DIR,capstone_iii_fit_activity_pvt,fit_activity_pvt,110,110,373.0,0.0,0.0,1.0,1101.6175874252312,1101.5970013665085,0.02058605872284101,,,1233.9092275892122,1233.9092275892122,1300.0,True,False,True,,,
SIM_DIR-1784855095,SIM_DIR,capstone_iii_full,full,110,110,373.0,0.0,0.0,1.0,1101.6175874252312,1101.5970013665085,0.02058605872284101,,,1266.9571376302074,1266.9571376302074,1300.0,True,False,True,,,
SIM_DIR-1784855095,SIM_DIR,baseline,,111,111,374.0,0.0,0.0,1.0,1105.608154384992,1105.5875683262693,0.02058605872284101,1603.1318238582385,1437.2906007004897,,1437.2906007004897,,True,False,True,,,
SIM_DIR-1784855095,SIM_DIR,capstone_ii,,111,111,374.0,0.0,0.0,1.0,1105.608154384992,1105.5875683262693,0.02058605872284101,1416.776154384992,1300.088154384992,,1300.088154384992,1300.0,False,True,False,,,
SIM_DIR-1784855095,SIM_DIR,capstone_iii_fit_1x,fit_1x,111,111,374.0,0.0,0.0,1.0,1105.608154384992,1105.5875683262693,0.02058605872284101,,,1160.9875328013054,1160.9875328013054,1300.0,True,False,True,,,
SIM_DIR-1784855095,SIM_DIR,capstone_iii_fit_2x,fit_2x,111,111,374.0,0.0,0.0,1.0,1105.608154384992,1105.5875683262693,0.02058605872284101,,,1216.266911217619,1216.266911217619,1300.0,True,False,True,,,
SIM_DIR-1784855095,SIM_DIR,capstone_iii_fit_activity,fit_activity,111,111,374.0,0.0,0.0,1.0,1105.608154384992,1105.5875683262693,0.02058605872284101,,,1205.2110355343564,1205.2110355343564,1300.0,True,False,True,,,
SIM_DIR-1784855095,SIM_DIR,capstone_iii_fit_activity_pvt,fit_activity_pvt,111,111,374.0,0.0,0.0,1.0,1105.608154384992,1105.5875683262693,0.02058605872284101,,,1238.3786625841442,1238.3786625841442,1300.0,True,False,True,,,
SIM_DIR-1784855095,SIM_DIR,capstone_iii_full,full,111,111,374.0,0.0,0.0,1.0,1105.608154384992,1105.5875683262693,0.02058605872284101,,,1271.5462896339325,1271.5462896339325,1300.0,True,False,True,,,
SIM_DIR-1784855095,SIM_DIR,baseline,,112,112,379.0,0.0,0.0,1.0,1121.4395430051131,1121.4189569463904,0.02058605872284101,1626.087337357414,1457.8714059066472,,1457.8714059066472,,True,False,True,,,
SIM_DIR-1784855095,SIM_DIR,capstone_iii_fit_1x,fit_1x,112,112,379.0,0.0,0.0,1.0,1121.4395430051131,1121.4189569463904,0.02058605872284101,,,1177.6104908524323,1177.6104908524323,1300.0,True,False,True,,,
SIM_DIR-1784855095,SIM_DIR,capstone_iii_fit_2x,fit_2x,112,112,379.0,0.0,0.0,1.0,1121.4395430051131,1121.4189569463904,0.02058605872284101,,,1233.681438699752,1233.681438699752,1300.0,True,False,True,,,
SIM_DIR-1784855095,SIM_DIR,capstone_iii_fit_activity,fit_activity,112,112,379.0,0.0,0.0,1.0,1121.4395430051131,1121.4189569463904,0.02058605872284101,,,1222.467249130288,1222.467249130288,1300.0,True,False,True,,,
SIM_DIR-1784855095,SIM_DIR,capstone_iii_fit_activity_pvt,fit_activity_pvt,112,112,379.0,0.0,0.0,1.0,1121.4395430051131,1121.4189569463904,0.02058605872284101,,,1256.1098178386799,1256.1098178386799,1300.0,True,False,True,,,
SIM_DIR-1784855095,SIM_DIR,capstone_iii_full,full,112,112,379.0,0.0,0.0,1.0,1121.4395430051131,1121.4189569463904,0.02058605872284101,,,1289.7523865470714,1289.7523865470714,1300.0,True,False,True,,,
SIM_DIR-1784855095,SIM_DIR,baseline,,113,113,382.0,0.0,0.0,1.0,1131.375049006528,1131.3544629478051,0.02058605872284101,1640.4938210594653,1470.7875637084862,,1470.7875637084862,,True,False,True,,,
SIM_DIR-1784855095,SIM_DIR,capstone_iii_fit_1x,fit_1x,113,113,382.0,0.0,0.0,1.0,1131.375049006528,1131.3544629478051,0.02058605872284101,,,1188.042772153918,1188.042772153918,1300.0,True,False,True,,,
SIM_DIR-1784855095,SIM_DIR,capstone_iii_fit_2x,fit_2x,113,113,382.0,0.0,0.0,1.0,1131.375049006528,1131.3544629478051,0.02058605872284101,,,1244.6104953013084,1244.6104953013084,1300.0,True,False,True,,,
SIM_DIR-1784855095,SIM_DIR,capstone_iii_fit_activity,fit_activity,113,113,382.0,0.0,0.0,1.0,1131.375049006528,1131.3544629478051,0.02058605872284101,,,1233.2969506718302,1233.2969506718302,1300.0,True,False,True,,,
SIM_DIR-1784855095,SIM_DIR,capstone_iii_fit_activity_pvt,fit_activity_pvt,113,113,382.0,0.0,0.0,1.0,1131.375049006528,1131.3544629478051,0.02058605872284101,,,1267.2375845602644,1267.2375845602644,1300.0,True,False,True,,,
SIM_DIR-1784855095,SIM_DIR,capstone_iii_full,full,113,113,382.0,0.0,0.0,1.0,1131.375049006528,1131.3544629478051,0.02058605872284101,,,1301.1782184486985,1301.1782184486985,1300.0,False,True,False,,,
SIM_DIR-1784855095,SIM_DIR,baseline,,114,114,385.0,0.0,0.0,1.0,1141.326900090242,1141.3063140315192,0.02058605872284101,1654.9240051308507,1483.7249701173146,,1483.7249701173146,,True,False,True,,,
SIM_DIR-1784855095,SIM_DIR,capstone_iii_fit_1x,fit_1x,114,114,385.0,0.0,0.0,1.0,1141.326900090242,1141.3063140315192,0.02058605872284101,,,1198.4922157918177,1198.4922157918177,1300.0,True,False,True,,,
SIM_DIR-1784855095,SIM_DIR,capstone_iii_fit_2x,fit_2x,114,114,385.0,0.0,0.0,1.0,1141.326900090242,1141.3063140315192,0.02058605872284101,,,1255.5575314933938,1255.5575314933938,1300.0,True,False,True,,,
SIM_DIR-1784855095,SIM_DIR,capstone_iii_fit_activity,fit_activity,114,114,385.0,0.0,0.0,1.0,1141.326900090242,1141.3063140315192,0.02058605872284101,,,1244.1444683530788,1244.1444683530788,1300.0,True,False,True,,,
SIM_DIR-1784855095,SIM_DIR,capstone_iii_fit_activity_pvt,fit_activity_pvt,114,114,385.0,0.0,0.0,1.0,1141.326900090242,1141.3063140315192,0.02058605872284101,,,1278.3836577740242,1278.3836577740242,1300.0,True,False,True,,,
SIM_DIR-1784855095,SIM_DIR,baseline,,115,115,392.0,0.0,0.0,1.0,1163.163900337954,1163.1433142792312,0.02058605872284101,1686.587655490033,1512.1130704393402,,1512.1130704393402,,True,False,True,,,
SIM_DIR-1784855095,SIM_DIR,capstone_iii_fit_1x,fit_1x,115,115,392.0,0.0,0.0,1.0,1163.163900337954,1163.1433142792312,0.02058605872284101,,,1221.4210660519152,1221.4210660519152,1300.0,True,False,True,,,
SIM_DIR-1784855095,SIM_DIR,capstone_iii_fit_2x,fit_2x,115,115,392.0,0.0,0.0,1.0,1163.163900337954,1163.1433142792312,0.02058605872284101,,,1279.5782317658768,1279.5782317658768,1300.0,True,False,True,,,
SIM_DIR-1784855095,SIM_DIR,capstone_iii_fit_activity,fit_activity,115,115,392.0,0.0,0.0,1.0,1163.163900337954,1163.1433142792312,0.02058605872284101,,,1267.9467986230845,1267.9467986230845,1300.0,True,False,True,,,
SIM_DIR-1784855095,SIM_DIR,capstone_iii_fit_activity_pvt,fit_activity_pvt,115,115,392.0,0.0,0.0,1.0,1163.163900337954,1163.1433142792312,0.02058605872284101,,,1302.8410980514614,1302.8410980514614,1300.0,False,True,False,,,
SIM_DIR-1784855095,SIM_DIR,baseline,,116,116,392.0,0.0,0.0,1.0,1164.249588495612,1164.2290024368892,0.02058605872284101,1688.1619033186373,1513.5244650442955,,1513.5244650442955,,True,False,True,,,
SIM_DIR-1784855095,SIM_DIR,capstone_iii_fit_1x,fit_1x,116,116,392.0,0.0,0.0,1.0,1164.249588495612,1164.2290024368892,0.02058605872284101,,,1222.5610386174562,1222.5610386174562,1300.0,True,False,True,,,
SIM_DIR-1784855095,SIM_DIR,capstone_iii_fit_2x,fit_2x,116,116,392.0,0.0,0.0,1.0,1164.249588495612,1164.2290024368892,0.02058605872284101,,,1280.772488739301,1280.772488739301,1300.0,True,False,True,,,
SIM_DIR-1784855095,SIM_DIR,capstone_iii_fit_activity,fit_activity,116,116,392.0,0.0,0.0,1.0,1164.249588495612,1164.2290024368892,0.02058605872284101,,,1269.130198714932,1269.130198714932,1300.0,True,False,True,,,
SIM_DIR-1784855095,SIM_DIR,baseline,,117,117,393.0,0.0,0.0,1.0,1168.3077307159122,1168.2871446571894,0.02058605872284101,1694.0462095380726,1518.8000499306859,,1518.8000499306859,,True,False,True,,,
SIM_DIR-1784855095,SIM_DIR,capstone_iii_fit_1x,fit_1x,117,117,393.0,0.0,0.0,1.0,1168.3077307159122,1168.2871446571894,0.02058605872284101,,,1226.8220879487715,1226.8220879487715,1300.0,True,False,True,,,
SIM_DIR-1784855095,SIM_DIR,capstone_iii_fit_2x,fit_2x,117,117,393.0,0.0,0.0,1.0,1168.3077307159122,1168.2871446571894,0.02058605872284101,,,1285.236445181631,1285.236445181631,1300.0,True,False,True,,,
SIM_DIR-1784855095,SIM_DIR,capstone_iii_fit_activity,fit_activity,117,117,393.0,0.0,0.0,1.0,1168.3077307159122,1168.2871446571894,0.02058605872284101,,,1273.5535737350592,1273.5535737350592,1300.0,True,False,True,,,
SIM_DIR-1784855095,SIM_DIR,baseline,,118,118,395.0,0.0,0.0,1.0,1175.3466328860584,1175.3260468273356,0.02058605872284101,1704.2526176847846,1527.950622751876,,1527.950622751876,,True,False,True,,,
SIM_DIR-1784855095,SIM_DIR,capstone_iii_fit_1x,fit_1x,118,118,395.0,0.0,0.0,1.0,1175.3466328860584,1175.3260468273356,0.02058605872284101,,,1234.212935227425,1234.212935227425,1300.0,True,False,True,,,
SIM_DIR-1784855095,SIM_DIR,capstone_iii_fit_2x,fit_2x,118,118,395.0,0.0,0.0,1.0,1175.3466328860584,1175.3260468273356,0.02058605872284101,,,1292.9792375687919,1292.9792375687919,1300.0,True,False,True,,,
SIM_DIR-1784855095,SIM_DIR,capstone_iii_fit_activity,fit_activity,118,118,395.0,0.0,0.0,1.0,1175.3466328860584,1175.3260468273356,0.02058605872284101,,,1281.2259771005185,1281.2259771005185,1300.0,True,False,True,,,
SIM_DIR-1784855095,SIM_DIR,baseline,,119,119,397.0,0.0,0.0,1.0,1182.3963201318745,1182.3757340731518,0.02058605872284101,1714.474664191218,1537.115216171437,,1537.115216171437,,True,False,True,,,
SIM_DIR-1784855095,SIM_DIR,capstone_iii_fit_1x,fit_1x,119,119,397.0,0.0,0.0,1.0,1182.3963201318745,1182.3757340731518,0.02058605872284101,,,1241.6151068355318,1241.6151068355318,1300.0,True,False,True,,,
SIM_DIR-1784855095,SIM_DIR,capstone_iii_fit_2x,fit_2x,119,119,397.0,0.0,0.0,1.0,1182.3963201318745,1182.3757340731518,0.02058605872284101,,,1300.7338935391897,1300.7338935391897,1300.0,False,True,False,,,
SIM_DIR-1784855095,SIM_DIR,capstone_iii_fit_activity,fit_activity,119,119,397.0,0.0,0.0,1.0,1182.3963201318745,1182.3757340731518,0.02058605872284101,,,1288.910136198458,1288.910136198458,1300.0,True,False,True,,,
SIM_DIR-1784855095,SIM_DIR,baseline,,120,120,400.0,0.0,0.0,1.0,1192.4378326620963,1192.4172466033735,0.02058605872284101,1729.0348573600395,1550.1691824607253,,1550.1691824607253,,True,False,True,,,
SIM_DIR-1784855095,SIM_DIR,capstone_iii_fit_1x,fit_1x,120,120,400.0,0.0,0.0,1.0,1192.4378326620963,1192.4172466033735,0.02058605872284101,,,1252.1586949922648,1252.1586949922648,1300.0,True,False,True,,,
SIM_DIR-1784855095,SIM_DIR,capstone_iii_fit_activity,fit_activity,120,120,400.0,0.0,0.0,1.0,1192.4378326620963,1192.4172466033735,0.02058605872284101,,,1299.8553848563997,1299.8553848563997,1300.0,True,False,True,,,
SIM_DIR-1784855095,SIM_DIR,baseline,,121,121,402.0,0.0,0.0,1.0,1199.5118473483863,1199.4912612896635,0.02058605872284101,1739.2921786551601,1559.365401552902,,1559.365401552902,,True,False,True,,,
SIM_DIR-1784855095,SIM_DIR,capstone_iii_fit_1x,fit_1x,121,121,402.0,0.0,0.0,1.0,1199.5118473483863,1199.4912612896635,0.02058605872284101,,,1259.5864104128693,1259.5864104128693,1300.0,True,False,True,,,
SIM_DIR-1784855095,SIM_DIR,capstone_iii_fit_activity,fit_activity,121,121,402.0,0.0,0.0,1.0,1199.5118473483863,1199.4912612896635,0.02058605872284101,,,1307.566060864456,1307.566060864456,1300.0,False,True,False,,,
SIM_DIR-1784855095,SIM_DIR,baseline,,122,122,403.0,0.0,0.0,1.0,1203.6100633518517,1203.589477293129,0.02058605872284101,1745.234591860185,1564.6930823574073,,1564.6930823574073,,True,False,True,,,
SIM_DIR-1784855095,SIM_DIR,capstone_iii_fit_1x,fit_1x,122,122,403.0,0.0,0.0,1.0,1203.6100633518517,1203.589477293129,0.02058605872284101,,,1263.8895372165082,1263.8895372165082,1300.0,True,False,True,,,
SIM_DIR-1784855095,SIM_DIR,baseline,,123,123,416.0,0.0,0.0,1.0,1243.5855905179806,1243.5650044592578,0.02058605872284101,1803.1991062510717,1616.6612676733748,,1616.6612676733748,,True,False,True,,,
SIM_DIR-1784855095,SIM_DIR,capstone_iii_fit_1x,fit_1x,123,123,416.0,0.0,0.0,1.0,1243.5855905179806,1243.5650044592578,0.02058605872284101,,,1305.8638407409433,1305.8638407409433,1300.0,False,True,False,,,
SIM_DIR-1784855095,SIM_DIR,baseline,,124,124,418.0,0.0,0.0,1.0,1250.7195624226454,1250.6989763639226,0.02058605872284101,1813.5433655128356,1625.935431149439,,1625.935431149439,,True,False,True,,,
SIM_DIR-1784855095,SIM_DIR,baseline,,125,125,419.0,0.0,0.0,1.0,1254.8694285679003,1254.8488425091775,0.02058605872284101,1819.5606714234555,1631.3302571382703,,1631.3302571382703,,True,False,True,,,
SIM_DIR-1784855095,SIM_DIR,baseline,,126,126,422.0,0.0,0.0,1.0,1265.0197841277275,1264.9991980690047,0.02058605872284101,1834.2786869852048,1644.5257193660457,,1644.5257193660457,,True,False,True,,,
SIM_DIR-1784855095,SIM_DIR,baseline,,127,127,427.0,0.0,0.0,1.0,1281.1871990439636,1281.1666129852408,0.02058605872284101,1857.721438613747,1665.5433587571526,,1665.5433587571526,,True,False,True,,,
SIM_DIR-1784855095,SIM_DIR,baseline,,128,128,429.0,0.0,0.0,1.0,1288.3724786309592,1288.3518925722365,0.02058605872284101,1868.1400940148908,1674.884222220247,,1674.884222220247,,True,False,True,,,
SIM_DIR-1784855095,SIM_DIR,baseline,,129,129,432.0,0.0,0.0,1.0,1298.5744171560955,1298.5538310973727,0.02058605872284101,1882.9329048763384,1688.1467423029242,,1688.1467423029242,,True,False,True,,,
SIM_DIR-1784855095,SIM_DIR,baseline,,130,130,434.0,0.0,0.0,1.0,1305.783948369754,1305.7633623110312,0.02058605872284101,1893.3867251361432,1697.5191328806802,,1697.5191328806802,,True,False,True,,,
SIM_DIR-1784855095,SIM_DIR,baseline,,131,131,435.0,0.0,0.0,1.0,1309.9927905514505,1309.9722044927278,0.02058605872284101,1899.4895462996033,1702.9906277168857,,1702.9906277168857,,True,False,True,,,
SIM_DIR-1784855095,SIM_DIR,baseline,,132,132,436.0,0.0,0.0,1.0,1314.2068547767092,1314.1862687179864,0.02058605872284101,1905.5999394262283,1708.468911209722,,1708.468911209722,,True,False,True,,,
SIM_DIR-1784855095,SIM_DIR,baseline,,133,133,439.0,0.0,0.0,1.0,1324.4600331785275,1324.4394471198048,0.02058605872284101,1920.467048108865,1721.798043132086,,1721.798043132086,,True,False,True,,,
SIM_DIR-1784855095,SIM_DIR,baseline,,134,134,440.0,0.0,0.0,1.0,1328.6900537769245,1328.6694677182018,0.02058605872284101,1926.6005779765405,1727.297069910002,,1727.297069910002,,True,False,True,,,
SIM_DIR-1784855095,SIM_DIR,baseline,,135,135,442.0,0.0,0.0,1.0,1335.947753059056,1335.9271670003332,0.02058605872284101,1937.124241935631,1736.7320789767728,,1736.7320789767728,,True,False,True,,,
SIM_DIR-1784855095,SIM_DIR,baseline,,136,136,442.0,0.0,0.0,1.0,1337.1657515230563,1337.1451654643336,0.02058605872284101,1938.8903397084316,1738.3154769799733,,1738.3154769799733,,True,False,True,,,
SIM_DIR-1784855095,SIM_DIR,baseline,,137,137,442.0,0.0,0.0,1.0,1338.3834572989867,1338.362871240264,0.02058605872284101,1940.6560130835308,1739.898494488683,,1739.898494488683,,True,False,True,,,
SIM_DIR-1784855095,SIM_DIR,baseline,,138,138,442.0,0.0,0.0,1.0,1339.6008718380326,1339.5802857793099,0.02058605872284101,1942.4212641651472,1741.4811333894424,,1741.4811333894424,,True,False,True,,,
SIM_DIR-1784855095,SIM_DIR,baseline,,139,139,443.0,0.0,0.0,1.0,1343.8514748883517,1343.830888829629,0.02058605872284101,1948.58463858811,1747.0069173548573,,1747.0069173548573,,True,False,True,,,
SIM_DIR-1784855095,SIM_DIR,baseline,,140,140,444.0,0.0,0.0,1.0,1348.1072956290657,1348.086709570343,0.02058605872284101,1954.7555786621451,1752.5394843177855,,1752.5394843177855,,True,False,True,,,
SIM_DIR-1784855095,SIM_DIR,baseline,,141,141,447.0,0.0,0.0,1.0,1358.4463009463054,1358.4257148875827,0.02058605872284101,1969.747136372143,1765.980191230197,,1765.980191230197,,True,False,True,,,
SIM_DIR-1784855095,SIM_DIR,baseline,,142,142,454.0,0.0,0.0,1.0,1380.9684715590963,1380.9478855003736,0.02058605872284101,2002.4042837606896,1795.2590130268252,,1795.2590130268252,,True,False,True,,,
SIM_DIR-1784855095,SIM_DIR,baseline,,143,143,454.0,0.0,0.0,1.0,1382.2174644528147,1382.196878394092,0.02058605872284101,2004.2153234565812,1796.8827037886592,,1796.8827037886592,,True,False,True,,,
SIM_DIR-1784855095,SIM_DIR,baseline,,144,144,455.0,0.0,0.0,1.0,1386.5134039511543,1386.4928178924315,0.02058605872284101,2010.4444357291736,1802.4674251365007,,1802.4674251365007,,True,False,True,,,
SIM_DIR-1784855095,SIM_DIR,baseline,,145,145,457.0,0.0,0.0,1.0,1393.8645409218336,1393.8439548631109,0.02058605872284101,2021.1035843366587,1812.0239031983838,,1812.0239031983838,,True,False,True,,,
SIM_DIR-1784855095,SIM_DIR,baseline,,146,146,459.0,0.0,0.0,1.0,1401.2263864773065,1401.2058004185837,0.02058605872284101,2031.7782603920944,1821.5943024204985,,1821.5943024204985,,True,False,True,,,
SIM_DIR-1784855095,SIM_DIR,baseline,,147,147,459.0,0.0,0.0,1.0,1402.4879692741822,1402.4673832154594,0.02058605872284101,2033.6075554475642,1823.234360056437,,1823.234360056437,,True,False,True,,,
SIM_DIR-1784855095,SIM_DIR,baseline,,148,148,460.0,0.0,0.0,1.0,1406.8074967037169,1406.7869106449941,0.02058605872284101,2039.8708702203894,1828.849745714832,,1828.849745714832,,True,False,True,,,
SIM_DIR-1784855095,SIM_DIR,baseline,,149,149,462.0,0.0,0.0,1.0,1414.1932120779436,1414.1726260192208,0.02058605872284101,2050.580157513018,1838.4511757013267,,1838.4511757013267,,True,False,True,,,
SIM_DIR-1784855095,SIM_DIR,baseline,,150,150,463.0,0.0,0.0,1.0,1418.5259022075325,1418.5053161488097,0.02058605872284101,2056.862558200922,1844.0836728697923,,1844.0836728697923,,True,False,True,,,
SIM_DIR-1784855095,SIM_DIR,baseline,,151,151,465.0,0.0,0.0,1.0,1425.930271512949,1425.9096854542263,0.02058605872284101,2067.598893693776,1853.7093529668339,,1853.7093529668339,,True,False,True,,,
SIM_DIR-1784855095,SIM_DIR,baseline,,152,152,465.0,0.0,0.0,1.0,1427.2069022380251,1427.1863161793024,0.02058605872284101,2069.4500082451364,1855.3689729094326,,1855.3689729094326,,True,False,True,,,
SIM_DIR-1784855095,SIM_DIR,baseline,,153,153,465.0,0.0,0.0,1.0,1428.4832485676752,1428.4626625089525,0.02058605872284101,2071.300710423129,1857.0282231379779,,1857.0282231379779,,True,False,True,,,
SIM_DIR-1784855095,SIM_DIR,baseline,,154,154,465.0,0.0,0.0,1.0,1429.7593119102291,1429.7387258515064,0.02058605872284101,2073.151002269832,1858.687105483298,,1858.687105483298,,True,False,True,,,
SIM_DIR-1784855095,SIM_DIR,baseline,,155,155,465.0,0.0,0.0,1.0,1431.0350936670168,1431.014507608294,0.02058605872284101,2075.000885817174,1860.3456217671219,,1860.3456217671219,,True,False,True,,,
SIM_DIR-1784855095,SIM_DIR,baseline,,156,156,465.0,0.0,0.0,1.0,1432.310595232418,1432.2900091736954,0.02058605872284101,2076.8503630870064,1862.0037738021435,,1862.0037738021435,,True,False,True,,,
SIM_DIR-1784855095,SIM_DIR,baseline,,157,157,465.0,0.0,0.0,1.0,1433.5858179939019,1433.565231935179,0.02058605872284101,2078.6994360911576,1863.6615633920724,,1863.6615633920724,,True,False,True,,,
SIM_DIR-1784855095,SIM_DIR,baseline,,158,158,468.0,0.0,0.0,1.0,1444.117796733836,1444.0972106751133,0.02058605872284101,2093.970805264062,1877.3531357539869,,1877.3531357539869,,True,False,True,,,
SIM_DIR-1784855095,SIM_DIR,baseline,,159,159,468.0,0.0,0.0,1.0,1445.400689695307,1445.3801036365842,0.02058605872284101,2095.831000058195,1879.020896603899,,1879.020896603899,,True,False,True,,,
SIM_DIR-1784855095,SIM_DIR,baseline,,160,160,468.0,0.0,0.0,1.0,1446.68330620211,1446.6627201433873,0.02058605872284101,2097.6907939930597,1880.6882980627431,,1880.6882980627431,,True,False,True,,,
SIM_DIR-1784855095,SIM_DIR,baseline,,161,161,476.0,0.0,0.0,1.0,1472.716845256875,1472.6962591981523,0.02058605872284101,2135.4394256224687,1914.5318988339377,,1914.5318988339377,,True,False,True,,,
SIM_DIR-1784855095,SIM_DIR,baseline,,162,162,477.0,0.0,0.0,1.0,1477.1174678069829,1477.09688174826,0.02058605872284101,2141.820328320125,1920.2527081490778,,1920.2527081490778,,True,False,True,,,
SIM_DIR-1784855095,SIM_DIR,baseline,,163,163,477.0,0.0,0.0,1.0,1478.423913047365,1478.4033269886422,0.02058605872284101,2143.714673918679,1921.9510869615744,,1921.9510869615744,,True,False,True,,,
SIM_DIR-1784855095,SIM_DIR,baseline,,164,164,479.0,0.0,0.0,1.0,1485.934314744756,1485.9137286860332,0.02058605872284101,2154.604756379896,1931.7146091681827,,1931.7146091681827,,True,False,True,,,
SIM_DIR-1784855095,SIM_DIR,baseline,,165,165,479.0,0.0,0.0,1.0,1487.2456843392422,1487.2250982805194,0.02058605872284101,2156.506242291901,1933.419389641015,,1933.419389641015,,True,False,True,,,
SIM_DIR-1784855095,SIM_DIR,baseline,,166,166,479.0,0.0,0.0,1.0,1488.5567792860204,1488.5361932272976,0.02058605872284101,2158.4073299647293,1935.1238130718266,,1935.1238130718266,,True,False,True,,,
