run_id,kernel,mode,bound_mode,iteration,breaks,f_mhz,II,raw_AHA_II,effective_power_II,P_mean_mW,P_mean_dyn_mW,P_mean_leak_mW,P_upper_anchor_mW,P_upper_spec_mW,P_upper_robust_mW,P_effective_stop_upper_mW,cap_mW,safe,stopped_here,active_after,P_oracle_mW,success,delta_cap_pct
SIM_DIR-1784863204,SIM_DIR,baseline,,0,0,55.0,0.0,0.0,1.0,86.60421878316286,86.58906315730948,0.015155625853387436,125.57611723558615,112.58548441811173,,112.58548441811173,,True,False,True,,,
SIM_DIR-1784863204,SIM_DIR,capstone_i,,0,0,55.0,0.0,0.0,1.0,86.60421878316286,86.58906315730948,0.015155625853387436,125.57611723558615,112.58548441811173,,112.58548441811173,750.0,True,False,True,,,
SIM_DIR-1784863204,SIM_DIR,capstone_ii,,0,0,55.0,0.0,0.0,1.0,86.60421878316286,86.58906315730948,0.015155625853387436,134.60421878316288,116.60421878316286,,116.60421878316286,750.0,True,False,True,,,
SIM_DIR-1784863204,SIM_DIR,capstone_iii_fit_1x,fit_1x,0,0,55.0,0.0,0.0,1.0,86.60421878316286,86.58906315730948,0.015155625853387436,,,91.03367194102833,91.03367194102833,750.0,True,False,True,,,
SIM_DIR-1784863204,SIM_DIR,capstone_iii_fit_2x,fit_2x,0,0,55.0,0.0,0.0,1.0,86.60421878316286,86.58906315730948,0.015155625853387436,,,95.3631250988938,95.3631250988938,750.0,True,False,True,,,
SIM_DIR-1784863204,SIM_DIR,capstone_iii_fit_activity,fit_activity,0,0,55.0,0.0,0.0,1.0,86.60421878316286,86.58906315730948,0.015155625853387436,,,94.49723446732072,94.49723446732072,750.0,True,False,True,,,
SIM_DIR-1784863204,SIM_DIR,capstone_iii_fit_activity_pvt,fit_activity_pvt,0,0,55.0,0.0,0.0,1.0,86.60421878316286,86.58906315730948,0.015155625853387436,,,97.09490636204,97.09490636204,750.0,True,False,True,,,
SIM_DIR-1784863204,SIM_DIR,capstone_iii_full,full,0,0,55.0,0.0,0.0,1.0,86.60421878316286,86.58906315730948,0.015155625853387436,,,99.69257825675928,99.69257825675928,750.0,True,False,True,,,
SIM_DIR-1784863204,SIM_DIR,baseline,,1,1,58.0,0.0,0.0,1.0,91.48412992206035,91.46897429620697,0.015155625853387436,132.6519883869875,118.92936889867846,,118.92936889867846,,True,False,True,,,
SIM_DIR-1784863204,SIM_DIR,capstone_i,,1,1,58.0,0.0,0.0,1.0,91.48412992206035,91.46897429620697,0.015155625853387436,132.6519883869875,118.92936889867846,,118.92936889867846,750.0,True,False,True,,,
SIM_DIR-1784863204,SIM_DIR,capstone_ii,,1,1,58.0,0.0,0.0,1.0,91.48412992206035,91.46897429620697,0.015155625853387436,139.48412992206033,121.48412992206035,,121.48412992206035,750.0,True,False,True,,,
SIM_DIR-1784863204,SIM_DIR,capstone_iii_fit_1x,fit_1x,1,1,58.0,0.0,0.0,1.0,91.48412992206035,91.46897429620697,0.015155625853387436,,,96.15757863687068,96.15757863687068,750.0,True,False,True,,,
SIM_DIR-1784863204,SIM_DIR,capstone_iii_fit_2x,fit_2x,1,1,58.0,0.0,0.0,1.0,91.48412992206035,91.46897429620697,0.015155625853387436,,,100.73102735168104,100.73102735168104,750.0,True,False,True,,,
SIM_DIR-1784863204,SIM_DIR,capstone_iii_fit_activity,fit_activity,1,1,58.0,0.0,0.0,1.0,91.48412992206035,91.46897429620697,0.015155625853387436,,,99.81633760871897,99.81633760871897,750.0,True,False,True,,,
SIM_DIR-1784863204,SIM_DIR,capstone_iii_fit_activity_pvt,fit_activity_pvt,1,1,58.0,0.0,0.0,1.0,91.48412992206035,91.46897429620697,0.015155625853387436,,,102.56040683760519,102.56040683760519,750.0,True,False,True,,,
SIM_DIR-1784863204,SIM_DIR,capstone_iii_full,full,1,1,58.0,0.0,0.0,1.0,91.48412992206035,91.46897429620697,0.015155625853387436,,,105.30447606649138,105.30447606649138,750.0,True,False,True,,,
SIM_DIR-1784863204,SIM_DIR,baseline,,2,2,59.0,0.0,0.0,1.0,93.22061173522863,93.20545610937525,0.015155625853387436,135.1698870160815,121.18679525579722,,121.18679525579722,,True,False,True,,,
SIM_DIR-1784863204,SIM_DIR,capstone_i,,2,2,59.0,0.0,0.0,1.0,93.22061173522863,93.20545610937525,0.015155625853387436,135.1698870160815,121.18679525579722,,121.18679525579722,750.0,True,False,True,,,
SIM_DIR-1784863204,SIM_DIR,capstone_ii,,2,2,59.0,0.0,0.0,1.0,93.22061173522863,93.20545610937525,0.015155625853387436,141.22061173522863,123.22061173522863,,123.22061173522863,750.0,True,False,True,,,
SIM_DIR-1784863204,SIM_DIR,capstone_iii_fit_1x,fit_1x,2,2,59.0,0.0,0.0,1.0,93.22061173522863,93.20545610937525,0.015155625853387436,,,97.98088454069739,97.98088454069739,750.0,True,False,True,,,
SIM_DIR-1784863204,SIM_DIR,capstone_iii_fit_2x,fit_2x,2,2,59.0,0.0,0.0,1.0,93.22061173522863,93.20545610937525,0.015155625853387436,,,102.64115734616615,102.64115734616615,750.0,True,False,True,,,
SIM_DIR-1784863204,SIM_DIR,capstone_iii_fit_activity,fit_activity,2,2,59.0,0.0,0.0,1.0,93.22061173522863,93.20545610937525,0.015155625853387436,,,101.7091027850724,101.7091027850724,750.0,True,False,True,,,
SIM_DIR-1784863204,SIM_DIR,capstone_iii_fit_activity_pvt,fit_activity_pvt,2,2,59.0,0.0,0.0,1.0,93.22061173522863,93.20545610937525,0.015155625853387436,,,104.50526646835365,104.50526646835365,750.0,True,False,True,,,
SIM_DIR-1784863204,SIM_DIR,capstone_iii_full,full,2,2,59.0,0.0,0.0,1.0,93.22061173522863,93.20545610937525,0.015155625853387436,,,107.30143015163493,107.30143015163493,750.0,True,False,True,,,
SIM_DIR-1784863204,SIM_DIR,baseline,,3,3,64.0,0.0,0.0,1.0,101.29216428968614,101.27700866383276,0.015155625853387436,146.8736382200449,131.67981357659198,,131.67981357659198,,True,False,True,,,
SIM_DIR-1784863204,SIM_DIR,capstone_i,,3,3,64.0,0.0,0.0,1.0,101.29216428968614,101.27700866383276,0.015155625853387436,146.8736382200449,131.67981357659198,,131.67981357659198,750.0,True,False,True,,,
SIM_DIR-1784863204,SIM_DIR,capstone_ii,,3,3,64.0,0.0,0.0,1.0,101.29216428968614,101.27700866383276,0.015155625853387436,149.29216428968613,131.29216428968613,,131.29216428968613,750.0,True,False,True,,,
SIM_DIR-1784863204,SIM_DIR,capstone_iii_fit_1x,fit_1x,3,3,64.0,0.0,0.0,1.0,101.29216428968614,101.27700866383276,0.015155625853387436,,,106.45601472287777,106.45601472287777,750.0,True,False,True,,,
SIM_DIR-1784863204,SIM_DIR,capstone_iii_fit_2x,fit_2x,3,3,64.0,0.0,0.0,1.0,101.29216428968614,101.27700866383276,0.015155625853387436,,,111.51986515606941,111.51986515606941,750.0,True,False,True,,,
SIM_DIR-1784863204,SIM_DIR,capstone_iii_fit_activity,fit_activity,3,3,64.0,0.0,0.0,1.0,101.29216428968614,101.27700866383276,0.015155625853387436,,,110.50709506943109,110.50709506943109,750.0,True,False,True,,,
SIM_DIR-1784863204,SIM_DIR,capstone_iii_fit_activity_pvt,fit_activity_pvt,3,3,64.0,0.0,0.0,1.0,101.29216428968614,101.27700866383276,0.015155625853387436,,,113.54540532934607,113.54540532934607,750.0,True,False,True,,,
SIM_DIR-1784863204,SIM_DIR,capstone_iii_full,full,3,3,64.0,0.0,0.0,1.0,101.29216428968614,101.27700866383276,0.015155625853387436,,,116.58371558926106,116.58371558926106,750.0,True,False,True,,,
SIM_DIR-1784863204,SIM_DIR,baseline,,4,4,67.0,0.0,0.0,1.0,106.22024596107313,106.20509033521975,0.015155625853387436,154.01935664355605,138.08631974939507,,138.08631974939507,,True,False,True,,,
SIM_DIR-1784863204,SIM_DIR,capstone_i,,4,4,67.0,0.0,0.0,1.0,106.22024596107313,106.20509033521975,0.015155625853387436,154.01935664355605,138.08631974939507,,138.08631974939507,750.0,True,False,True,,,
SIM_DIR-1784863204,SIM_DIR,capstone_ii,,4,4,67.0,0.0,0.0,1.0,106.22024596107313,106.20509033521975,0.015155625853387436,154.22024596107315,136.22024596107315,,136.22024596107315,750.0,True,False,True,,,
SIM_DIR-1784863204,SIM_DIR,capstone_iii_fit_1x,fit_1x,4,4,67.0,0.0,0.0,1.0,106.22024596107313,106.20509033521975,0.015155625853387436,,,111.63050047783412,111.63050047783412,750.0,True,False,True,,,
SIM_DIR-1784863204,SIM_DIR,capstone_iii_fit_2x,fit_2x,4,4,67.0,0.0,0.0,1.0,106.22024596107313,106.20509033521975,0.015155625853387436,,,116.9407549945951,116.9407549945951,750.0,True,False,True,,,
SIM_DIR-1784863204,SIM_DIR,capstone_iii_fit_activity,fit_activity,4,4,67.0,0.0,0.0,1.0,106.22024596107313,106.20509033521975,0.015155625853387436,,,115.87870409124291,115.87870409124291,750.0,True,False,True,,,
SIM_DIR-1784863204,SIM_DIR,capstone_iii_fit_activity_pvt,fit_activity_pvt,4,4,67.0,0.0,0.0,1.0,106.22024596107313,106.20509033521975,0.015155625853387436,,,119.0648568012995,119.0648568012995,750.0,True,False,True,,,
SIM_DIR-1784863204,SIM_DIR,capstone_iii_full,full,4,4,67.0,0.0,0.0,1.0,106.22024596107313,106.20509033521975,0.015155625853387436,,,122.2510095113561,122.2510095113561,750.0,True,False,True,,,
SIM_DIR-1784863204,SIM_DIR,baseline,,5,5,77.0,0.0,0.0,1.0,122.27926206550131,122.26410643964793,0.015155625853387436,177.3049299949769,158.96304068515173,,158.96304068515173,,True,False,True,,,
SIM_DIR-1784863204,SIM_DIR,capstone_i,,5,5,77.0,0.0,0.0,1.0,122.27926206550131,122.26410643964793,0.015155625853387436,177.3049299949769,158.96304068515173,,158.96304068515173,750.0,True,False,True,,,
SIM_DIR-1784863204,SIM_DIR,capstone_ii,,5,5,77.0,0.0,0.0,1.0,122.27926206550131,122.26410643964793,0.015155625853387436,170.2792620655013,152.2792620655013,,152.2792620655013,750.0,True,False,True,,,
SIM_DIR-1784863204,SIM_DIR,capstone_iii_fit_1x,fit_1x,5,5,77.0,0.0,0.0,1.0,122.27926206550131,122.26410643964793,0.015155625853387436,,,128.4924673874837,128.4924673874837,750.0,True,False,True,,,
SIM_DIR-1784863204,SIM_DIR,capstone_iii_fit_2x,fit_2x,5,5,77.0,0.0,0.0,1.0,122.27926206550131,122.26410643964793,0.015155625853387436,,,134.60567270946612,134.60567270946612,750.0,True,False,True,,,
SIM_DIR-1784863204,SIM_DIR,capstone_iii_fit_activity,fit_activity,5,5,77.0,0.0,0.0,1.0,122.27926206550131,122.26410643964793,0.015155625853387436,,,133.38303164506965,133.38303164506965,750.0,True,False,True,,,
SIM_DIR-1784863204,SIM_DIR,capstone_iii_fit_activity_pvt,fit_activity_pvt,5,5,77.0,0.0,0.0,1.0,122.27926206550131,122.26410643964793,0.015155625853387436,,,137.0509548382591,137.0509548382591,750.0,True,False,True,,,
SIM_DIR-1784863204,SIM_DIR,capstone_iii_full,full,5,5,77.0,0.0,0.0,1.0,122.27926206550131,122.26410643964793,0.015155625853387436,,,140.71887803144853,140.71887803144853,750.0,True,False,True,,,
SIM_DIR-1784863204,SIM_DIR,baseline,,6,6,82.0,0.0,0.0,1.0,130.4392788831648,130.4241232573114,0.015155625853387436,189.13695438058895,169.57106254811424,,169.57106254811424,,True,False,True,,,
SIM_DIR-1784863204,SIM_DIR,capstone_i,,6,6,82.0,0.0,0.0,1.0,130.4392788831648,130.4241232573114,0.015155625853387436,189.13695438058895,169.57106254811424,,169.57106254811424,750.0,True,False,True,,,
SIM_DIR-1784863204,SIM_DIR,capstone_ii,,6,6,82.0,0.0,0.0,1.0,130.4392788831648,130.4241232573114,0.015155625853387436,178.4392788831648,160.4392788831648,,160.4392788831648,750.0,True,False,True,,,
SIM_DIR-1784863204,SIM_DIR,capstone_iii_fit_1x,fit_1x,6,6,82.0,0.0,0.0,1.0,130.4392788831648,130.4241232573114,0.015155625853387436,,,137.06048504603035,137.06048504603035,750.0,True,False,True,,,
SIM_DIR-1784863204,SIM_DIR,capstone_iii_fit_2x,fit_2x,6,6,82.0,0.0,0.0,1.0,130.4392788831648,130.4241232573114,0.015155625853387436,,,143.58169120889596,143.58169120889596,750.0,True,False,True,,,
SIM_DIR-1784863204,SIM_DIR,capstone_iii_fit_activity,fit_activity,6,6,82.0,0.0,0.0,1.0,130.4392788831648,130.4241232573114,0.015155625853387436,,,142.27744997632283,142.27744997632283,750.0,True,False,True,,,
SIM_DIR-1784863204,SIM_DIR,capstone_iii_fit_activity_pvt,fit_activity_pvt,6,6,82.0,0.0,0.0,1.0,130.4392788831648,130.4241232573114,0.015155625853387436,,,146.19017367404217,146.19017367404217,750.0,True,False,True,,,
SIM_DIR-1784863204,SIM_DIR,capstone_iii_full,full,6,6,82.0,0.0,0.0,1.0,130.4392788831648,130.4241232573114,0.015155625853387436,,,150.10289737176151,150.10289737176151,750.0,True,False,True,,,
SIM_DIR-1784863204,SIM_DIR,baseline,,7,7,92.0,0.0,0.0,1.0,146.59215669113544,146.57700106528205,0.015155625853387436,212.5586272021464,190.56980369847608,,190.56980369847608,,True,False,True,,,
SIM_DIR-1784863204,SIM_DIR,capstone_i,,7,7,92.0,0.0,0.0,1.0,146.59215669113544,146.57700106528205,0.015155625853387436,212.5586272021464,190.56980369847608,,190.56980369847608,750.0,True,False,True,,,
SIM_DIR-1784863204,SIM_DIR,capstone_ii,,7,7,92.0,0.0,0.0,1.0,146.59215669113544,146.57700106528205,0.015155625853387436,194.59215669113544,176.59215669113544,,176.59215669113544,750.0,True,False,True,,,
SIM_DIR-1784863204,SIM_DIR,capstone_iii_fit_1x,fit_1x,7,7,92.0,0.0,0.0,1.0,146.59215669113544,146.57700106528205,0.015155625853387436,,,154.02100674439953,154.02100674439953,750.0,True,False,True,,,
SIM_DIR-1784863204,SIM_DIR,capstone_iii_fit_2x,fit_2x,7,7,92.0,0.0,0.0,1.0,146.59215669113544,146.57700106528205,0.015155625853387436,,,161.34985679766365,161.34985679766365,750.0,True,False,True,,,
SIM_DIR-1784863204,SIM_DIR,capstone_iii_fit_activity,fit_activity,7,7,92.0,0.0,0.0,1.0,146.59215669113544,146.57700106528205,0.015155625853387436,,,159.88408678701083,159.88408678701083,750.0,True,False,True,,,
SIM_DIR-1784863204,SIM_DIR,capstone_iii_fit_activity_pvt,fit_activity_pvt,7,7,92.0,0.0,0.0,1.0,146.59215669113544,146.57700106528205,0.015155625853387436,,,164.28139681896928,164.28139681896928,750.0,True,False,True,,,
SIM_DIR-1784863204,SIM_DIR,capstone_iii_full,full,7,7,92.0,0.0,0.0,1.0,146.59215669113544,146.57700106528205,0.015155625853387436,,,168.67870685092777,168.67870685092777,750.0,True,False,True,,,
SIM_DIR-1784863204,SIM_DIR,baseline,,8,8,105.0,0.0,0.0,1.0,167.5863470983855,167.5711914725321,0.015155625853387436,243.00020329265894,217.86225122790114,,217.86225122790114,,True,False,True,,,
SIM_DIR-1784863204,SIM_DIR,capstone_i,,8,8,105.0,0.0,0.0,1.0,167.5863470983855,167.5711914725321,0.015155625853387436,243.00020329265894,217.86225122790114,,217.86225122790114,750.0,True,False,True,,,
SIM_DIR-1784863204,SIM_DIR,capstone_ii,,8,8,105.0,0.0,0.0,1.0,167.5863470983855,167.5711914725321,0.015155625853387436,217.9863470983855,199.0863470983855,,199.0863470983855,750.0,True,False,True,,,
SIM_DIR-1784863204,SIM_DIR,capstone_iii_fit_1x,fit_1x,8,8,105.0,0.0,0.0,1.0,167.5863470983855,167.5711914725321,0.015155625853387436,,,176.06490667201209,176.06490667201209,750.0,True,False,True,,,
SIM_DIR-1784863204,SIM_DIR,capstone_iii_fit_2x,fit_2x,8,8,105.0,0.0,0.0,1.0,167.5863470983855,167.5711914725321,0.015155625853387436,,,184.44346624563872,184.44346624563872,750.0,True,False,True,,,
SIM_DIR-1784863204,SIM_DIR,capstone_iii_fit_activity,fit_activity,8,8,105.0,0.0,0.0,1.0,167.5863470983855,167.5711914725321,0.015155625853387436,,,182.7677543309134,182.7677543309134,750.0,True,False,True,,,
SIM_DIR-1784863204,SIM_DIR,capstone_iii_fit_activity_pvt,fit_activity_pvt,8,8,105.0,0.0,0.0,1.0,167.5863470983855,167.5711914725321,0.015155625853387436,,,187.79489007508934,187.79489007508934,750.0,True,False,True,,,
SIM_DIR-1784863204,SIM_DIR,capstone_iii_full,full,8,8,105.0,0.0,0.0,1.0,167.5863470983855,167.5711914725321,0.015155625853387436,,,192.82202581926532,192.82202581926532,750.0,True,False,True,,,
SIM_DIR-1784863204,SIM_DIR,baseline,,9,9,106.0,0.0,0.0,1.0,169.4669271334884,169.45177150763502,0.015155625853387436,245.7270443435582,220.30700527353494,,220.30700527353494,,True,False,True,,,
SIM_DIR-1784863204,SIM_DIR,capstone_i,,9,9,106.0,0.0,0.0,1.0,169.4669271334884,169.45177150763502,0.015155625853387436,245.7270443435582,220.30700527353494,,220.30700527353494,750.0,True,False,True,,,
SIM_DIR-1784863204,SIM_DIR,capstone_ii,,9,9,106.0,0.0,0.0,1.0,169.4669271334884,169.45177150763502,0.015155625853387436,220.3469271334884,201.26692713348842,,201.26692713348842,750.0,True,False,True,,,
SIM_DIR-1784863204,SIM_DIR,capstone_iii_fit_1x,fit_1x,9,9,106.0,0.0,0.0,1.0,169.4669271334884,169.45177150763502,0.015155625853387436,,,178.03951570887017,178.03951570887017,750.0,True,False,True,,,
SIM_DIR-1784863204,SIM_DIR,capstone_iii_fit_2x,fit_2x,9,9,106.0,0.0,0.0,1.0,169.4669271334884,169.45177150763502,0.015155625853387436,,,186.51210428425193,186.51210428425193,750.0,True,False,True,,,
SIM_DIR-1784863204,SIM_DIR,capstone_iii_fit_activity,fit_activity,9,9,106.0,0.0,0.0,1.0,169.4669271334884,169.45177150763502,0.015155625853387436,,,184.81758656917557,184.81758656917557,750.0,True,False,True,,,
SIM_DIR-1784863204,SIM_DIR,capstone_iii_fit_activity_pvt,fit_activity_pvt,9,9,106.0,0.0,0.0,1.0,169.4669271334884,169.45177150763502,0.015155625853387436,,,189.9011397144046,189.9011397144046,750.0,True,False,True,,,
SIM_DIR-1784863204,SIM_DIR,capstone_iii_full,full,9,9,106.0,0.0,0.0,1.0,169.4669271334884,169.45177150763502,0.015155625853387436,,,194.98469285963367,194.98469285963367,750.0,True,False,True,,,
SIM_DIR-1784863204,SIM_DIR,baseline,,10,10,112.0,0.0,0.0,1.0,179.35905518683882,179.34389956098542,0.015155625853387436,260.07063002091627,233.16677174289046,,233.16677174289046,,True,False,True,,,
SIM_DIR-1784863204,SIM_DIR,capstone_i,,10,10,112.0,0.0,0.0,1.0,179.35905518683882,179.34389956098542,0.015155625853387436,260.07063002091627,233.16677174289046,,233.16677174289046,750.0,True,False,True,,,
SIM_DIR-1784863204,SIM_DIR,capstone_ii,,10,10,112.0,0.0,0.0,1.0,179.35905518683882,179.34389956098542,0.015155625853387436,233.1190551868388,212.9590551868388,,212.9590551868388,750.0,True,False,True,,,
SIM_DIR-1784863204,SIM_DIR,capstone_iii_fit_1x,fit_1x,10,10,112.0,0.0,0.0,1.0,179.35905518683882,179.34389956098542,0.015155625853387436,,,188.42625016488805,188.42625016488805,750.0,True,False,True,,,
SIM_DIR-1784863204,SIM_DIR,capstone_iii_fit_2x,fit_2x,10,10,112.0,0.0,0.0,1.0,179.35905518683882,179.34389956098542,0.015155625853387436,,,197.39344514293734,197.39344514293734,750.0,True,False,True,,,
SIM_DIR-1784863204,SIM_DIR,capstone_iii_fit_activity,fit_activity,10,10,112.0,0.0,0.0,1.0,179.35905518683882,179.34389956098542,0.015155625853387436,,,195.6000061473275,195.6000061473275,750.0,True,False,True,,,
SIM_DIR-1784863204,SIM_DIR,capstone_iii_fit_activity_pvt,fit_activity_pvt,10,10,112.0,0.0,0.0,1.0,179.35905518683882,179.34389956098542,0.015155625853387436,,,200.98032313415703,200.98032313415703,750.0,True,False,True,,,
SIM_DIR-1784863204,SIM_DIR,capstone_iii_full,full,10,10,112.0,0.0,0.0,1.0,179.35905518683882,179.34389956098542,0.015155625853387436,,,206.3606401209866,206.3606401209866,750.0,True,False,True,,,
SIM_DIR-1784863204,SIM_DIR,baseline,,11,11,115.0,0.0,0.0,1.0,184.47121416914226,184.45605854328886,0.015155625853387436,267.48326054525626,239.81257841988494,,239.81257841988494,,True,False,True,,,
SIM_DIR-1784863204,SIM_DIR,capstone_i,,11,11,115.0,0.0,0.0,1.0,184.47121416914226,184.45605854328886,0.015155625853387436,267.48326054525626,239.81257841988494,,239.81257841988494,750.0,True,False,True,,,
SIM_DIR-1784863204,SIM_DIR,capstone_ii,,11,11,115.0,0.0,0.0,1.0,184.47121416914226,184.45605854328886,0.015155625853387436,239.67121416914225,218.97121416914226,,218.97121416914226,750.0,True,False,True,,,
SIM_DIR-1784863204,SIM_DIR,capstone_iii_fit_1x,fit_1x,11,11,115.0,0.0,0.0,1.0,184.47121416914226,184.45605854328886,0.015155625853387436,,,193.7940170963067,193.7940170963067,750.0,True,False,True,,,
SIM_DIR-1784863204,SIM_DIR,capstone_iii_fit_2x,fit_2x,11,11,115.0,0.0,0.0,1.0,184.47121416914226,184.45605854328886,0.015155625853387436,,,203.01682002347115,203.01682002347115,750.0,True,False,True,,,
SIM_DIR-1784863204,SIM_DIR,capstone_iii_fit_activity,fit_activity,11,11,115.0,0.0,0.0,1.0,184.47121416914226,184.45605854328886,0.015155625853387436,,,201.17225943803825,201.17225943803825,750.0,True,False,True,,,
SIM_DIR-1784863204,SIM_DIR,capstone_iii_fit_activity_pvt,fit_activity_pvt,11,11,115.0,0.0,0.0,1.0,184.47121416914226,184.45605854328886,0.015155625853387436,,,206.70594119433693,206.70594119433693,750.0,True,False,True,,,
SIM_DIR-1784863204,SIM_DIR,capstone_iii_full,full,11,11,115.0,0.0,0.0,1.0,184.47121416914226,184.45605854328886,0.015155625853387436,,,212.23962295063558,212.23962295063558,750.0,True,False,True,,,
SIM_DIR-1784863204,SIM_DIR,baseline,,12,12,115.0,0.0,0.0,1.0,184.77925740934904,184.76410178349565,0.015155625853387436,267.9299232435561,240.21303463215375,,240.21303463215375,,True,False,True,,,
SIM_DIR-1784863204,SIM_DIR,capstone_i,,12,12,115.0,0.0,0.0,1.0,184.77925740934904,184.76410178349565,0.015155625853387436,267.9299232435561,240.21303463215375,,240.21303463215375,750.0,True,False,True,,,
SIM_DIR-1784863204,SIM_DIR,capstone_ii,,12,12,115.0,0.0,0.0,1.0,184.77925740934904,184.76410178349565,0.015155625853387436,239.97925740934903,219.27925740934904,,219.27925740934904,750.0,True,False,True,,,
SIM_DIR-1784863204,SIM_DIR,capstone_iii_fit_1x,fit_1x,12,12,115.0,0.0,0.0,1.0,184.77925740934904,184.76410178349565,0.015155625853387436,,,194.11746249852382,194.11746249852382,750.0,True,False,True,,,
SIM_DIR-1784863204,SIM_DIR,capstone_iii_fit_2x,fit_2x,12,12,115.0,0.0,0.0,1.0,184.77925740934904,184.76410178349565,0.015155625853387436,,,203.3556675876986,203.3556675876986,750.0,True,False,True,,,
SIM_DIR-1784863204,SIM_DIR,capstone_iii_fit_activity,fit_activity,12,12,115.0,0.0,0.0,1.0,184.77925740934904,184.76410178349565,0.015155625853387436,,,201.50802656986366,201.50802656986366,750.0,True,False,True,,,
SIM_DIR-1784863204,SIM_DIR,capstone_iii_fit_activity_pvt,fit_activity_pvt,12,12,115.0,0.0,0.0,1.0,184.77925740934904,184.76410178349565,0.015155625853387436,,,207.05094962336852,207.05094962336852,750.0,True,False,True,,,
SIM_DIR-1784863204,SIM_DIR,capstone_iii_full,full,12,12,115.0,0.0,0.0,1.0,184.77925740934904,184.76410178349565,0.015155625853387436,,,212.5938726768734,212.5938726768734,750.0,True,False,True,,,
SIM_DIR-1784863204,SIM_DIR,baseline,,13,13,117.0,0.0,0.0,1.0,188.3056829558086,188.2905273299552,0.015155625853387436,273.0432402859225,244.7973878425512,,244.7973878425512,,True,False,True,,,
SIM_DIR-1784863204,SIM_DIR,capstone_i,,13,13,117.0,0.0,0.0,1.0,188.3056829558086,188.2905273299552,0.015155625853387436,273.0432402859225,244.7973878425512,,244.7973878425512,750.0,True,False,True,,,
SIM_DIR-1784863204,SIM_DIR,capstone_ii,,13,13,117.0,0.0,0.0,1.0,188.3056829558086,188.2905273299552,0.015155625853387436,244.4656829558086,223.4056829558086,,223.4056829558086,750.0,True,False,True,,,
SIM_DIR-1784863204,SIM_DIR,capstone_iii_fit_1x,fit_1x,13,13,117.0,0.0,0.0,1.0,188.3056829558086,188.2905273299552,0.015155625853387436,,,197.82020932230637,197.82020932230637,750.0,True,False,True,,,
SIM_DIR-1784863204,SIM_DIR,capstone_iii_fit_2x,fit_2x,13,13,117.0,0.0,0.0,1.0,188.3056829558086,188.2905273299552,0.015155625853387436,,,207.23473568880414,207.23473568880414,750.0,True,False,True,,,
SIM_DIR-1784863204,SIM_DIR,capstone_iii_fit_activity,fit_activity,13,13,117.0,0.0,0.0,1.0,188.3056829558086,188.2905273299552,0.015155625853387436,,,205.3518304155046,205.3518304155046,750.0,True,False,True,,,
SIM_DIR-1784863204,SIM_DIR,capstone_iii_fit_activity_pvt,fit_activity_pvt,13,13,117.0,0.0,0.0,1.0,188.3056829558086,188.2905273299552,0.015155625853387436,,,211.00054623540325,211.00054623540325,750.0,True,False,True,,,
SIM_DIR-1784863204,SIM_DIR,capstone_iii_full,full,13,13,117.0,0.0,0.0,1.0,188.3056829558086,188.2905273299552,0.015155625853387436,,,216.64926205530188,216.64926205530188,750.0,True,False,True,,,
SIM_DIR-1784863204,SIM_DIR,baseline,,14,14,120.0,0.0,0.0,1.0,193.45454288075024,193.43938725489684,0.015155625853387436,280.50908717708785,251.49090574497532,,251.49090574497532,,True,False,True,,,
SIM_DIR-1784863204,SIM_DIR,capstone_i,,14,14,120.0,0.0,0.0,1.0,193.45454288075024,193.43938725489684,0.015155625853387436,280.50908717708785,251.49090574497532,,251.49090574497532,750.0,True,False,True,,,
SIM_DIR-1784863204,SIM_DIR,capstone_ii,,14,14,120.0,0.0,0.0,1.0,193.45454288075024,193.43938725489684,0.015155625853387436,251.05454288075023,229.45454288075024,,229.45454288075024,750.0,True,False,True,,,
SIM_DIR-1784863204,SIM_DIR,capstone_iii_fit_1x,fit_1x,14,14,120.0,0.0,0.0,1.0,193.45454288075024,193.43938725489684,0.015155625853387436,,,203.22651224349505,203.22651224349505,750.0,True,False,True,,,
SIM_DIR-1784863204,SIM_DIR,capstone_iii_fit_2x,fit_2x,14,14,120.0,0.0,0.0,1.0,193.45454288075024,193.43938725489684,0.015155625853387436,,,212.89848160623993,212.89848160623993,750.0,True,False,True,,,
SIM_DIR-1784863204,SIM_DIR,capstone_iii_fit_activity,fit_activity,14,14,120.0,0.0,0.0,1.0,193.45454288075024,193.43938725489684,0.015155625853387436,,,210.96408773369095,210.96408773369095,750.0,True,False,True,,,
SIM_DIR-1784863204,SIM_DIR,capstone_iii_fit_activity_pvt,fit_activity_pvt,14,14,120.0,0.0,0.0,1.0,193.45454288075024,193.43938725489684,0.015155625853387436,,,216.76726935133786,216.76726935133786,750.0,True,False,True,,,
SIM_DIR-1784863204,SIM_DIR,capstone_iii_full,full,14,14,120.0,0.0,0.0,1.0,193.45454288075024,193.43938725489684,0.015155625853387436,,,222.57045096898474,222.57045096898474,750.0,True,False,True,,,
SIM_DIR-1784863204,SIM_DIR,baseline,,15,15,123.0,0.0,0.0,1.0,198.6191749036972,198.6040192778438,0.015155625853387436,287.9978036103609,258.20492737480635,,258.20492737480635,,True,False,True,,,
SIM_DIR-1784863204,SIM_DIR,capstone_i,,15,15,123.0,0.0,0.0,1.0,198.6191749036972,198.6040192778438,0.015155625853387436,287.9978036103609,258.20492737480635,,258.20492737480635,750.0,True,False,True,,,
SIM_DIR-1784863204,SIM_DIR,capstone_ii,,15,15,123.0,0.0,0.0,1.0,198.6191749036972,198.6040192778438,0.015155625853387436,257.6591749036972,235.5191749036972,,235.5191749036972,750.0,True,False,True,,,
SIM_DIR-1784863204,SIM_DIR,capstone_iii_fit_1x,fit_1x,15,15,123.0,0.0,0.0,1.0,198.6191749036972,198.6040192778438,0.015155625853387436,,,208.64937586758936,208.64937586758936,750.0,True,False,True,,,
SIM_DIR-1784863204,SIM_DIR,capstone_iii_fit_2x,fit_2x,15,15,123.0,0.0,0.0,1.0,198.6191749036972,198.6040192778438,0.015155625853387436,,,218.57957683148157,218.57957683148157,750.0,True,False,True,,,
SIM_DIR-1784863204,SIM_DIR,capstone_iii_fit_activity,fit_activity,15,15,123.0,0.0,0.0,1.0,198.6191749036972,198.6040192778438,0.015155625853387436,,,216.59353663870314,216.59353663870314,750.0,True,False,True,,,
SIM_DIR-1784863204,SIM_DIR,capstone_iii_fit_activity_pvt,fit_activity_pvt,15,15,123.0,0.0,0.0,1.0,198.6191749036972,198.6040192778438,0.015155625853387436,,,222.55165721703844,222.55165721703844,750.0,True,False,True,,,
SIM_DIR-1784863204,SIM_DIR,capstone_iii_full,full,15,15,123.0,0.0,0.0,1.0,198.6191749036972,198.6040192778438,0.015155625853387436,,,228.50977779537376,228.50977779537376,750.0,True,False,True,,,
SIM_DIR-1784863204,SIM_DIR,baseline,,16,16,129.0,0.0,0.0,1.0,208.65157095875978,208.63641533290638,0.015155625853387436,302.54477789020166,271.2470422463877,,271.2470422463877,,True,False,True,,,
SIM_DIR-1784863204,SIM_DIR,capstone_i,,16,16,129.0,0.0,0.0,1.0,208.65157095875978,208.63641533290638,0.015155625853387436,302.54477789020166,271.2470422463877,,271.2470422463877,750.0,True,False,True,,,
SIM_DIR-1784863204,SIM_DIR,capstone_ii,,16,16,129.0,0.0,0.0,1.0,208.65157095875978,208.63641533290638,0.015155625853387436,270.57157095875976,247.3515709587598,,247.3515709587598,750.0,True,False,True,,,
SIM_DIR-1784863204,SIM_DIR,capstone_iii_fit_1x,fit_1x,16,16,129.0,0.0,0.0,1.0,208.65157095875978,208.63641533290638,0.015155625853387436,,,219.18339172540507,219.18339172540507,750.0,True,False,True,,,
SIM_DIR-1784863204,SIM_DIR,capstone_iii_fit_2x,fit_2x,16,16,129.0,0.0,0.0,1.0,208.65157095875978,208.63641533290638,0.015155625853387436,,,229.61521249205043,229.61521249205043,750.0,True,False,True,,,
SIM_DIR-1784863204,SIM_DIR,capstone_iii_fit_activity,fit_activity,16,16,129.0,0.0,0.0,1.0,208.65157095875978,208.63641533290638,0.015155625853387436,,,227.52884833872136,227.52884833872136,750.0,True,False,True,,,
SIM_DIR-1784863204,SIM_DIR,capstone_iii_fit_activity_pvt,fit_activity_pvt,16,16,129.0,0.0,0.0,1.0,208.65157095875978,208.63641533290638,0.015155625853387436,,,233.78794079870855,233.78794079870855,750.0,True,False,True,,,
SIM_DIR-1784863204,SIM_DIR,capstone_iii_full,full,16,16,129.0,0.0,0.0,1.0,208.65157095875978,208.63641533290638,0.015155625853387436,,,240.04703325869573,240.04703325869573,750.0,True,False,True,,,
SIM_DIR-1784863204,SIM_DIR,baseline,,17,17,131.0,0.0,0.0,1.0,212.23569273451588,212.22053710866248,0.015155625853387436,307.741754465048,275.90640055487063,,275.90640055487063,,True,False,True,,,
SIM_DIR-1784863204,SIM_DIR,capstone_i,,17,17,131.0,0.0,0.0,1.0,212.23569273451588,212.22053710866248,0.015155625853387436,307.741754465048,275.90640055487063,,275.90640055487063,750.0,True,False,True,,,
SIM_DIR-1784863204,SIM_DIR,capstone_ii,,17,17,131.0,0.0,0.0,1.0,212.23569273451588,212.22053710866248,0.015155625853387436,275.1156927345159,251.5356927345159,,251.5356927345159,750.0,True,False,True,,,
SIM_DIR-1784863204,SIM_DIR,capstone_iii_fit_1x,fit_1x,17,17,131.0,0.0,0.0,1.0,212.23569273451588,212.22053710866248,0.015155625853387436,,,222.946719589949,222.946719589949,750.0,True,False,True,,,
SIM_DIR-1784863204,SIM_DIR,capstone_iii_fit_2x,fit_2x,17,17,131.0,0.0,0.0,1.0,212.23569273451588,212.22053710866248,0.015155625853387436,,,233.55774644538215,233.55774644538215,750.0,True,False,True,,,
SIM_DIR-1784863204,SIM_DIR,capstone_iii_fit_activity,fit_activity,17,17,131.0,0.0,0.0,1.0,212.23569273451588,212.22053710866248,0.015155625853387436,,,231.43554107429551,231.43554107429551,750.0,True,False,True,,,
SIM_DIR-1784863204,SIM_DIR,capstone_iii_fit_activity_pvt,fit_activity_pvt,17,17,131.0,0.0,0.0,1.0,212.23569273451588,212.22053710866248,0.015155625853387436,,,237.80215718755537,237.80215718755537,750.0,True,False,True,,,
SIM_DIR-1784863204,SIM_DIR,capstone_iii_full,full,17,17,131.0,0.0,0.0,1.0,212.23569273451588,212.22053710866248,0.015155625853387436,,,244.16877330081525,244.16877330081525,750.0,True,False,True,,,
SIM_DIR-1784863204,SIM_DIR,baseline,,18,18,137.0,0.0,0.0,1.0,222.32087467042817,222.30571904457477,0.015155625853387436,322.36526827212083,289.01713707155665,,289.01713707155665,,True,False,True,,,
SIM_DIR-1784863204,SIM_DIR,capstone_i,,18,18,137.0,0.0,0.0,1.0,222.32087467042817,222.30571904457477,0.015155625853387436,322.36526827212083,289.01713707155665,,289.01713707155665,750.0,True,False,True,,,
SIM_DIR-1784863204,SIM_DIR,capstone_ii,,18,18,137.0,0.0,0.0,1.0,222.32087467042817,222.30571904457477,0.015155625853387436,288.08087467042816,263.4208746704282,,263.4208746704282,750.0,True,False,True,,,
SIM_DIR-1784863204,SIM_DIR,capstone_iii_fit_1x,fit_1x,18,18,137.0,0.0,0.0,1.0,222.32087467042817,222.30571904457477,0.015155625853387436,,,233.5361606226569,233.5361606226569,750.0,True,False,True,,,
SIM_DIR-1784863204,SIM_DIR,capstone_iii_fit_2x,fit_2x,18,18,137.0,0.0,0.0,1.0,222.32087467042817,222.30571904457477,0.015155625853387436,,,244.65144657488563,244.65144657488563,750.0,True,False,True,,,
SIM_DIR-1784863204,SIM_DIR,capstone_iii_fit_activity,fit_activity,18,18,137.0,0.0,0.0,1.0,222.32087467042817,222.30571904457477,0.015155625853387436,,,242.4283893844399,242.4283893844399,750.0,True,False,True,,,
SIM_DIR-1784863204,SIM_DIR,capstone_iii_fit_activity_pvt,fit_activity_pvt,18,18,137.0,0.0,0.0,1.0,222.32087467042817,222.30571904457477,0.015155625853387436,,,249.09756095577714,249.09756095577714,750.0,True,False,True,,,
SIM_DIR-1784863204,SIM_DIR,capstone_iii_full,full,18,18,137.0,0.0,0.0,1.0,222.32087467042817,222.30571904457477,0.015155625853387436,,,255.76673252711436,255.76673252711436,750.0,True,False,True,,,
SIM_DIR-1784863204,SIM_DIR,baseline,,19,19,142.0,0.0,0.0,1.0,230.8124013283744,230.797245702521,0.015155625853387436,334.6779819261429,300.0561217268867,,300.0561217268867,,True,False,True,,,
SIM_DIR-1784863204,SIM_DIR,capstone_i,,19,19,142.0,0.0,0.0,1.0,230.8124013283744,230.797245702521,0.015155625853387436,334.6779819261429,300.0561217268867,,300.0561217268867,750.0,True,False,True,,,
SIM_DIR-1784863204,SIM_DIR,capstone_ii,,19,19,142.0,0.0,0.0,1.0,230.8124013283744,230.797245702521,0.015155625853387436,298.9724013283744,273.41240132837436,,273.41240132837436,750.0,True,False,True,,,
SIM_DIR-1784863204,SIM_DIR,capstone_iii_fit_1x,fit_1x,19,19,142.0,0.0,0.0,1.0,230.8124013283744,230.797245702521,0.015155625853387436,,,242.45226361350046,242.45226361350046,750.0,True,False,True,,,
SIM_DIR-1784863204,SIM_DIR,capstone_iii_fit_2x,fit_2x,19,19,142.0,0.0,0.0,1.0,230.8124013283744,230.797245702521,0.015155625853387436,,,253.99212589862648,253.99212589862648,750.0,True,False,True,,,
SIM_DIR-1784863204,SIM_DIR,capstone_iii_fit_activity,fit_activity,19,19,142.0,0.0,0.0,1.0,230.8124013283744,230.797245702521,0.015155625853387436,,,251.6841534416013,251.6841534416013,750.0,True,False,True,,,
SIM_DIR-1784863204,SIM_DIR,capstone_iii_fit_activity_pvt,fit_activity_pvt,19,19,142.0,0.0,0.0,1.0,230.8124013283744,230.797245702521,0.015155625853387436,,,258.60807081267694,258.60807081267694,750.0,True,False,True,,,
SIM_DIR-1784863204,SIM_DIR,capstone_iii_full,full,19,19,142.0,0.0,0.0,1.0,230.8124013283744,230.797245702521,0.015155625853387436,,,265.5319881837525,265.5319881837525,750.0,True,False,True,,,
SIM_DIR-1784863204,SIM_DIR,baseline,,20,20,146.0,0.0,0.0,1.0,237.70225327608065,237.68709765022726,0.015155625853387436,344.66826725031694,309.0129292589049,,309.0129292589049,,True,False,True,,,
SIM_DIR-1784863204,SIM_DIR,capstone_i,,20,20,146.0,0.0,0.0,1.0,237.70225327608065,237.68709765022726,0.015155625853387436,344.66826725031694,309.0129292589049,,309.0129292589049,750.0,True,False,True,,,
SIM_DIR-1784863204,SIM_DIR,capstone_ii,,20,20,146.0,0.0,0.0,1.0,237.70225327608065,237.68709765022726,0.015155625853387436,307.78225327608067,281.50225327608064,,281.50225327608064,750.0,True,False,True,,,
SIM_DIR-1784863204,SIM_DIR,capstone_iii_fit_1x,fit_1x,20,20,146.0,0.0,0.0,1.0,237.70225327608065,237.68709765022726,0.015155625853387436,,,249.686608158592,249.686608158592,750.0,True,False,True,,,
SIM_DIR-1784863204,SIM_DIR,capstone_iii_fit_2x,fit_2x,20,20,146.0,0.0,0.0,1.0,237.70225327608065,237.68709765022726,0.015155625853387436,,,261.57096304110337,261.57096304110337,750.0,True,False,True,,,
SIM_DIR-1784863204,SIM_DIR,capstone_iii_fit_activity,fit_activity,20,20,146.0,0.0,0.0,1.0,237.70225327608065,237.68709765022726,0.015155625853387436,,,259.1940920646011,259.1940920646011,750.0,True,False,True,,,
SIM_DIR-1784863204,SIM_DIR,capstone_iii_fit_activity_pvt,fit_activity_pvt,20,20,146.0,0.0,0.0,1.0,237.70225327608065,237.68709765022726,0.015155625853387436,,,266.32470499410795,266.32470499410795,750.0,True,False,True,,,
SIM_DIR-1784863204,SIM_DIR,capstone_iii_full,full,20,20,146.0,0.0,0.0,1.0,237.70225327608065,237.68709765022726,0.015155625853387436,,,273.45531792361476,273.45531792361476,750.0,True,False,True,,,
SIM_DIR-1784863204,SIM_DIR,baseline,,21,21,151.0,0.0,0.0,1.0,246.2437297656618,246.22857413980842,0.015155625853387436,357.05340816020964,320.1168486953604,,320.1168486953604,,True,False,True,,,
SIM_DIR-1784863204,SIM_DIR,capstone_i,,21,21,151.0,0.0,0.0,1.0,246.2437297656618,246.22857413980842,0.015155625853387436,357.05340816020964,320.1168486953604,,320.1168486953604,750.0,True,False,True,,,
SIM_DIR-1784863204,SIM_DIR,capstone_ii,,21,21,151.0,0.0,0.0,1.0,246.2437297656618,246.22857413980842,0.015155625853387436,318.7237297656618,291.5437297656618,,291.5437297656618,750.0,True,False,True,,,
SIM_DIR-1784863204,SIM_DIR,capstone_iii_fit_1x,fit_1x,21,21,151.0,0.0,0.0,1.0,246.2437297656618,246.22857413980842,0.015155625853387436,,,258.65515847265226,258.65515847265226,750.0,True,False,True,,,
SIM_DIR-1784863204,SIM_DIR,capstone_iii_fit_2x,fit_2x,21,21,151.0,0.0,0.0,1.0,246.2437297656618,246.22857413980842,0.015155625853387436,,,270.96658717964266,270.96658717964266,750.0,True,False,True,,,
SIM_DIR-1784863204,SIM_DIR,capstone_iii_fit_activity,fit_activity,21,21,151.0,0.0,0.0,1.0,246.2437297656618,246.22857413980842,0.015155625853387436,,,268.50430143824457,268.50430143824457,750.0,True,False,True,,,
SIM_DIR-1784863204,SIM_DIR,capstone_iii_fit_activity_pvt,fit_activity_pvt,21,21,151.0,0.0,0.0,1.0,246.2437297656618,246.22857413980842,0.015155625853387436,,,275.89115866243884,275.89115866243884,750.0,True,False,True,,,
SIM_DIR-1784863204,SIM_DIR,capstone_iii_full,full,21,21,151.0,0.0,0.0,1.0,246.2437297656618,246.22857413980842,0.015155625853387436,,,283.27801588663306,283.27801588663306,750.0,True,False,True,,,
SIM_DIR-1784863204,SIM_DIR,baseline,,22,22,156.0,0.0,0.0,1.0,254.81146897798746,254.79631335213406,0.015155625853387436,369.4766300180818,331.2549096713837,,331.2549096713837,,True,False,True,,,
SIM_DIR-1784863204,SIM_DIR,capstone_i,,22,22,156.0,0.0,0.0,1.0,254.81146897798746,254.79631335213406,0.015155625853387436,369.4766300180818,331.2549096713837,,331.2549096713837,750.0,True,False,True,,,
SIM_DIR-1784863204,SIM_DIR,capstone_ii,,22,22,156.0,0.0,0.0,1.0,254.81146897798746,254.79631335213406,0.015155625853387436,329.6914689779875,301.61146897798744,,301.61146897798744,750.0,True,False,True,,,
SIM_DIR-1784863204,SIM_DIR,capstone_iii_fit_1x,fit_1x,22,22,156.0,0.0,0.0,1.0,254.81146897798746,254.79631335213406,0.015155625853387436,,,267.65128464559416,267.65128464559416,750.0,True,False,True,,,
SIM_DIR-1784863204,SIM_DIR,capstone_iii_fit_2x,fit_2x,22,22,156.0,0.0,0.0,1.0,254.81146897798746,254.79631335213406,0.015155625853387436,,,280.39110031320087,280.39110031320087,750.0,True,False,True,,,
SIM_DIR-1784863204,SIM_DIR,capstone_iii_fit_activity,fit_activity,22,22,156.0,0.0,0.0,1.0,254.81146897798746,254.79631335213406,0.015155625853387436,,,277.8431371796795,277.8431371796795,750.0,True,False,True,,,
SIM_DIR-1784863204,SIM_DIR,capstone_iii_fit_activity_pvt,fit_activity_pvt,22,22,156.0,0.0,0.0,1.0,254.81146897798746,254.79631335213406,0.015155625853387436,,,285.48702658024354,285.48702658024354,750.0,True,False,True,,,
SIM_DIR-1784863204,SIM_DIR,capstone_iii_full,full,22,22,156.0,0.0,0.0,1.0,254.81146897798746,254.79631335213406,0.015155625853387436,,,293.1309159808076,293.1309159808076,750.0,True,False,True,,,
SIM_DIR-1784863204,SIM_DIR,baseline,,23,23,157.0,0.0,0.0,1.0,256.8615840683777,256.8464284425243,0.015155625853387436,372.4492968991476,333.920059288891,,333.920059288891,,True,False,True,,,
SIM_DIR-1784863204,SIM_DIR,capstone_i,,23,23,157.0,0.0,0.0,1.0,256.8615840683777,256.8464284425243,0.015155625853387436,372.4492968991476,333.920059288891,,333.920059288891,750.0,True,False,True,,,
SIM_DIR-1784863204,SIM_DIR,capstone_ii,,23,23,157.0,0.0,0.0,1.0,256.8615840683777,256.8464284425243,0.015155625853387436,332.2215840683777,303.9615840683777,,303.9615840683777,750.0,True,False,True,,,
SIM_DIR-1784863204,SIM_DIR,capstone_iii_fit_1x,fit_1x,23,23,157.0,0.0,0.0,1.0,256.8615840683777,256.8464284425243,0.015155625853387436,,,269.8039054905039,269.8039054905039,750.0,True,False,True,,,
SIM_DIR-1784863204,SIM_DIR,capstone_iii_fit_2x,fit_2x,23,23,157.0,0.0,0.0,1.0,256.8615840683777,256.8464284425243,0.015155625853387436,,,282.6462269126301,282.6462269126301,750.0,True,False,True,,,
SIM_DIR-1784863204,SIM_DIR,capstone_iii_fit_activity,fit_activity,23,23,157.0,0.0,0.0,1.0,256.8615840683777,256.8464284425243,0.015155625853387436,,,280.0777626282049,280.0777626282049,750.0,True,False,True,,,
SIM_DIR-1784863204,SIM_DIR,capstone_iii_fit_activity_pvt,fit_activity_pvt,23,23,157.0,0.0,0.0,1.0,256.8615840683777,256.8464284425243,0.015155625853387436,,,287.7831554814806,287.7831554814806,750.0,True,False,True,,,
SIM_DIR-1784863204,SIM_DIR,capstone_iii_full,full,23,23,157.0,0.0,0.0,1.0,256.8615840683777,256.8464284425243,0.015155625853387436,,,295.48854833475633,295.48854833475633,750.0,True,False,True,,,
SIM_DIR-1784863204,SIM_DIR,baseline,,24,24,166.0,0.0,0.0,1.0,272.0256206940922,272.01046506823883,0.015155625853387436,394.4371500064337,353.6333069023199,,353.6333069023199,,True,False,True,,,
SIM_DIR-1784863204,SIM_DIR,capstone_i,,24,24,166.0,0.0,0.0,1.0,272.0256206940922,272.01046506823883,0.015155625853387436,394.4371500064337,353.6333069023199,,353.6333069023199,750.0,True,False,True,,,
SIM_DIR-1784863204,SIM_DIR,capstone_ii,,24,24,166.0,0.0,0.0,1.0,272.0256206940922,272.01046506823883,0.015155625853387436,351.7056206940922,321.8256206940922,,321.8256206940922,750.0,True,False,True,,,
SIM_DIR-1784863204,SIM_DIR,capstone_iii_fit_1x,fit_1x,24,24,166.0,0.0,0.0,1.0,272.0256206940922,272.01046506823883,0.015155625853387436,,,285.72614394750417,285.72614394750417,750.0,True,False,True,,,
SIM_DIR-1784863204,SIM_DIR,capstone_iii_fit_2x,fit_2x,24,24,166.0,0.0,0.0,1.0,272.0256206940922,272.01046506823883,0.015155625853387436,,,299.32666720091606,299.32666720091606,750.0,True,False,True,,,
SIM_DIR-1784863204,SIM_DIR,capstone_iii_fit_activity,fit_activity,24,24,166.0,0.0,0.0,1.0,272.0256206940922,272.01046506823883,0.015155625853387436,,,296.6065625502337,296.6065625502337,750.0,True,False,True,,,
SIM_DIR-1784863204,SIM_DIR,capstone_iii_fit_activity_pvt,fit_activity_pvt,24,24,166.0,0.0,0.0,1.0,272.0256206940922,272.01046506823883,0.015155625853387436,,,304.76687650228087,304.76687650228087,750.0,True,False,True,,,
SIM_DIR-1784863204,SIM_DIR,capstone_iii_full,full,24,24,166.0,0.0,0.0,1.0,272.0256206940922,272.01046506823883,0.015155625853387436,,,312.927190454328,312.927190454328,750.0,True,False,True,,,
SIM_DIR-1784863204,SIM_DIR,baseline,,25,25,177.0,0.0,0.0,1.0,290.5195842662472,290.5044286403938,0.015155625853387436,421.2533971860584,377.6754595461214,,377.6754595461214,,True,False,True,,,
SIM_DIR-1784863204,SIM_DIR,capstone_i,,25,25,177.0,0.0,0.0,1.0,290.5195842662472,290.5044286403938,0.015155625853387436,421.2533971860584,377.6754595461214,,377.6754595461214,750.0,True,False,True,,,
SIM_DIR-1784863204,SIM_DIR,capstone_ii,,25,25,177.0,0.0,0.0,1.0,290.5195842662472,290.5044286403938,0.015155625853387436,375.47958426624723,343.6195842662472,,343.6195842662472,750.0,True,False,True,,,
SIM_DIR-1784863204,SIM_DIR,capstone_iii_fit_1x,fit_1x,25,25,177.0,0.0,0.0,1.0,290.5195842662472,290.5044286403938,0.015155625853387436,,,305.1448056982669,305.1448056982669,750.0,True,False,True,,,
SIM_DIR-1784863204,SIM_DIR,capstone_iii_fit_2x,fit_2x,25,25,177.0,0.0,0.0,1.0,290.5195842662472,290.5044286403938,0.015155625853387436,,,319.6700271302866,319.6700271302866,750.0,True,False,True,,,
SIM_DIR-1784863204,SIM_DIR,capstone_iii_fit_activity,fit_activity,25,25,177.0,0.0,0.0,1.0,290.5195842662472,290.5044286403938,0.015155625853387436,,,316.76498284388265,316.76498284388265,750.0,True,False,True,,,
SIM_DIR-1784863204,SIM_DIR,capstone_iii_fit_activity_pvt,fit_activity_pvt,25,25,177.0,0.0,0.0,1.0,290.5195842662472,290.5044286403938,0.015155625853387436,,,325.4801157030945,325.4801157030945,750.0,True,False,True,,,
SIM_DIR-1784863204,SIM_DIR,capstone_iii_full,full,25,25,177.0,0.0,0.0,1.0,290.5195842662472,290.5044286403938,0.015155625853387436,,,334.1952485623063,334.1952485623063,750.0,True,False,True,,,
SIM_DIR-1784863204,SIM_DIR,baseline,,26,26,187.0,0.0,0.0,1.0,307.42756456739477,307.4124089415414,0.015155625853387436,445.7699686227224,399.65583393761324,,399.65583393761324,,True,False,True,,,
SIM_DIR-1784863204,SIM_DIR,capstone_i,,26,26,187.0,0.0,0.0,1.0,307.42756456739477,307.4124089415414,0.015155625853387436,445.7699686227224,399.65583393761324,,399.65583393761324,750.0,True,False,True,,,
SIM_DIR-1784863204,SIM_DIR,capstone_ii,,26,26,187.0,0.0,0.0,1.0,307.42756456739477,307.4124089415414,0.015155625853387436,397.18756456739476,363.5275645673948,,363.5275645673948,750.0,True,False,True,,,
SIM_DIR-1784863204,SIM_DIR,capstone_iii_fit_1x,fit_1x,26,26,187.0,0.0,0.0,1.0,307.42756456739477,307.4124089415414,0.015155625853387436,,,322.8981850144719,322.8981850144719,750.0,True,False,True,,,
SIM_DIR-1784863204,SIM_DIR,capstone_iii_fit_2x,fit_2x,26,26,187.0,0.0,0.0,1.0,307.42756456739477,307.4124089415414,0.015155625853387436,,,338.26880546154894,338.26880546154894,750.0,True,False,True,,,
SIM_DIR-1784863204,SIM_DIR,capstone_iii_fit_activity,fit_activity,26,26,187.0,0.0,0.0,1.0,307.42756456739477,307.4124089415414,0.015155625853387436,,,335.1946813721335,335.1946813721335,750.0,True,False,True,,,
SIM_DIR-1784863204,SIM_DIR,capstone_iii_fit_activity_pvt,fit_activity_pvt,26,26,187.0,0.0,0.0,1.0,307.42756456739477,307.4124089415414,0.015155625853387436,,,344.4170536403798,344.4170536403798,750.0,True,False,True,,,
SIM_DIR-1784863204,SIM_DIR,capstone_iii_full,full,26,26,187.0,0.0,0.0,1.0,307.42756456739477,307.4124089415414,0.015155625853387436,,,353.63942590862604,353.63942590862604,750.0,True,False,True,,,
SIM_DIR-1784863204,SIM_DIR,baseline,,27,27,197.0,0.0,0.0,1.0,324.3881210297204,324.37296540386706,0.015155625853387436,470.3627754930946,421.70455733863656,,421.70455733863656,,True,False,True,,,
SIM_DIR-1784863204,SIM_DIR,capstone_i,,27,27,197.0,0.0,0.0,1.0,324.3881210297204,324.37296540386706,0.015155625853387436,470.3627754930946,421.70455733863656,,421.70455733863656,750.0,True,False,True,,,
SIM_DIR-1784863204,SIM_DIR,capstone_ii,,27,27,197.0,0.0,0.0,1.0,324.3881210297204,324.37296540386706,0.015155625853387436,418.9481210297204,383.48812102972045,,383.48812102972045,750.0,True,False,True,,,
SIM_DIR-1784863204,SIM_DIR,capstone_iii_fit_1x,fit_1x,27,27,197.0,0.0,0.0,1.0,324.3881210297204,324.37296540386706,0.015155625853387436,,,340.7067692999138,340.7067692999138,750.0,True,False,True,,,
SIM_DIR-1784863204,SIM_DIR,capstone_iii_fit_2x,fit_2x,27,27,197.0,0.0,0.0,1.0,324.3881210297204,324.37296540386706,0.015155625853387436,,,356.92541757010713,356.92541757010713,750.0,True,False,True,,,
SIM_DIR-1784863204,SIM_DIR,capstone_iii_fit_activity,fit_activity,27,27,197.0,0.0,0.0,1.0,324.3881210297204,324.37296540386706,0.015155625853387436,,,353.6816879160685,353.6816879160685,750.0,True,False,True,,,
SIM_DIR-1784863204,SIM_DIR,capstone_iii_fit_activity_pvt,fit_activity_pvt,27,27,197.0,0.0,0.0,1.0,324.3881210297204,324.37296540386706,0.015155625853387436,,,363.4128768781845,363.4128768781845,750.0,True,False,True,,,
SIM_DIR-1784863204,SIM_DIR,capstone_iii_full,full,27,27,197.0,0.0,0.0,1.0,324.3881210297204,324.37296540386706,0.015155625853387436,,,373.14406584030047,373.14406584030047,750.0,True,False,True,,,
SIM_DIR-1784863204,SIM_DIR,baseline,,28,28,201.0,0.0,0.0,1.0,331.5059488708737,331.4907932450203,0.015155625853387436,480.6836258627668,430.9577335321358,,430.9577335321358,,True,False,True,,,
SIM_DIR-1784863204,SIM_DIR,capstone_i,,28,28,201.0,0.0,0.0,1.0,331.5059488708737,331.4907932450203,0.015155625853387436,480.6836258627668,430.9577335321358,,430.9577335321358,750.0,True,False,True,,,
SIM_DIR-1784863204,SIM_DIR,capstone_ii,,28,28,201.0,0.0,0.0,1.0,331.5059488708737,331.4907932450203,0.015155625853387436,427.9859488708737,391.8059488708737,,391.8059488708737,750.0,True,False,True,,,
SIM_DIR-1784863204,SIM_DIR,capstone_iii_fit_1x,fit_1x,28,28,201.0,0.0,0.0,1.0,331.5059488708737,331.4907932450203,0.015155625853387436,,,348.1804885331248,348.1804885331248,750.0,True,False,True,,,
SIM_DIR-1784863204,SIM_DIR,capstone_iii_fit_2x,fit_2x,28,28,201.0,0.0,0.0,1.0,331.5059488708737,331.4907932450203,0.015155625853387436,,,364.75502819537576,364.75502819537576,750.0,True,False,True,,,
SIM_DIR-1784863204,SIM_DIR,capstone_iii_fit_activity,fit_activity,28,28,201.0,0.0,0.0,1.0,331.5059488708737,331.4907932450203,0.015155625853387436,,,361.4401202629256,361.4401202629256,750.0,True,False,True,,,
SIM_DIR-1784863204,SIM_DIR,capstone_iii_fit_activity_pvt,fit_activity_pvt,28,28,201.0,0.0,0.0,1.0,331.5059488708737,331.4907932450203,0.015155625853387436,,,371.3848440602762,371.3848440602762,750.0,True,False,True,,,
SIM_DIR-1784863204,SIM_DIR,capstone_iii_full,full,28,28,201.0,0.0,0.0,1.0,331.5059488708737,331.4907932450203,0.015155625853387436,,,381.3295678576268,381.3295678576268,750.0,True,False,True,,,
SIM_DIR-1784863204,SIM_DIR,baseline,,29,29,208.0,0.0,0.0,1.0,343.6000788136681,343.58492318781475,0.015155625853387436,498.22011427981874,446.68010245776856,,446.68010245776856,,True,False,True,,,
SIM_DIR-1784863204,SIM_DIR,capstone_i,,29,29,208.0,0.0,0.0,1.0,343.6000788136681,343.58492318781475,0.015155625853387436,498.22011427981874,446.68010245776856,,446.68010245776856,750.0,True,False,True,,,
SIM_DIR-1784863204,SIM_DIR,capstone_ii,,29,29,208.0,0.0,0.0,1.0,343.6000788136681,343.58492318781475,0.015155625853387436,443.44007881366815,406.0000788136681,,406.0000788136681,750.0,True,False,True,,,
SIM_DIR-1784863204,SIM_DIR,capstone_iii_fit_1x,fit_1x,29,29,208.0,0.0,0.0,1.0,343.6000788136681,343.58492318781475,0.015155625853387436,,,360.87932497305894,360.87932497305894,750.0,True,False,True,,,
SIM_DIR-1784863204,SIM_DIR,capstone_iii_fit_2x,fit_2x,29,29,208.0,0.0,0.0,1.0,343.6000788136681,343.58492318781475,0.015155625853387436,,,378.05857113244963,378.05857113244963,750.0,True,False,True,,,
SIM_DIR-1784863204,SIM_DIR,capstone_iii_fit_activity,fit_activity,29,29,208.0,0.0,0.0,1.0,343.6000788136681,343.58492318781475,0.015155625853387436,,,374.6227219005715,374.6227219005715,750.0,True,False,True,,,
SIM_DIR-1784863204,SIM_DIR,capstone_iii_fit_activity_pvt,fit_activity_pvt,29,29,208.0,0.0,0.0,1.0,343.6000788136681,343.58492318781475,0.015155625853387436,,,384.9302695962059,384.9302695962059,750.0,True,False,True,,,
SIM_DIR-1784863204,SIM_DIR,capstone_iii_full,full,29,29,208.0,0.0,0.0,1.0,343.6000788136681,343.58492318781475,0.015155625853387436,,,395.2378172918404,395.2378172918404,750.0,True,False,True,,,
SIM_DIR-1784863204,SIM_DIR,baseline,,30,30,209.0,0.0,0.0,1.0,345.80383494007634,345.788679314223,0.015155625853387436,501.4155606631107,449.5449854220993,,449.5449854220993,,True,False,True,,,
SIM_DIR-1784863204,SIM_DIR,capstone_i,,30,30,209.0,0.0,0.0,1.0,345.80383494007634,345.788679314223,0.015155625853387436,501.4155606631107,449.5449854220993,,449.5449854220993,750.0,True,False,True,,,
SIM_DIR-1784863204,SIM_DIR,capstone_ii,,30,30,209.0,0.0,0.0,1.0,345.80383494007634,345.788679314223,0.015155625853387436,446.12383494007634,408.50383494007633,,408.50383494007633,750.0,True,False,True,,,
SIM_DIR-1784863204,SIM_DIR,capstone_iii_fit_1x,fit_1x,30,30,209.0,0.0,0.0,1.0,345.80383494007634,345.788679314223,0.015155625853387436,,,363.1932689057875,363.1932689057875,750.0,True,False,True,,,
SIM_DIR-1784863204,SIM_DIR,capstone_iii_fit_2x,fit_2x,30,30,209.0,0.0,0.0,1.0,345.80383494007634,345.788679314223,0.015155625853387436,,,380.48270287149865,380.48270287149865,750.0,True,False,True,,,
SIM_DIR-1784863204,SIM_DIR,capstone_iii_fit_activity,fit_activity,30,30,209.0,0.0,0.0,1.0,345.80383494007634,345.788679314223,0.015155625853387436,,,377.02481607835637,377.02481607835637,750.0,True,False,True,,,
SIM_DIR-1784863204,SIM_DIR,capstone_iii_fit_activity_pvt,fit_activity_pvt,30,30,209.0,0.0,0.0,1.0,345.80383494007634,345.788679314223,0.015155625853387436,,,387.3984764577831,387.3984764577831,750.0,True,False,True,,,
SIM_DIR-1784863204,SIM_DIR,capstone_iii_full,full,30,30,209.0,0.0,0.0,1.0,345.80383494007634,345.788679314223,0.015155625853387436,,,397.77213683720976,397.77213683720976,750.0,True,False,True,,,
SIM_DIR-1784863204,SIM_DIR,baseline,,31,31,210.0,0.0,0.0,1.0,348.0124621155341,347.99730648968074,0.015155625853387436,504.61807006752446,452.4162007501944,,452.4162007501944,,True,False,True,,,
SIM_DIR-1784863204,SIM_DIR,capstone_i,,31,31,210.0,0.0,0.0,1.0,348.0124621155341,347.99730648968074,0.015155625853387436,504.61807006752446,452.4162007501944,,452.4162007501944,750.0,True,False,True,,,
SIM_DIR-1784863204,SIM_DIR,capstone_ii,,31,31,210.0,0.0,0.0,1.0,348.0124621155341,347.99730648968074,0.015155625853387436,448.8124621155341,411.0124621155341,,411.0124621155341,750.0,True,False,True,,,
SIM_DIR-1784863204,SIM_DIR,capstone_iii_fit_1x,fit_1x,31,31,210.0,0.0,0.0,1.0,348.0124621155341,347.99730648968074,0.015155625853387436,,,365.51232744001817,365.51232744001817,750.0,True,False,True,,,
SIM_DIR-1784863204,SIM_DIR,capstone_iii_fit_2x,fit_2x,31,31,210.0,0.0,0.0,1.0,348.0124621155341,347.99730648968074,0.015155625853387436,,,382.9121927645022,382.9121927645022,750.0,True,False,True,,,
SIM_DIR-1784863204,SIM_DIR,capstone_iii_fit_activity,fit_activity,31,31,210.0,0.0,0.0,1.0,348.0124621155341,347.99730648968074,0.015155625853387436,,,379.4322196996054,379.4322196996054,750.0,True,False,True,,,
SIM_DIR-1784863204,SIM_DIR,capstone_iii_fit_activity_pvt,fit_activity_pvt,31,31,210.0,0.0,0.0,1.0,348.0124621155341,347.99730648968074,0.015155625853387436,,,389.8721388942958,389.8721388942958,750.0,True,False,True,,,
SIM_DIR-1784863204,SIM_DIR,capstone_iii_full,full,31,31,210.0,0.0,0.0,1.0,348.0124621155341,347.99730648968074,0.015155625853387436,,,400.31205808898625,400.31205808898625,750.0,True,False,True,,,
SIM_DIR-1784863204,SIM_DIR,baseline,,32,32,214.0,0.0,0.0,1.0,355.20525817937136,355.190102553518,0.015155625853387436,515.0476243600884,461.7668356331828,,461.7668356331828,,True,False,True,,,
SIM_DIR-1784863204,SIM_DIR,capstone_i,,32,32,214.0,0.0,0.0,1.0,355.20525817937136,355.190102553518,0.015155625853387436,515.0476243600884,461.7668356331828,,461.7668356331828,750.0,True,False,True,,,
SIM_DIR-1784863204,SIM_DIR,capstone_ii,,32,32,214.0,0.0,0.0,1.0,355.20525817937136,355.190102553518,0.015155625853387436,457.9252581793713,419.40525817937134,,419.40525817937134,750.0,True,False,True,,,
SIM_DIR-1784863204,SIM_DIR,capstone_iii_fit_1x,fit_1x,32,32,214.0,0.0,0.0,1.0,355.20525817937136,355.190102553518,0.015155625853387436,,,373.06476330704726,373.06476330704726,750.0,True,False,True,,,
SIM_DIR-1784863204,SIM_DIR,capstone_iii_fit_2x,fit_2x,32,32,214.0,0.0,0.0,1.0,355.20525817937136,355.190102553518,0.015155625853387436,,,390.82426843472314,390.82426843472314,750.0,True,False,True,,,
SIM_DIR-1784863204,SIM_DIR,capstone_iii_fit_activity,fit_activity,32,32,214.0,0.0,0.0,1.0,355.20525817937136,355.190102553518,0.015155625853387436,,,387.272367409188,387.272367409188,750.0,True,False,True,,,
SIM_DIR-1784863204,SIM_DIR,capstone_iii_fit_activity_pvt,fit_activity_pvt,32,32,214.0,0.0,0.0,1.0,355.20525817937136,355.190102553518,0.015155625853387436,,,397.9280704857935,397.9280704857935,750.0,True,False,True,,,
SIM_DIR-1784863204,SIM_DIR,capstone_iii_full,full,32,32,214.0,0.0,0.0,1.0,355.20525817937136,355.190102553518,0.015155625853387436,,,408.5837735623991,408.5837735623991,750.0,True,False,True,,,
SIM_DIR-1784863204,SIM_DIR,baseline,,33,33,214.0,0.0,0.0,1.0,355.76912241654026,355.7539667906869,0.015155625853387436,515.8652275039833,462.4998591415023,,462.4998591415023,,True,False,True,,,
SIM_DIR-1784863204,SIM_DIR,capstone_i,,33,33,214.0,0.0,0.0,1.0,355.76912241654026,355.7539667906869,0.015155625853387436,515.8652275039833,462.4998591415023,,462.4998591415023,750.0,True,False,True,,,
SIM_DIR-1784863204,SIM_DIR,capstone_ii,,33,33,214.0,0.0,0.0,1.0,355.76912241654026,355.7539667906869,0.015155625853387436,458.4891224165402,419.96912241654024,,419.96912241654024,750.0,True,False,True,,,
SIM_DIR-1784863204,SIM_DIR,capstone_iii_fit_1x,fit_1x,33,33,214.0,0.0,0.0,1.0,355.76912241654026,355.7539667906869,0.015155625853387436,,,373.65682075607464,373.65682075607464,750.0,True,False,True,,,
SIM_DIR-1784863204,SIM_DIR,capstone_iii_fit_2x,fit_2x,33,33,214.0,0.0,0.0,1.0,355.76912241654026,355.7539667906869,0.015155625853387436,,,391.444519095609,391.444519095609,750.0,True,False,True,,,
SIM_DIR-1784863204,SIM_DIR,capstone_iii_fit_activity,fit_activity,33,33,214.0,0.0,0.0,1.0,355.76912241654026,355.7539667906869,0.015155625853387436,,,387.88697942770204,387.88697942770204,750.0,True,False,True,,,
SIM_DIR-1784863204,SIM_DIR,capstone_iii_fit_activity_pvt,fit_activity_pvt,33,33,214.0,0.0,0.0,1.0,355.76912241654026,355.7539667906869,0.015155625853387436,,,398.55959843142267,398.55959843142267,750.0,True,False,True,,,
SIM_DIR-1784863204,SIM_DIR,capstone_iii_full,full,33,33,214.0,0.0,0.0,1.0,355.76912241654026,355.7539667906869,0.015155625853387436,,,409.2322174351433,409.2322174351433,750.0,True,False,True,,,
SIM_DIR-1784863204,SIM_DIR,baseline,,34,34,216.0,0.0,0.0,1.0,359.6626475022325,359.64749187637915,0.015155625853387436,521.5108388782371,467.5614417529023,,467.5614417529023,,True,False,True,,,
SIM_DIR-1784863204,SIM_DIR,capstone_i,,34,34,216.0,0.0,0.0,1.0,359.6626475022325,359.64749187637915,0.015155625853387436,521.5108388782371,467.5614417529023,,467.5614417529023,750.0,True,False,True,,,
SIM_DIR-1784863204,SIM_DIR,capstone_ii,,34,34,216.0,0.0,0.0,1.0,359.6626475022325,359.64749187637915,0.015155625853387436,463.3426475022325,424.4626475022325,,424.4626475022325,750.0,True,False,True,,,
SIM_DIR-1784863204,SIM_DIR,capstone_iii_fit_1x,fit_1x,34,34,216.0,0.0,0.0,1.0,359.6626475022325,359.64749187637915,0.015155625853387436,,,377.7450220960515,377.7450220960515,750.0,True,False,True,,,
SIM_DIR-1784863204,SIM_DIR,capstone_iii_fit_2x,fit_2x,34,34,216.0,0.0,0.0,1.0,359.6626475022325,359.64749187637915,0.015155625853387436,,,395.72739668987043,395.72739668987043,750.0,True,False,True,,,
SIM_DIR-1784863204,SIM_DIR,capstone_iii_fit_activity,fit_activity,34,34,216.0,0.0,0.0,1.0,359.6626475022325,359.64749187637915,0.015155625853387436,,,392.13092177110667,392.13092177110667,750.0,True,False,True,,,
SIM_DIR-1784863204,SIM_DIR,capstone_iii_fit_activity_pvt,fit_activity_pvt,34,34,216.0,0.0,0.0,1.0,359.6626475022325,359.64749187637915,0.015155625853387436,,,402.920346527398,402.920346527398,750.0,True,False,True,,,
SIM_DIR-1784863204,SIM_DIR,capstone_iii_full,full,34,34,216.0,0.0,0.0,1.0,359.6626475022325,359.64749187637915,0.015155625853387436,,,413.70977128368935,413.70977128368935,750.0,True,False,True,,,
SIM_DIR-1784863204,SIM_DIR,baseline,,35,35,219.0,0.0,0.0,1.0,365.2339572860168,365.2188016601634,0.015155625853387436,529.5892380647243,474.8041444718218,,474.8041444718218,,True,False,True,,,
SIM_DIR-1784863204,SIM_DIR,capstone_i,,35,35,219.0,0.0,0.0,1.0,365.2339572860168,365.2188016601634,0.015155625853387436,529.5892380647243,474.8041444718218,,474.8041444718218,750.0,True,False,True,,,
SIM_DIR-1784863204,SIM_DIR,capstone_ii,,35,35,219.0,0.0,0.0,1.0,365.2339572860168,365.2188016601634,0.015155625853387436,470.3539572860168,430.9339572860168,,430.9339572860168,750.0,True,False,True,,,
SIM_DIR-1784863204,SIM_DIR,capstone_iii_fit_1x,fit_1x,35,35,219.0,0.0,0.0,1.0,365.2339572860168,365.2188016601634,0.015155625853387436,,,383.594897369025,383.594897369025,750.0,True,False,True,,,
SIM_DIR-1784863204,SIM_DIR,capstone_iii_fit_2x,fit_2x,35,35,219.0,0.0,0.0,1.0,365.2339572860168,365.2188016601634,0.015155625853387436,,,401.85583745203314,401.85583745203314,750.0,True,False,True,,,
SIM_DIR-1784863204,SIM_DIR,capstone_iii_fit_activity,fit_activity,35,35,219.0,0.0,0.0,1.0,365.2339572860168,365.2188016601634,0.015155625853387436,,,398.20364943543154,398.20364943543154,750.0,True,False,True,,,
SIM_DIR-1784863204,SIM_DIR,capstone_iii_fit_activity_pvt,fit_activity_pvt,35,35,219.0,0.0,0.0,1.0,365.2339572860168,365.2188016601634,0.015155625853387436,,,409.1602134852364,409.1602134852364,750.0,True,False,True,,,
SIM_DIR-1784863204,SIM_DIR,capstone_iii_full,full,35,35,219.0,0.0,0.0,1.0,365.2339572860168,365.2188016601634,0.015155625853387436,,,420.1167775350413,420.1167775350413,750.0,True,False,True,,,
SIM_DIR-1784863204,SIM_DIR,baseline,,36,36,221.0,0.0,0.0,1.0,369.15034128715655,369.1351856613032,0.015155625853387436,535.267994866377,479.89544367330353,,479.89544367330353,,True,False,True,,,
SIM_DIR-1784863204,SIM_DIR,capstone_i,,36,36,221.0,0.0,0.0,1.0,369.15034128715655,369.1351856613032,0.015155625853387436,535.267994866377,479.89544367330353,,479.89544367330353,750.0,True,False,True,,,
SIM_DIR-1784863204,SIM_DIR,capstone_ii,,36,36,221.0,0.0,0.0,1.0,369.15034128715655,369.1351856613032,0.015155625853387436,475.23034128715653,435.45034128715656,,435.45034128715656,750.0,True,False,True,,,
SIM_DIR-1784863204,SIM_DIR,capstone_iii_fit_1x,fit_1x,36,36,221.0,0.0,0.0,1.0,369.15034128715655,369.1351856613032,0.015155625853387436,,,387.70710057022177,387.70710057022177,750.0,True,False,True,,,
SIM_DIR-1784863204,SIM_DIR,capstone_iii_fit_2x,fit_2x,36,36,221.0,0.0,0.0,1.0,369.15034128715655,369.1351856613032,0.015155625853387436,,,406.1638598532869,406.1638598532869,750.0,True,False,True,,,
SIM_DIR-1784863204,SIM_DIR,capstone_iii_fit_activity,fit_activity,36,36,221.0,0.0,0.0,1.0,369.15034128715655,369.1351856613032,0.015155625853387436,,,402.47250799667387,402.47250799667387,750.0,True,False,True,,,
SIM_DIR-1784863204,SIM_DIR,capstone_iii_fit_activity_pvt,fit_activity_pvt,36,36,221.0,0.0,0.0,1.0,369.15034128715655,369.1351856613032,0.015155625853387436,,,413.54656356651293,413.54656356651293,750.0,True,False,True,,,
SIM_DIR-1784863204,SIM_DIR,capstone_iii_full,full,36,36,221.0,0.0,0.0,1.0,369.15034128715655,369.1351856613032,0.015155625853387436,,,424.62061913635205,424.62061913635205,750.0,True,False,True,,,
SIM_DIR-1784863204,SIM_DIR,baseline,,37,37,221.0,0.0,0.0,1.0,369.7309815569322,369.7158259310788,0.015155625853387436,536.1099232575517,480.6502760240119,,480.6502760240119,,True,False,True,,,
SIM_DIR-1784863204,SIM_DIR,capstone_i,,37,37,221.0,0.0,0.0,1.0,369.7309815569322,369.7158259310788,0.015155625853387436,536.1099232575517,480.6502760240119,,480.6502760240119,750.0,True,False,True,,,
SIM_DIR-1784863204,SIM_DIR,capstone_ii,,37,37,221.0,0.0,0.0,1.0,369.7309815569322,369.7158259310788,0.015155625853387436,475.8109815569322,436.0309815569322,,436.0309815569322,750.0,True,False,True,,,
SIM_DIR-1784863204,SIM_DIR,capstone_iii_fit_1x,fit_1x,37,37,221.0,0.0,0.0,1.0,369.7309815569322,369.7158259310788,0.015155625853387436,,,388.3167728534862,388.3167728534862,750.0,True,False,True,,,
SIM_DIR-1784863204,SIM_DIR,capstone_iii_fit_2x,fit_2x,37,37,221.0,0.0,0.0,1.0,369.7309815569322,369.7158259310788,0.015155625853387436,,,406.80256415004015,406.80256415004015,750.0,True,False,True,,,
SIM_DIR-1784863204,SIM_DIR,capstone_iii_fit_activity,fit_activity,37,37,221.0,0.0,0.0,1.0,369.7309815569322,369.7158259310788,0.015155625853387436,,,403.10540589072934,403.10540589072934,750.0,True,False,True,,,
SIM_DIR-1784863204,SIM_DIR,capstone_iii_fit_activity_pvt,fit_activity_pvt,37,37,221.0,0.0,0.0,1.0,369.7309815569322,369.7158259310788,0.015155625853387436,,,414.19688066866166,414.19688066866166,750.0,True,False,True,,,
SIM_DIR-1784863204,SIM_DIR,capstone_iii_full,full,37,37,221.0,0.0,0.0,1.0,369.7309815569322,369.7158259310788,0.015155625853387436,,,425.28835544659404,425.28835544659404,750.0,True,False,True,,,
SIM_DIR-1784863204,SIM_DIR,baseline,,38,38,224.0,0.0,0.0,1.0,375.33785609143354,375.32270046558017,0.015155625853387436,544.2398913325786,487.93921291886363,,487.93921291886363,,True,False,True,,,
SIM_DIR-1784863204,SIM_DIR,capstone_i,,38,38,224.0,0.0,0.0,1.0,375.33785609143354,375.32270046558017,0.015155625853387436,544.2398913325786,487.93921291886363,,487.93921291886363,750.0,True,False,True,,,
SIM_DIR-1784863204,SIM_DIR,capstone_ii,,38,38,224.0,0.0,0.0,1.0,375.33785609143354,375.32270046558017,0.015155625853387436,482.8578560914335,442.5378560914335,,442.5378560914335,750.0,True,False,True,,,
SIM_DIR-1784863204,SIM_DIR,capstone_iii_fit_1x,fit_1x,38,38,224.0,0.0,0.0,1.0,375.33785609143354,375.32270046558017,0.015155625853387436,,,394.20399111471255,394.20399111471255,750.0,True,False,True,,,
SIM_DIR-1784863204,SIM_DIR,capstone_iii_fit_2x,fit_2x,38,38,224.0,0.0,0.0,1.0,375.33785609143354,375.32270046558017,0.015155625853387436,,,412.9701261379916,412.9701261379916,750.0,True,False,True,,,
SIM_DIR-1784863204,SIM_DIR,capstone_iii_fit_activity,fit_activity,38,38,224.0,0.0,0.0,1.0,375.33785609143354,375.32270046558017,0.015155625853387436,,,409.2168991333358,409.2168991333358,750.0,True,False,True,,,
SIM_DIR-1784863204,SIM_DIR,capstone_iii_fit_activity_pvt,fit_activity_pvt,38,38,224.0,0.0,0.0,1.0,375.33785609143354,375.32270046558017,0.015155625853387436,,,420.47658014730314,420.47658014730314,750.0,True,False,True,,,
SIM_DIR-1784863204,SIM_DIR,capstone_iii_full,full,38,38,224.0,0.0,0.0,1.0,375.33785609143354,375.32270046558017,0.015155625853387436,,,431.73626116127053,431.73626116127053,750.0,True,False,True,,,
SIM_DIR-1784863204,SIM_DIR,baseline,,39,39,226.0,0.0,0.0,1.0,379.28189516536577,379.2667395395124,0.015155625853387436,549.9587479897804,493.0664637149755,,493.0664637149755,,True,False,True,,,
SIM_DIR-1784863204,SIM_DIR,capstone_i,,39,39,226.0,0.0,0.0,1.0,379.28189516536577,379.2667395395124,0.015155625853387436,549.9587479897804,493.0664637149755,,493.0664637149755,750.0,True,False,True,,,
SIM_DIR-1784863204,SIM_DIR,capstone_ii,,39,39,226.0,0.0,0.0,1.0,379.28189516536577,379.2667395395124,0.015155625853387436,487.7618951653658,447.0818951653658,,447.0818951653658,750.0,True,False,True,,,
SIM_DIR-1784863204,SIM_DIR,capstone_iii_fit_1x,fit_1x,39,39,226.0,0.0,0.0,1.0,379.28189516536577,379.2667395395124,0.015155625853387436,,,398.34523214234144,398.34523214234144,750.0,True,False,True,,,
SIM_DIR-1784863204,SIM_DIR,capstone_iii_fit_2x,fit_2x,39,39,226.0,0.0,0.0,1.0,379.28189516536577,379.2667395395124,0.015155625853387436,,,417.30856911931704,417.30856911931704,750.0,True,False,True,,,
SIM_DIR-1784863204,SIM_DIR,capstone_iii_fit_activity,fit_activity,39,39,226.0,0.0,0.0,1.0,379.28189516536577,379.2667395395124,0.015155625853387436,,,413.5159017239219,413.5159017239219,750.0,True,False,True,,,
SIM_DIR-1784863204,SIM_DIR,capstone_iii_fit_activity_pvt,fit_activity_pvt,39,39,226.0,0.0,0.0,1.0,379.28189516536577,379.2667395395124,0.015155625853387436,,,424.89390391010727,424.89390391010727,750.0,True,False,True,,,
SIM_DIR-1784863204,SIM_DIR,capstone_iii_full,full,39,39,226.0,0.0,0.0,1.0,379.28189516536577,379.2667395395124,0.015155625853387436,,,436.27190609629264,436.27190609629264,750.0,True,False,True,,,
SIM_DIR-1784863204,SIM_DIR,baseline,,40,40,227.0,0.0,0.0,1.0,381.55522001640486,381.5400643905515,0.015155625853387436,553.2550690237871,496.0217860213263,,496.0217860213263,,True,False,True,,,
SIM_DIR-1784863204,SIM_DIR,capstone_i,,40,40,227.0,0.0,0.0,1.0,381.55522001640486,381.5400643905515,0.015155625853387436,553.2550690237871,496.0217860213263,,496.0217860213263,750.0,True,False,True,,,
SIM_DIR-1784863204,SIM_DIR,capstone_ii,,40,40,227.0,0.0,0.0,1.0,381.55522001640486,381.5400643905515,0.015155625853387436,490.5152200164049,449.6552200164049,,449.6552200164049,750.0,True,False,True,,,
SIM_DIR-1784863204,SIM_DIR,capstone_iii_fit_1x,fit_1x,40,40,227.0,0.0,0.0,1.0,381.55522001640486,381.5400643905515,0.015155625853387436,,,400.7322232359325,400.7322232359325,750.0,True,False,True,,,
SIM_DIR-1784863204,SIM_DIR,capstone_iii_fit_2x,fit_2x,40,40,227.0,0.0,0.0,1.0,381.55522001640486,381.5400643905515,0.015155625853387436,,,419.8092264554601,419.8092264554601,750.0,True,False,True,,,
SIM_DIR-1784863204,SIM_DIR,capstone_iii_fit_activity,fit_activity,40,40,227.0,0.0,0.0,1.0,381.55522001640486,381.5400643905515,0.015155625853387436,,,415.99382581155453,415.99382581155453,750.0,True,False,True,,,
SIM_DIR-1784863204,SIM_DIR,capstone_iii_fit_activity_pvt,fit_activity_pvt,40,40,227.0,0.0,0.0,1.0,381.55522001640486,381.5400643905515,0.015155625853387436,,,427.4400277432711,427.4400277432711,750.0,True,False,True,,,
SIM_DIR-1784863204,SIM_DIR,capstone_iii_full,full,40,40,227.0,0.0,0.0,1.0,381.55522001640486,381.5400643905515,0.015155625853387436,,,438.88622967498765,438.88622967498765,750.0,True,False,True,,,
SIM_DIR-1784863204,SIM_DIR,baseline,,41,41,231.0,0.0,0.0,1.0,388.88361586388595,388.8684602380326,0.015155625853387436,563.8812430026346,505.54870062305173,,505.54870062305173,,True,False,True,,,
SIM_DIR-1784863204,SIM_DIR,capstone_i,,41,41,231.0,0.0,0.0,1.0,388.88361586388595,388.8684602380326,0.015155625853387436,563.8812430026346,505.54870062305173,,505.54870062305173,750.0,True,False,True,,,
SIM_DIR-1784863204,SIM_DIR,capstone_ii,,41,41,231.0,0.0,0.0,1.0,388.88361586388595,388.8684602380326,0.015155625853387436,499.76361586388595,458.18361586388596,,458.18361586388596,750.0,True,False,True,,,
SIM_DIR-1784863204,SIM_DIR,capstone_iii_fit_1x,fit_1x,41,41,231.0,0.0,0.0,1.0,388.88361586388595,388.8684602380326,0.015155625853387436,,,408.4270388757876,408.4270388757876,750.0,True,False,True,,,
SIM_DIR-1784863204,SIM_DIR,capstone_iii_fit_2x,fit_2x,41,41,231.0,0.0,0.0,1.0,388.88361586388595,388.8684602380326,0.015155625853387436,,,427.87046188768926,427.87046188768926,750.0,True,False,True,,,
SIM_DIR-1784863204,SIM_DIR,capstone_iii_fit_activity,fit_activity,41,41,231.0,0.0,0.0,1.0,388.88361586388595,388.8684602380326,0.015155625853387436,,,423.9817772853089,423.9817772853089,750.0,True,False,True,,,
SIM_DIR-1784863204,SIM_DIR,capstone_iii_fit_activity_pvt,fit_activity_pvt,41,41,231.0,0.0,0.0,1.0,388.88361586388595,388.8684602380326,0.015155625853387436,,,435.6478310924499,435.6478310924499,750.0,True,False,True,,,
SIM_DIR-1784863204,SIM_DIR,capstone_iii_full,full,41,41,231.0,0.0,0.0,1.0,388.88361586388595,388.8684602380326,0.015155625853387436,,,447.3138848995909,447.3138848995909,750.0,True,False,True,,,
SIM_DIR-1784863204,SIM_DIR,baseline,,42,42,236.0,0.0,0.0,1.0,397.91858146795397,397.9034258421006,0.015155625853387436,576.9819431285332,517.2941559083401,,517.2941559083401,,True,False,True,,,
SIM_DIR-1784863204,SIM_DIR,capstone_i,,42,42,236.0,0.0,0.0,1.0,397.91858146795397,397.9034258421006,0.015155625853387436,576.9819431285332,517.2941559083401,,517.2941559083401,750.0,True,False,True,,,
SIM_DIR-1784863204,SIM_DIR,capstone_ii,,42,42,236.0,0.0,0.0,1.0,397.91858146795397,397.9034258421006,0.015155625853387436,511.198581467954,468.718581467954,,468.718581467954,750.0,True,False,True,,,
SIM_DIR-1784863204,SIM_DIR,capstone_iii_fit_1x,fit_1x,42,42,236.0,0.0,0.0,1.0,397.91858146795397,397.9034258421006,0.015155625853387436,,,417.913752760059,417.913752760059,750.0,True,False,True,,,
SIM_DIR-1784863204,SIM_DIR,capstone_iii_fit_2x,fit_2x,42,42,236.0,0.0,0.0,1.0,397.91858146795397,397.9034258421006,0.015155625853387436,,,437.80892405216406,437.80892405216406,750.0,True,False,True,,,
SIM_DIR-1784863204,SIM_DIR,capstone_iii_fit_activity,fit_activity,42,42,236.0,0.0,0.0,1.0,397.91858146795397,397.9034258421006,0.015155625853387436,,,433.829889793743,433.829889793743,750.0,True,False,True,,,
SIM_DIR-1784863204,SIM_DIR,capstone_iii_fit_activity_pvt,fit_activity_pvt,42,42,236.0,0.0,0.0,1.0,397.91858146795397,397.9034258421006,0.015155625853387436,,,445.76699256900605,445.76699256900605,750.0,True,False,True,,,
SIM_DIR-1784863204,SIM_DIR,capstone_iii_full,full,42,42,236.0,0.0,0.0,1.0,397.91858146795397,397.9034258421006,0.015155625853387436,,,457.7040953442691,457.7040953442691,750.0,True,False,True,,,
SIM_DIR-1784863204,SIM_DIR,baseline,,43,43,244.0,0.0,0.0,1.0,412.0452436679488,412.03008804209543,0.015155625853387436,597.4656033185257,535.6588167683335,,535.6588167683335,,True,False,True,,,
SIM_DIR-1784863204,SIM_DIR,capstone_i,,43,43,244.0,0.0,0.0,1.0,412.0452436679488,412.03008804209543,0.015155625853387436,597.4656033185257,535.6588167683335,,535.6588167683335,750.0,True,False,True,,,
SIM_DIR-1784863204,SIM_DIR,capstone_ii,,43,43,244.0,0.0,0.0,1.0,412.0452436679488,412.03008804209543,0.015155625853387436,529.1652436679487,485.2452436679488,,485.2452436679488,750.0,True,False,True,,,
SIM_DIR-1784863204,SIM_DIR,capstone_iii_fit_1x,fit_1x,43,43,244.0,0.0,0.0,1.0,412.0452436679488,412.03008804209543,0.015155625853387436,,,432.74674807005357,432.74674807005357,750.0,True,False,True,,,
SIM_DIR-1784863204,SIM_DIR,capstone_iii_fit_2x,fit_2x,43,43,244.0,0.0,0.0,1.0,412.0452436679488,412.03008804209543,0.015155625853387436,,,453.3482524721584,453.3482524721584,750.0,True,False,True,,,
SIM_DIR-1784863204,SIM_DIR,capstone_iii_fit_activity,fit_activity,43,43,244.0,0.0,0.0,1.0,412.0452436679488,412.03008804209543,0.015155625853387436,,,449.2279515917374,449.2279515917374,750.0,True,False,True,,,
SIM_DIR-1784863204,SIM_DIR,capstone_iii_fit_activity_pvt,fit_activity_pvt,43,43,244.0,0.0,0.0,1.0,412.0452436679488,412.03008804209543,0.015155625853387436,,,461.58885423300023,461.58885423300023,750.0,True,False,True,,,
SIM_DIR-1784863204,SIM_DIR,capstone_iii_full,full,43,43,244.0,0.0,0.0,1.0,412.0452436679488,412.03008804209543,0.015155625853387436,,,473.94975687426313,473.94975687426313,750.0,True,False,True,,,
SIM_DIR-1784863204,SIM_DIR,baseline,,44,44,246.0,0.0,0.0,1.0,416.06574795896705,416.0505923331137,0.015155625853387436,603.2953345405022,540.8854723466571,,540.8854723466571,,True,False,True,,,
SIM_DIR-1784863204,SIM_DIR,capstone_i,,44,44,246.0,0.0,0.0,1.0,416.06574795896705,416.0505923331137,0.015155625853387436,603.2953345405022,540.8854723466571,,540.8854723466571,750.0,True,False,True,,,
SIM_DIR-1784863204,SIM_DIR,capstone_ii,,44,44,246.0,0.0,0.0,1.0,416.06574795896705,416.0505923331137,0.015155625853387436,534.145747958967,489.86574795896706,,489.86574795896706,750.0,True,False,True,,,
SIM_DIR-1784863204,SIM_DIR,capstone_iii_fit_1x,fit_1x,44,44,246.0,0.0,0.0,1.0,416.06574795896705,416.0505923331137,0.015155625853387436,,,436.9682775756227,436.9682775756227,750.0,True,False,True,,,
SIM_DIR-1784863204,SIM_DIR,capstone_iii_fit_2x,fit_2x,44,44,246.0,0.0,0.0,1.0,416.06574795896705,416.0505923331137,0.015155625853387436,,,457.7708071922784,457.7708071922784,750.0,True,False,True,,,
SIM_DIR-1784863204,SIM_DIR,capstone_iii_fit_activity,fit_activity,44,44,246.0,0.0,0.0,1.0,416.06574795896705,416.0505923331137,0.015155625853387436,,,453.6103012689473,453.6103012689473,750.0,True,False,True,,,
SIM_DIR-1784863204,SIM_DIR,capstone_iii_fit_activity_pvt,fit_activity_pvt,44,44,246.0,0.0,0.0,1.0,416.06574795896705,416.0505923331137,0.015155625853387436,,,466.0918190389407,466.0918190389407,750.0,True,False,True,,,
SIM_DIR-1784863204,SIM_DIR,capstone_iii_full,full,44,44,246.0,0.0,0.0,1.0,416.06574795896705,416.0505923331137,0.015155625853387436,,,478.57333680893413,478.57333680893413,750.0,True,False,True,,,
SIM_DIR-1784863204,SIM_DIR,baseline,,45,45,246.0,0.0,0.0,1.0,416.70852488429676,416.6933692584434,0.015155625853387436,604.2273610822303,541.7210823495858,,541.7210823495858,,True,False,True,,,
SIM_DIR-1784863204,SIM_DIR,capstone_i,,45,45,246.0,0.0,0.0,1.0,416.70852488429676,416.6933692584434,0.015155625853387436,604.2273610822303,541.7210823495858,,541.7210823495858,750.0,True,False,True,,,
SIM_DIR-1784863204,SIM_DIR,capstone_ii,,45,45,246.0,0.0,0.0,1.0,416.70852488429676,416.6933692584434,0.015155625853387436,534.7885248842967,490.5085248842968,,490.5085248842968,750.0,True,False,True,,,
SIM_DIR-1784863204,SIM_DIR,capstone_iii_fit_1x,fit_1x,45,45,246.0,0.0,0.0,1.0,416.70852488429676,416.6933692584434,0.015155625853387436,,,437.643193347219,437.643193347219,750.0,True,False,True,,,
SIM_DIR-1784863204,SIM_DIR,capstone_iii_fit_2x,fit_2x,45,45,246.0,0.0,0.0,1.0,416.70852488429676,416.6933692584434,0.015155625853387436,,,458.4778618101411,458.4778618101411,750.0,True,False,True,,,
SIM_DIR-1784863204,SIM_DIR,capstone_iii_fit_activity,fit_activity,45,45,246.0,0.0,0.0,1.0,416.70852488429676,416.6933692584434,0.015155625853387436,,,454.3109281175567,454.3109281175567,750.0,True,False,True,,,
SIM_DIR-1784863204,SIM_DIR,capstone_iii_fit_activity_pvt,fit_activity_pvt,45,45,246.0,0.0,0.0,1.0,416.70852488429676,416.6933692584434,0.015155625853387436,,,466.81172919531,466.81172919531,750.0,True,False,True,,,
SIM_DIR-1784863204,SIM_DIR,capstone_iii_full,full,45,45,246.0,0.0,0.0,1.0,416.70852488429676,416.6933692584434,0.015155625853387436,,,479.3125302730633,479.3125302730633,750.0,True,False,True,,,
SIM_DIR-1784863204,SIM_DIR,baseline,,46,46,246.0,0.0,0.0,1.0,417.35087351714816,417.3357178912948,0.015155625853387436,605.1587665998649,542.5561355722926,,542.5561355722926,,True,False,True,,,
SIM_DIR-1784863204,SIM_DIR,capstone_i,,46,46,246.0,0.0,0.0,1.0,417.35087351714816,417.3357178912948,0.015155625853387436,605.1587665998649,542.5561355722926,,542.5561355722926,750.0,True,False,True,,,
SIM_DIR-1784863204,SIM_DIR,capstone_ii,,46,46,246.0,0.0,0.0,1.0,417.35087351714816,417.3357178912948,0.015155625853387436,535.4308735171481,491.15087351714817,,491.15087351714817,750.0,True,False,True,,,
SIM_DIR-1784863204,SIM_DIR,capstone_iii_fit_1x,fit_1x,46,46,246.0,0.0,0.0,1.0,417.35087351714816,417.3357178912948,0.015155625853387436,,,438.3176594117129,438.3176594117129,750.0,True,False,True,,,
SIM_DIR-1784863204,SIM_DIR,capstone_iii_fit_2x,fit_2x,46,46,246.0,0.0,0.0,1.0,417.35087351714816,417.3357178912948,0.015155625853387436,,,459.18444530627767,459.18444530627767,750.0,True,False,True,,,
SIM_DIR-1784863204,SIM_DIR,capstone_iii_fit_activity,fit_activity,46,46,246.0,0.0,0.0,1.0,417.35087351714816,417.3357178912948,0.015155625853387436,,,455.01108812736476,455.01108812736476,750.0,True,False,True,,,
SIM_DIR-1784863204,SIM_DIR,capstone_iii_fit_activity_pvt,fit_activity_pvt,46,46,246.0,0.0,0.0,1.0,417.35087351714816,417.3357178912948,0.015155625853387436,,,467.5311596641036,467.5311596641036,750.0,True,False,True,,,
SIM_DIR-1784863204,SIM_DIR,capstone_iii_full,full,46,46,246.0,0.0,0.0,1.0,417.35087351714816,417.3357178912948,0.015155625853387436,,,480.0512312008424,480.0512312008424,750.0,True,False,True,,,
SIM_DIR-1784863204,SIM_DIR,baseline,,47,47,250.0,0.0,0.0,1.0,424.7891815113955,424.77402588554213,0.015155625853387436,615.9443131915234,552.2259359648142,,552.2259359648142,,True,False,True,,,
SIM_DIR-1784863204,SIM_DIR,capstone_i,,47,47,250.0,0.0,0.0,1.0,424.7891815113955,424.77402588554213,0.015155625853387436,615.9443131915234,552.2259359648142,,552.2259359648142,750.0,True,False,True,,,
SIM_DIR-1784863204,SIM_DIR,capstone_ii,,47,47,250.0,0.0,0.0,1.0,424.7891815113955,424.77402588554213,0.015155625853387436,544.7891815113956,499.7891815113955,,499.7891815113955,750.0,True,False,True,,,
SIM_DIR-1784863204,SIM_DIR,capstone_iii_fit_1x,fit_1x,47,47,250.0,0.0,0.0,1.0,424.7891815113955,424.77402588554213,0.015155625853387436,,,446.12788280567264,446.12788280567264,750.0,True,False,True,,,
SIM_DIR-1784863204,SIM_DIR,capstone_iii_fit_2x,fit_2x,47,47,250.0,0.0,0.0,1.0,424.7891815113955,424.77402588554213,0.015155625853387436,,,467.36658409994976,467.36658409994976,750.0,True,False,True,,,
SIM_DIR-1784863204,SIM_DIR,capstone_iii_fit_activity,fit_activity,47,47,250.0,0.0,0.0,1.0,424.7891815113955,424.77402588554213,0.015155625853387436,,,463.1188438410943,463.1188438410943,750.0,True,False,True,,,
SIM_DIR-1784863204,SIM_DIR,capstone_iii_fit_activity_pvt,fit_activity_pvt,47,47,250.0,0.0,0.0,1.0,424.7891815113955,424.77402588554213,0.015155625853387436,,,475.86206461766056,475.86206461766056,750.0,True,False,True,,,
SIM_DIR-1784863204,SIM_DIR,capstone_iii_full,full,47,47,250.0,0.0,0.0,1.0,424.7891815113955,424.77402588554213,0.015155625853387436,,,488.6052853942268,488.6052853942268,750.0,True,False,True,,,
SIM_DIR-1784863204,SIM_DIR,baseline,,48,48,252.0,0.0,0.0,1.0,428.84452183980795,428.8293662139546,0.015155625853387436,621.8245566677215,557.4978783917503,,557.4978783917503,,True,False,True,,,
SIM_DIR-1784863204,SIM_DIR,capstone_i,,48,48,252.0,0.0,0.0,1.0,428.84452183980795,428.8293662139546,0.015155625853387436,621.8245566677215,557.4978783917503,,557.4978783917503,750.0,True,False,True,,,
SIM_DIR-1784863204,SIM_DIR,capstone_ii,,48,48,252.0,0.0,0.0,1.0,428.84452183980795,428.8293662139546,0.015155625853387436,549.804521839808,504.444521839808,,504.444521839808,750.0,True,False,True,,,
SIM_DIR-1784863204,SIM_DIR,capstone_iii_fit_1x,fit_1x,48,48,252.0,0.0,0.0,1.0,428.84452183980795,428.8293662139546,0.015155625853387436,,,450.38599015050573,450.38599015050573,750.0,True,False,True,,,
SIM_DIR-1784863204,SIM_DIR,capstone_iii_fit_2x,fit_2x,48,48,252.0,0.0,0.0,1.0,428.84452183980795,428.8293662139546,0.015155625853387436,,,471.82745846120343,471.82745846120343,750.0,True,False,True,,,
SIM_DIR-1784863204,SIM_DIR,capstone_iii_fit_activity,fit_activity,48,48,252.0,0.0,0.0,1.0,428.84452183980795,428.8293662139546,0.015155625853387436,,,467.5391647990639,467.5391647990639,750.0,True,False,True,,,
SIM_DIR-1784863204,SIM_DIR,capstone_iii_fit_activity_pvt,fit_activity_pvt,48,48,252.0,0.0,0.0,1.0,428.84452183980795,428.8293662139546,0.015155625853387436,,,480.4040457854825,480.4040457854825,750.0,True,False,True,,,
SIM_DIR-1784863204,SIM_DIR,capstone_iii_full,full,48,48,252.0,0.0,0.0,1.0,428.84452183980795,428.8293662139546,0.015155625853387436,,,493.2689267719012,493.2689267719012,750.0,True,False,True,,,
SIM_DIR-1784863204,SIM_DIR,baseline,,49,49,256.0,0.0,0.0,1.0,436.3184805400809,436.3033249142275,0.015155625853387436,632.6617967831172,567.2140247021051,,567.2140247021051,,True,False,True,,,
SIM_DIR-1784863204,SIM_DIR,capstone_i,,49,49,256.0,0.0,0.0,1.0,436.3184805400809,436.3033249142275,0.015155625853387436,632.6617967831172,567.2140247021051,,567.2140247021051,750.0,True,False,True,,,
SIM_DIR-1784863204,SIM_DIR,capstone_ii,,49,49,256.0,0.0,0.0,1.0,436.3184805400809,436.3033249142275,0.015155625853387436,559.1984805400809,513.1184805400809,,513.1184805400809,750.0,True,False,True,,,
SIM_DIR-1784863204,SIM_DIR,capstone_iii_fit_1x,fit_1x,49,49,256.0,0.0,0.0,1.0,436.3184805400809,436.3033249142275,0.015155625853387436,,,458.2336467857923,458.2336467857923,750.0,True,False,True,,,
SIM_DIR-1784863204,SIM_DIR,capstone_iii_fit_2x,fit_2x,49,49,256.0,0.0,0.0,1.0,436.3184805400809,436.3033249142275,0.015155625853387436,,,480.0488130315037,480.0488130315037,750.0,True,False,True,,,
SIM_DIR-1784863204,SIM_DIR,capstone_iii_fit_activity,fit_activity,49,49,256.0,0.0,0.0,1.0,436.3184805400809,436.3033249142275,0.015155625853387436,,,475.6857797823614,475.6857797823614,750.0,True,False,True,,,
SIM_DIR-1784863204,SIM_DIR,capstone_iii_fit_activity_pvt,fit_activity_pvt,49,49,256.0,0.0,0.0,1.0,436.3184805400809,436.3033249142275,0.015155625853387436,,,488.7748795297882,488.7748795297882,750.0,True,False,True,,,
SIM_DIR-1784863204,SIM_DIR,capstone_iii_full,full,49,49,256.0,0.0,0.0,1.0,436.3184805400809,436.3033249142275,0.015155625853387436,,,501.86397927721504,501.86397927721504,750.0,True,False,True,,,
SIM_DIR-1784863204,SIM_DIR,baseline,,50,50,258.0,0.0,0.0,1.0,440.39901990889933,440.38386428304597,0.015155625853387436,638.5785788679041,572.5187258815691,,572.5187258815691,,True,False,True,,,
SIM_DIR-1784863204,SIM_DIR,capstone_i,,50,50,258.0,0.0,0.0,1.0,440.39901990889933,440.38386428304597,0.015155625853387436,638.5785788679041,572.5187258815691,,572.5187258815691,750.0,True,False,True,,,
SIM_DIR-1784863204,SIM_DIR,capstone_ii,,50,50,258.0,0.0,0.0,1.0,440.39901990889933,440.38386428304597,0.015155625853387436,564.2390199088993,517.7990199088994,,517.7990199088994,750.0,True,False,True,,,
SIM_DIR-1784863204,SIM_DIR,capstone_iii_fit_1x,fit_1x,50,50,258.0,0.0,0.0,1.0,440.39901990889933,440.38386428304597,0.015155625853387436,,,462.5182131230516,462.5182131230516,750.0,True,False,True,,,
SIM_DIR-1784863204,SIM_DIR,capstone_iii_fit_2x,fit_2x,50,50,258.0,0.0,0.0,1.0,440.39901990889933,440.38386428304597,0.015155625853387436,,,484.53740633720395,484.53740633720395,750.0,True,False,True,,,
SIM_DIR-1784863204,SIM_DIR,capstone_iii_fit_activity,fit_activity,50,50,258.0,0.0,0.0,1.0,440.39901990889933,440.38386428304597,0.015155625853387436,,,480.1335676943735,480.1335676943735,750.0,True,False,True,,,
SIM_DIR-1784863204,SIM_DIR,capstone_iii_fit_activity_pvt,fit_activity_pvt,50,50,258.0,0.0,0.0,1.0,440.39901990889933,440.38386428304597,0.015155625853387436,,,493.3450836228649,493.3450836228649,750.0,True,False,True,,,
SIM_DIR-1784863204,SIM_DIR,capstone_iii_full,full,50,50,258.0,0.0,0.0,1.0,440.39901990889933,440.38386428304597,0.015155625853387436,,,506.5565995513562,506.5565995513562,750.0,True,False,True,,,
SIM_DIR-1784863204,SIM_DIR,baseline,,51,51,265.0,0.0,0.0,1.0,453.0371251116514,453.021969485798,0.015155625853387436,656.9038314118945,588.9482626451469,,588.9482626451469,,True,False,True,,,
SIM_DIR-1784863204,SIM_DIR,capstone_i,,51,51,265.0,0.0,0.0,1.0,453.0371251116514,453.021969485798,0.015155625853387436,656.9038314118945,588.9482626451469,,588.9482626451469,750.0,True,False,True,,,
SIM_DIR-1784863204,SIM_DIR,capstone_ii,,51,51,265.0,0.0,0.0,1.0,453.0371251116514,453.021969485798,0.015155625853387436,580.2371251116514,532.5371251116514,,532.5371251116514,750.0,True,False,True,,,
SIM_DIR-1784863204,SIM_DIR,capstone_iii_fit_1x,fit_1x,51,51,265.0,0.0,0.0,1.0,453.0371251116514,453.021969485798,0.015155625853387436,,,475.7882235859413,475.7882235859413,750.0,True,False,True,,,
SIM_DIR-1784863204,SIM_DIR,capstone_iii_fit_2x,fit_2x,51,51,265.0,0.0,0.0,1.0,453.0371251116514,453.021969485798,0.015155625853387436,,,498.4393220602312,498.4393220602312,750.0,True,False,True,,,
SIM_DIR-1784863204,SIM_DIR,capstone_iii_fit_activity,fit_activity,51,51,265.0,0.0,0.0,1.0,453.0371251116514,453.021969485798,0.015155625853387436,,,493.9091023653732,493.9091023653732,750.0,True,False,True,,,
SIM_DIR-1784863204,SIM_DIR,capstone_iii_fit_activity_pvt,fit_activity_pvt,51,51,265.0,0.0,0.0,1.0,453.0371251116514,453.021969485798,0.015155625853387436,,,507.49976144994713,507.49976144994713,750.0,True,False,True,,,
SIM_DIR-1784863204,SIM_DIR,capstone_iii_full,full,51,51,265.0,0.0,0.0,1.0,453.0371251116514,453.021969485798,0.015155625853387436,,,521.0904205345211,521.0904205345211,750.0,True,False,True,,,
SIM_DIR-1784863204,SIM_DIR,baseline,,52,52,268.0,0.0,0.0,1.0,458.86274359052743,458.84758796467406,0.015155625853387436,665.3509782062647,596.5215666676856,,596.5215666676856,,True,False,True,,,
SIM_DIR-1784863204,SIM_DIR,capstone_i,,52,52,268.0,0.0,0.0,1.0,458.86274359052743,458.84758796467406,0.015155625853387436,665.3509782062647,596.5215666676856,,596.5215666676856,750.0,True,False,True,,,
SIM_DIR-1784863204,SIM_DIR,capstone_ii,,52,52,268.0,0.0,0.0,1.0,458.86274359052743,458.84758796467406,0.015155625853387436,587.5027435905274,539.2627435905274,,539.2627435905274,750.0,True,False,True,,,
SIM_DIR-1784863204,SIM_DIR,capstone_iii_fit_1x,fit_1x,52,52,268.0,0.0,0.0,1.0,458.86274359052743,458.84758796467406,0.015155625853387436,,,481.90512298876115,481.90512298876115,750.0,True,False,True,,,
SIM_DIR-1784863204,SIM_DIR,capstone_iii_fit_2x,fit_2x,52,52,268.0,0.0,0.0,1.0,458.86274359052743,458.84758796467406,0.015155625853387436,,,504.84750238699485,504.84750238699485,750.0,True,False,True,,,
SIM_DIR-1784863204,SIM_DIR,capstone_iii_fit_activity,fit_activity,52,52,268.0,0.0,0.0,1.0,458.86274359052743,458.84758796467406,0.015155625853387436,,,500.2590265073481,500.2590265073481,750.0,True,False,True,,,
SIM_DIR-1784863204,SIM_DIR,capstone_iii_fit_activity_pvt,fit_activity_pvt,52,52,268.0,0.0,0.0,1.0,458.86274359052743,458.84758796467406,0.015155625853387436,,,514.0244541462883,514.0244541462883,750.0,True,False,True,,,
SIM_DIR-1784863204,SIM_DIR,capstone_iii_full,full,52,52,268.0,0.0,0.0,1.0,458.86274359052743,458.84758796467406,0.015155625853387436,,,527.7898817852285,527.7898817852285,750.0,True,False,True,,,
SIM_DIR-1784863204,SIM_DIR,baseline,,53,53,278.0,0.0,0.0,1.0,476.7065410580996,476.69138543224625,0.015155625853387436,691.2244845342444,619.7185033755295,,619.7185033755295,,True,False,True,,,
SIM_DIR-1784863204,SIM_DIR,capstone_i,,53,53,278.0,0.0,0.0,1.0,476.7065410580996,476.69138543224625,0.015155625853387436,691.2244845342444,619.7185033755295,,619.7185033755295,750.0,True,False,True,,,
SIM_DIR-1784863204,SIM_DIR,capstone_ii,,53,53,278.0,0.0,0.0,1.0,476.7065410580996,476.69138543224625,0.015155625853387436,610.1465410580996,560.1065410580997,,560.1065410580997,750.0,True,False,True,,,
SIM_DIR-1784863204,SIM_DIR,capstone_iii_fit_1x,fit_1x,53,53,278.0,0.0,0.0,1.0,476.7065410580996,476.69138543224625,0.015155625853387436,,,500.6411103297119,500.6411103297119,750.0,True,False,True,,,
SIM_DIR-1784863204,SIM_DIR,capstone_iii_fit_2x,fit_2x,53,53,278.0,0.0,0.0,1.0,476.7065410580996,476.69138543224625,0.015155625853387436,,,524.4756796013243,524.4756796013243,750.0,True,False,True,,,
SIM_DIR-1784863204,SIM_DIR,capstone_iii_fit_activity,fit_activity,53,53,278.0,0.0,0.0,1.0,476.7065410580996,476.69138543224625,0.015155625853387436,,,519.7087657470018,519.7087657470018,750.0,True,False,True,,,
SIM_DIR-1784863204,SIM_DIR,capstone_iii_fit_activity_pvt,fit_activity_pvt,53,53,278.0,0.0,0.0,1.0,476.7065410580996,476.69138543224625,0.015155625853387436,,,534.0095073099692,534.0095073099692,750.0,True,False,True,,,
SIM_DIR-1784863204,SIM_DIR,capstone_iii_full,full,53,53,278.0,0.0,0.0,1.0,476.7065410580996,476.69138543224625,0.015155625853387436,,,548.3102488729365,548.3102488729365,750.0,True,False,True,,,
SIM_DIR-1784863204,SIM_DIR,baseline,,54,54,282.0,0.0,0.0,1.0,484.2979639340337,484.28280830818034,0.015155625853387436,702.2320477043488,629.5873531142438,,629.5873531142438,,True,False,True,,,
SIM_DIR-1784863204,SIM_DIR,capstone_i,,54,54,282.0,0.0,0.0,1.0,484.2979639340337,484.28280830818034,0.015155625853387436,702.2320477043488,629.5873531142438,,629.5873531142438,750.0,True,False,True,,,
SIM_DIR-1784863204,SIM_DIR,capstone_ii,,54,54,282.0,0.0,0.0,1.0,484.2979639340337,484.28280830818034,0.015155625853387436,619.6579639340337,568.8979639340337,,568.8979639340337,750.0,True,False,True,,,
SIM_DIR-1784863204,SIM_DIR,capstone_iii_fit_1x,fit_1x,54,54,282.0,0.0,0.0,1.0,484.2979639340337,484.28280830818034,0.015155625853387436,,,508.61210434944275,508.61210434944275,750.0,True,False,True,,,
SIM_DIR-1784863204,SIM_DIR,capstone_iii_fit_2x,fit_2x,54,54,282.0,0.0,0.0,1.0,484.2979639340337,484.28280830818034,0.015155625853387436,,,532.8262447648518,532.8262447648518,750.0,True,False,True,,,
SIM_DIR-1784863204,SIM_DIR,capstone_iii_fit_activity,fit_activity,54,54,282.0,0.0,0.0,1.0,484.2979639340337,484.28280830818034,0.015155625853387436,,,527.98341668177,527.98341668177,750.0,True,False,True,,,
SIM_DIR-1784863204,SIM_DIR,capstone_iii_fit_activity_pvt,fit_activity_pvt,54,54,282.0,0.0,0.0,1.0,484.2979639340337,484.28280830818034,0.015155625853387436,,,542.5119009310154,542.5119009310154,750.0,True,False,True,,,
SIM_DIR-1784863204,SIM_DIR,capstone_iii_full,full,54,54,282.0,0.0,0.0,1.0,484.2979639340337,484.28280830818034,0.015155625853387436,,,557.0403851802608,557.0403851802608,750.0,True,False,True,,,
SIM_DIR-1784863204,SIM_DIR,baseline,,55,55,285.0,0.0,0.0,1.0,490.1897922415248,490.17463661567143,0.015155625853387436,710.775198750211,637.2467299139822,,637.2467299139822,,True,False,True,,,
SIM_DIR-1784863204,SIM_DIR,capstone_i,,55,55,285.0,0.0,0.0,1.0,490.1897922415248,490.17463661567143,0.015155625853387436,710.775198750211,637.2467299139822,,637.2467299139822,750.0,True,False,True,,,
SIM_DIR-1784863204,SIM_DIR,capstone_ii,,55,55,285.0,0.0,0.0,1.0,490.1897922415248,490.17463661567143,0.015155625853387436,626.9897922415248,575.6897922415249,,575.6897922415249,750.0,True,False,True,,,
SIM_DIR-1784863204,SIM_DIR,capstone_iii_fit_1x,fit_1x,55,55,285.0,0.0,0.0,1.0,490.1897922415248,490.17463661567143,0.015155625853387436,,,514.7985240723084,514.7985240723084,750.0,True,False,True,,,
SIM_DIR-1784863204,SIM_DIR,capstone_iii_fit_2x,fit_2x,55,55,285.0,0.0,0.0,1.0,490.1897922415248,490.17463661567143,0.015155625853387436,,,539.3072559030919,539.3072559030919,750.0,True,False,True,,,
SIM_DIR-1784863204,SIM_DIR,capstone_iii_fit_activity,fit_activity,55,55,285.0,0.0,0.0,1.0,490.1897922415248,490.17463661567143,0.015155625853387436,,,534.4055095369353,534.4055095369353,750.0,True,False,True,,,
SIM_DIR-1784863204,SIM_DIR,capstone_iii_fit_activity_pvt,fit_activity_pvt,55,55,285.0,0.0,0.0,1.0,490.1897922415248,490.17463661567143,0.015155625853387436,,,549.1107486354053,549.1107486354053,750.0,True,False,True,,,
SIM_DIR-1784863204,SIM_DIR,capstone_iii_full,full,55,55,285.0,0.0,0.0,1.0,490.1897922415248,490.17463661567143,0.015155625853387436,,,563.8159877338755,563.8159877338755,750.0,True,False,True,,,
SIM_DIR-1784863204,SIM_DIR,baseline,,56,56,287.0,0.0,0.0,1.0,494.3742265764509,494.3590709505975,0.015155625853387436,716.8426285358538,642.6864945493862,,642.6864945493862,,True,False,True,,,
SIM_DIR-1784863204,SIM_DIR,capstone_i,,56,56,287.0,0.0,0.0,1.0,494.3742265764509,494.3590709505975,0.015155625853387436,716.8426285358538,642.6864945493862,,642.6864945493862,750.0,True,False,True,,,
SIM_DIR-1784863204,SIM_DIR,capstone_ii,,56,56,287.0,0.0,0.0,1.0,494.3742265764509,494.3590709505975,0.015155625853387436,632.1342265764508,580.4742265764509,,580.4742265764509,750.0,True,False,True,,,
SIM_DIR-1784863204,SIM_DIR,capstone_iii_fit_1x,fit_1x,56,56,287.0,0.0,0.0,1.0,494.3742265764509,494.3590709505975,0.015155625853387436,,,519.1921801239808,519.1921801239808,750.0,True,False,True,,,
SIM_DIR-1784863204,SIM_DIR,capstone_iii_fit_2x,fit_2x,56,56,287.0,0.0,0.0,1.0,494.3742265764509,494.3590709505975,0.015155625853387436,,,543.9101336715107,543.9101336715107,750.0,True,False,True,,,
SIM_DIR-1784863204,SIM_DIR,capstone_iii_fit_activity,fit_activity,56,56,287.0,0.0,0.0,1.0,494.3742265764509,494.3590709505975,0.015155625853387436,,,538.9665429620047,538.9665429620047,750.0,True,False,True,,,
SIM_DIR-1784863204,SIM_DIR,capstone_iii_fit_activity_pvt,fit_activity_pvt,56,56,287.0,0.0,0.0,1.0,494.3742265764509,494.3590709505975,0.015155625853387436,,,553.7973150905226,553.7973150905226,750.0,True,False,True,,,
SIM_DIR-1784863204,SIM_DIR,capstone_iii_full,full,56,56,287.0,0.0,0.0,1.0,494.3742265764509,494.3590709505975,0.015155625853387436,,,568.6280872190405,568.6280872190405,750.0,True,False,True,,,
SIM_DIR-1784863204,SIM_DIR,baseline,,57,57,289.0,0.0,0.0,1.0,498.5685756515961,498.55342002574275,0.015155625853387436,722.9244346948144,648.139148347075,,648.139148347075,,True,False,True,,,
SIM_DIR-1784863204,SIM_DIR,capstone_i,,57,57,289.0,0.0,0.0,1.0,498.5685756515961,498.55342002574275,0.015155625853387436,722.9244346948144,648.139148347075,,648.139148347075,750.0,True,False,True,,,
SIM_DIR-1784863204,SIM_DIR,capstone_ii,,57,57,289.0,0.0,0.0,1.0,498.5685756515961,498.55342002574275,0.015155625853387436,637.2885756515961,585.2685756515962,,585.2685756515962,750.0,True,False,True,,,
SIM_DIR-1784863204,SIM_DIR,capstone_iii_fit_1x,fit_1x,57,57,289.0,0.0,0.0,1.0,498.5685756515961,498.55342002574275,0.015155625853387436,,,523.5962466528833,523.5962466528833,750.0,True,False,True,,,
SIM_DIR-1784863204,SIM_DIR,capstone_iii_fit_2x,fit_2x,57,57,289.0,0.0,0.0,1.0,498.5685756515961,498.55342002574275,0.015155625853387436,,,548.5239176541704,548.5239176541704,750.0,True,False,True,,,
SIM_DIR-1784863204,SIM_DIR,capstone_iii_fit_activity,fit_activity,57,57,289.0,0.0,0.0,1.0,498.5685756515961,498.55342002574275,0.015155625853387436,,,543.5383834539131,543.5383834539131,750.0,True,False,True,,,
SIM_DIR-1784863204,SIM_DIR,capstone_iii_fit_activity_pvt,fit_activity_pvt,57,57,289.0,0.0,0.0,1.0,498.5685756515961,498.55342002574275,0.015155625853387436,,,558.4949860546853,558.4949860546853,750.0,True,False,True,,,
SIM_DIR-1784863204,SIM_DIR,capstone_iii_full,full,57,57,289.0,0.0,0.0,1.0,498.5685756515961,498.55342002574275,0.015155625853387436,,,573.4515886554575,573.4515886554575,750.0,True,False,True,,,
SIM_DIR-1784863204,SIM_DIR,baseline,,58,58,293.0,0.0,0.0,1.0,506.22821255005397,506.2130569242006,0.015155625853387436,734.0309081975782,658.0966763150702,,658.0966763150702,,True,False,True,,,
SIM_DIR-1784863204,SIM_DIR,capstone_i,,58,58,293.0,0.0,0.0,1.0,506.22821255005397,506.2130569242006,0.015155625853387436,734.0309081975782,658.0966763150702,,658.0966763150702,750.0,True,False,True,,,
SIM_DIR-1784863204,SIM_DIR,capstone_ii,,58,58,293.0,0.0,0.0,1.0,506.22821255005397,506.2130569242006,0.015155625853387436,646.868212550054,594.128212550054,,594.128212550054,750.0,True,False,True,,,
SIM_DIR-1784863204,SIM_DIR,capstone_iii_fit_1x,fit_1x,58,58,293.0,0.0,0.0,1.0,506.22821255005397,506.2130569242006,0.015155625853387436,,,531.638865396264,531.638865396264,750.0,True,False,True,,,
SIM_DIR-1784863204,SIM_DIR,capstone_iii_fit_2x,fit_2x,58,58,293.0,0.0,0.0,1.0,506.22821255005397,506.2130569242006,0.015155625853387436,,,556.949518242474,556.949518242474,750.0,True,False,True,,,
SIM_DIR-1784863204,SIM_DIR,capstone_iii_fit_activity,fit_activity,58,58,293.0,0.0,0.0,1.0,506.22821255005397,506.2130569242006,0.015155625853387436,,,551.8873876732321,551.8873876732321,750.0,True,False,True,,,
SIM_DIR-1784863204,SIM_DIR,capstone_iii_fit_activity_pvt,fit_activity_pvt,58,58,293.0,0.0,0.0,1.0,506.22821255005397,506.2130569242006,0.015155625853387436,,,567.0737793809581,567.0737793809581,750.0,True,False,True,,,
SIM_DIR-1784863204,SIM_DIR,capstone_iii_full,full,58,58,293.0,0.0,0.0,1.0,506.22821255005397,506.2130569242006,0.015155625853387436,,,582.260171088684,582.260171088684,750.0,True,False,True,,,
SIM_DIR-1784863204,SIM_DIR,baseline,,59,59,294.0,0.0,0.0,1.0,508.7172728170154,508.702117191162,0.015155625853387436,737.6400455846723,661.33245466212,,661.33245466212,,True,False,True,,,
SIM_DIR-1784863204,SIM_DIR,capstone_i,,59,59,294.0,0.0,0.0,1.0,508.7172728170154,508.702117191162,0.015155625853387436,737.6400455846723,661.33245466212,,661.33245466212,750.0,True,False,True,,,
SIM_DIR-1784863204,SIM_DIR,capstone_ii,,59,59,294.0,0.0,0.0,1.0,508.7172728170154,508.702117191162,0.015155625853387436,649.8372728170154,596.9172728170154,,596.9172728170154,750.0,True,False,True,,,
SIM_DIR-1784863204,SIM_DIR,capstone_iii_fit_1x,fit_1x,59,59,294.0,0.0,0.0,1.0,508.7172728170154,508.702117191162,0.015155625853387436,,,534.2523786765735,534.2523786765735,750.0,True,False,True,,,
SIM_DIR-1784863204,SIM_DIR,capstone_iii_fit_2x,fit_2x,59,59,294.0,0.0,0.0,1.0,508.7172728170154,508.702117191162,0.015155625853387436,,,559.6874845361316,559.6874845361316,750.0,True,False,True,,,
SIM_DIR-1784863204,SIM_DIR,capstone_iii_fit_activity,fit_activity,59,59,294.0,0.0,0.0,1.0,508.7172728170154,508.702117191162,0.015155625853387436,,,554.60046336422,554.60046336422,750.0,True,False,True,,,
SIM_DIR-1784863204,SIM_DIR,capstone_iii_fit_activity_pvt,fit_activity_pvt,59,59,294.0,0.0,0.0,1.0,508.7172728170154,508.702117191162,0.015155625853387436,,,569.8615268799549,569.8615268799549,750.0,True,False,True,,,
SIM_DIR-1784863204,SIM_DIR,capstone_iii_full,full,59,59,294.0,0.0,0.0,1.0,508.7172728170154,508.702117191162,0.015155625853387436,,,585.1225903956897,585.1225903956897,750.0,True,False,True,,,
SIM_DIR-1784863204,SIM_DIR,baseline,,60,60,294.0,0.0,0.0,1.0,509.4781827505239,509.46302712467053,0.015155625853387436,738.7433649882596,662.321637575681,,662.321637575681,,True,False,True,,,
SIM_DIR-1784863204,SIM_DIR,capstone_i,,60,60,294.0,0.0,0.0,1.0,509.4781827505239,509.46302712467053,0.015155625853387436,738.7433649882596,662.321637575681,,662.321637575681,750.0,True,False,True,,,
SIM_DIR-1784863204,SIM_DIR,capstone_ii,,60,60,294.0,0.0,0.0,1.0,509.4781827505239,509.46302712467053,0.015155625853387436,650.5981827505238,597.6781827505239,,597.6781827505239,750.0,True,False,True,,,
SIM_DIR-1784863204,SIM_DIR,capstone_iii_fit_1x,fit_1x,60,60,294.0,0.0,0.0,1.0,509.4781827505239,509.46302712467053,0.015155625853387436,,,535.0513341067574,535.0513341067574,750.0,True,False,True,,,
SIM_DIR-1784863204,SIM_DIR,capstone_iii_fit_2x,fit_2x,60,60,294.0,0.0,0.0,1.0,509.4781827505239,509.46302712467053,0.015155625853387436,,,560.5244854629909,560.5244854629909,750.0,True,False,True,,,
SIM_DIR-1784863204,SIM_DIR,capstone_iii_fit_activity,fit_activity,60,60,294.0,0.0,0.0,1.0,509.4781827505239,509.46302712467053,0.015155625853387436,,,555.4298551917443,555.4298551917443,750.0,True,False,True,,,
SIM_DIR-1784863204,SIM_DIR,capstone_iii_fit_activity_pvt,fit_activity_pvt,60,60,294.0,0.0,0.0,1.0,509.4781827505239,509.46302712467053,0.015155625853387436,,,570.7137460054844,570.7137460054844,750.0,True,False,True,,,
SIM_DIR-1784863204,SIM_DIR,capstone_iii_full,full,60,60,294.0,0.0,0.0,1.0,509.4781827505239,509.46302712467053,0.015155625853387436,,,585.9976368192246,585.9976368192246,750.0,True,False,True,,,
SIM_DIR-1784863204,SIM_DIR,baseline,,61,61,294.0,0.0,0.0,1.0,510.2386353787169,510.2234797528635,0.015155625853387436,739.8460212991395,663.310225992332,,663.310225992332,,True,False,True,,,
SIM_DIR-1784863204,SIM_DIR,capstone_i,,61,61,294.0,0.0,0.0,1.0,510.2386353787169,510.2234797528635,0.015155625853387436,739.8460212991395,663.310225992332,,663.310225992332,750.0,True,False,True,,,
SIM_DIR-1784863204,SIM_DIR,capstone_ii,,61,61,294.0,0.0,0.0,1.0,510.2386353787169,510.2234797528635,0.015155625853387436,651.3586353787168,598.4386353787169,,598.4386353787169,750.0,True,False,True,,,
SIM_DIR-1784863204,SIM_DIR,capstone_iii_fit_1x,fit_1x,61,61,294.0,0.0,0.0,1.0,510.2386353787169,510.2234797528635,0.015155625853387436,,,535.8498093663601,535.8498093663601,750.0,True,False,True,,,
SIM_DIR-1784863204,SIM_DIR,capstone_iii_fit_2x,fit_2x,61,61,294.0,0.0,0.0,1.0,510.2386353787169,510.2234797528635,0.015155625853387436,,,561.3609833540032,561.3609833540032,750.0,True,False,True,,,
SIM_DIR-1784863204,SIM_DIR,capstone_iii_fit_activity,fit_activity,61,61,294.0,0.0,0.0,1.0,510.2386353787169,510.2234797528635,0.015155625853387436,,,556.2587485564746,556.2587485564746,750.0,True,False,True,,,
SIM_DIR-1784863204,SIM_DIR,capstone_iii_fit_activity_pvt,fit_activity_pvt,61,61,294.0,0.0,0.0,1.0,510.2386353787169,510.2234797528635,0.015155625853387436,,,571.5654529490605,571.5654529490605,750.0,True,False,True,,,
SIM_DIR-1784863204,SIM_DIR,capstone_iii_full,full,61,61,294.0,0.0,0.0,1.0,510.2386353787169,510.2234797528635,0.015155625853387436,,,586.8721573416465,586.8721573416465,750.0,True,False,True,,,
SIM_DIR-1784863204,SIM_DIR,baseline,,62,62,300.0,0.0,0.0,1.0,521.4268683400265,521.4117127141732,0.015155625853387436,756.0689590930384,677.8549288420345,,677.8549288420345,,True,False,True,,,
SIM_DIR-1784863204,SIM_DIR,capstone_i,,62,62,300.0,0.0,0.0,1.0,521.4268683400265,521.4117127141732,0.015155625853387436,756.0689590930384,677.8549288420345,,677.8549288420345,750.0,True,False,True,,,
SIM_DIR-1784863204,SIM_DIR,capstone_ii,,62,62,300.0,0.0,0.0,1.0,521.4268683400265,521.4117127141732,0.015155625853387436,665.4268683400265,611.4268683400265,,611.4268683400265,750.0,True,False,True,,,
SIM_DIR-1784863204,SIM_DIR,capstone_iii_fit_1x,fit_1x,62,62,300.0,0.0,0.0,1.0,521.4268683400265,521.4117127141732,0.015155625853387436,,,547.5974539757352,547.5974539757352,750.0,True,False,True,,,
SIM_DIR-1784863204,SIM_DIR,capstone_iii_fit_2x,fit_2x,62,62,300.0,0.0,0.0,1.0,521.4268683400265,521.4117127141732,0.015155625853387436,,,573.6680396114439,573.6680396114439,750.0,True,False,True,,,
SIM_DIR-1784863204,SIM_DIR,capstone_iii_fit_activity,fit_activity,62,62,300.0,0.0,0.0,1.0,521.4268683400265,521.4117127141732,0.015155625853387436,,,568.4539224843022,568.4539224843022,750.0,True,False,True,,,
SIM_DIR-1784863204,SIM_DIR,capstone_iii_fit_activity_pvt,fit_activity_pvt,62,62,300.0,0.0,0.0,1.0,521.4268683400265,521.4117127141732,0.015155625853387436,,,584.0962738657273,584.0962738657273,750.0,True,False,True,,,
SIM_DIR-1784863204,SIM_DIR,capstone_iii_full,full,62,62,300.0,0.0,0.0,1.0,521.4268683400265,521.4117127141732,0.015155625853387436,,,599.7386252471525,599.7386252471525,750.0,True,False,True,,,
SIM_DIR-1784863204,SIM_DIR,baseline,,63,63,310.0,0.0,0.0,1.0,539.6081428574912,539.5929872316378,0.015155625853387436,782.4318071433622,701.4905857147386,,701.4905857147386,,True,False,True,,,
SIM_DIR-1784863204,SIM_DIR,capstone_i,,63,63,310.0,0.0,0.0,1.0,539.6081428574912,539.5929872316378,0.015155625853387436,782.4318071433622,701.4905857147386,,701.4905857147386,750.0,True,False,True,,,
SIM_DIR-1784863204,SIM_DIR,capstone_ii,,63,63,310.0,0.0,0.0,1.0,539.6081428574912,539.5929872316378,0.015155625853387436,688.4081428574912,632.6081428574912,,632.6081428574912,750.0,True,False,True,,,
SIM_DIR-1784863204,SIM_DIR,capstone_iii_fit_1x,fit_1x,63,63,310.0,0.0,0.0,1.0,539.6081428574912,539.5929872316378,0.015155625853387436,,,566.6877922190731,566.6877922190731,750.0,True,False,True,,,
SIM_DIR-1784863204,SIM_DIR,capstone_iii_fit_2x,fit_2x,63,63,310.0,0.0,0.0,1.0,539.6081428574912,539.5929872316378,0.015155625853387436,,,593.6674415806551,593.6674415806551,750.0,True,False,True,,,
SIM_DIR-1784863204,SIM_DIR,capstone_iii_fit_activity,fit_activity,63,63,310.0,0.0,0.0,1.0,539.6081428574912,539.5929872316378,0.015155625853387436,,,588.2715117083387,588.2715117083387,750.0,True,False,True,,,
SIM_DIR-1784863204,SIM_DIR,capstone_iii_fit_activity_pvt,fit_activity_pvt,63,63,310.0,0.0,0.0,1.0,539.6081428574912,539.5929872316378,0.015155625853387436,,,604.4593013252878,604.4593013252878,750.0,True,False,True,,,
SIM_DIR-1784863204,SIM_DIR,capstone_iii_full,full,63,63,310.0,0.0,0.0,1.0,539.6081428574912,539.5929872316378,0.015155625853387436,,,620.647090942237,620.647090942237,750.0,True,False,True,,,
SIM_DIR-1784863204,SIM_DIR,baseline,,64,64,313.0,0.0,0.0,1.0,545.6381689161626,545.6230132903092,0.015155625853387436,791.1753449284357,709.3296195910115,,709.3296195910115,,True,False,True,,,
SIM_DIR-1784863204,SIM_DIR,capstone_i,,64,64,313.0,0.0,0.0,1.0,545.6381689161626,545.6230132903092,0.015155625853387436,791.1753449284357,709.3296195910115,,709.3296195910115,750.0,True,False,True,,,
SIM_DIR-1784863204,SIM_DIR,capstone_ii,,64,64,313.0,0.0,0.0,1.0,545.6381689161626,545.6230132903092,0.015155625853387436,695.8781689161626,639.5381689161626,,639.5381689161626,750.0,True,False,True,,,
SIM_DIR-1784863204,SIM_DIR,capstone_iii_fit_1x,fit_1x,64,64,313.0,0.0,0.0,1.0,545.6381689161626,545.6230132903092,0.015155625853387436,,,573.019319580678,573.019319580678,750.0,True,False,True,,,
SIM_DIR-1784863204,SIM_DIR,capstone_iii_fit_2x,fit_2x,64,64,313.0,0.0,0.0,1.0,545.6381689161626,545.6230132903092,0.015155625853387436,,,600.3004702451937,600.3004702451937,750.0,True,False,True,,,
SIM_DIR-1784863204,SIM_DIR,capstone_iii_fit_activity,fit_activity,64,64,313.0,0.0,0.0,1.0,545.6381689161626,545.6230132903092,0.015155625853387436,,,594.8442401122904,594.8442401122904,750.0,True,False,True,,,
SIM_DIR-1784863204,SIM_DIR,capstone_iii_fit_activity_pvt,fit_activity_pvt,64,64,313.0,0.0,0.0,1.0,545.6381689161626,545.6230132903092,0.015155625853387436,,,611.2129305109997,611.2129305109997,750.0,True,False,True,,,
SIM_DIR-1784863204,SIM_DIR,capstone_iii_full,full,64,64,313.0,0.0,0.0,1.0,545.6381689161626,545.6230132903092,0.015155625853387436,,,627.581620909709,627.581620909709,750.0,True,False,True,,,
SIM_DIR-1784863204,SIM_DIR,baseline,,65,65,319.0,0.0,0.0,1.0,556.9205646081754,556.905408982322,0.015155625853387436,807.5348186818543,723.9967339906281,,723.9967339906281,,True,False,True,,,
SIM_DIR-1784863204,SIM_DIR,capstone_i,,65,65,319.0,0.0,0.0,1.0,556.9205646081754,556.905408982322,0.015155625853387436,807.5348186818543,723.9967339906281,,723.9967339906281,750.0,True,False,True,,,
SIM_DIR-1784863204,SIM_DIR,capstone_ii,,65,65,319.0,0.0,0.0,1.0,556.9205646081754,556.905408982322,0.015155625853387436,710.0405646081754,652.6205646081754,,652.6205646081754,750.0,True,False,True,,,
SIM_DIR-1784863204,SIM_DIR,capstone_iii_fit_1x,fit_1x,65,65,319.0,0.0,0.0,1.0,556.9205646081754,556.905408982322,0.015155625853387436,,,584.8658350572914,584.8658350572914,750.0,True,False,True,,,
SIM_DIR-1784863204,SIM_DIR,capstone_iii_fit_2x,fit_2x,65,65,319.0,0.0,0.0,1.0,556.9205646081754,556.905408982322,0.015155625853387436,,,612.7111055064076,612.7111055064076,750.0,True,False,True,,,
SIM_DIR-1784863204,SIM_DIR,capstone_iii_fit_activity,fit_activity,65,65,319.0,0.0,0.0,1.0,556.9205646081754,556.905408982322,0.015155625853387436,,,607.1420514165844,607.1420514165844,750.0,True,False,True,,,
SIM_DIR-1784863204,SIM_DIR,capstone_iii_fit_activity_pvt,fit_activity_pvt,65,65,319.0,0.0,0.0,1.0,556.9205646081754,556.905408982322,0.015155625853387436,,,623.849213686054,623.849213686054,750.0,True,False,True,,,
SIM_DIR-1784863204,SIM_DIR,capstone_iii_full,full,65,65,319.0,0.0,0.0,1.0,556.9205646081754,556.905408982322,0.015155625853387436,,,640.5563759555237,640.5563759555237,750.0,True,False,True,,,
SIM_DIR-1784863204,SIM_DIR,baseline,,66,66,324.0,0.0,0.0,1.0,566.4850747992489,566.4699191733955,0.015155625853387436,821.4033584589108,736.4305972390235,,736.4305972390235,,True,False,True,,,
SIM_DIR-1784863204,SIM_DIR,capstone_i,,66,66,324.0,0.0,0.0,1.0,566.4850747992489,566.4699191733955,0.015155625853387436,821.4033584589108,736.4305972390235,,736.4305972390235,750.0,True,False,True,,,
SIM_DIR-1784863204,SIM_DIR,capstone_ii,,66,66,324.0,0.0,0.0,1.0,566.4850747992489,566.4699191733955,0.015155625853387436,722.0050747992489,663.6850747992489,,663.6850747992489,750.0,True,False,True,,,
SIM_DIR-1784863204,SIM_DIR,capstone_iii_fit_1x,fit_1x,66,66,324.0,0.0,0.0,1.0,566.4850747992489,566.4699191733955,0.015155625853387436,,,594.9085707579187,594.9085707579187,750.0,True,False,True,,,
SIM_DIR-1784863204,SIM_DIR,capstone_iii_fit_2x,fit_2x,66,66,324.0,0.0,0.0,1.0,566.4850747992489,566.4699191733955,0.015155625853387436,,,623.2320667165885,623.2320667165885,750.0,True,False,True,,,
SIM_DIR-1784863204,SIM_DIR,capstone_iii_fit_activity,fit_activity,66,66,324.0,0.0,0.0,1.0,566.4850747992489,566.4699191733955,0.015155625853387436,,,617.5673675248545,617.5673675248545,750.0,True,False,True,,,
SIM_DIR-1784863204,SIM_DIR,capstone_iii_fit_activity_pvt,fit_activity_pvt,66,66,324.0,0.0,0.0,1.0,566.4850747992489,566.4699191733955,0.015155625853387436,,,634.5614651000565,634.5614651000565,750.0,True,False,True,,,
SIM_DIR-1784863204,SIM_DIR,capstone_iii_full,full,66,66,324.0,0.0,0.0,1.0,566.4850747992489,566.4699191733955,0.015155625853387436,,,651.5555626752583,651.5555626752583,750.0,True,False,True,,,
SIM_DIR-1784863204,SIM_DIR,baseline,,67,67,335.0,0.0,0.0,1.0,586.580533709162,586.5653780833086,0.015155625853387436,850.5417738782849,762.5546938219105,,762.5546938219105,,True,False,True,,,
SIM_DIR-1784863204,SIM_DIR,capstone_i,,67,67,335.0,0.0,0.0,1.0,586.580533709162,586.5653780833086,0.015155625853387436,850.5417738782849,762.5546938219105,,762.5546938219105,750.0,False,True,False,,,
SIM_DIR-1784863204,SIM_DIR,capstone_ii,,67,67,335.0,0.0,0.0,1.0,586.580533709162,586.5653780833086,0.015155625853387436,747.3805337091619,687.080533709162,,687.080533709162,750.0,True,False,True,,,
SIM_DIR-1784863204,SIM_DIR,capstone_iii_fit_1x,fit_1x,67,67,335.0,0.0,0.0,1.0,586.580533709162,586.5653780833086,0.015155625853387436,,,616.0088026133274,616.0088026133274,750.0,True,False,True,,,
SIM_DIR-1784863204,SIM_DIR,capstone_iii_fit_2x,fit_2x,67,67,335.0,0.0,0.0,1.0,586.580533709162,586.5653780833086,0.015155625853387436,,,645.3370715174929,645.3370715174929,750.0,True,False,True,,,
SIM_DIR-1784863204,SIM_DIR,capstone_iii_fit_activity,fit_activity,67,67,335.0,0.0,0.0,1.0,586.580533709162,586.5653780833086,0.015155625853387436,,,639.4714177366598,639.4714177366598,750.0,True,False,True,,,
SIM_DIR-1784863204,SIM_DIR,capstone_iii_fit_activity_pvt,fit_activity_pvt,67,67,335.0,0.0,0.0,1.0,586.580533709162,586.5653780833086,0.015155625853387436,,,657.068379079159,657.068379079159,750.0,True,False,True,,,
SIM_DIR-1784863204,SIM_DIR,capstone_iii_full,full,67,67,335.0,0.0,0.0,1.0,586.580533709162,586.5653780833086,0.015155625853387436,,,674.6653404216582,674.6653404216582,750.0,True,False,True,,,
SIM_DIR-1784863204,SIM_DIR,baseline,,68,68,339.0,0.0,0.0,1.0,594.4575641263241,594.4424085004707,0.015155625853387436,861.96346798317,772.7948333642213,,772.7948333642213,,True,False,True,,,
SIM_DIR-1784863204,SIM_DIR,capstone_ii,,68,68,339.0,0.0,0.0,1.0,594.4575641263241,594.4424085004707,0.015155625853387436,757.1775641263241,696.1575641263241,,696.1575641263241,750.0,True,False,True,,,
SIM_DIR-1784863204,SIM_DIR,capstone_iii_fit_1x,fit_1x,68,68,339.0,0.0,0.0,1.0,594.4575641263241,594.4424085004707,0.015155625853387436,,,624.2796845513476,624.2796845513476,750.0,True,False,True,,,
SIM_DIR-1784863204,SIM_DIR,capstone_iii_fit_2x,fit_2x,68,68,339.0,0.0,0.0,1.0,594.4575641263241,594.4424085004707,0.015155625853387436,,,654.0018049763712,654.0018049763712,750.0,True,False,True,,,
SIM_DIR-1784863204,SIM_DIR,capstone_iii_fit_activity,fit_activity,68,68,339.0,0.0,0.0,1.0,594.4575641263241,594.4424085004707,0.015155625853387436,,,648.0573808913665,648.0573808913665,750.0,True,False,True,,,
SIM_DIR-1784863204,SIM_DIR,capstone_iii_fit_activity_pvt,fit_activity_pvt,68,68,339.0,0.0,0.0,1.0,594.4575641263241,594.4424085004707,0.015155625853387436,,,665.8906531463806,665.8906531463806,750.0,True,False,True,,,
SIM_DIR-1784863204,SIM_DIR,capstone_iii_full,full,68,68,339.0,0.0,0.0,1.0,594.4575641263241,594.4424085004707,0.015155625853387436,,,683.7239254013947,683.7239254013947,750.0,True,False,True,,,
SIM_DIR-1784863204,SIM_DIR,baseline,,69,69,346.0,0.0,0.0,1.0,607.6229755739854,607.607819948132,0.015155625853387436,881.0533145822789,789.9098682461811,,789.9098682461811,,True,False,True,,,
SIM_DIR-1784863204,SIM_DIR,capstone_ii,,69,69,346.0,0.0,0.0,1.0,607.6229755739854,607.607819948132,0.015155625853387436,773.7029755739854,711.4229755739854,,711.4229755739854,750.0,True,False,True,,,
SIM_DIR-1784863204,SIM_DIR,capstone_iii_fit_1x,fit_1x,69,69,346.0,0.0,0.0,1.0,607.6229755739854,607.607819948132,0.015155625853387436,,,638.103366571392,638.103366571392,750.0,True,False,True,,,
SIM_DIR-1784863204,SIM_DIR,capstone_iii_fit_2x,fit_2x,69,69,346.0,0.0,0.0,1.0,607.6229755739854,607.607819948132,0.015155625853387436,,,668.4837575687986,668.4837575687986,750.0,True,False,True,,,
SIM_DIR-1784863204,SIM_DIR,capstone_iii_fit_activity,fit_activity,69,69,346.0,0.0,0.0,1.0,607.6229755739854,607.607819948132,0.015155625853387436,,,662.4076793693173,662.4076793693173,750.0,True,False,True,,,
SIM_DIR-1784863204,SIM_DIR,capstone_iii_fit_activity_pvt,fit_activity_pvt,69,69,346.0,0.0,0.0,1.0,607.6229755739854,607.607819948132,0.015155625853387436,,,680.6359139677612,680.6359139677612,750.0,True,False,True,,,
SIM_DIR-1784863204,SIM_DIR,capstone_iii_full,full,69,69,346.0,0.0,0.0,1.0,607.6229755739854,607.607819948132,0.015155625853387436,,,698.8641485662052,698.8641485662052,750.0,True,False,True,,,
SIM_DIR-1784863204,SIM_DIR,baseline,,70,70,346.0,0.0,0.0,1.0,608.5132614522383,608.498105826385,0.015155625853387436,882.3442291057455,791.0672398879099,,791.0672398879099,,True,False,True,,,
SIM_DIR-1784863204,SIM_DIR,capstone_ii,,70,70,346.0,0.0,0.0,1.0,608.5132614522383,608.498105826385,0.015155625853387436,774.5932614522383,712.3132614522383,,712.3132614522383,750.0,True,False,True,,,
SIM_DIR-1784863204,SIM_DIR,capstone_iii_fit_1x,fit_1x,70,70,346.0,0.0,0.0,1.0,608.5132614522383,608.498105826385,0.015155625853387436,,,639.0381667435576,639.0381667435576,750.0,True,False,True,,,
SIM_DIR-1784863204,SIM_DIR,capstone_iii_fit_2x,fit_2x,70,70,346.0,0.0,0.0,1.0,608.5132614522383,608.498105826385,0.015155625853387436,,,669.4630720348769,669.4630720348769,750.0,True,False,True,,,
SIM_DIR-1784863204,SIM_DIR,capstone_iii_fit_activity,fit_activity,70,70,346.0,0.0,0.0,1.0,608.5132614522383,608.498105826385,0.015155625853387436,,,663.3780909766131,663.3780909766131,750.0,True,False,True,,,
SIM_DIR-1784863204,SIM_DIR,capstone_iii_fit_activity_pvt,fit_activity_pvt,70,70,346.0,0.0,0.0,1.0,608.5132614522383,608.498105826385,0.015155625853387436,,,681.6330341514046,681.6330341514046,750.0,True,False,True,,,
SIM_DIR-1784863204,SIM_DIR,capstone_iii_full,full,70,70,346.0,0.0,0.0,1.0,608.5132614522383,608.498105826385,0.015155625853387436,,,699.887977326196,699.887977326196,750.0,True,False,True,,,
SIM_DIR-1784863204,SIM_DIR,baseline,,71,71,354.0,0.0,0.0,1.0,623.4929409014404,623.477785275587,0.015155625853387436,904.0647643070886,810.5408231718726,,810.5408231718726,,True,False,True,,,
SIM_DIR-1784863204,SIM_DIR,capstone_ii,,71,71,354.0,0.0,0.0,1.0,623.4929409014404,623.477785275587,0.015155625853387436,793.4129409014404,729.6929409014405,,729.6929409014405,750.0,True,False,True,,,
SIM_DIR-1784863204,SIM_DIR,capstone_iii_fit_1x,fit_1x,71,71,354.0,0.0,0.0,1.0,623.4929409014404,623.477785275587,0.015155625853387436,,,654.7668301652197,654.7668301652197,750.0,True,False,True,,,
SIM_DIR-1784863204,SIM_DIR,capstone_iii_fit_2x,fit_2x,71,71,354.0,0.0,0.0,1.0,623.4929409014404,623.477785275587,0.015155625853387436,,,685.9407194289992,685.9407194289992,750.0,True,False,True,,,
SIM_DIR-1784863204,SIM_DIR,capstone_iii_fit_activity,fit_activity,71,71,354.0,0.0,0.0,1.0,623.4929409014404,623.477785275587,0.015155625853387436,,,679.7059415762432,679.7059415762432,750.0,True,False,True,,,
SIM_DIR-1784863204,SIM_DIR,capstone_iii_fit_activity_pvt,fit_activity_pvt,71,71,354.0,0.0,0.0,1.0,623.4929409014404,623.477785275587,0.015155625853387436,,,698.4102751345108,698.4102751345108,750.0,True,False,True,,,
SIM_DIR-1784863204,SIM_DIR,capstone_iii_full,full,71,71,354.0,0.0,0.0,1.0,623.4929409014404,623.477785275587,0.015155625853387436,,,717.1146086927785,717.1146086927785,750.0,True,False,True,,,
SIM_DIR-1784863204,SIM_DIR,baseline,,72,72,366.0,0.0,0.0,1.0,645.568474880041,645.5533192541876,0.015155625853387436,936.0742885760594,839.2390173440533,,839.2390173440533,,True,False,True,,,
SIM_DIR-1784863204,SIM_DIR,capstone_ii,,72,72,366.0,0.0,0.0,1.0,645.568474880041,645.5533192541876,0.015155625853387436,821.2484748800409,755.368474880041,,755.368474880041,750.0,False,True,False,,,
SIM_DIR-1784863204,SIM_DIR,capstone_iii_fit_1x,fit_1x,72,72,366.0,0.0,0.0,1.0,645.568474880041,645.5533192541876,0.015155625853387436,,,677.9461408427504,677.9461408427504,750.0,True,False,True,,,
SIM_DIR-1784863204,SIM_DIR,capstone_iii_fit_2x,fit_2x,72,72,366.0,0.0,0.0,1.0,645.568474880041,645.5533192541876,0.015155625853387436,,,710.2238068054598,710.2238068054598,750.0,True,False,True,,,
SIM_DIR-1784863204,SIM_DIR,capstone_iii_fit_activity,fit_activity,72,72,366.0,0.0,0.0,1.0,645.568474880041,645.5533192541876,0.015155625853387436,,,703.7682736129179,703.7682736129179,750.0,True,False,True,,,
SIM_DIR-1784863204,SIM_DIR,capstone_iii_fit_activity_pvt,fit_activity_pvt,72,72,366.0,0.0,0.0,1.0,645.568474880041,645.5533192541876,0.015155625853387436,,,723.1348731905435,723.1348731905435,750.0,True,False,True,,,
SIM_DIR-1784863204,SIM_DIR,capstone_iii_full,full,72,72,366.0,0.0,0.0,1.0,645.568474880041,645.5533192541876,0.015155625853387436,,,742.5014727681692,742.5014727681692,750.0,True,False,True,,,
SIM_DIR-1784863204,SIM_DIR,baseline,,73,73,374.0,0.0,0.0,1.0,660.6396528855256,660.6244972596722,0.015155625853387436,957.9274966840121,858.8315487511833,,858.8315487511833,,True,False,True,,,
SIM_DIR-1784863204,SIM_DIR,capstone_iii_fit_1x,fit_1x,73,73,374.0,0.0,0.0,1.0,660.6396528855256,660.6244972596722,0.015155625853387436,,,693.7708777485092,693.7708777485092,750.0,True,False,True,,,
SIM_DIR-1784863204,SIM_DIR,capstone_iii_fit_2x,fit_2x,73,73,374.0,0.0,0.0,1.0,660.6396528855256,660.6244972596722,0.015155625853387436,,,726.8021026114928,726.8021026114928,750.0,True,False,True,,,
SIM_DIR-1784863204,SIM_DIR,capstone_iii_fit_activity,fit_activity,73,73,374.0,0.0,0.0,1.0,660.6396528855256,660.6244972596722,0.015155625853387436,,,720.1958576388962,720.1958576388962,750.0,True,False,True,,,
SIM_DIR-1784863204,SIM_DIR,capstone_iii_fit_activity_pvt,fit_activity_pvt,73,73,374.0,0.0,0.0,1.0,660.6396528855256,660.6244972596722,0.015155625853387436,,,740.0145925566862,740.0145925566862,750.0,True,False,True,,,
SIM_DIR-1784863204,SIM_DIR,capstone_iii_full,full,73,73,374.0,0.0,0.0,1.0,660.6396528855256,660.6244972596722,0.015155625853387436,,,759.8333274744764,759.8333274744764,750.0,False,True,False,,,
SIM_DIR-1784863204,SIM_DIR,baseline,,74,74,375.0,0.0,0.0,1.0,663.3687902586785,663.3536346328251,0.015155625853387436,961.8847458750838,862.379427336282,,862.379427336282,,True,False,True,,,
SIM_DIR-1784863204,SIM_DIR,capstone_iii_fit_1x,fit_1x,74,74,375.0,0.0,0.0,1.0,663.3687902586785,663.3536346328251,0.015155625853387436,,,696.6364719903197,696.6364719903197,750.0,True,False,True,,,
SIM_DIR-1784863204,SIM_DIR,capstone_iii_fit_2x,fit_2x,74,74,375.0,0.0,0.0,1.0,663.3687902586785,663.3536346328251,0.015155625853387436,,,729.8041537219609,729.8041537219609,750.0,True,False,True,,,
SIM_DIR-1784863204,SIM_DIR,capstone_iii_fit_activity,fit_activity,74,74,375.0,0.0,0.0,1.0,663.3687902586785,663.3536346328251,0.015155625853387436,,,723.1706173756327,723.1706173756327,750.0,True,False,True,,,
SIM_DIR-1784863204,SIM_DIR,capstone_iii_fit_activity_pvt,fit_activity_pvt,74,74,375.0,0.0,0.0,1.0,663.3687902586785,663.3536346328251,0.015155625853387436,,,743.0712264146174,743.0712264146174,750.0,True,False,True,,,
SIM_DIR-1784863204,SIM_DIR,baseline,,75,75,378.0,0.0,0.0,1.0,669.6455527847407,669.6303971588874,0.015155625853387436,970.986051537874,870.539218620163,,870.539218620163,,True,False,True,,,
SIM_DIR-1784863204,SIM_DIR,capstone_iii_fit_1x,fit_1x,75,75,378.0,0.0,0.0,1.0,669.6455527847407,669.6303971588874,0.015155625853387436,,,703.2270726426851,703.2270726426851,750.0,True,False,True,,,
SIM_DIR-1784863204,SIM_DIR,capstone_iii_fit_2x,fit_2x,75,75,378.0,0.0,0.0,1.0,669.6455527847407,669.6303971588874,0.015155625853387436,,,736.7085925006295,736.7085925006295,750.0,True,False,True,,,
SIM_DIR-1784863204,SIM_DIR,capstone_iii_fit_activity,fit_activity,75,75,378.0,0.0,0.0,1.0,669.6455527847407,669.6303971588874,0.015155625853387436,,,730.0122885290406,730.0122885290406,750.0,True,False,True,,,
SIM_DIR-1784863204,SIM_DIR,capstone_iii_fit_activity_pvt,fit_activity_pvt,75,75,378.0,0.0,0.0,1.0,669.6455527847407,669.6303971588874,0.015155625853387436,,,750.1012004438072,750.1012004438072,750.0,False,True,False,,,
SIM_DIR-1784863204,SIM_DIR,baseline,,76,76,379.0,0.0,0.0,1.0,672.3890332890516,672.3738776631982,0.015155625853387436,974.9640982691247,874.105743275767,,874.105743275767,,True,False,True,,,
SIM_DIR-1784863204,SIM_DIR,capstone_iii_fit_1x,fit_1x,76,76,379.0,0.0,0.0,1.0,672.3890332890516,672.3738776631982,0.015155625853387436,,,706.1077271722115,706.1077271722115,750.0,True,False,True,,,
SIM_DIR-1784863204,SIM_DIR,capstone_iii_fit_2x,fit_2x,76,76,379.0,0.0,0.0,1.0,672.3890332890516,672.3738776631982,0.015155625853387436,,,739.7264210553714,739.7264210553714,750.0,True,False,True,,,
SIM_DIR-1784863204,SIM_DIR,capstone_iii_fit_activity,fit_activity,76,76,379.0,0.0,0.0,1.0,672.3890332890516,672.3738776631982,0.015155625853387436,,,733.0026822787395,733.0026822787395,750.0,True,False,True,,,
SIM_DIR-1784863204,SIM_DIR,baseline,,77,77,381.0,0.0,0.0,1.0,676.9137542301265,676.8985986042732,0.015155625853387436,981.5249436336834,879.9878804991645,,879.9878804991645,,True,False,True,,,
SIM_DIR-1784863204,SIM_DIR,capstone_iii_fit_1x,fit_1x,77,77,381.0,0.0,0.0,1.0,676.9137542301265,676.8985986042732,0.015155625853387436,,,710.8586841603402,710.8586841603402,750.0,True,False,True,,,
SIM_DIR-1784863204,SIM_DIR,capstone_iii_fit_2x,fit_2x,77,77,381.0,0.0,0.0,1.0,676.9137542301265,676.8985986042732,0.015155625853387436,,,744.7036140905539,744.7036140905539,750.0,True,False,True,,,
SIM_DIR-1784863204,SIM_DIR,capstone_iii_fit_activity,fit_activity,77,77,381.0,0.0,0.0,1.0,676.9137542301265,676.8985986042732,0.015155625853387436,,,737.9346281045111,737.9346281045111,750.0,True,False,True,,,
SIM_DIR-1784863204,SIM_DIR,baseline,,78,78,382.0,0.0,0.0,1.0,679.6690036111712,679.6538479853178,0.015155625853387436,985.5200552361982,883.5697046945226,,883.5697046945226,,True,False,True,,,
SIM_DIR-1784863204,SIM_DIR,capstone_iii_fit_1x,fit_1x,78,78,382.0,0.0,0.0,1.0,679.6690036111712,679.6538479853178,0.015155625853387436,,,713.7516960104372,713.7516960104372,750.0,True,False,True,,,
SIM_DIR-1784863204,SIM_DIR,capstone_iii_fit_2x,fit_2x,78,78,382.0,0.0,0.0,1.0,679.6690036111712,679.6538479853178,0.015155625853387436,,,747.734388409703,747.734388409703,750.0,True,False,True,,,
SIM_DIR-1784863204,SIM_DIR,capstone_iii_fit_activity,fit_activity,78,78,382.0,0.0,0.0,1.0,679.6690036111712,679.6538479853178,0.015155625853387436,,,740.9378499298498,740.9378499298498,750.0,True,False,True,,,
SIM_DIR-1784863204,SIM_DIR,baseline,,79,79,390.0,0.0,0.0,1.0,694.9011677170452,694.8860120911918,0.015155625853387436,1007.6066931897154,903.3715180321587,,903.3715180321587,,True,False,True,,,
SIM_DIR-1784863204,SIM_DIR,capstone_iii_fit_1x,fit_1x,79,79,390.0,0.0,0.0,1.0,694.9011677170452,694.8860120911918,0.015155625853387436,,,729.7454683216048,729.7454683216048,750.0,True,False,True,,,
SIM_DIR-1784863204,SIM_DIR,capstone_iii_fit_2x,fit_2x,79,79,390.0,0.0,0.0,1.0,694.9011677170452,694.8860120911918,0.015155625853387436,,,764.4897689261644,764.4897689261644,750.0,False,True,False,,,
SIM_DIR-1784863204,SIM_DIR,capstone_iii_fit_activity,fit_activity,79,79,390.0,0.0,0.0,1.0,694.9011677170452,694.8860120911918,0.015155625853387436,,,757.5409088052525,757.5409088052525,750.0,False,True,False,,,
SIM_DIR-1784863204,SIM_DIR,baseline,,80,80,392.0,0.0,0.0,1.0,699.4678519576133,699.45269633176,0.015155625853387436,1014.2283853385393,909.3082075448974,,909.3082075448974,,True,False,True,,,
SIM_DIR-1784863204,SIM_DIR,capstone_iii_fit_1x,fit_1x,80,80,392.0,0.0,0.0,1.0,699.4678519576133,699.45269633176,0.015155625853387436,,,734.5404867742013,734.5404867742013,750.0,True,False,True,,,
SIM_DIR-1784863204,SIM_DIR,baseline,,81,81,393.0,0.0,0.0,1.0,702.257367541715,702.2422119158616,0.015155625853387436,1018.2731829354867,912.9345778042295,,912.9345778042295,,True,False,True,,,
SIM_DIR-1784863204,SIM_DIR,capstone_iii_fit_1x,fit_1x,81,81,393.0,0.0,0.0,1.0,702.257367541715,702.2422119158616,0.015155625853387436,,,737.4694781375081,737.4694781375081,750.0,True,False,True,,,
SIM_DIR-1784863204,SIM_DIR,baseline,,82,82,395.0,0.0,0.0,1.0,706.8409055455335,706.8257499196801,0.015155625853387436,1024.9193130410235,918.8931772091936,,918.8931772091936,,True,False,True,,,
SIM_DIR-1784863204,SIM_DIR,capstone_iii_fit_1x,fit_1x,82,82,395.0,0.0,0.0,1.0,706.8409055455335,706.8257499196801,0.015155625853387436,,,742.2821930415175,742.2821930415175,750.0,True,False,True,,,
SIM_DIR-1784863204,SIM_DIR,baseline,,83,83,396.0,0.0,0.0,1.0,709.642156309289,709.6270006834357,0.015155625853387436,1028.981126648469,922.5348032020758,,922.5348032020758,,True,False,True,,,
SIM_DIR-1784863204,SIM_DIR,capstone_iii_fit_1x,fit_1x,83,83,396.0,0.0,0.0,1.0,709.642156309289,709.6270006834357,0.015155625853387436,,,745.2235063434609,745.2235063434609,750.0,True,False,True,,,
SIM_DIR-1784863204,SIM_DIR,baseline,,84,84,399.0,0.0,0.0,1.0,716.0370778231679,716.0219221973146,0.015155625853387436,1038.2537628435934,930.8482011701183,,930.8482011701183,,True,False,True,,,
SIM_DIR-1784863204,SIM_DIR,capstone_iii_fit_1x,fit_1x,84,84,399.0,0.0,0.0,1.0,716.0370778231679,716.0219221973146,0.015155625853387436,,,751.9381739330337,751.9381739330337,750.0,False,True,False,,,
SIM_DIR-1784863204,SIM_DIR,baseline,,85,85,402.0,0.0,0.0,1.0,722.4467975058711,722.4316418800178,0.015155625853387436,1047.5478563835131,939.1808367576325,,939.1808367576325,,True,False,True,,,
SIM_DIR-1784863204,SIM_DIR,baseline,,86,86,402.0,0.0,0.0,1.0,723.4723729569827,723.4572173311293,0.015155625853387436,1049.034940787625,940.5140848440775,,940.5140848440775,,True,False,True,,,
SIM_DIR-1784863204,SIM_DIR,baseline,,87,87,413.0,0.0,0.0,1.0,744.3215732672547,744.3064176414014,0.015155625853387436,1079.2662812375193,967.6180452474312,,967.6180452474312,,True,False,True,,,
SIM_DIR-1784863204,SIM_DIR,baseline,,88,88,414.0,0.0,0.0,1.0,747.178896551581,747.1637409257277,0.015155625853387436,1083.4093999997924,971.3325655170554,,971.3325655170554,,True,False,True,,,
SIM_DIR-1784863204,SIM_DIR,baseline,,89,89,414.0,0.0,0.0,1.0,748.2335002835389,748.2183446576855,0.015155625853387436,1084.9385754111313,972.7035503686005,,972.7035503686005,,True,False,True,,,
SIM_DIR-1784863204,SIM_DIR,baseline,,90,90,418.0,0.0,0.0,1.0,756.5269300622091,756.5117744363557,0.015155625853387436,1096.9640485902032,983.4850090808718,,983.4850090808718,,True,False,True,,,
SIM_DIR-1784863204,SIM_DIR,baseline,,91,91,425.0,0.0,0.0,1.0,770.2773461166526,770.2621904907992,0.015155625853387436,1116.902151869146,1001.3605499516484,,1001.3605499516484,,True,False,True,,,
SIM_DIR-1784863204,SIM_DIR,baseline,,92,92,426.0,0.0,0.0,1.0,773.1733026350222,773.1581470091688,0.015155625853387436,1121.1012888207822,1005.1252934255289,,1005.1252934255289,,True,False,True,,,
SIM_DIR-1784863204,SIM_DIR,baseline,,93,93,428.0,0.0,0.0,1.0,777.8912879638403,777.876132337987,0.015155625853387436,1127.9423675475684,1011.2586743529924,,1011.2586743529924,,True,False,True,,,
SIM_DIR-1784863204,SIM_DIR,baseline,,94,94,432.0,0.0,0.0,1.0,786.2589343614192,786.2437787355658,0.015155625853387436,1140.0754548240577,1022.1366146698449,,1022.1366146698449,,True,False,True,,,
SIM_DIR-1784863204,SIM_DIR,baseline,,95,95,438.0,0.0,0.0,1.0,798.2914778593437,798.2763222334903,0.015155625853387436,1157.5226428960482,1037.7789212171467,,1037.7789212171467,,True,False,True,,,
SIM_DIR-1784863204,SIM_DIR,baseline,,96,96,439.0,0.0,0.0,1.0,801.2285281971411,801.2133725712878,0.015155625853387436,1161.7813658858547,1041.5970866562836,,1041.5970866562836,,True,False,True,,,
SIM_DIR-1784863204,SIM_DIR,baseline,,97,97,439.0,0.0,0.0,1.0,802.3425043284802,802.3273487026269,0.015155625853387436,1163.3966312762964,1043.0452556270243,,1043.0452556270243,,True,False,True,,,
SIM_DIR-1784863204,SIM_DIR,baseline,,98,98,439.0,0.0,0.0,1.0,803.455958671038,803.4408030451847,0.015155625853387436,1165.0111400730052,1044.4927462723495,,1044.4927462723495,,True,False,True,,,
SIM_DIR-1784863204,SIM_DIR,baseline,,99,99,445.0,0.0,0.0,1.0,815.5650736011619,815.5499179753085,0.015155625853387436,1182.5693567216847,1060.2345956815104,,1060.2345956815104,,True,False,True,,,
SIM_DIR-1784863204,SIM_DIR,baseline,,100,100,448.0,0.0,0.0,1.0,822.1983907074786,822.1832350816252,0.015155625853387436,1192.187666525844,1068.8579079197223,,1068.8579079197223,,True,False,True,,,
SIM_DIR-1784863204,SIM_DIR,baseline,,101,101,449.0,0.0,0.0,1.0,825.1708605148347,825.1557048889813,0.015155625853387436,1196.4977477465102,1072.722118669285,,1072.722118669285,,True,False,True,,,
SIM_DIR-1784863204,SIM_DIR,baseline,,102,102,450.0,0.0,0.0,1.0,828.1478761329153,828.1327205070619,0.015155625853387436,1200.814420392727,1076.5922389727898,,1076.5922389727898,,True,False,True,,,
SIM_DIR-1784863204,SIM_DIR,baseline,,103,103,451.0,0.0,0.0,1.0,831.1294377852777,831.1142821594243,0.015155625853387436,1205.1376847886527,1080.4682691208611,,1080.4682691208611,,True,False,True,,,
SIM_DIR-1784863204,SIM_DIR,baseline,,104,104,453.0,0.0,0.0,1.0,835.9609005444017,835.9457449185484,0.015155625853387436,1212.1433057893826,1086.7491707077222,,1086.7491707077222,,True,False,True,,,
SIM_DIR-1784863204,SIM_DIR,baseline,,105,105,454.0,0.0,0.0,1.0,838.9540832055843,838.938927579731,0.015155625853387436,1216.4834206480973,1090.6403081672597,,1090.6403081672597,,True,False,True,,,
SIM_DIR-1784863204,SIM_DIR,baseline,,106,106,455.0,0.0,0.0,1.0,841.951811470514,841.9366558446607,0.015155625853387436,1220.8301266322453,1094.5373549116682,,1094.5373549116682,,True,False,True,,,
SIM_DIR-1784863204,SIM_DIR,baseline,,107,107,462.0,0.0,0.0,1.0,856.0717030845012,856.0565474586479,0.015155625853387436,1241.3039694725267,1112.8932140098516,,1112.8932140098516,,True,False,True,,,
SIM_DIR-1784863204,SIM_DIR,baseline,,108,108,462.0,0.0,0.0,1.0,857.2382115990532,857.2230559731998,0.015155625853387436,1242.995406818627,1114.4096750787692,,1114.4096750787692,,True,False,True,,,
SIM_DIR-1784863204,SIM_DIR,baseline,,109,109,464.0,0.0,0.0,1.0,862.120182189857,862.1050265640037,0.015155625853387436,1250.0742641752927,1120.756236846814,,1120.756236846814,,True,False,True,,,
SIM_DIR-1784863204,SIM_DIR,baseline,,110,110,465.0,0.0,0.0,1.0,865.1512316792222,865.1360760533688,0.015155625853387436,1254.4692859348722,1124.6966011829888,,1124.6966011829888,,True,False,True,,,
SIM_DIR-1784863204,SIM_DIR,baseline,,111,111,465.0,0.0,0.0,1.0,866.3237922069799,866.3086365811265,0.015155625853387436,1256.1694987001208,1126.2209298690739,,1126.2209298690739,,True,False,True,,,
SIM_DIR-1784863204,SIM_DIR,baseline,,112,112,465.0,0.0,0.0,1.0,867.495852289204,867.4806966633506,0.015155625853387436,1257.8689858193457,1127.7446079759652,,1127.7446079759652,,True,False,True,,,
SIM_DIR-1784863204,SIM_DIR,baseline,,113,113,465.0,0.0,0.0,1.0,868.6674154436149,868.6522598177615,0.015155625853387436,1259.5677523932416,1129.2676400766995,,1129.2676400766995,,True,False,True,,,
SIM_DIR-1784863204,SIM_DIR,baseline,,114,114,465.0,0.0,0.0,1.0,869.8384851608957,869.8233295350424,0.015155625853387436,1261.265803483299,1130.7900307091645,,1130.7900307091645,,True,False,True,,,
SIM_DIR-1784863204,SIM_DIR,baseline,,115,115,468.0,0.0,0.0,1.0,876.6283804486995,876.6132248228462,0.015155625853387436,1271.1111516506144,1139.6168945833094,,1139.6168945833094,,True,False,True,,,
SIM_DIR-1784863204,SIM_DIR,baseline,,116,116,472.0,0.0,0.0,1.0,885.3085086883137,885.2933530624604,0.015155625853387436,1283.697337598055,1150.901061294808,,1150.901061294808,,True,False,True,,,
SIM_DIR-1784863204,SIM_DIR,baseline,,117,117,476.0,0.0,0.0,1.0,894.0082730103985,893.9931173845451,0.015155625853387436,1296.3119958650777,1162.210754913518,,1162.210754913518,,True,False,True,,,
SIM_DIR-1784863204,SIM_DIR,baseline,,118,118,476.0,0.0,0.0,1.0,895.2050602014912,895.1899045756378,0.015155625853387436,1298.0473372921622,1163.7665782619385,,1163.7665782619385,,True,False,True,,,
SIM_DIR-1784863204,SIM_DIR,baseline,,119,119,477.0,0.0,0.0,1.0,898.2845240378135,898.2693684119602,0.015155625853387436,1302.5125598548295,1167.7698812491576,,1167.7698812491576,,True,False,True,,,
SIM_DIR-1784863204,SIM_DIR,baseline,,120,120,478.0,0.0,0.0,1.0,901.3685280719419,901.3533724460885,0.015155625853387436,1306.9843657043157,1171.7790864935246,,1171.7790864935246,,True,False,True,,,
SIM_DIR-1784863204,SIM_DIR,baseline,,121,121,478.0,0.0,0.0,1.0,902.5688849421488,902.5537293162954,0.015155625853387436,1308.7248831661157,1173.3395504247935,,1173.3395504247935,,True,False,True,,,
SIM_DIR-1784863204,SIM_DIR,baseline,,122,122,481.0,0.0,0.0,1.0,909.4408560842875,909.4257004584341,0.015155625853387436,1318.6892413222167,1182.2731129095737,,1182.2731129095737,,True,False,True,,,
