run_id,kernel,mode,bound_mode,iteration,breaks,f_mhz,II,raw_AHA_II,effective_power_II,P_mean_mW,P_mean_dyn_mW,P_mean_leak_mW,P_upper_anchor_mW,P_upper_spec_mW,P_upper_robust_mW,P_effective_stop_upper_mW,cap_mW,safe,stopped_here,active_after,P_oracle_mW,success,delta_cap_pct
SIM_DIR-1784876009,SIM_DIR,baseline,,0,0,53.0,0.0,0.0,1.0,71.54302620524791,71.52874352872988,0.01428267651802972,103.73738799760947,93.00593406682229,,93.00593406682229,,True,False,True,,,
SIM_DIR-1784876009,SIM_DIR,capstone_i,,0,0,53.0,0.0,0.0,1.0,71.54302620524791,71.52874352872988,0.01428267651802972,103.73738799760947,93.00593406682229,,93.00593406682229,1000000000.0,True,False,True,,,
SIM_DIR-1784876009,SIM_DIR,capstone_ii,,0,0,53.0,0.0,0.0,1.0,71.54302620524791,71.52874352872988,0.01428267651802972,64000071.54302621,40000071.54302621,,40000071.54302621,1000000000.0,True,False,True,,,
SIM_DIR-1784876009,SIM_DIR,capstone_iii_fit_1x,fit_1x,0,0,53.0,0.0,0.0,1.0,71.54302620524791,71.52874352872988,0.01428267651802972,,,75.2194633816844,75.2194633816844,1000000000.0,True,False,True,,,
SIM_DIR-1784876009,SIM_DIR,capstone_iii_fit_2x,fit_2x,0,0,53.0,0.0,0.0,1.0,71.54302620524791,71.52874352872988,0.01428267651802972,,,78.79590055812089,78.79590055812089,1000000000.0,True,False,True,,,
SIM_DIR-1784876009,SIM_DIR,capstone_iii_fit_activity,fit_activity,0,0,53.0,0.0,0.0,1.0,71.54302620524791,71.52874352872988,0.01428267651802972,,,78.0806131228336,78.0806131228336,1000000000.0,True,False,True,,,
SIM_DIR-1784876009,SIM_DIR,capstone_iii_fit_activity_pvt,fit_activity_pvt,0,0,53.0,0.0,0.0,1.0,71.54302620524791,71.52874352872988,0.01428267651802972,,,80.2264754286955,80.2264754286955,1000000000.0,True,False,True,,,
SIM_DIR-1784876009,SIM_DIR,capstone_iii_full,full,0,0,53.0,0.0,0.0,1.0,71.54302620524791,71.52874352872988,0.01428267651802972,,,82.3723377345574,82.3723377345574,1000000000.0,True,False,True,,,
SIM_DIR-1784876009,SIM_DIR,baseline,,1,1,54.0,0.0,0.0,1.0,73.03061176237827,73.01632908586024,0.01428267651802972,105.89438705544849,94.93979529109176,,94.93979529109176,,True,False,True,,,
SIM_DIR-1784876009,SIM_DIR,capstone_i,,1,1,54.0,0.0,0.0,1.0,73.03061176237827,73.01632908586024,0.01428267651802972,105.89438705544849,94.93979529109176,,94.93979529109176,1000000000.0,True,False,True,,,
SIM_DIR-1784876009,SIM_DIR,capstone_ii,,1,1,54.0,0.0,0.0,1.0,73.03061176237827,73.01632908586024,0.01428267651802972,64000073.03061176,40000073.03061176,,40000073.03061176,1000000000.0,True,False,True,,,
SIM_DIR-1784876009,SIM_DIR,capstone_iii_fit_1x,fit_1x,1,1,54.0,0.0,0.0,1.0,73.03061176237827,73.01632908586024,0.01428267651802972,,,76.78142821667127,76.78142821667127,1000000000.0,True,False,True,,,
SIM_DIR-1784876009,SIM_DIR,capstone_iii_fit_2x,fit_2x,1,1,54.0,0.0,0.0,1.0,73.03061176237827,73.01632908586024,0.01428267651802972,,,80.43224467096428,80.43224467096428,1000000000.0,True,False,True,,,
SIM_DIR-1784876009,SIM_DIR,capstone_iii_fit_activity,fit_activity,1,1,54.0,0.0,0.0,1.0,73.03061176237827,73.01632908586024,0.01428267651802972,,,79.70208138010568,79.70208138010568,1000000000.0,True,False,True,,,
SIM_DIR-1784876009,SIM_DIR,capstone_iii_fit_activity_pvt,fit_activity_pvt,1,1,54.0,0.0,0.0,1.0,73.03061176237827,73.01632908586024,0.01428267651802972,,,81.89257125268149,81.89257125268149,1000000000.0,True,False,True,,,
SIM_DIR-1784876009,SIM_DIR,capstone_iii_full,full,1,1,54.0,0.0,0.0,1.0,73.03061176237827,73.01632908586024,0.01428267651802972,,,84.0830611252573,84.0830611252573,1000000000.0,True,False,True,,,
SIM_DIR-1784876009,SIM_DIR,baseline,,2,2,58.0,0.0,0.0,1.0,78.58729888478908,78.57301620827104,0.01428267651802972,113.95158338294416,102.16348855022581,,102.16348855022581,,True,False,True,,,
SIM_DIR-1784876009,SIM_DIR,capstone_i,,2,2,58.0,0.0,0.0,1.0,78.58729888478908,78.57301620827104,0.01428267651802972,113.95158338294416,102.16348855022581,,102.16348855022581,1000000000.0,True,False,True,,,
SIM_DIR-1784876009,SIM_DIR,capstone_ii,,2,2,58.0,0.0,0.0,1.0,78.58729888478908,78.57301620827104,0.01428267651802972,64000078.587298885,40000078.587298885,,40000078.587298885,1000000000.0,True,False,True,,,
SIM_DIR-1784876009,SIM_DIR,capstone_iii_fit_1x,fit_1x,2,2,58.0,0.0,0.0,1.0,78.58729888478908,78.57301620827104,0.01428267651802972,,,82.61594969520263,82.61594969520263,1000000000.0,True,False,True,,,
SIM_DIR-1784876009,SIM_DIR,capstone_iii_fit_2x,fit_2x,2,2,58.0,0.0,0.0,1.0,78.58729888478908,78.57301620827104,0.01428267651802972,,,86.54460050561617,86.54460050561617,1000000000.0,True,False,True,,,
SIM_DIR-1784876009,SIM_DIR,capstone_iii_fit_activity,fit_activity,2,2,58.0,0.0,0.0,1.0,78.58729888478908,78.57301620827104,0.01428267651802972,,,85.75887034353347,85.75887034353347,1000000000.0,True,False,True,,,
SIM_DIR-1784876009,SIM_DIR,capstone_iii_fit_activity_pvt,fit_activity_pvt,2,2,58.0,0.0,0.0,1.0,78.58729888478908,78.57301620827104,0.01428267651802972,,,88.1160608297816,88.1160608297816,1000000000.0,True,False,True,,,
SIM_DIR-1784876009,SIM_DIR,capstone_iii_full,full,2,2,58.0,0.0,0.0,1.0,78.58729888478908,78.57301620827104,0.01428267651802972,,,90.47325131602972,90.47325131602972,1000000000.0,True,False,True,,,
SIM_DIR-1784876009,SIM_DIR,baseline,,3,3,58.0,0.0,0.0,1.0,78.73523259280074,78.7209499162827,0.01428267651802972,114.16608725956107,102.35580237064097,,102.35580237064097,,True,False,True,,,
SIM_DIR-1784876009,SIM_DIR,capstone_i,,3,3,58.0,0.0,0.0,1.0,78.73523259280074,78.7209499162827,0.01428267651802972,114.16608725956107,102.35580237064097,,102.35580237064097,1000000000.0,True,False,True,,,
SIM_DIR-1784876009,SIM_DIR,capstone_ii,,3,3,58.0,0.0,0.0,1.0,78.73523259280074,78.7209499162827,0.01428267651802972,64000078.73523259,40000078.73523259,,40000078.73523259,1000000000.0,True,False,True,,,
SIM_DIR-1784876009,SIM_DIR,capstone_iii_fit_1x,fit_1x,3,3,58.0,0.0,0.0,1.0,78.73523259280074,78.7209499162827,0.01428267651802972,,,82.77128008861489,82.77128008861489,1000000000.0,True,False,True,,,
SIM_DIR-1784876009,SIM_DIR,capstone_iii_fit_2x,fit_2x,3,3,58.0,0.0,0.0,1.0,78.73523259280074,78.7209499162827,0.01428267651802972,,,86.70732758442901,86.70732758442901,1000000000.0,True,False,True,,,
SIM_DIR-1784876009,SIM_DIR,capstone_iii_fit_activity,fit_activity,3,3,58.0,0.0,0.0,1.0,78.73523259280074,78.7209499162827,0.01428267651802972,,,85.92011808526618,85.92011808526618,1000000000.0,True,False,True,,,
SIM_DIR-1784876009,SIM_DIR,capstone_iii_fit_activity_pvt,fit_activity_pvt,3,3,58.0,0.0,0.0,1.0,78.73523259280074,78.7209499162827,0.01428267651802972,,,88.28174658275466,88.28174658275466,1000000000.0,True,False,True,,,
SIM_DIR-1784876009,SIM_DIR,capstone_iii_full,full,3,3,58.0,0.0,0.0,1.0,78.73523259280074,78.7209499162827,0.01428267651802972,,,90.64337508024315,90.64337508024315,1000000000.0,True,False,True,,,
SIM_DIR-1784876009,SIM_DIR,baseline,,4,4,63.0,0.0,0.0,1.0,85.68206113349936,85.66777845698132,0.01428267651802972,124.23898864357407,111.38667947354917,,111.38667947354917,,True,False,True,,,
SIM_DIR-1784876009,SIM_DIR,capstone_i,,4,4,63.0,0.0,0.0,1.0,85.68206113349936,85.66777845698132,0.01428267651802972,124.23898864357407,111.38667947354917,,111.38667947354917,1000000000.0,True,False,True,,,
SIM_DIR-1784876009,SIM_DIR,capstone_ii,,4,4,63.0,0.0,0.0,1.0,85.68206113349936,85.66777845698132,0.01428267651802972,64000085.682061136,40000085.682061136,,40000085.682061136,1000000000.0,True,False,True,,,
SIM_DIR-1784876009,SIM_DIR,capstone_iii_fit_1x,fit_1x,4,4,63.0,0.0,0.0,1.0,85.68206113349936,85.66777845698132,0.01428267651802972,,,90.06545005634842,90.06545005634842,1000000000.0,True,False,True,,,
SIM_DIR-1784876009,SIM_DIR,capstone_iii_fit_2x,fit_2x,4,4,63.0,0.0,0.0,1.0,85.68206113349936,85.66777845698132,0.01428267651802972,,,94.3488389791975,94.3488389791975,1000000000.0,True,False,True,,,
SIM_DIR-1784876009,SIM_DIR,capstone_iii_fit_activity,fit_activity,4,4,63.0,0.0,0.0,1.0,85.68206113349936,85.66777845698132,0.01428267651802972,,,93.49216119462768,93.49216119462768,1000000000.0,True,False,True,,,
SIM_DIR-1784876009,SIM_DIR,capstone_iii_fit_activity_pvt,fit_activity_pvt,4,4,63.0,0.0,0.0,1.0,85.68206113349936,85.66777845698132,0.01428267651802972,,,96.06219454833712,96.06219454833712,1000000000.0,True,False,True,,,
SIM_DIR-1784876009,SIM_DIR,capstone_iii_full,full,4,4,63.0,0.0,0.0,1.0,85.68206113349936,85.66777845698132,0.01428267651802972,,,98.63222790204657,98.63222790204657,1000000000.0,True,False,True,,,
SIM_DIR-1784876009,SIM_DIR,baseline,,5,5,65.0,0.0,0.0,1.0,88.56715925729081,88.55287658077278,0.01428267651802972,128.42238092307167,115.13730703447806,,115.13730703447806,,True,False,True,,,
SIM_DIR-1784876009,SIM_DIR,capstone_i,,5,5,65.0,0.0,0.0,1.0,88.56715925729081,88.55287658077278,0.01428267651802972,128.42238092307167,115.13730703447806,,115.13730703447806,1000000000.0,True,False,True,,,
SIM_DIR-1784876009,SIM_DIR,capstone_ii,,5,5,65.0,0.0,0.0,1.0,88.56715925729081,88.55287658077278,0.01428267651802972,64000088.56715926,40000088.56715926,,40000088.56715926,1000000000.0,True,False,True,,,
SIM_DIR-1784876009,SIM_DIR,capstone_iii_fit_1x,fit_1x,5,5,65.0,0.0,0.0,1.0,88.56715925729081,88.55287658077278,0.01428267651802972,,,93.09480308632945,93.09480308632945,1000000000.0,True,False,True,,,
SIM_DIR-1784876009,SIM_DIR,capstone_iii_fit_2x,fit_2x,5,5,65.0,0.0,0.0,1.0,88.56715925729081,88.55287658077278,0.01428267651802972,,,97.52244691536809,97.52244691536809,1000000000.0,True,False,True,,,
SIM_DIR-1784876009,SIM_DIR,capstone_iii_fit_activity,fit_activity,5,5,65.0,0.0,0.0,1.0,88.56715925729081,88.55287658077278,0.01428267651802972,,,96.63691814956037,96.63691814956037,1000000000.0,True,False,True,,,
SIM_DIR-1784876009,SIM_DIR,capstone_iii_fit_activity_pvt,fit_activity_pvt,5,5,65.0,0.0,0.0,1.0,88.56715925729081,88.55287658077278,0.01428267651802972,,,99.29350444698355,99.29350444698355,1000000000.0,True,False,True,,,
SIM_DIR-1784876009,SIM_DIR,capstone_iii_full,full,5,5,65.0,0.0,0.0,1.0,88.56715925729081,88.55287658077278,0.01428267651802972,,,101.95009074440674,101.95009074440674,1000000000.0,True,False,True,,,
SIM_DIR-1784876009,SIM_DIR,baseline,,6,6,70.0,0.0,0.0,1.0,95.55697457359551,95.54269189707748,0.01428267651802972,138.55761313171348,124.22406694567417,,124.22406694567417,,True,False,True,,,
SIM_DIR-1784876009,SIM_DIR,capstone_i,,6,6,70.0,0.0,0.0,1.0,95.55697457359551,95.54269189707748,0.01428267651802972,138.55761313171348,124.22406694567417,,124.22406694567417,1000000000.0,True,False,True,,,
SIM_DIR-1784876009,SIM_DIR,capstone_ii,,6,6,70.0,0.0,0.0,1.0,95.55697457359551,95.54269189707748,0.01428267651802972,64000095.556974575,40000095.556974575,,40000095.556974575,1000000000.0,True,False,True,,,
SIM_DIR-1784876009,SIM_DIR,capstone_iii_fit_1x,fit_1x,6,6,70.0,0.0,0.0,1.0,95.55697457359551,95.54269189707748,0.01428267651802972,,,100.43410916844938,100.43410916844938,1000000000.0,True,False,True,,,
SIM_DIR-1784876009,SIM_DIR,capstone_iii_fit_2x,fit_2x,6,6,70.0,0.0,0.0,1.0,95.55697457359551,95.54269189707748,0.01428267651802972,,,105.21124376330324,105.21124376330324,1000000000.0,True,False,True,,,
SIM_DIR-1784876009,SIM_DIR,capstone_iii_fit_activity,fit_activity,6,6,70.0,0.0,0.0,1.0,95.55697457359551,95.54269189707748,0.01428267651802972,,,104.25581684433247,104.25581684433247,1000000000.0,True,False,True,,,
SIM_DIR-1784876009,SIM_DIR,capstone_iii_fit_activity_pvt,fit_activity_pvt,6,6,70.0,0.0,0.0,1.0,95.55697457359551,95.54269189707748,0.01428267651802972,,,107.1220976012448,107.1220976012448,1000000000.0,True,False,True,,,
SIM_DIR-1784876009,SIM_DIR,capstone_iii_full,full,6,6,70.0,0.0,0.0,1.0,95.55697457359551,95.54269189707748,0.01428267651802972,,,109.98837835815714,109.98837835815714,1000000000.0,True,False,True,,,
SIM_DIR-1784876009,SIM_DIR,baseline,,7,7,77.0,0.0,0.0,1.0,105.3069302398399,105.29264756332186,0.01428267651802972,152.69504884776785,136.89900931179187,,136.89900931179187,,True,False,True,,,
SIM_DIR-1784876009,SIM_DIR,capstone_i,,7,7,77.0,0.0,0.0,1.0,105.3069302398399,105.29264756332186,0.01428267651802972,152.69504884776785,136.89900931179187,,136.89900931179187,1000000000.0,True,False,True,,,
SIM_DIR-1784876009,SIM_DIR,capstone_ii,,7,7,77.0,0.0,0.0,1.0,105.3069302398399,105.29264756332186,0.01428267651802972,64000105.30693024,40000105.30693024,,40000105.30693024,1000000000.0,True,False,True,,,
SIM_DIR-1784876009,SIM_DIR,capstone_iii_fit_1x,fit_1x,7,7,77.0,0.0,0.0,1.0,105.3069302398399,105.29264756332186,0.01428267651802972,,,110.67156261800599,110.67156261800599,1000000000.0,True,False,True,,,
SIM_DIR-1784876009,SIM_DIR,capstone_iii_fit_2x,fit_2x,7,7,77.0,0.0,0.0,1.0,105.3069302398399,105.29264756332186,0.01428267651802972,,,115.93619499617208,115.93619499617208,1000000000.0,True,False,True,,,
SIM_DIR-1784876009,SIM_DIR,capstone_iii_fit_activity,fit_activity,7,7,77.0,0.0,0.0,1.0,105.3069302398399,105.29264756332186,0.01428267651802972,,,114.88326852053888,114.88326852053888,1000000000.0,True,False,True,,,
SIM_DIR-1784876009,SIM_DIR,capstone_iii_fit_activity_pvt,fit_activity_pvt,7,7,77.0,0.0,0.0,1.0,105.3069302398399,105.29264756332186,0.01428267651802972,,,118.04204794743852,118.04204794743852,1000000000.0,True,False,True,,,
SIM_DIR-1784876009,SIM_DIR,capstone_iii_full,full,7,7,77.0,0.0,0.0,1.0,105.3069302398399,105.29264756332186,0.01428267651802972,,,121.20082737433817,121.20082737433817,1000000000.0,True,False,True,,,
SIM_DIR-1784876009,SIM_DIR,baseline,,8,8,82.0,0.0,0.0,1.0,112.35232421228858,112.33804153577054,0.01428267651802972,162.91087010781843,146.05802147597515,,146.05802147597515,,True,False,True,,,
SIM_DIR-1784876009,SIM_DIR,capstone_i,,8,8,82.0,0.0,0.0,1.0,112.35232421228858,112.33804153577054,0.01428267651802972,162.91087010781843,146.05802147597515,,146.05802147597515,1000000000.0,True,False,True,,,
SIM_DIR-1784876009,SIM_DIR,capstone_ii,,8,8,82.0,0.0,0.0,1.0,112.35232421228858,112.33804153577054,0.01428267651802972,64000112.35232421,40000112.35232421,,40000112.35232421,1000000000.0,True,False,True,,,
SIM_DIR-1784876009,SIM_DIR,capstone_iii_fit_1x,fit_1x,8,8,82.0,0.0,0.0,1.0,112.35232421228858,112.33804153577054,0.01428267651802972,,,118.06922628907711,118.06922628907711,1000000000.0,True,False,True,,,
SIM_DIR-1784876009,SIM_DIR,capstone_iii_fit_2x,fit_2x,8,8,82.0,0.0,0.0,1.0,112.35232421228858,112.33804153577054,0.01428267651802972,,,123.68612836586561,123.68612836586561,1000000000.0,True,False,True,,,
SIM_DIR-1784876009,SIM_DIR,capstone_iii_fit_activity,fit_activity,8,8,82.0,0.0,0.0,1.0,112.35232421228858,112.33804153577054,0.01428267651802972,,,122.56274795050791,122.56274795050791,1000000000.0,True,False,True,,,
SIM_DIR-1784876009,SIM_DIR,capstone_iii_fit_activity_pvt,fit_activity_pvt,8,8,82.0,0.0,0.0,1.0,112.35232421228858,112.33804153577054,0.01428267651802972,,,125.93288919658103,125.93288919658103,1000000000.0,True,False,True,,,
SIM_DIR-1784876009,SIM_DIR,capstone_iii_full,full,8,8,82.0,0.0,0.0,1.0,112.35232421228858,112.33804153577054,0.01428267651802972,,,129.30303044265415,129.30303044265415,1000000000.0,True,False,True,,,
SIM_DIR-1784876009,SIM_DIR,baseline,,9,9,103.0,0.0,0.0,1.0,141.3831241075595,141.36884143104146,0.01428267651802972,205.00552995596126,183.79806133982734,,183.79806133982734,,True,False,True,,,
SIM_DIR-1784876009,SIM_DIR,capstone_i,,9,9,103.0,0.0,0.0,1.0,141.3831241075595,141.36884143104146,0.01428267651802972,205.00552995596126,183.79806133982734,,183.79806133982734,1000000000.0,True,False,True,,,
SIM_DIR-1784876009,SIM_DIR,capstone_ii,,9,9,103.0,0.0,0.0,1.0,141.3831241075595,141.36884143104146,0.01428267651802972,65920141.383124106,41200141.383124106,,41200141.383124106,1000000000.0,True,False,True,,,
SIM_DIR-1784876009,SIM_DIR,capstone_iii_fit_1x,fit_1x,9,9,103.0,0.0,0.0,1.0,141.3831241075595,141.36884143104146,0.01428267651802972,,,148.55156617911157,148.55156617911157,1000000000.0,True,False,True,,,
SIM_DIR-1784876009,SIM_DIR,capstone_iii_fit_2x,fit_2x,9,9,103.0,0.0,0.0,1.0,141.3831241075595,141.36884143104146,0.01428267651802972,,,155.62000825066366,155.62000825066366,1000000000.0,True,False,True,,,
SIM_DIR-1784876009,SIM_DIR,capstone_iii_fit_activity,fit_activity,9,9,103.0,0.0,0.0,1.0,141.3831241075595,141.36884143104146,0.01428267651802972,,,154.20631983635323,154.20631983635323,1000000000.0,True,False,True,,,
SIM_DIR-1784876009,SIM_DIR,capstone_iii_fit_activity_pvt,fit_activity_pvt,9,9,103.0,0.0,0.0,1.0,141.3831241075595,141.36884143104146,0.01428267651802972,,,158.4473850792845,158.4473850792845,1000000000.0,True,False,True,,,
SIM_DIR-1784876009,SIM_DIR,capstone_iii_full,full,9,9,103.0,0.0,0.0,1.0,141.3831241075595,141.36884143104146,0.01428267651802972,,,162.68845032221572,162.68845032221572,1000000000.0,True,False,True,,,
SIM_DIR-1784876009,SIM_DIR,baseline,,10,10,107.0,0.0,0.0,1.0,147.1443890677743,147.13010639125628,0.01428267651802972,213.35936414827276,191.28770578810662,,191.28770578810662,,True,False,True,,,
SIM_DIR-1784876009,SIM_DIR,capstone_i,,10,10,107.0,0.0,0.0,1.0,147.1443890677743,147.13010639125628,0.01428267651802972,213.35936414827276,191.28770578810662,,191.28770578810662,1000000000.0,True,False,True,,,
SIM_DIR-1784876009,SIM_DIR,capstone_ii,,10,10,107.0,0.0,0.0,1.0,147.1443890677743,147.13010639125628,0.01428267651802972,68480147.14438906,42800147.14438907,,42800147.14438907,1000000000.0,True,False,True,,,
SIM_DIR-1784876009,SIM_DIR,capstone_iii_fit_1x,fit_1x,10,10,107.0,0.0,0.0,1.0,147.1443890677743,147.13010639125628,0.01428267651802972,,,154.60089438733715,154.60089438733715,1000000000.0,True,False,True,,,
SIM_DIR-1784876009,SIM_DIR,capstone_iii_fit_2x,fit_2x,10,10,107.0,0.0,0.0,1.0,147.1443890677743,147.13010639125628,0.01428267651802972,,,161.95739970689993,161.95739970689993,1000000000.0,True,False,True,,,
SIM_DIR-1784876009,SIM_DIR,capstone_iii_fit_activity,fit_activity,10,10,107.0,0.0,0.0,1.0,147.1443890677743,147.13010639125628,0.01428267651802972,,,160.4860986429874,160.4860986429874,1000000000.0,True,False,True,,,
SIM_DIR-1784876009,SIM_DIR,capstone_iii_fit_activity_pvt,fit_activity_pvt,10,10,107.0,0.0,0.0,1.0,147.1443890677743,147.13010639125628,0.01428267651802972,,,164.9000018347251,164.9000018347251,1000000000.0,True,False,True,,,
SIM_DIR-1784876009,SIM_DIR,capstone_iii_full,full,10,10,107.0,0.0,0.0,1.0,147.1443890677743,147.13010639125628,0.01428267651802972,,,169.31390502646275,169.31390502646275,1000000000.0,True,False,True,,,
SIM_DIR-1784876009,SIM_DIR,baseline,,11,11,107.0,0.0,0.0,1.0,147.41536783360897,147.40108515709093,0.01428267651802972,213.752283358733,191.63997818369165,,191.63997818369165,,True,False,True,,,
SIM_DIR-1784876009,SIM_DIR,capstone_i,,11,11,107.0,0.0,0.0,1.0,147.41536783360897,147.40108515709093,0.01428267651802972,213.752283358733,191.63997818369165,,191.63997818369165,1000000000.0,True,False,True,,,
SIM_DIR-1784876009,SIM_DIR,capstone_ii,,11,11,107.0,0.0,0.0,1.0,147.41536783360897,147.40108515709093,0.01428267651802972,68480147.41536783,42800147.415367834,,42800147.415367834,1000000000.0,True,False,True,,,
SIM_DIR-1784876009,SIM_DIR,capstone_iii_fit_1x,fit_1x,11,11,107.0,0.0,0.0,1.0,147.41536783360897,147.40108515709093,0.01428267651802972,,,154.8854220914635,154.8854220914635,1000000000.0,True,False,True,,,
SIM_DIR-1784876009,SIM_DIR,capstone_iii_fit_2x,fit_2x,11,11,107.0,0.0,0.0,1.0,147.41536783360897,147.40108515709093,0.01428267651802972,,,162.25547634931806,162.25547634931806,1000000000.0,True,False,True,,,
SIM_DIR-1784876009,SIM_DIR,capstone_iii_fit_activity,fit_activity,11,11,107.0,0.0,0.0,1.0,147.41536783360897,147.40108515709093,0.01428267651802972,,,160.78146549774715,160.78146549774715,1000000000.0,True,False,True,,,
SIM_DIR-1784876009,SIM_DIR,capstone_iii_fit_activity_pvt,fit_activity_pvt,11,11,107.0,0.0,0.0,1.0,147.41536783360897,147.40108515709093,0.01428267651802972,,,165.20349805245988,165.20349805245988,1000000000.0,True,False,True,,,
SIM_DIR-1784876009,SIM_DIR,capstone_iii_full,full,11,11,107.0,0.0,0.0,1.0,147.41536783360897,147.40108515709093,0.01428267651802972,,,169.6255306071726,169.6255306071726,1000000000.0,True,False,True,,,
SIM_DIR-1784876009,SIM_DIR,baseline,,12,12,110.0,0.0,0.0,1.0,151.82644632872302,151.812163652205,0.01428267651802972,220.14834717664837,197.37438022733994,,197.37438022733994,,True,False,True,,,
SIM_DIR-1784876009,SIM_DIR,capstone_i,,12,12,110.0,0.0,0.0,1.0,151.82644632872302,151.812163652205,0.01428267651802972,220.14834717664837,197.37438022733994,,197.37438022733994,1000000000.0,True,False,True,,,
SIM_DIR-1784876009,SIM_DIR,capstone_ii,,12,12,110.0,0.0,0.0,1.0,151.82644632872302,151.812163652205,0.01428267651802972,70400151.82644632,44000151.82644633,,44000151.82644633,1000000000.0,True,False,True,,,
SIM_DIR-1784876009,SIM_DIR,capstone_iii_fit_1x,fit_1x,12,12,110.0,0.0,0.0,1.0,151.82644632872302,151.812163652205,0.01428267651802972,,,159.51705451133327,159.51705451133327,1000000000.0,True,False,True,,,
SIM_DIR-1784876009,SIM_DIR,capstone_iii_fit_2x,fit_2x,12,12,110.0,0.0,0.0,1.0,151.82644632872302,151.812163652205,0.01428267651802972,,,167.10766269394352,167.10766269394352,1000000000.0,True,False,True,,,
SIM_DIR-1784876009,SIM_DIR,capstone_iii_fit_activity,fit_activity,12,12,110.0,0.0,0.0,1.0,151.82644632872302,151.812163652205,0.01428267651802972,,,165.58954105742146,165.58954105742146,1000000000.0,True,False,True,,,
SIM_DIR-1784876009,SIM_DIR,capstone_iii_fit_activity_pvt,fit_activity_pvt,12,12,110.0,0.0,0.0,1.0,151.82644632872302,151.812163652205,0.01428267651802972,,,170.14390596698763,170.14390596698763,1000000000.0,True,False,True,,,
SIM_DIR-1784876009,SIM_DIR,capstone_iii_full,full,12,12,110.0,0.0,0.0,1.0,151.82644632872302,151.812163652205,0.01428267651802972,,,174.69827087655375,174.69827087655375,1000000000.0,True,False,True,,,
SIM_DIR-1784876009,SIM_DIR,baseline,,13,13,114.0,0.0,0.0,1.0,157.63510282827968,157.62082015176165,0.01428267651802972,228.57089910100552,204.9256336767636,,204.9256336767636,,True,False,True,,,
SIM_DIR-1784876009,SIM_DIR,capstone_i,,13,13,114.0,0.0,0.0,1.0,157.63510282827968,157.62082015176165,0.01428267651802972,228.57089910100552,204.9256336767636,,204.9256336767636,1000000000.0,True,False,True,,,
SIM_DIR-1784876009,SIM_DIR,capstone_ii,,13,13,114.0,0.0,0.0,1.0,157.63510282827968,157.62082015176165,0.01428267651802972,72960157.63510282,45600157.63510282,,45600157.63510282,1000000000.0,True,False,True,,,
SIM_DIR-1784876009,SIM_DIR,capstone_iii_fit_1x,fit_1x,13,13,114.0,0.0,0.0,1.0,157.63510282827968,157.62082015176165,0.01428267651802972,,,165.61614383586777,165.61614383586777,1000000000.0,True,False,True,,,
SIM_DIR-1784876009,SIM_DIR,capstone_iii_fit_2x,fit_2x,13,13,114.0,0.0,0.0,1.0,157.63510282827968,157.62082015176165,0.01428267651802972,,,173.49718484345587,173.49718484345587,1000000000.0,True,False,True,,,
SIM_DIR-1784876009,SIM_DIR,capstone_iii_fit_activity,fit_activity,13,13,114.0,0.0,0.0,1.0,157.63510282827968,157.62082015176165,0.01428267651802972,,,171.92097664193827,171.92097664193827,1000000000.0,True,False,True,,,
SIM_DIR-1784876009,SIM_DIR,capstone_iii_fit_activity_pvt,fit_activity_pvt,13,13,114.0,0.0,0.0,1.0,157.63510282827968,157.62082015176165,0.01428267651802972,,,176.64960124649107,176.64960124649107,1000000000.0,True,False,True,,,
SIM_DIR-1784876009,SIM_DIR,capstone_iii_full,full,13,13,114.0,0.0,0.0,1.0,157.63510282827968,157.62082015176165,0.01428267651802972,,,181.37822585104394,181.37822585104394,1000000000.0,True,False,True,,,
SIM_DIR-1784876009,SIM_DIR,baseline,,14,14,116.0,0.0,0.0,1.0,160.69340389181014,160.6791212152921,0.01428267651802972,233.00543564312468,208.9014250593532,,208.9014250593532,,True,False,True,,,
SIM_DIR-1784876009,SIM_DIR,capstone_i,,14,14,116.0,0.0,0.0,1.0,160.69340389181014,160.6791212152921,0.01428267651802972,233.00543564312468,208.9014250593532,,208.9014250593532,1000000000.0,True,False,True,,,
SIM_DIR-1784876009,SIM_DIR,capstone_ii,,14,14,116.0,0.0,0.0,1.0,160.69340389181014,160.6791212152921,0.01428267651802972,74240160.69340388,46400160.69340389,,46400160.69340389,1000000000.0,True,False,True,,,
SIM_DIR-1784876009,SIM_DIR,capstone_iii_fit_1x,fit_1x,14,14,116.0,0.0,0.0,1.0,160.69340389181014,160.6791212152921,0.01428267651802972,,,168.82735995257474,168.82735995257474,1000000000.0,True,False,True,,,
SIM_DIR-1784876009,SIM_DIR,capstone_iii_fit_2x,fit_2x,14,14,116.0,0.0,0.0,1.0,160.69340389181014,160.6791212152921,0.01428267651802972,,,176.86131601333935,176.86131601333935,1000000000.0,True,False,True,,,
SIM_DIR-1784876009,SIM_DIR,capstone_iii_fit_activity,fit_activity,14,14,116.0,0.0,0.0,1.0,160.69340389181014,160.6791212152921,0.01428267651802972,,,175.25452480118642,175.25452480118642,1000000000.0,True,False,True,,,
SIM_DIR-1784876009,SIM_DIR,capstone_iii_fit_activity_pvt,fit_activity_pvt,14,14,116.0,0.0,0.0,1.0,160.69340389181014,160.6791212152921,0.01428267651802972,,,180.07489843764517,180.07489843764517,1000000000.0,True,False,True,,,
SIM_DIR-1784876009,SIM_DIR,capstone_iii_full,full,14,14,116.0,0.0,0.0,1.0,160.69340389181014,160.6791212152921,0.01428267651802972,,,184.89527207410396,184.89527207410396,1000000000.0,True,False,True,,,
SIM_DIR-1784876009,SIM_DIR,baseline,,15,15,117.0,0.0,0.0,1.0,162.3738713391791,162.35958866266105,0.01428267651802972,235.44211344180968,211.08603274093284,,211.08603274093284,,True,False,True,,,
SIM_DIR-1784876009,SIM_DIR,capstone_i,,15,15,117.0,0.0,0.0,1.0,162.3738713391791,162.35958866266105,0.01428267651802972,235.44211344180968,211.08603274093284,,211.08603274093284,1000000000.0,True,False,True,,,
SIM_DIR-1784876009,SIM_DIR,capstone_ii,,15,15,117.0,0.0,0.0,1.0,162.3738713391791,162.35958866266105,0.01428267651802972,74880162.37387134,46800162.37387134,,46800162.37387134,1000000000.0,True,False,True,,,
SIM_DIR-1784876009,SIM_DIR,capstone_iii_fit_1x,fit_1x,15,15,117.0,0.0,0.0,1.0,162.3738713391791,162.35958866266105,0.01428267651802972,,,170.59185077231214,170.59185077231214,1000000000.0,True,False,True,,,
SIM_DIR-1784876009,SIM_DIR,capstone_iii_fit_2x,fit_2x,15,15,117.0,0.0,0.0,1.0,162.3738713391791,162.35958866266105,0.01428267651802972,,,178.7098302054452,178.7098302054452,1000000000.0,True,False,True,,,
SIM_DIR-1784876009,SIM_DIR,capstone_iii_fit_activity,fit_activity,15,15,117.0,0.0,0.0,1.0,162.3738713391791,162.35958866266105,0.01428267651802972,,,177.08623431881858,177.08623431881858,1000000000.0,True,False,True,,,
SIM_DIR-1784876009,SIM_DIR,capstone_iii_fit_activity_pvt,fit_activity_pvt,15,15,117.0,0.0,0.0,1.0,162.3738713391791,162.35958866266105,0.01428267651802972,,,181.9570219786984,181.9570219786984,1000000000.0,True,False,True,,,
SIM_DIR-1784876009,SIM_DIR,capstone_iii_full,full,15,15,117.0,0.0,0.0,1.0,162.3738713391791,162.35958866266105,0.01428267651802972,,,186.82780963857823,186.82780963857823,1000000000.0,True,False,True,,,
SIM_DIR-1784876009,SIM_DIR,baseline,,16,16,117.0,0.0,0.0,1.0,162.6689291662956,162.65464648977758,0.01428267651802972,235.86994729112863,211.46960791618432,,211.46960791618432,,True,False,True,,,
SIM_DIR-1784876009,SIM_DIR,capstone_i,,16,16,117.0,0.0,0.0,1.0,162.6689291662956,162.65464648977758,0.01428267651802972,235.86994729112863,211.46960791618432,,211.46960791618432,1000000000.0,True,False,True,,,
SIM_DIR-1784876009,SIM_DIR,capstone_ii,,16,16,117.0,0.0,0.0,1.0,162.6689291662956,162.65464648977758,0.01428267651802972,74880162.66892916,46800162.66892917,,46800162.66892917,1000000000.0,True,False,True,,,
SIM_DIR-1784876009,SIM_DIR,capstone_iii_fit_1x,fit_1x,16,16,117.0,0.0,0.0,1.0,162.6689291662956,162.65464648977758,0.01428267651802972,,,170.90166149078448,170.90166149078448,1000000000.0,True,False,True,,,
SIM_DIR-1784876009,SIM_DIR,capstone_iii_fit_2x,fit_2x,16,16,117.0,0.0,0.0,1.0,162.6689291662956,162.65464648977758,0.01428267651802972,,,179.03439381527338,179.03439381527338,1000000000.0,True,False,True,,,
SIM_DIR-1784876009,SIM_DIR,capstone_iii_fit_activity,fit_activity,16,16,117.0,0.0,0.0,1.0,162.6689291662956,162.65464648977758,0.01428267651802972,,,177.4078473503756,177.4078473503756,1000000000.0,True,False,True,,,
SIM_DIR-1784876009,SIM_DIR,capstone_iii_fit_activity_pvt,fit_activity_pvt,16,16,117.0,0.0,0.0,1.0,162.6689291662956,162.65464648977758,0.01428267651802972,,,182.28748674506892,182.28748674506892,1000000000.0,True,False,True,,,
SIM_DIR-1784876009,SIM_DIR,capstone_iii_full,full,16,16,117.0,0.0,0.0,1.0,162.6689291662956,162.65464648977758,0.01428267651802972,,,187.16712613976222,187.16712613976222,1000000000.0,True,False,True,,,
SIM_DIR-1784876009,SIM_DIR,baseline,,17,17,124.0,0.0,0.0,1.0,172.7128574710029,172.69857479448487,0.01428267651802972,250.4336433329542,224.52671471230377,,224.52671471230377,,True,False,True,,,
SIM_DIR-1784876009,SIM_DIR,capstone_i,,17,17,124.0,0.0,0.0,1.0,172.7128574710029,172.69857479448487,0.01428267651802972,250.4336433329542,224.52671471230377,,224.52671471230377,1000000000.0,True,False,True,,,
SIM_DIR-1784876009,SIM_DIR,capstone_ii,,17,17,124.0,0.0,0.0,1.0,172.7128574710029,172.69857479448487,0.01428267651802972,79360172.71285747,49600172.71285747,,49600172.71285747,1000000000.0,True,False,True,,,
SIM_DIR-1784876009,SIM_DIR,capstone_iii_fit_1x,fit_1x,17,17,124.0,0.0,0.0,1.0,172.7128574710029,172.69857479448487,0.01428267651802972,,,181.44778621072714,181.44778621072714,1000000000.0,True,False,True,,,
SIM_DIR-1784876009,SIM_DIR,capstone_iii_fit_2x,fit_2x,17,17,124.0,0.0,0.0,1.0,172.7128574710029,172.69857479448487,0.01428267651802972,,,190.08271495045142,190.08271495045142,1000000000.0,True,False,True,,,
SIM_DIR-1784876009,SIM_DIR,capstone_iii_fit_activity,fit_activity,17,17,124.0,0.0,0.0,1.0,172.7128574710029,172.69857479448487,0.01428267651802972,,,188.35572920250655,188.35572920250655,1000000000.0,True,False,True,,,
SIM_DIR-1784876009,SIM_DIR,capstone_iii_fit_activity_pvt,fit_activity_pvt,17,17,124.0,0.0,0.0,1.0,172.7128574710029,172.69857479448487,0.01428267651802972,,,193.5366864463411,193.5366864463411,1000000000.0,True,False,True,,,
SIM_DIR-1784876009,SIM_DIR,capstone_iii_full,full,17,17,124.0,0.0,0.0,1.0,172.7128574710029,172.69857479448487,0.01428267651802972,,,198.71764369017563,198.71764369017563,1000000000.0,True,False,True,,,
SIM_DIR-1784876009,SIM_DIR,baseline,,18,18,125.0,0.0,0.0,1.0,174.42030451431987,174.40602183780183,0.01428267651802972,252.9094415457638,226.74639586861582,,226.74639586861582,,True,False,True,,,
SIM_DIR-1784876009,SIM_DIR,capstone_i,,18,18,125.0,0.0,0.0,1.0,174.42030451431987,174.40602183780183,0.01428267651802972,252.9094415457638,226.74639586861582,,226.74639586861582,1000000000.0,True,False,True,,,
SIM_DIR-1784876009,SIM_DIR,capstone_ii,,18,18,125.0,0.0,0.0,1.0,174.42030451431987,174.40602183780183,0.01428267651802972,80000174.4203045,50000174.420304514,,50000174.420304514,1000000000.0,True,False,True,,,
SIM_DIR-1784876009,SIM_DIR,capstone_iii_fit_1x,fit_1x,18,18,125.0,0.0,0.0,1.0,174.42030451431987,174.40602183780183,0.01428267651802972,,,183.24060560620995,183.24060560620995,1000000000.0,True,False,True,,,
SIM_DIR-1784876009,SIM_DIR,capstone_iii_fit_2x,fit_2x,18,18,125.0,0.0,0.0,1.0,174.42030451431987,174.40602183780183,0.01428267651802972,,,191.96090669810005,191.96090669810005,1000000000.0,True,False,True,,,
SIM_DIR-1784876009,SIM_DIR,capstone_iii_fit_activity,fit_activity,18,18,125.0,0.0,0.0,1.0,174.42030451431987,174.40602183780183,0.01428267651802972,,,190.21684647972202,190.21684647972202,1000000000.0,True,False,True,,,
SIM_DIR-1784876009,SIM_DIR,capstone_iii_fit_activity_pvt,fit_activity_pvt,18,18,125.0,0.0,0.0,1.0,174.42030451431987,174.40602183780183,0.01428267651802972,,,195.4490271348561,195.4490271348561,1000000000.0,True,False,True,,,
SIM_DIR-1784876009,SIM_DIR,capstone_iii_full,full,18,18,125.0,0.0,0.0,1.0,174.42030451431987,174.40602183780183,0.01428267651802972,,,200.68120778999014,200.68120778999014,1000000000.0,True,False,True,,,
SIM_DIR-1784876009,SIM_DIR,baseline,,19,19,128.0,0.0,0.0,1.0,178.9280580765514,178.91377540003336,0.01428267651802972,259.4456842109995,232.60647549951682,,232.60647549951682,,True,False,True,,,
SIM_DIR-1784876009,SIM_DIR,capstone_i,,19,19,128.0,0.0,0.0,1.0,178.9280580765514,178.91377540003336,0.01428267651802972,259.4456842109995,232.60647549951682,,232.60647549951682,1000000000.0,True,False,True,,,
SIM_DIR-1784876009,SIM_DIR,capstone_ii,,19,19,128.0,0.0,0.0,1.0,178.9280580765514,178.91377540003336,0.01428267651802972,81920178.92805807,51200178.92805807,,51200178.92805807,1000000000.0,True,False,True,,,
SIM_DIR-1784876009,SIM_DIR,capstone_iii_fit_1x,fit_1x,19,19,128.0,0.0,0.0,1.0,178.9280580765514,178.91377540003336,0.01428267651802972,,,187.97374684655307,187.97374684655307,1000000000.0,True,False,True,,,
SIM_DIR-1784876009,SIM_DIR,capstone_iii_fit_2x,fit_2x,19,19,128.0,0.0,0.0,1.0,178.9280580765514,178.91377540003336,0.01428267651802972,,,196.91943561655475,196.91943561655475,1000000000.0,True,False,True,,,
SIM_DIR-1784876009,SIM_DIR,capstone_iii_fit_activity,fit_activity,19,19,128.0,0.0,0.0,1.0,178.9280580765514,178.91377540003336,0.01428267651802972,,,195.1302978625544,195.1302978625544,1000000000.0,True,False,True,,,
SIM_DIR-1784876009,SIM_DIR,capstone_iii_fit_activity_pvt,fit_activity_pvt,19,19,128.0,0.0,0.0,1.0,178.9280580765514,178.91377540003336,0.01428267651802972,,,200.4977111245554,200.4977111245554,1000000000.0,True,False,True,,,
SIM_DIR-1784876009,SIM_DIR,capstone_iii_full,full,19,19,128.0,0.0,0.0,1.0,178.9280580765514,178.91377540003336,0.01428267651802972,,,205.8651243865564,205.8651243865564,1000000000.0,True,False,True,,,
SIM_DIR-1784876009,SIM_DIR,baseline,,20,20,129.0,0.0,0.0,1.0,180.65008619400172,180.63580351748368,0.01428267651802972,261.94262498130246,234.84511205220224,,234.84511205220224,,True,False,True,,,
SIM_DIR-1784876009,SIM_DIR,capstone_i,,20,20,129.0,0.0,0.0,1.0,180.65008619400172,180.63580351748368,0.01428267651802972,261.94262498130246,234.84511205220224,,234.84511205220224,1000000000.0,True,False,True,,,
SIM_DIR-1784876009,SIM_DIR,capstone_ii,,20,20,129.0,0.0,0.0,1.0,180.65008619400172,180.63580351748368,0.01428267651802972,82560180.6500862,51600180.650086194,,51600180.650086194,1000000000.0,True,False,True,,,
SIM_DIR-1784876009,SIM_DIR,capstone_iii_fit_1x,fit_1x,20,20,129.0,0.0,0.0,1.0,180.65008619400172,180.63580351748368,0.01428267651802972,,,189.78187636987587,189.78187636987587,1000000000.0,True,False,True,,,
SIM_DIR-1784876009,SIM_DIR,capstone_iii_fit_2x,fit_2x,20,20,129.0,0.0,0.0,1.0,180.65008619400172,180.63580351748368,0.01428267651802972,,,198.81366654575007,198.81366654575007,1000000000.0,True,False,True,,,
SIM_DIR-1784876009,SIM_DIR,capstone_iii_fit_activity,fit_activity,20,20,129.0,0.0,0.0,1.0,180.65008619400172,180.63580351748368,0.01428267651802972,,,197.00730851057523,197.00730851057523,1000000000.0,True,False,True,,,
SIM_DIR-1784876009,SIM_DIR,capstone_iii_fit_activity_pvt,fit_activity_pvt,20,20,129.0,0.0,0.0,1.0,180.65008619400172,180.63580351748368,0.01428267651802972,,,202.42638261609974,202.42638261609974,1000000000.0,True,False,True,,,
SIM_DIR-1784876009,SIM_DIR,capstone_iii_full,full,20,20,129.0,0.0,0.0,1.0,180.65008619400172,180.63580351748368,0.01428267651802972,,,207.84545672162426,207.84545672162426,1000000000.0,True,False,True,,,
SIM_DIR-1784876009,SIM_DIR,baseline,,21,21,129.0,0.0,0.0,1.0,180.97409224212834,180.9598095656103,0.01428267651802972,262.4124337510861,235.26631991476685,,235.26631991476685,,True,False,True,,,
SIM_DIR-1784876009,SIM_DIR,capstone_i,,21,21,129.0,0.0,0.0,1.0,180.97409224212834,180.9598095656103,0.01428267651802972,262.4124337510861,235.26631991476685,,235.26631991476685,1000000000.0,True,False,True,,,
SIM_DIR-1784876009,SIM_DIR,capstone_ii,,21,21,129.0,0.0,0.0,1.0,180.97409224212834,180.9598095656103,0.01428267651802972,82560180.97409225,51600180.974092245,,51600180.974092245,1000000000.0,True,False,True,,,
SIM_DIR-1784876009,SIM_DIR,capstone_iii_fit_1x,fit_1x,21,21,129.0,0.0,0.0,1.0,180.97409224212834,180.9598095656103,0.01428267651802972,,,190.12208272040883,190.12208272040883,1000000000.0,True,False,True,,,
SIM_DIR-1784876009,SIM_DIR,capstone_iii_fit_2x,fit_2x,21,21,129.0,0.0,0.0,1.0,180.97409224212834,180.9598095656103,0.01428267651802972,,,199.17007319868935,199.17007319868935,1000000000.0,True,False,True,,,
SIM_DIR-1784876009,SIM_DIR,capstone_iii_fit_activity,fit_activity,21,21,129.0,0.0,0.0,1.0,180.97409224212834,180.9598095656103,0.01428267651802972,,,197.36047510303325,197.36047510303325,1000000000.0,True,False,True,,,
SIM_DIR-1784876009,SIM_DIR,capstone_iii_fit_activity_pvt,fit_activity_pvt,21,21,129.0,0.0,0.0,1.0,180.97409224212834,180.9598095656103,0.01428267651802972,,,202.78926939000155,202.78926939000155,1000000000.0,True,False,True,,,
SIM_DIR-1784876009,SIM_DIR,capstone_iii_full,full,21,21,129.0,0.0,0.0,1.0,180.97409224212834,180.9598095656103,0.01428267651802972,,,208.21806367696985,208.21806367696985,1000000000.0,True,False,True,,,
SIM_DIR-1784876009,SIM_DIR,baseline,,22,22,137.0,0.0,0.0,1.0,192.5402336522782,192.52595097576017,0.01428267651802972,279.18333879580337,250.30230374796167,,250.30230374796167,,True,False,True,,,
SIM_DIR-1784876009,SIM_DIR,capstone_i,,22,22,137.0,0.0,0.0,1.0,192.5402336522782,192.52595097576017,0.01428267651802972,279.18333879580337,250.30230374796167,,250.30230374796167,1000000000.0,True,False,True,,,
SIM_DIR-1784876009,SIM_DIR,capstone_ii,,22,22,137.0,0.0,0.0,1.0,192.5402336522782,192.52595097576017,0.01428267651802972,87680192.54023366,54800192.54023366,,54800192.54023366,1000000000.0,True,False,True,,,
SIM_DIR-1784876009,SIM_DIR,capstone_iii_fit_1x,fit_1x,22,22,137.0,0.0,0.0,1.0,192.5402336522782,192.52595097576017,0.01428267651802972,,,202.26653120106621,202.26653120106621,1000000000.0,True,False,True,,,
SIM_DIR-1784876009,SIM_DIR,capstone_iii_fit_2x,fit_2x,22,22,137.0,0.0,0.0,1.0,192.5402336522782,192.52595097576017,0.01428267651802972,,,211.89282874985423,211.89282874985423,1000000000.0,True,False,True,,,
SIM_DIR-1784876009,SIM_DIR,capstone_iii_fit_activity,fit_activity,22,22,137.0,0.0,0.0,1.0,192.5402336522782,192.52595097576017,0.01428267651802972,,,209.96756924009662,209.96756924009662,1000000000.0,True,False,True,,,
SIM_DIR-1784876009,SIM_DIR,capstone_iii_fit_activity_pvt,fit_activity_pvt,22,22,137.0,0.0,0.0,1.0,192.5402336522782,192.52595097576017,0.01428267651802972,,,215.74334776936945,215.74334776936945,1000000000.0,True,False,True,,,
SIM_DIR-1784876009,SIM_DIR,capstone_iii_full,full,22,22,137.0,0.0,0.0,1.0,192.5402336522782,192.52595097576017,0.01428267651802972,,,221.51912629864225,221.51912629864225,1000000000.0,True,False,True,,,
SIM_DIR-1784876009,SIM_DIR,baseline,,23,23,138.0,0.0,0.0,1.0,194.2915984974554,194.27731582093736,0.01428267651802972,281.72281782131034,252.57907804669202,,252.57907804669202,,True,False,True,,,
SIM_DIR-1784876009,SIM_DIR,capstone_i,,23,23,138.0,0.0,0.0,1.0,194.2915984974554,194.27731582093736,0.01428267651802972,281.72281782131034,252.57907804669202,,252.57907804669202,1000000000.0,True,False,True,,,
SIM_DIR-1784876009,SIM_DIR,capstone_ii,,23,23,138.0,0.0,0.0,1.0,194.2915984974554,194.27731582093736,0.01428267651802972,88320194.2915985,55200194.29159849,,55200194.29159849,1000000000.0,True,False,True,,,
SIM_DIR-1784876009,SIM_DIR,capstone_iii_fit_1x,fit_1x,23,23,138.0,0.0,0.0,1.0,194.2915984974554,194.27731582093736,0.01428267651802972,,,204.10546428850228,204.10546428850228,1000000000.0,True,False,True,,,
SIM_DIR-1784876009,SIM_DIR,capstone_iii_fit_2x,fit_2x,23,23,138.0,0.0,0.0,1.0,194.2915984974554,194.27731582093736,0.01428267651802972,,,213.81933007954913,213.81933007954913,1000000000.0,True,False,True,,,
SIM_DIR-1784876009,SIM_DIR,capstone_iii_fit_activity,fit_activity,23,23,138.0,0.0,0.0,1.0,194.2915984974554,194.27731582093736,0.01428267651802972,,,211.87655692133976,211.87655692133976,1000000000.0,True,False,True,,,
SIM_DIR-1784876009,SIM_DIR,capstone_iii_fit_activity_pvt,fit_activity_pvt,23,23,138.0,0.0,0.0,1.0,194.2915984974554,194.27731582093736,0.01428267651802972,,,217.7048763959679,217.7048763959679,1000000000.0,True,False,True,,,
SIM_DIR-1784876009,SIM_DIR,capstone_iii_full,full,23,23,138.0,0.0,0.0,1.0,194.2915984974554,194.27731582093736,0.01428267651802972,,,223.53319587059602,223.53319587059602,1000000000.0,True,False,True,,,
SIM_DIR-1784876009,SIM_DIR,baseline,,24,24,147.0,0.0,0.0,1.0,207.33020710347208,207.31592442695404,0.01428267651802972,300.6288003000345,269.5292692345137,,269.5292692345137,,True,False,True,,,
SIM_DIR-1784876009,SIM_DIR,capstone_i,,24,24,147.0,0.0,0.0,1.0,207.33020710347208,207.31592442695404,0.01428267651802972,300.6288003000345,269.5292692345137,,269.5292692345137,1000000000.0,True,False,True,,,
SIM_DIR-1784876009,SIM_DIR,capstone_ii,,24,24,147.0,0.0,0.0,1.0,207.33020710347208,207.31592442695404,0.01428267651802972,94080207.33020711,58800207.3302071,,58800207.3302071,1000000000.0,True,False,True,,,
SIM_DIR-1784876009,SIM_DIR,capstone_iii_fit_1x,fit_1x,24,24,147.0,0.0,0.0,1.0,207.33020710347208,207.31592442695404,0.01428267651802972,,,217.79600332481976,217.79600332481976,1000000000.0,True,False,True,,,
SIM_DIR-1784876009,SIM_DIR,capstone_iii_fit_2x,fit_2x,24,24,147.0,0.0,0.0,1.0,207.33020710347208,207.31592442695404,0.01428267651802972,,,228.1617995461675,228.1617995461675,1000000000.0,True,False,True,,,
SIM_DIR-1784876009,SIM_DIR,capstone_iii_fit_activity,fit_activity,24,24,147.0,0.0,0.0,1.0,207.33020710347208,207.31592442695404,0.01428267651802972,,,226.08864030189795,226.08864030189795,1000000000.0,True,False,True,,,
SIM_DIR-1784876009,SIM_DIR,capstone_iii_fit_activity_pvt,fit_activity_pvt,24,24,147.0,0.0,0.0,1.0,207.33020710347208,207.31592442695404,0.01428267651802972,,,232.30811803470658,232.30811803470658,1000000000.0,True,False,True,,,
SIM_DIR-1784876009,SIM_DIR,capstone_iii_full,full,24,24,147.0,0.0,0.0,1.0,207.33020710347208,207.31592442695404,0.01428267651802972,,,238.52759576751518,238.52759576751518,1000000000.0,True,False,True,,,
SIM_DIR-1784876009,SIM_DIR,baseline,,25,25,157.0,0.0,0.0,1.0,221.82643444089902,221.81215176438099,0.01428267651802972,321.64832993930355,288.37436477316874,,288.37436477316874,,True,False,True,,,
SIM_DIR-1784876009,SIM_DIR,capstone_i,,25,25,157.0,0.0,0.0,1.0,221.82643444089902,221.81215176438099,0.01428267651802972,321.64832993930355,288.37436477316874,,288.37436477316874,1000000000.0,True,False,True,,,
SIM_DIR-1784876009,SIM_DIR,capstone_ii,,25,25,157.0,0.0,0.0,1.0,221.82643444089902,221.81215176438099,0.01428267651802972,100480221.82643443,62800221.82643444,,62800221.82643444,1000000000.0,True,False,True,,,
SIM_DIR-1784876009,SIM_DIR,capstone_iii_fit_1x,fit_1x,25,25,157.0,0.0,0.0,1.0,221.82643444089902,221.81215176438099,0.01428267651802972,,,233.01704202911807,233.01704202911807,1000000000.0,True,False,True,,,
SIM_DIR-1784876009,SIM_DIR,capstone_iii_fit_2x,fit_2x,25,25,157.0,0.0,0.0,1.0,221.82643444089902,221.81215176438099,0.01428267651802972,,,244.10764961733713,244.10764961733713,1000000000.0,True,False,True,,,
SIM_DIR-1784876009,SIM_DIR,capstone_iii_fit_activity,fit_activity,25,25,157.0,0.0,0.0,1.0,221.82643444089902,221.81215176438099,0.01428267651802972,,,241.8895280996933,241.8895280996933,1000000000.0,True,False,True,,,
SIM_DIR-1784876009,SIM_DIR,capstone_iii_fit_activity_pvt,fit_activity_pvt,25,25,157.0,0.0,0.0,1.0,221.82643444089902,221.81215176438099,0.01428267651802972,,,248.54389265262478,248.54389265262478,1000000000.0,True,False,True,,,
SIM_DIR-1784876009,SIM_DIR,capstone_iii_full,full,25,25,157.0,0.0,0.0,1.0,221.82643444089902,221.81215176438099,0.01428267651802972,,,255.1982572055562,255.1982572055562,1000000000.0,True,False,True,,,
SIM_DIR-1784876009,SIM_DIR,baseline,,26,26,159.0,0.0,0.0,1.0,225.04987326832426,225.03559059180623,0.01428267651802972,326.3223162390702,292.56483524882157,,292.56483524882157,,True,False,True,,,
SIM_DIR-1784876009,SIM_DIR,capstone_i,,26,26,159.0,0.0,0.0,1.0,225.04987326832426,225.03559059180623,0.01428267651802972,326.3223162390702,292.56483524882157,,292.56483524882157,1000000000.0,True,False,True,,,
SIM_DIR-1784876009,SIM_DIR,capstone_ii,,26,26,159.0,0.0,0.0,1.0,225.04987326832426,225.03559059180623,0.01428267651802972,101760225.04987326,63600225.04987327,,63600225.04987327,1000000000.0,True,False,True,,,
SIM_DIR-1784876009,SIM_DIR,capstone_iii_fit_1x,fit_1x,26,26,159.0,0.0,0.0,1.0,225.04987326832426,225.03559059180623,0.01428267651802972,,,236.40165279791458,236.40165279791458,1000000000.0,True,False,True,,,
SIM_DIR-1784876009,SIM_DIR,capstone_iii_fit_2x,fit_2x,26,26,159.0,0.0,0.0,1.0,225.04987326832426,225.03559059180623,0.01428267651802972,,,247.65343232750487,247.65343232750487,1000000000.0,True,False,True,,,
SIM_DIR-1784876009,SIM_DIR,capstone_iii_fit_activity,fit_activity,26,26,159.0,0.0,0.0,1.0,225.04987326832426,225.03559059180623,0.01428267651802972,,,245.40307642158683,245.40307642158683,1000000000.0,True,False,True,,,
SIM_DIR-1784876009,SIM_DIR,capstone_iii_fit_activity_pvt,fit_activity_pvt,26,26,159.0,0.0,0.0,1.0,225.04987326832426,225.03559059180623,0.01428267651802972,,,252.15414413934099,252.15414413934099,1000000000.0,True,False,True,,,
SIM_DIR-1784876009,SIM_DIR,capstone_iii_full,full,26,26,159.0,0.0,0.0,1.0,225.04987326832426,225.03559059180623,0.01428267651802972,,,258.9052118570952,258.9052118570952,1000000000.0,True,False,True,,,
SIM_DIR-1784876009,SIM_DIR,baseline,,27,27,167.0,0.0,0.0,1.0,236.78992330291646,236.77564062639843,0.01428267651802972,343.3453887892289,307.8269002937914,,307.8269002937914,,True,False,True,,,
SIM_DIR-1784876009,SIM_DIR,capstone_i,,27,27,167.0,0.0,0.0,1.0,236.78992330291646,236.77564062639843,0.01428267651802972,343.3453887892289,307.8269002937914,,307.8269002937914,1000000000.0,True,False,True,,,
SIM_DIR-1784876009,SIM_DIR,capstone_ii,,27,27,167.0,0.0,0.0,1.0,236.78992330291646,236.77564062639843,0.01428267651802972,106880236.78992331,66800236.7899233,,66800236.7899233,1000000000.0,True,False,True,,,
SIM_DIR-1784876009,SIM_DIR,capstone_iii_fit_1x,fit_1x,27,27,167.0,0.0,0.0,1.0,236.78992330291646,236.77564062639843,0.01428267651802972,,,248.7287053342364,248.7287053342364,1000000000.0,True,False,True,,,
SIM_DIR-1784876009,SIM_DIR,capstone_iii_fit_2x,fit_2x,27,27,167.0,0.0,0.0,1.0,236.78992330291646,236.77564062639843,0.01428267651802972,,,260.5674873655563,260.5674873655563,1000000000.0,True,False,True,,,
SIM_DIR-1784876009,SIM_DIR,capstone_iii_fit_activity,fit_activity,27,27,167.0,0.0,0.0,1.0,236.78992330291646,236.77564062639843,0.01428267651802972,,,258.1997309592923,258.1997309592923,1000000000.0,True,False,True,,,
SIM_DIR-1784876009,SIM_DIR,capstone_iii_fit_activity_pvt,fit_activity_pvt,27,27,167.0,0.0,0.0,1.0,236.78992330291646,236.77564062639843,0.01428267651802972,,,265.3030001780843,265.3030001780843,1000000000.0,True,False,True,,,
SIM_DIR-1784876009,SIM_DIR,capstone_iii_full,full,27,27,167.0,0.0,0.0,1.0,236.78992330291646,236.77564062639843,0.01428267651802972,,,272.4062693968762,272.4062693968762,1000000000.0,True,False,True,,,
SIM_DIR-1784876009,SIM_DIR,baseline,,28,28,188.0,0.0,0.0,1.0,267.0337569093478,267.0194742328298,0.01428267651802972,387.1989475185543,347.14388398215215,,347.14388398215215,,True,False,True,,,
SIM_DIR-1784876009,SIM_DIR,capstone_i,,28,28,188.0,0.0,0.0,1.0,267.0337569093478,267.0194742328298,0.01428267651802972,387.1989475185543,347.14388398215215,,347.14388398215215,1000000000.0,True,False,True,,,
SIM_DIR-1784876009,SIM_DIR,capstone_ii,,28,28,188.0,0.0,0.0,1.0,267.0337569093478,267.0194742328298,0.01428267651802972,120320267.03375691,75200267.03375691,,75200267.03375691,1000000000.0,True,False,True,,,
SIM_DIR-1784876009,SIM_DIR,capstone_iii_fit_1x,fit_1x,28,28,188.0,0.0,0.0,1.0,267.0337569093478,267.0194742328298,0.01428267651802972,,,280.4847306209893,280.4847306209893,1000000000.0,True,False,True,,,
SIM_DIR-1784876009,SIM_DIR,capstone_iii_fit_2x,fit_2x,28,28,188.0,0.0,0.0,1.0,267.0337569093478,267.0194742328298,0.01428267651802972,,,293.83570433263077,293.83570433263077,1000000000.0,True,False,True,,,
SIM_DIR-1784876009,SIM_DIR,capstone_iii_fit_activity,fit_activity,28,28,188.0,0.0,0.0,1.0,267.0337569093478,267.0194742328298,0.01428267651802972,,,291.1655095903025,291.1655095903025,1000000000.0,True,False,True,,,
SIM_DIR-1784876009,SIM_DIR,capstone_iii_fit_activity_pvt,fit_activity_pvt,28,28,188.0,0.0,0.0,1.0,267.0337569093478,267.0194742328298,0.01428267651802972,,,299.1760938172874,299.1760938172874,1000000000.0,True,False,True,,,
SIM_DIR-1784876009,SIM_DIR,capstone_iii_full,full,28,28,188.0,0.0,0.0,1.0,267.0337569093478,267.0194742328298,0.01428267651802972,,,307.1866780442723,307.1866780442723,1000000000.0,True,False,True,,,
SIM_DIR-1784876009,SIM_DIR,baseline,,29,29,196.0,0.0,0.0,1.0,278.88555835050914,278.87127567399114,0.01428267651802972,404.38405960823826,362.5512258556619,,362.5512258556619,,True,False,True,,,
SIM_DIR-1784876009,SIM_DIR,capstone_i,,29,29,196.0,0.0,0.0,1.0,278.88555835050914,278.87127567399114,0.01428267651802972,404.38405960823826,362.5512258556619,,362.5512258556619,1000000000.0,True,False,True,,,
SIM_DIR-1784876009,SIM_DIR,capstone_ii,,29,29,196.0,0.0,0.0,1.0,278.88555835050914,278.87127567399114,0.01428267651802972,125440278.88555835,78400278.88555835,,78400278.88555835,1000000000.0,True,False,True,,,
SIM_DIR-1784876009,SIM_DIR,capstone_iii_fit_1x,fit_1x,29,29,196.0,0.0,0.0,1.0,278.88555835050914,278.87127567399114,0.01428267651802972,,,292.9291221342087,292.9291221342087,1000000000.0,True,False,True,,,
SIM_DIR-1784876009,SIM_DIR,capstone_iii_fit_2x,fit_2x,29,29,196.0,0.0,0.0,1.0,278.88555835050914,278.87127567399114,0.01428267651802972,,,306.87268591790826,306.87268591790826,1000000000.0,True,False,True,,,
SIM_DIR-1784876009,SIM_DIR,capstone_iii_fit_activity,fit_activity,29,29,196.0,0.0,0.0,1.0,278.88555835050914,278.87127567399114,0.01428267651802972,,,304.0839731611684,304.0839731611684,1000000000.0,True,False,True,,,
SIM_DIR-1784876009,SIM_DIR,capstone_iii_fit_activity_pvt,fit_activity_pvt,29,29,196.0,0.0,0.0,1.0,278.88555835050914,278.87127567399114,0.01428267651802972,,,312.4501114313881,312.4501114313881,1000000000.0,True,False,True,,,
SIM_DIR-1784876009,SIM_DIR,capstone_iii_full,full,29,29,196.0,0.0,0.0,1.0,278.88555835050914,278.87127567399114,0.01428267651802972,,,320.81624970160783,320.81624970160783,1000000000.0,True,False,True,,,
SIM_DIR-1784876009,SIM_DIR,baseline,,30,30,197.0,0.0,0.0,1.0,280.79977340356714,280.78549072704914,0.01428267651802972,407.15967143517236,365.0397054246373,,365.0397054246373,,True,False,True,,,
SIM_DIR-1784876009,SIM_DIR,capstone_i,,30,30,197.0,0.0,0.0,1.0,280.79977340356714,280.78549072704914,0.01428267651802972,407.15967143517236,365.0397054246373,,365.0397054246373,1000000000.0,True,False,True,,,
SIM_DIR-1784876009,SIM_DIR,capstone_ii,,30,30,197.0,0.0,0.0,1.0,280.79977340356714,280.78549072704914,0.01428267651802972,126080280.79977341,78800280.79977341,,78800280.79977341,1000000000.0,True,False,True,,,
SIM_DIR-1784876009,SIM_DIR,capstone_iii_fit_1x,fit_1x,30,30,197.0,0.0,0.0,1.0,280.79977340356714,280.78549072704914,0.01428267651802972,,,294.93904793991965,294.93904793991965,1000000000.0,True,False,True,,,
SIM_DIR-1784876009,SIM_DIR,capstone_iii_fit_2x,fit_2x,30,30,197.0,0.0,0.0,1.0,280.79977340356714,280.78549072704914,0.01428267651802972,,,308.9783224762721,308.9783224762721,1000000000.0,True,False,True,,,
SIM_DIR-1784876009,SIM_DIR,capstone_iii_fit_activity,fit_activity,30,30,197.0,0.0,0.0,1.0,280.79977340356714,280.78549072704914,0.01428267651802972,,,306.17046756900163,306.17046756900163,1000000000.0,True,False,True,,,
SIM_DIR-1784876009,SIM_DIR,capstone_iii_fit_activity_pvt,fit_activity_pvt,30,30,197.0,0.0,0.0,1.0,280.79977340356714,280.78549072704914,0.01428267651802972,,,314.5940322908131,314.5940322908131,1000000000.0,True,False,True,,,
SIM_DIR-1784876009,SIM_DIR,capstone_iii_full,full,30,30,197.0,0.0,0.0,1.0,280.79977340356714,280.78549072704914,0.01428267651802972,,,323.01759701262455,323.01759701262455,1000000000.0,True,False,True,,,
SIM_DIR-1784876009,SIM_DIR,baseline,,31,31,199.0,0.0,0.0,1.0,284.14641379718074,284.13213112066273,0.01428267651802972,412.01230000591204,369.39033793633496,,369.39033793633496,,True,False,True,,,
SIM_DIR-1784876009,SIM_DIR,capstone_i,,31,31,199.0,0.0,0.0,1.0,284.14641379718074,284.13213112066273,0.01428267651802972,412.01230000591204,369.39033793633496,,369.39033793633496,1000000000.0,True,False,True,,,
SIM_DIR-1784876009,SIM_DIR,capstone_ii,,31,31,199.0,0.0,0.0,1.0,284.14641379718074,284.13213112066273,0.01428267651802972,127360284.1464138,79600284.1464138,,79600284.1464138,1000000000.0,True,False,True,,,
SIM_DIR-1784876009,SIM_DIR,capstone_iii_fit_1x,fit_1x,31,31,199.0,0.0,0.0,1.0,284.14641379718074,284.13213112066273,0.01428267651802972,,,298.4530203532139,298.4530203532139,1000000000.0,True,False,True,,,
SIM_DIR-1784876009,SIM_DIR,capstone_iii_fit_2x,fit_2x,31,31,199.0,0.0,0.0,1.0,284.14641379718074,284.13213112066273,0.01428267651802972,,,312.65962690924704,312.65962690924704,1000000000.0,True,False,True,,,
SIM_DIR-1784876009,SIM_DIR,capstone_iii_fit_activity,fit_activity,31,31,199.0,0.0,0.0,1.0,284.14641379718074,284.13213112066273,0.01428267651802972,,,309.8183055980404,309.8183055980404,1000000000.0,True,False,True,,,
SIM_DIR-1784876009,SIM_DIR,capstone_iii_fit_activity_pvt,fit_activity_pvt,31,31,199.0,0.0,0.0,1.0,284.14641379718074,284.13213112066273,0.01428267651802972,,,318.34226953166035,318.34226953166035,1000000000.0,True,False,True,,,
SIM_DIR-1784876009,SIM_DIR,capstone_iii_full,full,31,31,199.0,0.0,0.0,1.0,284.14641379718074,284.13213112066273,0.01428267651802972,,,326.8662334652802,326.8662334652802,1000000000.0,True,False,True,,,
SIM_DIR-1784876009,SIM_DIR,baseline,,32,32,201.0,0.0,0.0,1.0,287.50265906907936,287.48837639256135,0.01428267651802972,416.87885565016506,373.7534567898032,,373.7534567898032,,True,False,True,,,
SIM_DIR-1784876009,SIM_DIR,capstone_i,,32,32,201.0,0.0,0.0,1.0,287.50265906907936,287.48837639256135,0.01428267651802972,416.87885565016506,373.7534567898032,,373.7534567898032,1000000000.0,True,False,True,,,
SIM_DIR-1784876009,SIM_DIR,capstone_ii,,32,32,201.0,0.0,0.0,1.0,287.50265906907936,287.48837639256135,0.01428267651802972,128640287.50265905,80400287.50265905,,80400287.50265905,1000000000.0,True,False,True,,,
SIM_DIR-1784876009,SIM_DIR,capstone_iii_fit_1x,fit_1x,32,32,201.0,0.0,0.0,1.0,287.50265906907936,287.48837639256135,0.01428267651802972,,,301.9770778887074,301.9770778887074,1000000000.0,True,False,True,,,
SIM_DIR-1784876009,SIM_DIR,capstone_iii_fit_2x,fit_2x,32,32,201.0,0.0,0.0,1.0,287.50265906907936,287.48837639256135,0.01428267651802972,,,316.3514967083355,316.3514967083355,1000000000.0,True,False,True,,,
SIM_DIR-1784876009,SIM_DIR,capstone_iii_fit_activity,fit_activity,32,32,201.0,0.0,0.0,1.0,287.50265906907936,287.48837639256135,0.01428267651802972,,,313.4766129444099,313.4766129444099,1000000000.0,True,False,True,,,
SIM_DIR-1784876009,SIM_DIR,capstone_iii_fit_activity_pvt,fit_activity_pvt,32,32,201.0,0.0,0.0,1.0,287.50265906907936,287.48837639256135,0.01428267651802972,,,322.1012642361867,322.1012642361867,1000000000.0,True,False,True,,,
SIM_DIR-1784876009,SIM_DIR,capstone_iii_full,full,32,32,201.0,0.0,0.0,1.0,287.50265906907936,287.48837639256135,0.01428267651802972,,,330.72591552796354,330.72591552796354,1000000000.0,True,False,True,,,
SIM_DIR-1784876009,SIM_DIR,baseline,,33,33,207.0,0.0,0.0,1.0,296.59961909324636,296.58533641672835,0.01428267651802972,430.0694476852072,385.57950482122027,,385.57950482122027,,True,False,True,,,
SIM_DIR-1784876009,SIM_DIR,capstone_i,,33,33,207.0,0.0,0.0,1.0,296.59961909324636,296.58533641672835,0.01428267651802972,430.0694476852072,385.57950482122027,,385.57950482122027,1000000000.0,True,False,True,,,
SIM_DIR-1784876009,SIM_DIR,capstone_ii,,33,33,207.0,0.0,0.0,1.0,296.59961909324636,296.58533641672835,0.01428267651802972,132480296.59961908,82800296.59961909,,82800296.59961909,1000000000.0,True,False,True,,,
SIM_DIR-1784876009,SIM_DIR,capstone_iii_fit_1x,fit_1x,33,33,207.0,0.0,0.0,1.0,296.59961909324636,296.58533641672835,0.01428267651802972,,,311.5288859140828,311.5288859140828,1000000000.0,True,False,True,,,
SIM_DIR-1784876009,SIM_DIR,capstone_iii_fit_2x,fit_2x,33,33,207.0,0.0,0.0,1.0,296.59961909324636,296.58533641672835,0.01428267651802972,,,326.35815273491926,326.35815273491926,1000000000.0,True,False,True,,,
SIM_DIR-1784876009,SIM_DIR,capstone_iii_fit_activity,fit_activity,33,33,207.0,0.0,0.0,1.0,296.59961909324636,296.58533641672835,0.01428267651802972,,,323.39229937075197,323.39229937075197,1000000000.0,True,False,True,,,
SIM_DIR-1784876009,SIM_DIR,capstone_iii_fit_activity_pvt,fit_activity_pvt,33,33,207.0,0.0,0.0,1.0,296.59961909324636,296.58533641672835,0.01428267651802972,,,332.2898594632538,332.2898594632538,1000000000.0,True,False,True,,,
SIM_DIR-1784876009,SIM_DIR,capstone_iii_full,full,33,33,207.0,0.0,0.0,1.0,296.59961909324636,296.58533641672835,0.01428267651802972,,,341.18741955575564,341.18741955575564,1000000000.0,True,False,True,,,
SIM_DIR-1784876009,SIM_DIR,baseline,,34,34,208.0,0.0,0.0,1.0,298.5497331546796,298.5354504781616,0.01428267651802972,432.8971130742854,388.1146531010835,,388.1146531010835,,True,False,True,,,
SIM_DIR-1784876009,SIM_DIR,capstone_i,,34,34,208.0,0.0,0.0,1.0,298.5497331546796,298.5354504781616,0.01428267651802972,432.8971130742854,388.1146531010835,,388.1146531010835,1000000000.0,True,False,True,,,
SIM_DIR-1784876009,SIM_DIR,capstone_ii,,34,34,208.0,0.0,0.0,1.0,298.5497331546796,298.5354504781616,0.01428267651802972,133120298.54973316,83200298.54973316,,83200298.54973316,1000000000.0,True,False,True,,,
SIM_DIR-1784876009,SIM_DIR,capstone_iii_fit_1x,fit_1x,34,34,208.0,0.0,0.0,1.0,298.5497331546796,298.5354504781616,0.01428267651802972,,,313.5765056785877,313.5765056785877,1000000000.0,True,False,True,,,
SIM_DIR-1784876009,SIM_DIR,capstone_iii_fit_2x,fit_2x,34,34,208.0,0.0,0.0,1.0,298.5497331546796,298.5354504781616,0.01428267651802972,,,328.5032782024958,328.5032782024958,1000000000.0,True,False,True,,,
SIM_DIR-1784876009,SIM_DIR,capstone_iii_fit_activity,fit_activity,34,34,208.0,0.0,0.0,1.0,298.5497331546796,298.5354504781616,0.01428267651802972,,,325.51792369771414,325.51792369771414,1000000000.0,True,False,True,,,
SIM_DIR-1784876009,SIM_DIR,capstone_iii_fit_activity_pvt,fit_activity_pvt,34,34,208.0,0.0,0.0,1.0,298.5497331546796,298.5354504781616,0.01428267651802972,,,334.473987212059,334.473987212059,1000000000.0,True,False,True,,,
SIM_DIR-1784876009,SIM_DIR,capstone_iii_full,full,34,34,208.0,0.0,0.0,1.0,298.5497331546796,298.5354504781616,0.01428267651802972,,,343.4300507264038,343.4300507264038,1000000000.0,True,False,True,,,
SIM_DIR-1784876009,SIM_DIR,baseline,,35,35,210.0,0.0,0.0,1.0,301.9422032429389,301.9279205664209,0.01428267651802972,437.8161947022614,392.52486421582057,,392.52486421582057,,True,False,True,,,
SIM_DIR-1784876009,SIM_DIR,capstone_i,,35,35,210.0,0.0,0.0,1.0,301.9422032429389,301.9279205664209,0.01428267651802972,437.8161947022614,392.52486421582057,,392.52486421582057,1000000000.0,True,False,True,,,
SIM_DIR-1784876009,SIM_DIR,capstone_ii,,35,35,210.0,0.0,0.0,1.0,301.9422032429389,301.9279205664209,0.01428267651802972,134400301.94220325,84000301.94220324,,84000301.94220324,1000000000.0,True,False,True,,,
SIM_DIR-1784876009,SIM_DIR,capstone_iii_fit_1x,fit_1x,35,35,210.0,0.0,0.0,1.0,301.9422032429389,301.9279205664209,0.01428267651802972,,,317.13859927126,317.13859927126,1000000000.0,True,False,True,,,
SIM_DIR-1784876009,SIM_DIR,capstone_iii_fit_2x,fit_2x,35,35,210.0,0.0,0.0,1.0,301.9422032429389,301.9279205664209,0.01428267651802972,,,332.23499529958104,332.23499529958104,1000000000.0,True,False,True,,,
SIM_DIR-1784876009,SIM_DIR,capstone_iii_fit_activity,fit_activity,35,35,210.0,0.0,0.0,1.0,301.9422032429389,301.9279205664209,0.01428267651802972,,,329.21571609391685,329.21571609391685,1000000000.0,True,False,True,,,
SIM_DIR-1784876009,SIM_DIR,capstone_iii_fit_activity_pvt,fit_activity_pvt,35,35,210.0,0.0,0.0,1.0,301.9422032429389,301.9279205664209,0.01428267651802972,,,338.2735537109094,338.2735537109094,1000000000.0,True,False,True,,,
SIM_DIR-1784876009,SIM_DIR,capstone_iii_full,full,35,35,210.0,0.0,0.0,1.0,301.9422032429389,301.9279205664209,0.01428267651802972,,,347.33139132790205,347.33139132790205,1000000000.0,True,False,True,,,
SIM_DIR-1784876009,SIM_DIR,baseline,,36,36,210.0,0.0,0.0,1.0,302.4637712162084,302.4494885396904,0.01428267651802972,438.5724682635022,393.20290258107093,,393.20290258107093,,True,False,True,,,
SIM_DIR-1784876009,SIM_DIR,capstone_i,,36,36,210.0,0.0,0.0,1.0,302.4637712162084,302.4494885396904,0.01428267651802972,438.5724682635022,393.20290258107093,,393.20290258107093,1000000000.0,True,False,True,,,
SIM_DIR-1784876009,SIM_DIR,capstone_ii,,36,36,210.0,0.0,0.0,1.0,302.4637712162084,302.4494885396904,0.01428267651802972,134400302.46377122,84000302.46377121,,84000302.46377121,1000000000.0,True,False,True,,,
SIM_DIR-1784876009,SIM_DIR,capstone_iii_fit_1x,fit_1x,36,36,210.0,0.0,0.0,1.0,302.4637712162084,302.4494885396904,0.01428267651802972,,,317.68624564319293,317.68624564319293,1000000000.0,True,False,True,,,
SIM_DIR-1784876009,SIM_DIR,capstone_iii_fit_2x,fit_2x,36,36,210.0,0.0,0.0,1.0,302.4637712162084,302.4494885396904,0.01428267651802972,,,332.80872007017746,332.80872007017746,1000000000.0,True,False,True,,,
SIM_DIR-1784876009,SIM_DIR,capstone_iii_fit_activity,fit_activity,36,36,210.0,0.0,0.0,1.0,302.4637712162084,302.4494885396904,0.01428267651802972,,,329.78422518478055,329.78422518478055,1000000000.0,True,False,True,,,
SIM_DIR-1784876009,SIM_DIR,capstone_iii_fit_activity_pvt,fit_activity_pvt,36,36,210.0,0.0,0.0,1.0,302.4637712162084,302.4494885396904,0.01428267651802972,,,338.85770984097127,338.85770984097127,1000000000.0,True,False,True,,,
SIM_DIR-1784876009,SIM_DIR,capstone_iii_full,full,36,36,210.0,0.0,0.0,1.0,302.4637712162084,302.4494885396904,0.01428267651802972,,,347.931194497162,347.931194497162,1000000000.0,True,False,True,,,
SIM_DIR-1784876009,SIM_DIR,baseline,,37,37,211.0,0.0,0.0,1.0,304.4276909769958,304.4134083004778,0.01428267651802972,441.4201519166439,395.75599827009455,,395.75599827009455,,True,False,True,,,
SIM_DIR-1784876009,SIM_DIR,capstone_i,,37,37,211.0,0.0,0.0,1.0,304.4276909769958,304.4134083004778,0.01428267651802972,441.4201519166439,395.75599827009455,,395.75599827009455,1000000000.0,True,False,True,,,
SIM_DIR-1784876009,SIM_DIR,capstone_ii,,37,37,211.0,0.0,0.0,1.0,304.4276909769958,304.4134083004778,0.01428267651802972,135040304.42769098,84400304.42769098,,84400304.42769098,1000000000.0,True,False,True,,,
SIM_DIR-1784876009,SIM_DIR,capstone_iii_fit_1x,fit_1x,37,37,211.0,0.0,0.0,1.0,304.4276909769958,304.4134083004778,0.01428267651802972,,,319.7483613920197,319.7483613920197,1000000000.0,True,False,True,,,
SIM_DIR-1784876009,SIM_DIR,capstone_iii_fit_2x,fit_2x,37,37,211.0,0.0,0.0,1.0,304.4276909769958,304.4134083004778,0.01428267651802972,,,334.96903180704356,334.96903180704356,1000000000.0,True,False,True,,,
SIM_DIR-1784876009,SIM_DIR,capstone_iii_fit_activity,fit_activity,37,37,211.0,0.0,0.0,1.0,304.4276909769958,304.4134083004778,0.01428267651802972,,,331.92489772403883,331.92489772403883,1000000000.0,True,False,True,,,
SIM_DIR-1784876009,SIM_DIR,capstone_iii_fit_activity_pvt,fit_activity_pvt,37,37,211.0,0.0,0.0,1.0,304.4276909769958,304.4134083004778,0.01428267651802972,,,341.05729997305315,341.05729997305315,1000000000.0,True,False,True,,,
SIM_DIR-1784876009,SIM_DIR,capstone_iii_full,full,37,37,211.0,0.0,0.0,1.0,304.4276909769958,304.4134083004778,0.01428267651802972,,,350.18970222206747,350.18970222206747,1000000000.0,True,False,True,,,
SIM_DIR-1784876009,SIM_DIR,baseline,,38,38,212.0,0.0,0.0,1.0,306.39620844482454,306.38192576830653,0.01428267651802972,444.2745022449956,398.31507097827193,,398.31507097827193,,True,False,True,,,
SIM_DIR-1784876009,SIM_DIR,capstone_i,,38,38,212.0,0.0,0.0,1.0,306.39620844482454,306.38192576830653,0.01428267651802972,444.2745022449956,398.31507097827193,,398.31507097827193,1000000000.0,True,False,True,,,
SIM_DIR-1784876009,SIM_DIR,capstone_ii,,38,38,212.0,0.0,0.0,1.0,306.39620844482454,306.38192576830653,0.01428267651802972,135680306.39620844,84800306.39620845,,84800306.39620845,1000000000.0,True,False,True,,,
SIM_DIR-1784876009,SIM_DIR,capstone_iii_fit_1x,fit_1x,38,38,212.0,0.0,0.0,1.0,306.39620844482454,306.38192576830653,0.01428267651802972,,,321.8153047332398,321.8153047332398,1000000000.0,True,False,True,,,
SIM_DIR-1784876009,SIM_DIR,capstone_iii_fit_2x,fit_2x,38,38,212.0,0.0,0.0,1.0,306.39620844482454,306.38192576830653,0.01428267651802972,,,337.1344010216552,337.1344010216552,1000000000.0,True,False,True,,,
SIM_DIR-1784876009,SIM_DIR,capstone_iii_fit_activity,fit_activity,38,38,212.0,0.0,0.0,1.0,306.39620844482454,306.38192576830653,0.01428267651802972,,,334.0705817639721,334.0705817639721,1000000000.0,True,False,True,,,
SIM_DIR-1784876009,SIM_DIR,capstone_iii_fit_activity_pvt,fit_activity_pvt,38,38,212.0,0.0,0.0,1.0,306.39620844482454,306.38192576830653,0.01428267651802972,,,343.26203953702134,343.26203953702134,1000000000.0,True,False,True,,,
SIM_DIR-1784876009,SIM_DIR,capstone_iii_full,full,38,38,212.0,0.0,0.0,1.0,306.39620844482454,306.38192576830653,0.01428267651802972,,,352.45349731007053,352.45349731007053,1000000000.0,True,False,True,,,
SIM_DIR-1784876009,SIM_DIR,baseline,,39,39,215.0,0.0,0.0,1.0,311.2646740472566,311.2503913707386,0.01428267651802972,451.3337773685221,404.6440762614336,,404.6440762614336,,True,False,True,,,
SIM_DIR-1784876009,SIM_DIR,capstone_i,,39,39,215.0,0.0,0.0,1.0,311.2646740472566,311.2503913707386,0.01428267651802972,451.3337773685221,404.6440762614336,,404.6440762614336,1000000000.0,True,False,True,,,
SIM_DIR-1784876009,SIM_DIR,capstone_ii,,39,39,215.0,0.0,0.0,1.0,311.2646740472566,311.2503913707386,0.01428267651802972,137600311.26467404,86000311.26467405,,86000311.26467405,1000000000.0,True,False,True,,,
SIM_DIR-1784876009,SIM_DIR,capstone_iii_fit_1x,fit_1x,39,39,215.0,0.0,0.0,1.0,311.2646740472566,311.2503913707386,0.01428267651802972,,,326.92719361579356,326.92719361579356,1000000000.0,True,False,True,,,
SIM_DIR-1784876009,SIM_DIR,capstone_iii_fit_2x,fit_2x,39,39,215.0,0.0,0.0,1.0,311.2646740472566,311.2503913707386,0.01428267651802972,,,342.4897131843305,342.4897131843305,1000000000.0,True,False,True,,,
SIM_DIR-1784876009,SIM_DIR,capstone_iii_fit_activity,fit_activity,39,39,215.0,0.0,0.0,1.0,311.2646740472566,311.2503913707386,0.01428267651802972,,,339.37720927062315,339.37720927062315,1000000000.0,True,False,True,,,
SIM_DIR-1784876009,SIM_DIR,capstone_iii_fit_activity_pvt,fit_activity_pvt,39,39,215.0,0.0,0.0,1.0,311.2646740472566,311.2503913707386,0.01428267651802972,,,348.71472101174527,348.71472101174527,1000000000.0,True,False,True,,,
SIM_DIR-1784876009,SIM_DIR,capstone_iii_full,full,39,39,215.0,0.0,0.0,1.0,311.2646740472566,311.2503913707386,0.01428267651802972,,,358.0522327528675,358.0522327528675,1000000000.0,True,False,True,,,
SIM_DIR-1784876009,SIM_DIR,baseline,,40,40,217.0,0.0,0.0,1.0,314.6974873787158,314.68320470219777,0.01428267651802972,456.3113566991379,409.1067335923305,,409.1067335923305,,True,False,True,,,
SIM_DIR-1784876009,SIM_DIR,capstone_i,,40,40,217.0,0.0,0.0,1.0,314.6974873787158,314.68320470219777,0.01428267651802972,456.3113566991379,409.1067335923305,,409.1067335923305,1000000000.0,True,False,True,,,
SIM_DIR-1784876009,SIM_DIR,capstone_ii,,40,40,217.0,0.0,0.0,1.0,314.6974873787158,314.68320470219777,0.01428267651802972,138880314.69748738,86800314.69748738,,86800314.69748738,1000000000.0,True,False,True,,,
SIM_DIR-1784876009,SIM_DIR,capstone_iii_fit_1x,fit_1x,40,40,217.0,0.0,0.0,1.0,314.6974873787158,314.68320470219777,0.01428267651802972,,,330.53164761382567,330.53164761382567,1000000000.0,True,False,True,,,
SIM_DIR-1784876009,SIM_DIR,capstone_iii_fit_2x,fit_2x,40,40,217.0,0.0,0.0,1.0,314.6974873787158,314.68320470219777,0.01428267651802972,,,346.2658078489356,346.2658078489356,1000000000.0,True,False,True,,,
SIM_DIR-1784876009,SIM_DIR,capstone_iii_fit_activity,fit_activity,40,40,217.0,0.0,0.0,1.0,314.6974873787158,314.68320470219777,0.01428267651802972,,,343.1189758019136,343.1189758019136,1000000000.0,True,False,True,,,
SIM_DIR-1784876009,SIM_DIR,capstone_iii_fit_activity_pvt,fit_activity_pvt,40,40,217.0,0.0,0.0,1.0,314.6974873787158,314.68320470219777,0.01428267651802972,,,352.5594719429795,352.5594719429795,1000000000.0,True,False,True,,,
SIM_DIR-1784876009,SIM_DIR,capstone_iii_full,full,40,40,217.0,0.0,0.0,1.0,314.6974873787158,314.68320470219777,0.01428267651802972,,,361.99996808404546,361.99996808404546,1000000000.0,True,False,True,,,
SIM_DIR-1784876009,SIM_DIR,baseline,,41,41,217.0,0.0,0.0,1.0,315.2345829466149,315.2203002700969,0.01428267651802972,457.0901452725916,409.8049578305994,,409.8049578305994,,True,False,True,,,
SIM_DIR-1784876009,SIM_DIR,capstone_i,,41,41,217.0,0.0,0.0,1.0,315.2345829466149,315.2203002700969,0.01428267651802972,457.0901452725916,409.8049578305994,,409.8049578305994,1000000000.0,True,False,True,,,
SIM_DIR-1784876009,SIM_DIR,capstone_ii,,41,41,217.0,0.0,0.0,1.0,315.2345829466149,315.2203002700969,0.01428267651802972,138880315.23458296,86800315.23458295,,86800315.23458295,1000000000.0,True,False,True,,,
SIM_DIR-1784876009,SIM_DIR,capstone_iii_fit_1x,fit_1x,41,41,217.0,0.0,0.0,1.0,315.2345829466149,315.2203002700969,0.01428267651802972,,,331.0955979601198,331.0955979601198,1000000000.0,True,False,True,,,
SIM_DIR-1784876009,SIM_DIR,capstone_iii_fit_2x,fit_2x,41,41,217.0,0.0,0.0,1.0,315.2345829466149,315.2203002700969,0.01428267651802972,,,346.8566129736247,346.8566129736247,1000000000.0,True,False,True,,,
SIM_DIR-1784876009,SIM_DIR,capstone_iii_fit_activity,fit_activity,41,41,217.0,0.0,0.0,1.0,315.2345829466149,315.2203002700969,0.01428267651802972,,,343.7044099709237,343.7044099709237,1000000000.0,True,False,True,,,
SIM_DIR-1784876009,SIM_DIR,capstone_iii_fit_activity_pvt,fit_activity_pvt,41,41,217.0,0.0,0.0,1.0,315.2345829466149,315.2203002700969,0.01428267651802972,,,353.1610189790266,353.1610189790266,1000000000.0,True,False,True,,,
SIM_DIR-1784876009,SIM_DIR,capstone_iii_full,full,41,41,217.0,0.0,0.0,1.0,315.2345829466149,315.2203002700969,0.01428267651802972,,,362.61762798712954,362.61762798712954,1000000000.0,True,False,True,,,
SIM_DIR-1784876009,SIM_DIR,baseline,,42,42,218.0,0.0,0.0,1.0,317.22641786083955,317.21213518432154,0.01428267651802972,459.97830589821734,412.3943432190914,,412.3943432190914,,True,False,True,,,
SIM_DIR-1784876009,SIM_DIR,capstone_i,,42,42,218.0,0.0,0.0,1.0,317.22641786083955,317.21213518432154,0.01428267651802972,459.97830589821734,412.3943432190914,,412.3943432190914,1000000000.0,True,False,True,,,
SIM_DIR-1784876009,SIM_DIR,capstone_ii,,42,42,218.0,0.0,0.0,1.0,317.22641786083955,317.21213518432154,0.01428267651802972,139520317.22641787,87200317.22641785,,87200317.22641785,1000000000.0,True,False,True,,,
SIM_DIR-1784876009,SIM_DIR,capstone_iii_fit_1x,fit_1x,42,42,218.0,0.0,0.0,1.0,317.22641786083955,317.21213518432154,0.01428267651802972,,,333.18702462005564,333.18702462005564,1000000000.0,True,False,True,,,
SIM_DIR-1784876009,SIM_DIR,capstone_iii_fit_2x,fit_2x,42,42,218.0,0.0,0.0,1.0,317.22641786083955,317.21213518432154,0.01428267651802972,,,349.04763137927176,349.04763137927176,1000000000.0,True,False,True,,,
SIM_DIR-1784876009,SIM_DIR,capstone_iii_fit_activity,fit_activity,42,42,218.0,0.0,0.0,1.0,317.22641786083955,317.21213518432154,0.01428267651802972,,,345.8755100274285,345.8755100274285,1000000000.0,True,False,True,,,
SIM_DIR-1784876009,SIM_DIR,capstone_iii_fit_activity_pvt,fit_activity_pvt,42,42,218.0,0.0,0.0,1.0,317.22641786083955,317.21213518432154,0.01428267651802972,,,355.39187408295817,355.39187408295817,1000000000.0,True,False,True,,,
SIM_DIR-1784876009,SIM_DIR,capstone_iii_full,full,42,42,218.0,0.0,0.0,1.0,317.22641786083955,317.21213518432154,0.01428267651802972,,,364.9082381384878,364.9082381384878,1000000000.0,True,False,True,,,
SIM_DIR-1784876009,SIM_DIR,baseline,,43,43,218.0,0.0,0.0,1.0,317.7652638806717,317.7509812041537,0.01428267651802972,460.75963262697394,413.0948430448732,,413.0948430448732,,True,False,True,,,
SIM_DIR-1784876009,SIM_DIR,capstone_i,,43,43,218.0,0.0,0.0,1.0,317.7652638806717,317.7509812041537,0.01428267651802972,460.75963262697394,413.0948430448732,,413.0948430448732,1000000000.0,True,False,True,,,
SIM_DIR-1784876009,SIM_DIR,capstone_ii,,43,43,218.0,0.0,0.0,1.0,317.7652638806717,317.7509812041537,0.01428267651802972,139520317.7652639,87200317.76526389,,87200317.76526389,1000000000.0,True,False,True,,,
SIM_DIR-1784876009,SIM_DIR,capstone_iii_fit_1x,fit_1x,43,43,218.0,0.0,0.0,1.0,317.7652638806717,317.7509812041537,0.01428267651802972,,,333.7528129408793,333.7528129408793,1000000000.0,True,False,True,,,
SIM_DIR-1784876009,SIM_DIR,capstone_iii_fit_2x,fit_2x,43,43,218.0,0.0,0.0,1.0,317.7652638806717,317.7509812041537,0.01428267651802972,,,349.64036200108706,349.64036200108706,1000000000.0,True,False,True,,,
SIM_DIR-1784876009,SIM_DIR,capstone_iii_fit_activity,fit_activity,43,43,218.0,0.0,0.0,1.0,317.7652638806717,317.7509812041537,0.01428267651802972,,,346.4628521890455,346.4628521890455,1000000000.0,True,False,True,,,
SIM_DIR-1784876009,SIM_DIR,capstone_iii_fit_activity_pvt,fit_activity_pvt,43,43,218.0,0.0,0.0,1.0,317.7652638806717,317.7509812041537,0.01428267651802972,,,355.9953816251701,355.9953816251701,1000000000.0,True,False,True,,,
SIM_DIR-1784876009,SIM_DIR,capstone_iii_full,full,43,43,218.0,0.0,0.0,1.0,317.7652638806717,317.7509812041537,0.01428267651802972,,,365.52791106129473,365.52791106129473,1000000000.0,True,False,True,,,
SIM_DIR-1784876009,SIM_DIR,baseline,,44,44,221.0,0.0,0.0,1.0,322.68388247919194,322.66959980267393,0.01428267651802972,467.8916295948283,419.4890472229495,,419.4890472229495,,True,False,True,,,
SIM_DIR-1784876009,SIM_DIR,capstone_i,,44,44,221.0,0.0,0.0,1.0,322.68388247919194,322.66959980267393,0.01428267651802972,467.8916295948283,419.4890472229495,,419.4890472229495,1000000000.0,True,False,True,,,
SIM_DIR-1784876009,SIM_DIR,capstone_ii,,44,44,221.0,0.0,0.0,1.0,322.68388247919194,322.66959980267393,0.01428267651802972,141440322.68388247,88400322.68388247,,88400322.68388247,1000000000.0,True,False,True,,,
SIM_DIR-1784876009,SIM_DIR,capstone_iii_fit_1x,fit_1x,44,44,221.0,0.0,0.0,1.0,322.68388247919194,322.66959980267393,0.01428267651802972,,,338.91736246932567,338.91736246932567,1000000000.0,True,False,True,,,
SIM_DIR-1784876009,SIM_DIR,capstone_iii_fit_2x,fit_2x,44,44,221.0,0.0,0.0,1.0,322.68388247919194,322.66959980267393,0.01428267651802972,,,355.0508424594594,355.0508424594594,1000000000.0,True,False,True,,,
SIM_DIR-1784876009,SIM_DIR,capstone_iii_fit_activity,fit_activity,44,44,221.0,0.0,0.0,1.0,322.68388247919194,322.66959980267393,0.01428267651802972,,,351.82414646143263,351.82414646143263,1000000000.0,True,False,True,,,
SIM_DIR-1784876009,SIM_DIR,capstone_iii_fit_activity_pvt,fit_activity_pvt,44,44,221.0,0.0,0.0,1.0,322.68388247919194,322.66959980267393,0.01428267651802972,,,361.5042344555128,361.5042344555128,1000000000.0,True,False,True,,,
SIM_DIR-1784876009,SIM_DIR,capstone_iii_full,full,44,44,221.0,0.0,0.0,1.0,322.68388247919194,322.66959980267393,0.01428267651802972,,,371.1843224495931,371.1843224495931,1000000000.0,True,False,True,,,
SIM_DIR-1784876009,SIM_DIR,baseline,,45,45,226.0,0.0,0.0,1.0,330.54198125614465,330.52769857962664,0.01428267651802972,479.2858728214097,429.70457563298805,,429.70457563298805,,True,False,True,,,
SIM_DIR-1784876009,SIM_DIR,capstone_i,,45,45,226.0,0.0,0.0,1.0,330.54198125614465,330.52769857962664,0.01428267651802972,479.2858728214097,429.70457563298805,,429.70457563298805,1000000000.0,True,False,True,,,
SIM_DIR-1784876009,SIM_DIR,capstone_ii,,45,45,226.0,0.0,0.0,1.0,330.54198125614465,330.52769857962664,0.01428267651802972,144640330.54198125,90400330.54198124,,90400330.54198124,1000000000.0,True,False,True,,,
SIM_DIR-1784876009,SIM_DIR,capstone_iii_fit_1x,fit_1x,45,45,226.0,0.0,0.0,1.0,330.54198125614465,330.52769857962664,0.01428267651802972,,,347.168366185126,347.168366185126,1000000000.0,True,False,True,,,
SIM_DIR-1784876009,SIM_DIR,capstone_iii_fit_2x,fit_2x,45,45,226.0,0.0,0.0,1.0,330.54198125614465,330.52769857962664,0.01428267651802972,,,363.69475111410736,363.69475111410736,1000000000.0,True,False,True,,,
SIM_DIR-1784876009,SIM_DIR,capstone_iii_fit_activity,fit_activity,45,45,226.0,0.0,0.0,1.0,330.54198125614465,330.52769857962664,0.01428267651802972,,,360.3894741283111,360.3894741283111,1000000000.0,True,False,True,,,
SIM_DIR-1784876009,SIM_DIR,capstone_iii_fit_activity_pvt,fit_activity_pvt,45,45,226.0,0.0,0.0,1.0,330.54198125614465,330.52769857962664,0.01428267651802972,,,370.3053050856999,370.3053050856999,1000000000.0,True,False,True,,,
SIM_DIR-1784876009,SIM_DIR,capstone_iii_full,full,45,45,226.0,0.0,0.0,1.0,330.54198125614465,330.52769857962664,0.01428267651802972,,,380.22113604308873,380.22113604308873,1000000000.0,True,False,True,,,
SIM_DIR-1784876009,SIM_DIR,baseline,,46,46,226.0,0.0,0.0,1.0,331.0994982042432,331.0852155277252,0.01428267651802972,480.09427239615263,430.4293476655162,,430.4293476655162,,True,False,True,,,
SIM_DIR-1784876009,SIM_DIR,capstone_i,,46,46,226.0,0.0,0.0,1.0,331.0994982042432,331.0852155277252,0.01428267651802972,480.09427239615263,430.4293476655162,,430.4293476655162,1000000000.0,True,False,True,,,
SIM_DIR-1784876009,SIM_DIR,capstone_ii,,46,46,226.0,0.0,0.0,1.0,331.0994982042432,331.0852155277252,0.01428267651802972,144640331.0994982,90400331.09949818,,90400331.09949818,1000000000.0,True,False,True,,,
SIM_DIR-1784876009,SIM_DIR,capstone_iii_fit_1x,fit_1x,46,46,226.0,0.0,0.0,1.0,331.0994982042432,331.0852155277252,0.01428267651802972,,,347.75375898062947,347.75375898062947,1000000000.0,True,False,True,,,
SIM_DIR-1784876009,SIM_DIR,capstone_iii_fit_2x,fit_2x,46,46,226.0,0.0,0.0,1.0,331.0994982042432,331.0852155277252,0.01428267651802972,,,364.3080197570158,364.3080197570158,1000000000.0,True,False,True,,,
SIM_DIR-1784876009,SIM_DIR,capstone_iii_fit_activity,fit_activity,46,46,226.0,0.0,0.0,1.0,331.0994982042432,331.0852155277252,0.01428267651802972,,,360.99716760173857,360.99716760173857,1000000000.0,True,False,True,,,
SIM_DIR-1784876009,SIM_DIR,capstone_iii_fit_activity_pvt,fit_activity_pvt,46,46,226.0,0.0,0.0,1.0,331.0994982042432,331.0852155277252,0.01428267651802972,,,370.92972406757025,370.92972406757025,1000000000.0,True,False,True,,,
SIM_DIR-1784876009,SIM_DIR,capstone_iii_full,full,46,46,226.0,0.0,0.0,1.0,331.0994982042432,331.0852155277252,0.01428267651802972,,,380.86228053340204,380.86228053340204,1000000000.0,True,False,True,,,
SIM_DIR-1784876009,SIM_DIR,baseline,,47,47,228.0,0.0,0.0,1.0,334.5915418180141,334.5772591414961,0.01428267651802972,485.15773563612044,434.9690043634183,,434.9690043634183,,True,False,True,,,
SIM_DIR-1784876009,SIM_DIR,capstone_i,,47,47,228.0,0.0,0.0,1.0,334.5915418180141,334.5772591414961,0.01428267651802972,485.15773563612044,434.9690043634183,,434.9690043634183,1000000000.0,True,False,True,,,
SIM_DIR-1784876009,SIM_DIR,capstone_ii,,47,47,228.0,0.0,0.0,1.0,334.5915418180141,334.5772591414961,0.01428267651802972,145920334.59154183,91200334.5915418,,91200334.5915418,1000000000.0,True,False,True,,,
SIM_DIR-1784876009,SIM_DIR,capstone_iii_fit_1x,fit_1x,47,47,228.0,0.0,0.0,1.0,334.5915418180141,334.5772591414961,0.01428267651802972,,,351.4204047750889,351.4204047750889,1000000000.0,True,False,True,,,
SIM_DIR-1784876009,SIM_DIR,capstone_iii_fit_2x,fit_2x,47,47,228.0,0.0,0.0,1.0,334.5915418180141,334.5772591414961,0.01428267651802972,,,368.14926773216376,368.14926773216376,1000000000.0,True,False,True,,,
SIM_DIR-1784876009,SIM_DIR,capstone_iii_fit_activity,fit_activity,47,47,228.0,0.0,0.0,1.0,334.5915418180141,334.5772591414961,0.01428267651802972,,,364.8034951407488,364.8034951407488,1000000000.0,True,False,True,,,
SIM_DIR-1784876009,SIM_DIR,capstone_iii_fit_activity_pvt,fit_activity_pvt,47,47,228.0,0.0,0.0,1.0,334.5915418180141,334.5772591414961,0.01428267651802972,,,374.84081291499365,374.84081291499365,1000000000.0,True,False,True,,,
SIM_DIR-1784876009,SIM_DIR,capstone_iii_full,full,47,47,228.0,0.0,0.0,1.0,334.5915418180141,334.5772591414961,0.01428267651802972,,,384.87813068923856,384.87813068923856,1000000000.0,True,False,True,,,
SIM_DIR-1784876009,SIM_DIR,baseline,,48,48,230.0,0.0,0.0,1.0,338.0930817069374,338.0787990304194,0.01428267651802972,490.23496847505925,439.52100621901866,,439.52100621901866,,True,False,True,,,
SIM_DIR-1784876009,SIM_DIR,capstone_i,,48,48,230.0,0.0,0.0,1.0,338.0930817069374,338.0787990304194,0.01428267651802972,490.23496847505925,439.52100621901866,,439.52100621901866,1000000000.0,True,False,True,,,
SIM_DIR-1784876009,SIM_DIR,capstone_ii,,48,48,230.0,0.0,0.0,1.0,338.0930817069374,338.0787990304194,0.01428267651802972,147200338.0930817,92000338.09308171,,92000338.09308171,1000000000.0,True,False,True,,,
SIM_DIR-1784876009,SIM_DIR,capstone_iii_fit_1x,fit_1x,48,48,230.0,0.0,0.0,1.0,338.0930817069374,338.0787990304194,0.01428267651802972,,,355.0970216584584,355.0970216584584,1000000000.0,True,False,True,,,
SIM_DIR-1784876009,SIM_DIR,capstone_iii_fit_2x,fit_2x,48,48,230.0,0.0,0.0,1.0,338.0930817069374,338.0787990304194,0.01428267651802972,,,372.0009616099794,372.0009616099794,1000000000.0,True,False,True,,,
SIM_DIR-1784876009,SIM_DIR,capstone_iii_fit_activity,fit_activity,48,48,230.0,0.0,0.0,1.0,338.0930817069374,338.0787990304194,0.01428267651802972,,,368.6201736196752,368.6201736196752,1000000000.0,True,False,True,,,
SIM_DIR-1784876009,SIM_DIR,capstone_iii_fit_activity_pvt,fit_activity_pvt,48,48,230.0,0.0,0.0,1.0,338.0930817069374,338.0787990304194,0.01428267651802972,,,378.7625375905878,378.7625375905878,1000000000.0,True,False,True,,,
SIM_DIR-1784876009,SIM_DIR,capstone_iii_full,full,48,48,230.0,0.0,0.0,1.0,338.0930817069374,338.0787990304194,0.01428267651802972,,,388.90490156150037,388.90490156150037,1000000000.0,True,False,True,,,
SIM_DIR-1784876009,SIM_DIR,baseline,,49,49,237.0,0.0,0.0,1.0,348.9659611965164,348.9516785199984,0.01428267651802972,506.00064373494877,453.65574955547135,,453.65574955547135,,True,False,True,,,
SIM_DIR-1784876009,SIM_DIR,capstone_i,,49,49,237.0,0.0,0.0,1.0,348.9659611965164,348.9516785199984,0.01428267651802972,506.00064373494877,453.65574955547135,,453.65574955547135,1000000000.0,True,False,True,,,
SIM_DIR-1784876009,SIM_DIR,capstone_ii,,49,49,237.0,0.0,0.0,1.0,348.9659611965164,348.9516785199984,0.01428267651802972,151680348.9659612,94800348.9659612,,94800348.9659612,1000000000.0,True,False,True,,,
SIM_DIR-1784876009,SIM_DIR,capstone_iii_fit_1x,fit_1x,49,49,237.0,0.0,0.0,1.0,348.9659611965164,348.9516785199984,0.01428267651802972,,,366.51354512251635,366.51354512251635,1000000000.0,True,False,True,,,
SIM_DIR-1784876009,SIM_DIR,capstone_iii_fit_2x,fit_2x,49,49,237.0,0.0,0.0,1.0,348.9659611965164,348.9516785199984,0.01428267651802972,,,383.9611290485163,383.9611290485163,1000000000.0,True,False,True,,,
SIM_DIR-1784876009,SIM_DIR,capstone_iii_fit_activity,fit_activity,49,49,237.0,0.0,0.0,1.0,348.9659611965164,348.9516785199984,0.01428267651802972,,,380.4716122633163,380.4716122633163,1000000000.0,True,False,True,,,
SIM_DIR-1784876009,SIM_DIR,capstone_iii_fit_activity_pvt,fit_activity_pvt,49,49,237.0,0.0,0.0,1.0,348.9659611965164,348.9516785199984,0.01428267651802972,,,390.94016261891625,390.94016261891625,1000000000.0,True,False,True,,,
SIM_DIR-1784876009,SIM_DIR,capstone_iii_full,full,49,49,237.0,0.0,0.0,1.0,348.9659611965164,348.9516785199984,0.01428267651802972,,,401.40871297451616,401.40871297451616,1000000000.0,True,False,True,,,
SIM_DIR-1784876009,SIM_DIR,baseline,,50,50,238.0,0.0,0.0,1.0,351.02394674222927,351.00966406571126,0.01428267651802972,508.98472277623245,456.3311307648981,,456.3311307648981,,True,False,True,,,
SIM_DIR-1784876009,SIM_DIR,capstone_i,,50,50,238.0,0.0,0.0,1.0,351.02394674222927,351.00966406571126,0.01428267651802972,508.98472277623245,456.3311307648981,,456.3311307648981,1000000000.0,True,False,True,,,
SIM_DIR-1784876009,SIM_DIR,capstone_ii,,50,50,238.0,0.0,0.0,1.0,351.02394674222927,351.00966406571126,0.01428267651802972,152320351.02394673,95200351.02394675,,95200351.02394675,1000000000.0,True,False,True,,,
SIM_DIR-1784876009,SIM_DIR,capstone_iii_fit_1x,fit_1x,50,50,238.0,0.0,0.0,1.0,351.02394674222927,351.00966406571126,0.01428267651802972,,,368.6744299455149,368.6744299455149,1000000000.0,True,False,True,,,
SIM_DIR-1784876009,SIM_DIR,capstone_iii_fit_2x,fit_2x,50,50,238.0,0.0,0.0,1.0,351.02394674222927,351.00966406571126,0.01428267651802972,,,386.2249131488004,386.2249131488004,1000000000.0,True,False,True,,,
SIM_DIR-1784876009,SIM_DIR,capstone_iii_fit_activity,fit_activity,50,50,238.0,0.0,0.0,1.0,351.02394674222927,351.00966406571126,0.01428267651802972,,,382.7148165081433,382.7148165081433,1000000000.0,True,False,True,,,
SIM_DIR-1784876009,SIM_DIR,capstone_iii_fit_activity_pvt,fit_activity_pvt,50,50,238.0,0.0,0.0,1.0,351.02394674222927,351.00966406571126,0.01428267651802972,,,393.2451064301147,393.2451064301147,1000000000.0,True,False,True,,,
SIM_DIR-1784876009,SIM_DIR,capstone_iii_full,full,50,50,238.0,0.0,0.0,1.0,351.02394674222927,351.00966406571126,0.01428267651802972,,,403.775396352086,403.775396352086,1000000000.0,True,False,True,,,
SIM_DIR-1784876009,SIM_DIR,baseline,,51,51,240.0,0.0,0.0,1.0,354.56377325733774,354.54949058081974,0.01428267651802972,514.1174712231397,460.9329052345391,,460.9329052345391,,True,False,True,,,
SIM_DIR-1784876009,SIM_DIR,capstone_i,,51,51,240.0,0.0,0.0,1.0,354.56377325733774,354.54949058081974,0.01428267651802972,514.1174712231397,460.9329052345391,,460.9329052345391,1000000000.0,True,False,True,,,
SIM_DIR-1784876009,SIM_DIR,capstone_ii,,51,51,240.0,0.0,0.0,1.0,354.56377325733774,354.54949058081974,0.01428267651802972,153600354.56377324,96000354.56377326,,96000354.56377326,1000000000.0,True,False,True,,,
SIM_DIR-1784876009,SIM_DIR,capstone_iii_fit_1x,fit_1x,51,51,240.0,0.0,0.0,1.0,354.56377325733774,354.54949058081974,0.01428267651802972,,,372.39124778637876,372.39124778637876,1000000000.0,True,False,True,,,
SIM_DIR-1784876009,SIM_DIR,capstone_iii_fit_2x,fit_2x,51,51,240.0,0.0,0.0,1.0,354.56377325733774,354.54949058081974,0.01428267651802972,,,390.11872231541975,390.11872231541975,1000000000.0,True,False,True,,,
SIM_DIR-1784876009,SIM_DIR,capstone_iii_fit_activity,fit_activity,51,51,240.0,0.0,0.0,1.0,354.56377325733774,354.54949058081974,0.01428267651802972,,,386.57322740961155,386.57322740961155,1000000000.0,True,False,True,,,
SIM_DIR-1784876009,SIM_DIR,capstone_iii_fit_activity_pvt,fit_activity_pvt,51,51,240.0,0.0,0.0,1.0,354.56377325733774,354.54949058081974,0.01428267651802972,,,397.2097121270361,397.2097121270361,1000000000.0,True,False,True,,,
SIM_DIR-1784876009,SIM_DIR,capstone_iii_full,full,51,51,240.0,0.0,0.0,1.0,354.56377325733774,354.54949058081974,0.01428267651802972,,,407.8461968444607,407.8461968444607,1000000000.0,True,False,True,,,
SIM_DIR-1784876009,SIM_DIR,baseline,,52,52,242.0,0.0,0.0,1.0,358.11306463512585,358.09878195860784,0.01428267651802972,519.2639437209325,465.5469840256636,,465.5469840256636,,True,False,True,,,
SIM_DIR-1784876009,SIM_DIR,capstone_i,,52,52,242.0,0.0,0.0,1.0,358.11306463512585,358.09878195860784,0.01428267651802972,519.2639437209325,465.5469840256636,,465.5469840256636,1000000000.0,True,False,True,,,
SIM_DIR-1784876009,SIM_DIR,capstone_ii,,52,52,242.0,0.0,0.0,1.0,358.11306463512585,358.09878195860784,0.01428267651802972,154880358.11306465,96800358.11306463,,96800358.11306463,1000000000.0,True,False,True,,,
SIM_DIR-1784876009,SIM_DIR,capstone_iii_fit_1x,fit_1x,52,52,242.0,0.0,0.0,1.0,358.11306463512585,358.09878195860784,0.01428267651802972,,,376.1180037330563,376.1180037330563,1000000000.0,True,False,True,,,
SIM_DIR-1784876009,SIM_DIR,capstone_iii_fit_2x,fit_2x,52,52,242.0,0.0,0.0,1.0,358.11306463512585,358.09878195860784,0.01428267651802972,,,394.0229428309867,394.0229428309867,1000000000.0,True,False,True,,,
SIM_DIR-1784876009,SIM_DIR,capstone_iii_fit_activity,fit_activity,52,52,242.0,0.0,0.0,1.0,358.11306463512585,358.09878195860784,0.01428267651802972,,,390.4419550114006,390.4419550114006,1000000000.0,True,False,True,,,
SIM_DIR-1784876009,SIM_DIR,capstone_iii_fit_activity_pvt,fit_activity_pvt,52,52,242.0,0.0,0.0,1.0,358.11306463512585,358.09878195860784,0.01428267651802972,,,401.18491847015883,401.18491847015883,1000000000.0,True,False,True,,,
SIM_DIR-1784876009,SIM_DIR,capstone_iii_full,full,52,52,242.0,0.0,0.0,1.0,358.11306463512585,358.09878195860784,0.01428267651802972,,,411.9278819289171,411.9278819289171,1000000000.0,True,False,True,,,
SIM_DIR-1784876009,SIM_DIR,baseline,,53,53,242.0,0.0,0.0,1.0,358.7074087923612,358.6931261158432,0.01428267651802972,520.1257427489237,466.3196314300696,,466.3196314300696,,True,False,True,,,
SIM_DIR-1784876009,SIM_DIR,capstone_i,,53,53,242.0,0.0,0.0,1.0,358.7074087923612,358.6931261158432,0.01428267651802972,520.1257427489237,466.3196314300696,,466.3196314300696,1000000000.0,True,False,True,,,
SIM_DIR-1784876009,SIM_DIR,capstone_ii,,53,53,242.0,0.0,0.0,1.0,358.7074087923612,358.6931261158432,0.01428267651802972,154880358.7074088,96800358.70740879,,96800358.70740879,1000000000.0,True,False,True,,,
SIM_DIR-1784876009,SIM_DIR,capstone_iii_fit_1x,fit_1x,53,53,242.0,0.0,0.0,1.0,358.7074087923612,358.6931261158432,0.01428267651802972,,,376.7420650981534,376.7420650981534,1000000000.0,True,False,True,,,
SIM_DIR-1784876009,SIM_DIR,capstone_iii_fit_2x,fit_2x,53,53,242.0,0.0,0.0,1.0,358.7074087923612,358.6931261158432,0.01428267651802972,,,394.6767214039456,394.6767214039456,1000000000.0,True,False,True,,,
SIM_DIR-1784876009,SIM_DIR,capstone_iii_fit_activity,fit_activity,53,53,242.0,0.0,0.0,1.0,358.7074087923612,358.6931261158432,0.01428267651802972,,,391.08979014278714,391.08979014278714,1000000000.0,True,False,True,,,
SIM_DIR-1784876009,SIM_DIR,capstone_iii_fit_activity_pvt,fit_activity_pvt,53,53,242.0,0.0,0.0,1.0,358.7074087923612,358.6931261158432,0.01428267651802972,,,401.8505839262624,401.8505839262624,1000000000.0,True,False,True,,,
SIM_DIR-1784876009,SIM_DIR,capstone_iii_full,full,53,53,242.0,0.0,0.0,1.0,358.7074087923612,358.6931261158432,0.01428267651802972,,,412.61137770973767,412.61137770973767,1000000000.0,True,False,True,,,
SIM_DIR-1784876009,SIM_DIR,baseline,,54,54,243.0,0.0,0.0,1.0,360.78604534305964,360.77176266654163,0.01428267651802972,523.1397657474365,469.02185894597756,,469.02185894597756,,True,False,True,,,
SIM_DIR-1784876009,SIM_DIR,capstone_i,,54,54,243.0,0.0,0.0,1.0,360.78604534305964,360.77176266654163,0.01428267651802972,523.1397657474365,469.02185894597756,,469.02185894597756,1000000000.0,True,False,True,,,
SIM_DIR-1784876009,SIM_DIR,capstone_ii,,54,54,243.0,0.0,0.0,1.0,360.78604534305964,360.77176266654163,0.01428267651802972,155520360.78604534,97200360.78604534,,97200360.78604534,1000000000.0,True,False,True,,,
SIM_DIR-1784876009,SIM_DIR,capstone_iii_fit_1x,fit_1x,54,54,243.0,0.0,0.0,1.0,360.78604534305964,360.77176266654163,0.01428267651802972,,,378.9246334763868,378.9246334763868,1000000000.0,True,False,True,,,
SIM_DIR-1784876009,SIM_DIR,capstone_iii_fit_2x,fit_2x,54,54,243.0,0.0,0.0,1.0,360.78604534305964,360.77176266654163,0.01428267651802972,,,396.96322160971386,396.96322160971386,1000000000.0,True,False,True,,,
SIM_DIR-1784876009,SIM_DIR,capstone_iii_fit_activity,fit_activity,54,54,243.0,0.0,0.0,1.0,360.78604534305964,360.77176266654163,0.01428267651802972,,,393.3555039830485,393.3555039830485,1000000000.0,True,False,True,,,
SIM_DIR-1784876009,SIM_DIR,capstone_iii_fit_activity_pvt,fit_activity_pvt,54,54,243.0,0.0,0.0,1.0,360.78604534305964,360.77176266654163,0.01428267651802972,,,404.1786568630447,404.1786568630447,1000000000.0,True,False,True,,,
SIM_DIR-1784876009,SIM_DIR,capstone_iii_full,full,54,54,243.0,0.0,0.0,1.0,360.78604534305964,360.77176266654163,0.01428267651802972,,,415.0018097430409,415.0018097430409,1000000000.0,True,False,True,,,
SIM_DIR-1784876009,SIM_DIR,baseline,,55,55,245.0,0.0,0.0,1.0,364.35633621326184,364.34205353674383,0.01428267651802972,528.3166875092296,473.6632370772404,,473.6632370772404,,True,False,True,,,
SIM_DIR-1784876009,SIM_DIR,capstone_i,,55,55,245.0,0.0,0.0,1.0,364.35633621326184,364.34205353674383,0.01428267651802972,528.3166875092296,473.6632370772404,,473.6632370772404,1000000000.0,True,False,True,,,
SIM_DIR-1784876009,SIM_DIR,capstone_ii,,55,55,245.0,0.0,0.0,1.0,364.35633621326184,364.34205353674383,0.01428267651802972,156800364.3563362,98000364.3563362,,98000364.3563362,1000000000.0,True,False,True,,,
SIM_DIR-1784876009,SIM_DIR,capstone_iii_fit_1x,fit_1x,55,55,245.0,0.0,0.0,1.0,364.35633621326184,364.34205353674383,0.01428267651802972,,,382.6734388900991,382.6734388900991,1000000000.0,True,False,True,,,
SIM_DIR-1784876009,SIM_DIR,capstone_iii_fit_2x,fit_2x,55,55,245.0,0.0,0.0,1.0,364.35633621326184,364.34205353674383,0.01428267651802972,,,400.89054156693624,400.89054156693624,1000000000.0,True,False,True,,,
SIM_DIR-1784876009,SIM_DIR,capstone_iii_fit_activity,fit_activity,55,55,245.0,0.0,0.0,1.0,364.35633621326184,364.34205353674383,0.01428267651802972,,,397.2471210315688,397.2471210315688,1000000000.0,True,False,True,,,
SIM_DIR-1784876009,SIM_DIR,capstone_iii_fit_activity_pvt,fit_activity_pvt,55,55,245.0,0.0,0.0,1.0,364.35633621326184,364.34205353674383,0.01428267651802972,,,408.17738263767114,408.17738263767114,1000000000.0,True,False,True,,,
SIM_DIR-1784876009,SIM_DIR,capstone_iii_full,full,55,55,245.0,0.0,0.0,1.0,364.35633621326184,364.34205353674383,0.01428267651802972,,,419.1076442437734,419.1076442437734,1000000000.0,True,False,True,,,
SIM_DIR-1784876009,SIM_DIR,baseline,,56,56,245.0,0.0,0.0,1.0,364.9569486922397,364.94266601572167,0.01428267651802972,529.1875756037475,474.4440332999116,,474.4440332999116,,True,False,True,,,
SIM_DIR-1784876009,SIM_DIR,capstone_i,,56,56,245.0,0.0,0.0,1.0,364.9569486922397,364.94266601572167,0.01428267651802972,529.1875756037475,474.4440332999116,,474.4440332999116,1000000000.0,True,False,True,,,
SIM_DIR-1784876009,SIM_DIR,capstone_ii,,56,56,245.0,0.0,0.0,1.0,364.9569486922397,364.94266601572167,0.01428267651802972,156800364.9569487,98000364.9569487,,98000364.9569487,1000000000.0,True,False,True,,,
SIM_DIR-1784876009,SIM_DIR,capstone_iii_fit_1x,fit_1x,56,56,245.0,0.0,0.0,1.0,364.9569486922397,364.94266601572167,0.01428267651802972,,,383.3040819930258,383.3040819930258,1000000000.0,True,False,True,,,
SIM_DIR-1784876009,SIM_DIR,capstone_iii_fit_2x,fit_2x,56,56,245.0,0.0,0.0,1.0,364.9569486922397,364.94266601572167,0.01428267651802972,,,401.5512152938119,401.5512152938119,1000000000.0,True,False,True,,,
SIM_DIR-1784876009,SIM_DIR,capstone_iii_fit_activity,fit_activity,56,56,245.0,0.0,0.0,1.0,364.9569486922397,364.94266601572167,0.01428267651802972,,,397.9017886336547,397.9017886336547,1000000000.0,True,False,True,,,
SIM_DIR-1784876009,SIM_DIR,capstone_iii_fit_activity_pvt,fit_activity_pvt,56,56,245.0,0.0,0.0,1.0,364.9569486922397,364.94266601572167,0.01428267651802972,,,408.85006861412637,408.85006861412637,1000000000.0,True,False,True,,,
SIM_DIR-1784876009,SIM_DIR,capstone_iii_full,full,56,56,245.0,0.0,0.0,1.0,364.9569486922397,364.94266601572167,0.01428267651802972,,,419.79834859459794,419.79834859459794,1000000000.0,True,False,True,,,
SIM_DIR-1784876009,SIM_DIR,baseline,,57,57,245.0,0.0,0.0,1.0,365.55720071500514,365.54291803848713,0.01428267651802972,530.0579410367575,475.2243609295067,,475.2243609295067,,True,False,True,,,
SIM_DIR-1784876009,SIM_DIR,capstone_i,,57,57,245.0,0.0,0.0,1.0,365.55720071500514,365.54291803848713,0.01428267651802972,530.0579410367575,475.2243609295067,,475.2243609295067,1000000000.0,True,False,True,,,
SIM_DIR-1784876009,SIM_DIR,capstone_ii,,57,57,245.0,0.0,0.0,1.0,365.55720071500514,365.54291803848713,0.01428267651802972,156800365.55720073,98000365.55720071,,98000365.55720071,1000000000.0,True,False,True,,,
SIM_DIR-1784876009,SIM_DIR,capstone_iii_fit_1x,fit_1x,57,57,245.0,0.0,0.0,1.0,365.55720071500514,365.54291803848713,0.01428267651802972,,,383.9343466169296,383.9343466169296,1000000000.0,True,False,True,,,
SIM_DIR-1784876009,SIM_DIR,capstone_iii_fit_2x,fit_2x,57,57,245.0,0.0,0.0,1.0,365.55720071500514,365.54291803848713,0.01428267651802972,,,402.2114925188539,402.2114925188539,1000000000.0,True,False,True,,,
SIM_DIR-1784876009,SIM_DIR,capstone_iii_fit_activity,fit_activity,57,57,245.0,0.0,0.0,1.0,365.55720071500514,365.54291803848713,0.01428267651802972,,,398.5560633384691,398.5560633384691,1000000000.0,True,False,True,,,
SIM_DIR-1784876009,SIM_DIR,capstone_iii_fit_activity_pvt,fit_activity_pvt,57,57,245.0,0.0,0.0,1.0,365.55720071500514,365.54291803848713,0.01428267651802972,,,409.5223508796236,409.5223508796236,1000000000.0,True,False,True,,,
SIM_DIR-1784876009,SIM_DIR,capstone_iii_full,full,57,57,245.0,0.0,0.0,1.0,365.55720071500514,365.54291803848713,0.01428267651802972,,,420.4886384207783,420.4886384207783,1000000000.0,True,False,True,,,
SIM_DIR-1784876009,SIM_DIR,baseline,,58,58,246.0,0.0,0.0,1.0,367.65155572833845,367.63727305182044,0.01428267651802972,533.0947558060907,477.94702244684,,477.94702244684,,True,False,True,,,
SIM_DIR-1784876009,SIM_DIR,capstone_i,,58,58,246.0,0.0,0.0,1.0,367.65155572833845,367.63727305182044,0.01428267651802972,533.0947558060907,477.94702244684,,477.94702244684,1000000000.0,True,False,True,,,
SIM_DIR-1784876009,SIM_DIR,capstone_ii,,58,58,246.0,0.0,0.0,1.0,367.65155572833845,367.63727305182044,0.01428267651802972,157440367.65155572,98400367.65155573,,98400367.65155573,1000000000.0,True,False,True,,,
SIM_DIR-1784876009,SIM_DIR,capstone_iii_fit_1x,fit_1x,58,58,246.0,0.0,0.0,1.0,367.65155572833845,367.63727305182044,0.01428267651802972,,,386.1334193809295,386.1334193809295,1000000000.0,True,False,True,,,
SIM_DIR-1784876009,SIM_DIR,capstone_iii_fit_2x,fit_2x,58,58,246.0,0.0,0.0,1.0,367.65155572833845,367.63727305182044,0.01428267651802972,,,404.5152830335205,404.5152830335205,1000000000.0,True,False,True,,,
SIM_DIR-1784876009,SIM_DIR,capstone_iii_fit_activity,fit_activity,58,58,246.0,0.0,0.0,1.0,367.65155572833845,367.63727305182044,0.01428267651802972,,,400.8389103030023,400.8389103030023,1000000000.0,True,False,True,,,
SIM_DIR-1784876009,SIM_DIR,capstone_iii_fit_activity_pvt,fit_activity_pvt,58,58,246.0,0.0,0.0,1.0,367.65155572833845,367.63727305182044,0.01428267651802972,,,411.86802849455694,411.86802849455694,1000000000.0,True,False,True,,,
SIM_DIR-1784876009,SIM_DIR,capstone_iii_full,full,58,58,246.0,0.0,0.0,1.0,367.65155572833845,367.63727305182044,0.01428267651802972,,,422.89714668611157,422.89714668611157,1000000000.0,True,False,True,,,
SIM_DIR-1784876009,SIM_DIR,baseline,,59,59,246.0,0.0,0.0,1.0,368.2535428741892,368.2392601976712,0.01428267651802972,533.9676371675743,478.72960573644593,,478.72960573644593,,True,False,True,,,
SIM_DIR-1784876009,SIM_DIR,capstone_i,,59,59,246.0,0.0,0.0,1.0,368.2535428741892,368.2392601976712,0.01428267651802972,533.9676371675743,478.72960573644593,,478.72960573644593,1000000000.0,True,False,True,,,
SIM_DIR-1784876009,SIM_DIR,capstone_ii,,59,59,246.0,0.0,0.0,1.0,368.2535428741892,368.2392601976712,0.01428267651802972,157440368.25354287,98400368.25354287,,98400368.25354287,1000000000.0,True,False,True,,,
SIM_DIR-1784876009,SIM_DIR,capstone_iii_fit_1x,fit_1x,59,59,246.0,0.0,0.0,1.0,368.2535428741892,368.2392601976712,0.01428267651802972,,,386.7655058840728,386.7655058840728,1000000000.0,True,False,True,,,
SIM_DIR-1784876009,SIM_DIR,capstone_iii_fit_2x,fit_2x,59,59,246.0,0.0,0.0,1.0,368.2535428741892,368.2392601976712,0.01428267651802972,,,405.1774688939563,405.1774688939563,1000000000.0,True,False,True,,,
SIM_DIR-1784876009,SIM_DIR,capstone_iii_fit_activity,fit_activity,59,59,246.0,0.0,0.0,1.0,368.2535428741892,368.2392601976712,0.01428267651802972,,,401.4950762919796,401.4950762919796,1000000000.0,True,False,True,,,
SIM_DIR-1784876009,SIM_DIR,capstone_iii_fit_activity_pvt,fit_activity_pvt,59,59,246.0,0.0,0.0,1.0,368.2535428741892,368.2392601976712,0.01428267651802972,,,412.54225409790973,412.54225409790973,1000000000.0,True,False,True,,,
SIM_DIR-1784876009,SIM_DIR,capstone_iii_full,full,59,59,246.0,0.0,0.0,1.0,368.2535428741892,368.2392601976712,0.01428267651802972,,,423.5894319038399,423.5894319038399,1000000000.0,True,False,True,,,
SIM_DIR-1784876009,SIM_DIR,baseline,,60,60,258.0,0.0,0.0,1.0,386.8474157534812,386.8331330769632,0.01428267651802972,560.9287528425477,502.90164047952555,,502.90164047952555,,True,False,True,,,
SIM_DIR-1784876009,SIM_DIR,capstone_i,,60,60,258.0,0.0,0.0,1.0,386.8474157534812,386.8331330769632,0.01428267651802972,560.9287528425477,502.90164047952555,,502.90164047952555,1000000000.0,True,False,True,,,
SIM_DIR-1784876009,SIM_DIR,capstone_ii,,60,60,258.0,0.0,0.0,1.0,386.8474157534812,386.8331330769632,0.01428267651802972,165120386.84741575,103200386.84741576,,103200386.84741576,1000000000.0,True,False,True,,,
SIM_DIR-1784876009,SIM_DIR,capstone_iii_fit_1x,fit_1x,60,60,258.0,0.0,0.0,1.0,386.8474157534812,386.8331330769632,0.01428267651802972,,,406.2890724073294,406.2890724073294,1000000000.0,True,False,True,,,
SIM_DIR-1784876009,SIM_DIR,capstone_iii_fit_2x,fit_2x,60,60,258.0,0.0,0.0,1.0,386.8474157534812,386.8331330769632,0.01428267651802972,,,425.63072906117753,425.63072906117753,1000000000.0,True,False,True,,,
SIM_DIR-1784876009,SIM_DIR,capstone_iii_fit_activity,fit_activity,60,60,258.0,0.0,0.0,1.0,386.8474157534812,386.8331330769632,0.01428267651802972,,,421.7623977304079,421.7623977304079,1000000000.0,True,False,True,,,
SIM_DIR-1784876009,SIM_DIR,capstone_iii_fit_activity_pvt,fit_activity_pvt,60,60,258.0,0.0,0.0,1.0,386.8474157534812,386.8331330769632,0.01428267651802972,,,433.3673917227168,433.3673917227168,1000000000.0,True,False,True,,,
SIM_DIR-1784876009,SIM_DIR,capstone_iii_full,full,60,60,258.0,0.0,0.0,1.0,386.8474157534812,386.8331330769632,0.01428267651802972,,,444.9723857150257,444.9723857150257,1000000000.0,True,False,True,,,
SIM_DIR-1784876009,SIM_DIR,baseline,,61,61,259.0,0.0,0.0,1.0,388.97982818710955,388.96554551059154,0.01428267651802972,564.0207508713088,505.67377664324243,,505.67377664324243,,True,False,True,,,
SIM_DIR-1784876009,SIM_DIR,capstone_i,,61,61,259.0,0.0,0.0,1.0,388.97982818710955,388.96554551059154,0.01428267651802972,564.0207508713088,505.67377664324243,,505.67377664324243,1000000000.0,True,False,True,,,
SIM_DIR-1784876009,SIM_DIR,capstone_ii,,61,61,259.0,0.0,0.0,1.0,388.97982818710955,388.96554551059154,0.01428267651802972,165760388.97982818,103600388.9798282,,103600388.9798282,1000000000.0,True,False,True,,,
SIM_DIR-1784876009,SIM_DIR,capstone_iii_fit_1x,fit_1x,61,61,259.0,0.0,0.0,1.0,388.97982818710955,388.96554551059154,0.01428267651802972,,,408.52810546263913,408.52810546263913,1000000000.0,True,False,True,,,
SIM_DIR-1784876009,SIM_DIR,capstone_iii_fit_2x,fit_2x,61,61,259.0,0.0,0.0,1.0,388.97982818710955,388.96554551059154,0.01428267651802972,,,427.9763827381687,427.9763827381687,1000000000.0,True,False,True,,,
SIM_DIR-1784876009,SIM_DIR,capstone_iii_fit_activity,fit_activity,61,61,259.0,0.0,0.0,1.0,388.97982818710955,388.96554551059154,0.01428267651802972,,,424.0867272830628,424.0867272830628,1000000000.0,True,False,True,,,
SIM_DIR-1784876009,SIM_DIR,capstone_iii_fit_activity_pvt,fit_activity_pvt,61,61,259.0,0.0,0.0,1.0,388.97982818710955,388.96554551059154,0.01428267651802972,,,435.75569364838054,435.75569364838054,1000000000.0,True,False,True,,,
SIM_DIR-1784876009,SIM_DIR,capstone_iii_full,full,61,61,259.0,0.0,0.0,1.0,388.97982818710955,388.96554551059154,0.01428267651802972,,,447.4246600136983,447.4246600136983,1000000000.0,True,False,True,,,
SIM_DIR-1784876009,SIM_DIR,baseline,,62,62,262.0,0.0,0.0,1.0,394.12524274827825,394.11096007176025,0.01428267651802972,571.4816019850034,512.3628155727617,,512.3628155727617,,True,False,True,,,
SIM_DIR-1784876009,SIM_DIR,capstone_i,,62,62,262.0,0.0,0.0,1.0,394.12524274827825,394.11096007176025,0.01428267651802972,571.4816019850034,512.3628155727617,,512.3628155727617,1000000000.0,True,False,True,,,
SIM_DIR-1784876009,SIM_DIR,capstone_ii,,62,62,262.0,0.0,0.0,1.0,394.12524274827825,394.11096007176025,0.01428267651802972,167680394.12524274,104800394.12524275,,104800394.12524275,1000000000.0,True,False,True,,,
SIM_DIR-1784876009,SIM_DIR,capstone_iii_fit_1x,fit_1x,62,62,262.0,0.0,0.0,1.0,394.12524274827825,394.11096007176025,0.01428267651802972,,,413.9307907518663,413.9307907518663,1000000000.0,True,False,True,,,
SIM_DIR-1784876009,SIM_DIR,capstone_iii_fit_2x,fit_2x,62,62,262.0,0.0,0.0,1.0,394.12524274827825,394.11096007176025,0.01428267651802972,,,433.6363387554543,433.6363387554543,1000000000.0,True,False,True,,,
SIM_DIR-1784876009,SIM_DIR,capstone_iii_fit_activity,fit_activity,62,62,262.0,0.0,0.0,1.0,394.12524274827825,394.11096007176025,0.01428267651802972,,,429.69522915473675,429.69522915473675,1000000000.0,True,False,True,,,
SIM_DIR-1784876009,SIM_DIR,capstone_iii_fit_activity_pvt,fit_activity_pvt,62,62,262.0,0.0,0.0,1.0,394.12524274827825,394.11096007176025,0.01428267651802972,,,441.51855795688954,441.51855795688954,1000000000.0,True,False,True,,,
SIM_DIR-1784876009,SIM_DIR,capstone_iii_full,full,62,62,262.0,0.0,0.0,1.0,394.12524274827825,394.11096007176025,0.01428267651802972,,,453.3418867590423,453.3418867590423,1000000000.0,True,False,True,,,
SIM_DIR-1784876009,SIM_DIR,baseline,,63,63,266.0,0.0,0.0,1.0,400.79162509597205,400.77734241945404,0.01428267651802972,581.1478563891594,521.0291126247637,,521.0291126247637,,True,False,True,,,
SIM_DIR-1784876009,SIM_DIR,capstone_i,,63,63,266.0,0.0,0.0,1.0,400.79162509597205,400.77734241945404,0.01428267651802972,581.1478563891594,521.0291126247637,,521.0291126247637,1000000000.0,True,False,True,,,
SIM_DIR-1784876009,SIM_DIR,capstone_ii,,63,63,266.0,0.0,0.0,1.0,400.79162509597205,400.77734241945404,0.01428267651802972,170240400.79162508,106400400.7916251,,106400400.7916251,1000000000.0,True,False,True,,,
SIM_DIR-1784876009,SIM_DIR,capstone_iii_fit_1x,fit_1x,63,63,266.0,0.0,0.0,1.0,400.79162509597205,400.77734241945404,0.01428267651802972,,,420.9304922169448,420.9304922169448,1000000000.0,True,False,True,,,
SIM_DIR-1784876009,SIM_DIR,capstone_iii_fit_2x,fit_2x,63,63,266.0,0.0,0.0,1.0,400.79162509597205,400.77734241945404,0.01428267651802972,,,440.96935933791747,440.96935933791747,1000000000.0,True,False,True,,,
SIM_DIR-1784876009,SIM_DIR,capstone_iii_fit_activity,fit_activity,63,63,266.0,0.0,0.0,1.0,400.79162509597205,400.77734241945404,0.01428267651802972,,,436.96158591372296,436.96158591372296,1000000000.0,True,False,True,,,
SIM_DIR-1784876009,SIM_DIR,capstone_iii_fit_activity_pvt,fit_activity_pvt,63,63,266.0,0.0,0.0,1.0,400.79162509597205,400.77734241945404,0.01428267651802972,,,448.9849061863066,448.9849061863066,1000000000.0,True,False,True,,,
SIM_DIR-1784876009,SIM_DIR,capstone_iii_full,full,63,63,266.0,0.0,0.0,1.0,400.79162509597205,400.77734241945404,0.01428267651802972,,,461.0082264588902,461.0082264588902,1000000000.0,True,False,True,,,
SIM_DIR-1784876009,SIM_DIR,baseline,,64,64,268.0,0.0,0.0,1.0,404.458920503825,404.444637827307,0.01428267651802972,586.4654347305462,525.7965966549725,,525.7965966549725,,True,False,True,,,
SIM_DIR-1784876009,SIM_DIR,capstone_i,,64,64,268.0,0.0,0.0,1.0,404.458920503825,404.444637827307,0.01428267651802972,586.4654347305462,525.7965966549725,,525.7965966549725,1000000000.0,True,False,True,,,
SIM_DIR-1784876009,SIM_DIR,capstone_ii,,64,64,268.0,0.0,0.0,1.0,404.458920503825,404.444637827307,0.01428267651802972,171520404.4589205,107200404.45892051,,107200404.45892051,1000000000.0,True,False,True,,,
SIM_DIR-1784876009,SIM_DIR,capstone_iii_fit_1x,fit_1x,64,64,268.0,0.0,0.0,1.0,404.458920503825,404.444637827307,0.01428267651802972,,,424.7811523951904,424.7811523951904,1000000000.0,True,False,True,,,
SIM_DIR-1784876009,SIM_DIR,capstone_iii_fit_2x,fit_2x,64,64,268.0,0.0,0.0,1.0,404.458920503825,404.444637827307,0.01428267651802972,,,445.0033842865558,445.0033842865558,1000000000.0,True,False,True,,,
SIM_DIR-1784876009,SIM_DIR,capstone_iii_fit_activity,fit_activity,64,64,268.0,0.0,0.0,1.0,404.458920503825,404.444637827307,0.01428267651802972,,,440.9589379082827,440.9589379082827,1000000000.0,True,False,True,,,
SIM_DIR-1784876009,SIM_DIR,capstone_iii_fit_activity_pvt,fit_activity_pvt,64,64,268.0,0.0,0.0,1.0,404.458920503825,404.444637827307,0.01428267651802972,,,453.09227704310183,453.09227704310183,1000000000.0,True,False,True,,,
SIM_DIR-1784876009,SIM_DIR,capstone_iii_full,full,64,64,268.0,0.0,0.0,1.0,404.458920503825,404.444637827307,0.01428267651802972,,,465.2256161779211,465.2256161779211,1000000000.0,True,False,True,,,
SIM_DIR-1784876009,SIM_DIR,baseline,,65,65,269.0,0.0,0.0,1.0,406.6240438839099,406.6097612073919,0.01428267651802972,589.6048636316693,528.611257049083,,528.611257049083,,True,False,True,,,
SIM_DIR-1784876009,SIM_DIR,capstone_i,,65,65,269.0,0.0,0.0,1.0,406.6240438839099,406.6097612073919,0.01428267651802972,589.6048636316693,528.611257049083,,528.611257049083,1000000000.0,True,False,True,,,
SIM_DIR-1784876009,SIM_DIR,capstone_ii,,65,65,269.0,0.0,0.0,1.0,406.6240438839099,406.6097612073919,0.01428267651802972,172160406.62404388,107600406.62404388,,107600406.62404388,1000000000.0,True,False,True,,,
SIM_DIR-1784876009,SIM_DIR,capstone_iii_fit_1x,fit_1x,65,65,269.0,0.0,0.0,1.0,406.6240438839099,406.6097612073919,0.01428267651802972,,,427.0545319442796,427.0545319442796,1000000000.0,True,False,True,,,
SIM_DIR-1784876009,SIM_DIR,capstone_iii_fit_2x,fit_2x,65,65,269.0,0.0,0.0,1.0,406.6240438839099,406.6097612073919,0.01428267651802972,,,447.3850200046491,447.3850200046491,1000000000.0,True,False,True,,,
SIM_DIR-1784876009,SIM_DIR,capstone_iii_fit_activity,fit_activity,65,65,269.0,0.0,0.0,1.0,406.6240438839099,406.6097612073919,0.01428267651802972,,,443.31892239257525,443.31892239257525,1000000000.0,True,False,True,,,
SIM_DIR-1784876009,SIM_DIR,capstone_iii_fit_activity_pvt,fit_activity_pvt,65,65,269.0,0.0,0.0,1.0,406.6240438839099,406.6097612073919,0.01428267651802972,,,455.517215228797,455.517215228797,1000000000.0,True,False,True,,,
SIM_DIR-1784876009,SIM_DIR,capstone_iii_full,full,65,65,269.0,0.0,0.0,1.0,406.6240438839099,406.6097612073919,0.01428267651802972,,,467.71550806501875,467.71550806501875,1000000000.0,True,False,True,,,
SIM_DIR-1784876009,SIM_DIR,baseline,,66,66,275.0,0.0,0.0,1.0,416.36366465980984,416.34938198329183,0.01428267651802972,603.7273137567242,541.2727640577529,,541.2727640577529,,True,False,True,,,
SIM_DIR-1784876009,SIM_DIR,capstone_i,,66,66,275.0,0.0,0.0,1.0,416.36366465980984,416.34938198329183,0.01428267651802972,603.7273137567242,541.2727640577529,,541.2727640577529,1000000000.0,True,False,True,,,
SIM_DIR-1784876009,SIM_DIR,capstone_ii,,66,66,275.0,0.0,0.0,1.0,416.36366465980984,416.34938198329183,0.01428267651802972,176000416.36366466,110000416.36366466,,110000416.36366466,1000000000.0,True,False,True,,,
SIM_DIR-1784876009,SIM_DIR,capstone_iii_fit_1x,fit_1x,66,66,275.0,0.0,0.0,1.0,416.36366465980984,416.34938198329183,0.01428267651802972,,,437.2811337589745,437.2811337589745,1000000000.0,True,False,True,,,
SIM_DIR-1784876009,SIM_DIR,capstone_iii_fit_2x,fit_2x,66,66,275.0,0.0,0.0,1.0,416.36366465980984,416.34938198329183,0.01428267651802972,,,458.09860285813903,458.09860285813903,1000000000.0,True,False,True,,,
SIM_DIR-1784876009,SIM_DIR,capstone_iii_fit_activity,fit_activity,66,66,275.0,0.0,0.0,1.0,416.36366465980984,416.34938198329183,0.01428267651802972,,,453.9351090383061,453.9351090383061,1000000000.0,True,False,True,,,
SIM_DIR-1784876009,SIM_DIR,capstone_iii_fit_activity_pvt,fit_activity_pvt,66,66,275.0,0.0,0.0,1.0,416.36366465980984,416.34938198329183,0.01428267651802972,,,466.4255904978049,466.4255904978049,1000000000.0,True,False,True,,,
SIM_DIR-1784876009,SIM_DIR,capstone_iii_full,full,66,66,275.0,0.0,0.0,1.0,416.36366465980984,416.34938198329183,0.01428267651802972,,,478.91607195730364,478.91607195730364,1000000000.0,True,False,True,,,
SIM_DIR-1784876009,SIM_DIR,baseline,,67,67,280.0,0.0,0.0,1.0,424.6157187835889,424.60143610707087,0.01428267651802972,615.6927922362039,552.0004344186656,,552.0004344186656,,True,False,True,,,
SIM_DIR-1784876009,SIM_DIR,capstone_i,,67,67,280.0,0.0,0.0,1.0,424.6157187835889,424.60143610707087,0.01428267651802972,615.6927922362039,552.0004344186656,,552.0004344186656,1000000000.0,True,False,True,,,
SIM_DIR-1784876009,SIM_DIR,capstone_ii,,67,67,280.0,0.0,0.0,1.0,424.6157187835889,424.60143610707087,0.01428267651802972,179200424.61571878,112000424.61571878,,112000424.61571878,1000000000.0,True,False,True,,,
SIM_DIR-1784876009,SIM_DIR,capstone_iii_fit_1x,fit_1x,67,67,280.0,0.0,0.0,1.0,424.6157187835889,424.60143610707087,0.01428267651802972,,,445.9457905889425,445.9457905889425,1000000000.0,True,False,True,,,
SIM_DIR-1784876009,SIM_DIR,capstone_iii_fit_2x,fit_2x,67,67,280.0,0.0,0.0,1.0,424.6157187835889,424.60143610707087,0.01428267651802972,,,467.175862394296,467.175862394296,1000000000.0,True,False,True,,,
SIM_DIR-1784876009,SIM_DIR,capstone_iii_fit_activity,fit_activity,67,67,280.0,0.0,0.0,1.0,424.6157187835889,424.60143610707087,0.01428267651802972,,,462.9298480332253,462.9298480332253,1000000000.0,True,False,True,,,
SIM_DIR-1784876009,SIM_DIR,capstone_iii_fit_activity_pvt,fit_activity_pvt,67,67,280.0,0.0,0.0,1.0,424.6157187835889,424.60143610707087,0.01428267651802972,,,475.66789111643743,475.66789111643743,1000000000.0,True,False,True,,,
SIM_DIR-1784876009,SIM_DIR,capstone_iii_full,full,67,67,280.0,0.0,0.0,1.0,424.6157187835889,424.60143610707087,0.01428267651802972,,,488.40593419964955,488.40593419964955,1000000000.0,True,False,True,,,
SIM_DIR-1784876009,SIM_DIR,baseline,,68,68,281.0,0.0,0.0,1.0,426.81627633361677,426.80199365709876,0.01428267651802972,618.8836006837442,554.8611592337019,,554.8611592337019,,True,False,True,,,
SIM_DIR-1784876009,SIM_DIR,capstone_i,,68,68,281.0,0.0,0.0,1.0,426.81627633361677,426.80199365709876,0.01428267651802972,618.8836006837442,554.8611592337019,,554.8611592337019,1000000000.0,True,False,True,,,
SIM_DIR-1784876009,SIM_DIR,capstone_ii,,68,68,281.0,0.0,0.0,1.0,426.81627633361677,426.80199365709876,0.01428267651802972,179840426.81627634,112400426.81627633,,112400426.81627633,1000000000.0,True,False,True,,,
SIM_DIR-1784876009,SIM_DIR,capstone_iii_fit_1x,fit_1x,68,68,281.0,0.0,0.0,1.0,426.81627633361677,426.80199365709876,0.01428267651802972,,,448.25637601647173,448.25637601647173,1000000000.0,True,False,True,,,
SIM_DIR-1784876009,SIM_DIR,capstone_iii_fit_2x,fit_2x,68,68,281.0,0.0,0.0,1.0,426.81627633361677,426.80199365709876,0.01428267651802972,,,469.5964756993267,469.5964756993267,1000000000.0,True,False,True,,,
SIM_DIR-1784876009,SIM_DIR,capstone_iii_fit_activity,fit_activity,68,68,281.0,0.0,0.0,1.0,426.81627633361677,426.80199365709876,0.01428267651802972,,,465.32845576275565,465.32845576275565,1000000000.0,True,False,True,,,
SIM_DIR-1784876009,SIM_DIR,capstone_iii_fit_activity_pvt,fit_activity_pvt,68,68,281.0,0.0,0.0,1.0,426.81627633361677,426.80199365709876,0.01428267651802972,,,478.13251557246866,478.13251557246866,1000000000.0,True,False,True,,,
SIM_DIR-1784876009,SIM_DIR,capstone_iii_full,full,68,68,281.0,0.0,0.0,1.0,426.81627633361677,426.80199365709876,0.01428267651802972,,,490.9365753821816,490.9365753821816,1000000000.0,True,False,True,,,
SIM_DIR-1784876009,SIM_DIR,baseline,,69,69,301.0,0.0,0.0,1.0,457.92605735421535,457.91177467769734,0.01428267651802972,663.9927831636122,595.3038745604799,,595.3038745604799,,True,False,True,,,
SIM_DIR-1784876009,SIM_DIR,capstone_i,,69,69,301.0,0.0,0.0,1.0,457.92605735421535,457.91177467769734,0.01428267651802972,663.9927831636122,595.3038745604799,,595.3038745604799,1000000000.0,True,False,True,,,
SIM_DIR-1784876009,SIM_DIR,capstone_ii,,69,69,301.0,0.0,0.0,1.0,457.92605735421535,457.91177467769734,0.01428267651802972,192640457.92605737,120400457.92605734,,120400457.92605734,1000000000.0,True,False,True,,,
SIM_DIR-1784876009,SIM_DIR,capstone_iii_fit_1x,fit_1x,69,69,301.0,0.0,0.0,1.0,457.92605735421535,457.91177467769734,0.01428267651802972,,,480.92164608810026,480.92164608810026,1000000000.0,True,False,True,,,
SIM_DIR-1784876009,SIM_DIR,capstone_iii_fit_2x,fit_2x,69,69,301.0,0.0,0.0,1.0,457.92605735421535,457.91177467769734,0.01428267651802972,,,503.81723482198515,503.81723482198515,1000000000.0,True,False,True,,,
SIM_DIR-1784876009,SIM_DIR,capstone_iii_fit_activity,fit_activity,69,69,301.0,0.0,0.0,1.0,457.92605735421535,457.91177467769734,0.01428267651802972,,,499.23811707520815,499.23811707520815,1000000000.0,True,False,True,,,
SIM_DIR-1784876009,SIM_DIR,capstone_iii_fit_activity_pvt,fit_activity_pvt,69,69,301.0,0.0,0.0,1.0,457.92605735421535,457.91177467769734,0.01428267651802972,,,512.9754703155392,512.9754703155392,1000000000.0,True,False,True,,,
SIM_DIR-1784876009,SIM_DIR,capstone_iii_full,full,69,69,301.0,0.0,0.0,1.0,457.92605735421535,457.91177467769734,0.01428267651802972,,,526.71282355587,526.71282355587,1000000000.0,True,False,True,,,
SIM_DIR-1784876009,SIM_DIR,baseline,,70,70,301.0,0.0,0.0,1.0,458.6580745425037,458.6437918659857,0.01428267651802972,665.0542080866303,596.2554969052549,,596.2554969052549,,True,False,True,,,
SIM_DIR-1784876009,SIM_DIR,capstone_i,,70,70,301.0,0.0,0.0,1.0,458.6580745425037,458.6437918659857,0.01428267651802972,665.0542080866303,596.2554969052549,,596.2554969052549,1000000000.0,True,False,True,,,
SIM_DIR-1784876009,SIM_DIR,capstone_ii,,70,70,301.0,0.0,0.0,1.0,458.6580745425037,458.6437918659857,0.01428267651802972,192640458.65807453,120400458.65807453,,120400458.65807453,1000000000.0,True,False,True,,,
SIM_DIR-1784876009,SIM_DIR,capstone_iii_fit_1x,fit_1x,70,70,301.0,0.0,0.0,1.0,458.6580745425037,458.6437918659857,0.01428267651802972,,,481.69026413580303,481.69026413580303,1000000000.0,True,False,True,,,
SIM_DIR-1784876009,SIM_DIR,capstone_iii_fit_2x,fit_2x,70,70,301.0,0.0,0.0,1.0,458.6580745425037,458.6437918659857,0.01428267651802972,,,504.62245372910235,504.62245372910235,1000000000.0,True,False,True,,,
SIM_DIR-1784876009,SIM_DIR,capstone_iii_fit_activity,fit_activity,70,70,301.0,0.0,0.0,1.0,458.6580745425037,458.6437918659857,0.01428267651802972,,,500.03601581044245,500.03601581044245,1000000000.0,True,False,True,,,
SIM_DIR-1784876009,SIM_DIR,capstone_iii_fit_activity_pvt,fit_activity_pvt,70,70,301.0,0.0,0.0,1.0,458.6580745425037,458.6437918659857,0.01428267651802972,,,513.7953295664221,513.7953295664221,1000000000.0,True,False,True,,,
SIM_DIR-1784876009,SIM_DIR,capstone_iii_full,full,70,70,301.0,0.0,0.0,1.0,458.6580745425037,458.6437918659857,0.01428267651802972,,,527.5546433224016,527.5546433224016,1000000000.0,True,False,True,,,
SIM_DIR-1784876009,SIM_DIR,baseline,,71,71,303.0,0.0,0.0,1.0,462.44202557984164,462.42774290332363,0.01428267651802972,670.5409370907704,601.1746332537941,,601.1746332537941,,True,False,True,,,
SIM_DIR-1784876009,SIM_DIR,capstone_i,,71,71,303.0,0.0,0.0,1.0,462.44202557984164,462.42774290332363,0.01428267651802972,670.5409370907704,601.1746332537941,,601.1746332537941,1000000000.0,True,False,True,,,
SIM_DIR-1784876009,SIM_DIR,capstone_ii,,71,71,303.0,0.0,0.0,1.0,462.44202557984164,462.42774290332363,0.01428267651802972,193920462.44202557,121200462.44202557,,121200462.44202557,1000000000.0,True,False,True,,,
SIM_DIR-1784876009,SIM_DIR,capstone_iii_fit_1x,fit_1x,71,71,303.0,0.0,0.0,1.0,462.44202557984164,462.42774290332363,0.01428267651802972,,,485.66341272500784,485.66341272500784,1000000000.0,True,False,True,,,
SIM_DIR-1784876009,SIM_DIR,capstone_iii_fit_2x,fit_2x,71,71,303.0,0.0,0.0,1.0,462.44202557984164,462.42774290332363,0.01428267651802972,,,508.784799870174,508.784799870174,1000000000.0,True,False,True,,,
SIM_DIR-1784876009,SIM_DIR,capstone_iii_fit_activity,fit_activity,71,71,303.0,0.0,0.0,1.0,462.44202557984164,462.42774290332363,0.01428267651802972,,,504.16052244114076,504.16052244114076,1000000000.0,True,False,True,,,
SIM_DIR-1784876009,SIM_DIR,capstone_iii_fit_activity_pvt,fit_activity_pvt,71,71,303.0,0.0,0.0,1.0,462.44202557984164,462.42774290332363,0.01428267651802972,,,518.0333547282405,518.0333547282405,1000000000.0,True,False,True,,,
SIM_DIR-1784876009,SIM_DIR,capstone_iii_full,full,71,71,303.0,0.0,0.0,1.0,462.44202557984164,462.42774290332363,0.01428267651802972,,,531.9061870153403,531.9061870153403,1000000000.0,True,False,True,,,
SIM_DIR-1784876009,SIM_DIR,baseline,,72,72,313.0,0.0,0.0,1.0,478.46405077698677,478.44976810046876,0.01428267651802972,693.7728736266308,622.0032660100828,,622.0032660100828,,True,False,True,,,
SIM_DIR-1784876009,SIM_DIR,capstone_i,,72,72,313.0,0.0,0.0,1.0,478.46405077698677,478.44976810046876,0.01428267651802972,693.7728736266308,622.0032660100828,,622.0032660100828,1000000000.0,True,False,True,,,
SIM_DIR-1784876009,SIM_DIR,capstone_ii,,72,72,313.0,0.0,0.0,1.0,478.46405077698677,478.44976810046876,0.01428267651802972,200320478.46405077,125200478.46405077,,125200478.46405077,1000000000.0,True,False,True,,,
SIM_DIR-1784876009,SIM_DIR,capstone_iii_fit_1x,fit_1x,72,72,313.0,0.0,0.0,1.0,478.46405077698677,478.44976810046876,0.01428267651802972,,,502.48653918201023,502.48653918201023,1000000000.0,True,False,True,,,
SIM_DIR-1784876009,SIM_DIR,capstone_iii_fit_2x,fit_2x,72,72,313.0,0.0,0.0,1.0,478.46405077698677,478.44976810046876,0.01428267651802972,,,526.4090275870337,526.4090275870337,1000000000.0,True,False,True,,,
SIM_DIR-1784876009,SIM_DIR,capstone_iii_fit_activity,fit_activity,72,72,313.0,0.0,0.0,1.0,478.46405077698677,478.44976810046876,0.01428267651802972,,,521.624529906029,521.624529906029,1000000000.0,True,False,True,,,
SIM_DIR-1784876009,SIM_DIR,capstone_iii_fit_activity_pvt,fit_activity_pvt,72,72,313.0,0.0,0.0,1.0,478.46405077698677,478.44976810046876,0.01428267651802972,,,535.9780229490431,535.9780229490431,1000000000.0,True,False,True,,,
SIM_DIR-1784876009,SIM_DIR,capstone_iii_full,full,72,72,313.0,0.0,0.0,1.0,478.46405077698677,478.44976810046876,0.01428267651802972,,,550.3315159920571,550.3315159920571,1000000000.0,True,False,True,,,
SIM_DIR-1784876009,SIM_DIR,baseline,,73,73,313.0,0.0,0.0,1.0,479.22403074436903,479.209748067851,0.01428267651802972,694.8748445793351,622.9912399676798,,622.9912399676798,,True,False,True,,,
SIM_DIR-1784876009,SIM_DIR,capstone_i,,73,73,313.0,0.0,0.0,1.0,479.22403074436903,479.209748067851,0.01428267651802972,694.8748445793351,622.9912399676798,,622.9912399676798,1000000000.0,True,False,True,,,
SIM_DIR-1784876009,SIM_DIR,capstone_ii,,73,73,313.0,0.0,0.0,1.0,479.22403074436903,479.209748067851,0.01428267651802972,200320479.22403073,125200479.22403075,,125200479.22403075,1000000000.0,True,False,True,,,
SIM_DIR-1784876009,SIM_DIR,capstone_iii_fit_1x,fit_1x,73,73,313.0,0.0,0.0,1.0,479.22403074436903,479.209748067851,0.01428267651802972,,,503.2845181477616,503.2845181477616,1000000000.0,True,False,True,,,
SIM_DIR-1784876009,SIM_DIR,capstone_iii_fit_2x,fit_2x,73,73,313.0,0.0,0.0,1.0,479.22403074436903,479.209748067851,0.01428267651802972,,,527.2450055511542,527.2450055511542,1000000000.0,True,False,True,,,
SIM_DIR-1784876009,SIM_DIR,capstone_iii_fit_activity,fit_activity,73,73,313.0,0.0,0.0,1.0,479.22403074436903,479.209748067851,0.01428267651802972,,,522.4529080704757,522.4529080704757,1000000000.0,True,False,True,,,
SIM_DIR-1784876009,SIM_DIR,capstone_iii_fit_activity_pvt,fit_activity_pvt,73,73,313.0,0.0,0.0,1.0,479.22403074436903,479.209748067851,0.01428267651802972,,,536.8292005125112,536.8292005125112,1000000000.0,True,False,True,,,
SIM_DIR-1784876009,SIM_DIR,capstone_iii_full,full,73,73,313.0,0.0,0.0,1.0,479.22403074436903,479.209748067851,0.01428267651802972,,,551.2054929545468,551.2054929545468,1000000000.0,True,False,True,,,
SIM_DIR-1784876009,SIM_DIR,baseline,,74,74,319.0,0.0,0.0,1.0,489.18430043786117,489.17001776134316,0.01428267651802972,709.3172356348987,635.9395905692195,,635.9395905692195,,True,False,True,,,
SIM_DIR-1784876009,SIM_DIR,capstone_i,,74,74,319.0,0.0,0.0,1.0,489.18430043786117,489.17001776134316,0.01428267651802972,709.3172356348987,635.9395905692195,,635.9395905692195,1000000000.0,True,False,True,,,
SIM_DIR-1784876009,SIM_DIR,capstone_ii,,74,74,319.0,0.0,0.0,1.0,489.18430043786117,489.17001776134316,0.01428267651802972,204160489.18430045,127600489.18430044,,127600489.18430044,1000000000.0,True,False,True,,,
SIM_DIR-1784876009,SIM_DIR,capstone_iii_fit_1x,fit_1x,74,74,319.0,0.0,0.0,1.0,489.18430043786117,489.17001776134316,0.01428267651802972,,,513.7428013259284,513.7428013259284,1000000000.0,True,False,True,,,
SIM_DIR-1784876009,SIM_DIR,capstone_iii_fit_2x,fit_2x,74,74,319.0,0.0,0.0,1.0,489.18430043786117,489.17001776134316,0.01428267651802972,,,538.2013022139955,538.2013022139955,1000000000.0,True,False,True,,,
SIM_DIR-1784876009,SIM_DIR,capstone_iii_fit_activity,fit_activity,74,74,319.0,0.0,0.0,1.0,489.18430043786117,489.17001776134316,0.01428267651802972,,,533.3096020363821,533.3096020363821,1000000000.0,True,False,True,,,
SIM_DIR-1784876009,SIM_DIR,capstone_iii_fit_activity_pvt,fit_activity_pvt,74,74,319.0,0.0,0.0,1.0,489.18430043786117,489.17001776134316,0.01428267651802972,,,547.9847025692225,547.9847025692225,1000000000.0,True,False,True,,,
SIM_DIR-1784876009,SIM_DIR,capstone_iii_full,full,74,74,319.0,0.0,0.0,1.0,489.18430043786117,489.17001776134316,0.01428267651802972,,,562.6598031020627,562.6598031020627,1000000000.0,True,False,True,,,
SIM_DIR-1784876009,SIM_DIR,baseline,,75,75,331.0,0.0,0.0,1.0,508.38852218318306,508.37423950666505,0.01428267651802972,737.1633571656154,660.905078838138,,660.905078838138,,True,False,True,,,
SIM_DIR-1784876009,SIM_DIR,capstone_i,,75,75,331.0,0.0,0.0,1.0,508.38852218318306,508.37423950666505,0.01428267651802972,737.1633571656154,660.905078838138,,660.905078838138,1000000000.0,True,False,True,,,
SIM_DIR-1784876009,SIM_DIR,capstone_ii,,75,75,331.0,0.0,0.0,1.0,508.38852218318306,508.37423950666505,0.01428267651802972,211840508.38852218,132400508.38852218,,132400508.38852218,1000000000.0,True,False,True,,,
SIM_DIR-1784876009,SIM_DIR,capstone_iii_fit_1x,fit_1x,75,75,331.0,0.0,0.0,1.0,508.38852218318306,508.37423950666505,0.01428267651802972,,,533.9072341585164,533.9072341585164,1000000000.0,True,False,True,,,
SIM_DIR-1784876009,SIM_DIR,capstone_iii_fit_2x,fit_2x,75,75,331.0,0.0,0.0,1.0,508.38852218318306,508.37423950666505,0.01428267651802972,,,559.3259461338497,559.3259461338497,1000000000.0,True,False,True,,,
SIM_DIR-1784876009,SIM_DIR,capstone_iii_fit_activity,fit_activity,75,75,331.0,0.0,0.0,1.0,508.38852218318306,508.37423950666505,0.01428267651802972,,,554.242203738783,554.242203738783,1000000000.0,True,False,True,,,
SIM_DIR-1784876009,SIM_DIR,capstone_iii_fit_activity_pvt,fit_activity_pvt,75,75,331.0,0.0,0.0,1.0,508.38852218318306,508.37423950666505,0.01428267651802972,,,569.4934309239829,569.4934309239829,1000000000.0,True,False,True,,,
SIM_DIR-1784876009,SIM_DIR,capstone_iii_full,full,75,75,331.0,0.0,0.0,1.0,508.38852218318306,508.37423950666505,0.01428267651802972,,,584.7446581091829,584.7446581091829,1000000000.0,True,False,True,,,
SIM_DIR-1784876009,SIM_DIR,baseline,,76,76,332.0,0.0,0.0,1.0,510.7292456067541,510.7149629302361,0.01428267651802972,740.5574061297934,663.9480192887803,,663.9480192887803,,True,False,True,,,
SIM_DIR-1784876009,SIM_DIR,capstone_i,,76,76,332.0,0.0,0.0,1.0,510.7292456067541,510.7149629302361,0.01428267651802972,740.5574061297934,663.9480192887803,,663.9480192887803,1000000000.0,True,False,True,,,
SIM_DIR-1784876009,SIM_DIR,capstone_ii,,76,76,332.0,0.0,0.0,1.0,510.7292456067541,510.7149629302361,0.01428267651802972,212480510.7292456,132800510.7292456,,132800510.7292456,1000000000.0,True,False,True,,,
SIM_DIR-1784876009,SIM_DIR,capstone_iii_fit_1x,fit_1x,76,76,332.0,0.0,0.0,1.0,510.7292456067541,510.7149629302361,0.01428267651802972,,,536.3649937532659,536.3649937532659,1000000000.0,True,False,True,,,
SIM_DIR-1784876009,SIM_DIR,capstone_iii_fit_2x,fit_2x,76,76,332.0,0.0,0.0,1.0,510.7292456067541,510.7149629302361,0.01428267651802972,,,561.9007418997778,561.9007418997778,1000000000.0,True,False,True,,,
SIM_DIR-1784876009,SIM_DIR,capstone_iii_fit_activity,fit_activity,76,76,332.0,0.0,0.0,1.0,510.7292456067541,510.7149629302361,0.01428267651802972,,,556.7935922704754,556.7935922704754,1000000000.0,True,False,True,,,
SIM_DIR-1784876009,SIM_DIR,capstone_iii_fit_activity_pvt,fit_activity_pvt,76,76,332.0,0.0,0.0,1.0,510.7292456067541,510.7149629302361,0.01428267651802972,,,572.1150411583825,572.1150411583825,1000000000.0,True,False,True,,,
SIM_DIR-1784876009,SIM_DIR,capstone_iii_full,full,76,76,332.0,0.0,0.0,1.0,510.7292456067541,510.7149629302361,0.01428267651802972,,,587.4364900462896,587.4364900462896,1000000000.0,True,False,True,,,
SIM_DIR-1784876009,SIM_DIR,baseline,,77,77,338.0,0.0,0.0,1.0,520.7780073788725,520.7637247023545,0.01428267651802972,755.1281106993652,677.0114095925343,,677.0114095925343,,True,False,True,,,
SIM_DIR-1784876009,SIM_DIR,capstone_i,,77,77,338.0,0.0,0.0,1.0,520.7780073788725,520.7637247023545,0.01428267651802972,755.1281106993652,677.0114095925343,,677.0114095925343,1000000000.0,True,False,True,,,
SIM_DIR-1784876009,SIM_DIR,capstone_ii,,77,77,338.0,0.0,0.0,1.0,520.7780073788725,520.7637247023545,0.01428267651802972,216320520.7780074,135200520.7780074,,135200520.7780074,1000000000.0,True,False,True,,,
SIM_DIR-1784876009,SIM_DIR,capstone_iii_fit_1x,fit_1x,77,77,338.0,0.0,0.0,1.0,520.7780073788725,520.7637247023545,0.01428267651802972,,,546.9161936139903,546.9161936139903,1000000000.0,True,False,True,,,
SIM_DIR-1784876009,SIM_DIR,capstone_iii_fit_2x,fit_2x,77,77,338.0,0.0,0.0,1.0,520.7780073788725,520.7637247023545,0.01428267651802972,,,572.954379849108,572.954379849108,1000000000.0,True,False,True,,,
SIM_DIR-1784876009,SIM_DIR,capstone_iii_fit_activity,fit_activity,77,77,338.0,0.0,0.0,1.0,520.7780073788725,520.7637247023545,0.01428267651802972,,,567.7467426020845,567.7467426020845,1000000000.0,True,False,True,,,
SIM_DIR-1784876009,SIM_DIR,capstone_iii_fit_activity_pvt,fit_activity_pvt,77,77,338.0,0.0,0.0,1.0,520.7780073788725,520.7637247023545,0.01428267651802972,,,583.369654343155,583.369654343155,1000000000.0,True,False,True,,,
SIM_DIR-1784876009,SIM_DIR,capstone_iii_full,full,77,77,338.0,0.0,0.0,1.0,520.7780073788725,520.7637247023545,0.01428267651802972,,,598.9925660842258,598.9925660842258,1000000000.0,True,False,True,,,
SIM_DIR-1784876009,SIM_DIR,baseline,,78,78,345.0,0.0,0.0,1.0,532.3985621836922,532.3842795071741,0.01428267651802972,771.9779151663537,692.1181308387999,,692.1181308387999,,True,False,True,,,
SIM_DIR-1784876009,SIM_DIR,capstone_i,,78,78,345.0,0.0,0.0,1.0,532.3985621836922,532.3842795071741,0.01428267651802972,771.9779151663537,692.1181308387999,,692.1181308387999,1000000000.0,True,False,True,,,
SIM_DIR-1784876009,SIM_DIR,capstone_ii,,78,78,345.0,0.0,0.0,1.0,532.3985621836922,532.3842795071741,0.01428267651802972,220800532.3985622,138000532.3985622,,138000532.3985622,1000000000.0,True,False,True,,,
SIM_DIR-1784876009,SIM_DIR,capstone_iii_fit_1x,fit_1x,78,78,345.0,0.0,0.0,1.0,532.3985621836922,532.3842795071741,0.01428267651802972,,,559.1177761590509,559.1177761590509,1000000000.0,True,False,True,,,
SIM_DIR-1784876009,SIM_DIR,capstone_iii_fit_2x,fit_2x,78,78,345.0,0.0,0.0,1.0,532.3985621836922,532.3842795071741,0.01428267651802972,,,585.7369901344097,585.7369901344097,1000000000.0,True,False,True,,,
SIM_DIR-1784876009,SIM_DIR,capstone_iii_fit_activity,fit_activity,78,78,345.0,0.0,0.0,1.0,532.3985621836922,532.3842795071741,0.01428267651802972,,,580.4131473393379,580.4131473393379,1000000000.0,True,False,True,,,
SIM_DIR-1784876009,SIM_DIR,capstone_iii_fit_activity_pvt,fit_activity_pvt,78,78,345.0,0.0,0.0,1.0,532.3985621836922,532.3842795071741,0.01428267651802972,,,596.3846757245531,596.3846757245531,1000000000.0,True,False,True,,,
SIM_DIR-1784876009,SIM_DIR,capstone_iii_full,full,78,78,345.0,0.0,0.0,1.0,532.3985621836922,532.3842795071741,0.01428267651802972,,,612.3562041097683,612.3562041097683,1000000000.0,True,False,True,,,
SIM_DIR-1784876009,SIM_DIR,baseline,,79,79,346.0,0.0,0.0,1.0,534.7792092504111,534.764926573893,0.01428267651802972,775.4298534130961,695.2129720255344,,695.2129720255344,,True,False,True,,,
SIM_DIR-1784876009,SIM_DIR,capstone_i,,79,79,346.0,0.0,0.0,1.0,534.7792092504111,534.764926573893,0.01428267651802972,775.4298534130961,695.2129720255344,,695.2129720255344,1000000000.0,True,False,True,,,
SIM_DIR-1784876009,SIM_DIR,capstone_ii,,79,79,346.0,0.0,0.0,1.0,534.7792092504111,534.764926573893,0.01428267651802972,221440534.77920926,138400534.77920926,,138400534.77920926,1000000000.0,True,False,True,,,
SIM_DIR-1784876009,SIM_DIR,capstone_iii_fit_1x,fit_1x,79,79,346.0,0.0,0.0,1.0,534.7792092504111,534.764926573893,0.01428267651802972,,,561.6174555791057,561.6174555791057,1000000000.0,True,False,True,,,
SIM_DIR-1784876009,SIM_DIR,capstone_iii_fit_2x,fit_2x,79,79,346.0,0.0,0.0,1.0,534.7792092504111,534.764926573893,0.01428267651802972,,,588.3557019078004,588.3557019078004,1000000000.0,True,False,True,,,
SIM_DIR-1784876009,SIM_DIR,capstone_iii_fit_activity,fit_activity,79,79,346.0,0.0,0.0,1.0,534.7792092504111,534.764926573893,0.01428267651802972,,,583.0080526420614,583.0080526420614,1000000000.0,True,False,True,,,
SIM_DIR-1784876009,SIM_DIR,capstone_iii_fit_activity_pvt,fit_activity_pvt,79,79,346.0,0.0,0.0,1.0,534.7792092504111,534.764926573893,0.01428267651802972,,,599.0510004392783,599.0510004392783,1000000000.0,True,False,True,,,
SIM_DIR-1784876009,SIM_DIR,capstone_iii_full,full,79,79,346.0,0.0,0.0,1.0,534.7792092504111,534.764926573893,0.01428267651802972,,,615.0939482364951,615.0939482364951,1000000000.0,True,False,True,,,
SIM_DIR-1784876009,SIM_DIR,baseline,,80,80,346.0,0.0,0.0,1.0,535.6162921346598,535.6020094581418,0.01428267651802972,776.6436235952567,696.3011797750578,,696.3011797750578,,True,False,True,,,
SIM_DIR-1784876009,SIM_DIR,capstone_i,,80,80,346.0,0.0,0.0,1.0,535.6162921346598,535.6020094581418,0.01428267651802972,776.6436235952567,696.3011797750578,,696.3011797750578,1000000000.0,True,False,True,,,
SIM_DIR-1784876009,SIM_DIR,capstone_ii,,80,80,346.0,0.0,0.0,1.0,535.6162921346598,535.6020094581418,0.01428267651802972,221440535.61629215,138400535.61629215,,138400535.61629215,1000000000.0,True,False,True,,,
SIM_DIR-1784876009,SIM_DIR,capstone_iii_fit_1x,fit_1x,80,80,346.0,0.0,0.0,1.0,535.6162921346598,535.6020094581418,0.01428267651802972,,,562.496392607567,562.496392607567,1000000000.0,True,False,True,,,
SIM_DIR-1784876009,SIM_DIR,capstone_iii_fit_2x,fit_2x,80,80,346.0,0.0,0.0,1.0,535.6162921346598,535.6020094581418,0.01428267651802972,,,589.2764930804741,589.2764930804741,1000000000.0,True,False,True,,,
SIM_DIR-1784876009,SIM_DIR,capstone_iii_fit_activity,fit_activity,80,80,346.0,0.0,0.0,1.0,535.6162921346598,535.6020094581418,0.01428267651802972,,,583.9204729858927,583.9204729858927,1000000000.0,True,False,True,,,
SIM_DIR-1784876009,SIM_DIR,capstone_iii_fit_activity_pvt,fit_activity_pvt,80,80,346.0,0.0,0.0,1.0,535.6162921346598,535.6020094581418,0.01428267651802972,,,599.988533269637,599.988533269637,1000000000.0,True,False,True,,,
SIM_DIR-1784876009,SIM_DIR,capstone_iii_full,full,80,80,346.0,0.0,0.0,1.0,535.6162921346598,535.6020094581418,0.01428267651802972,,,616.0565935533812,616.0565935533812,1000000000.0,True,False,True,,,
SIM_DIR-1784876009,SIM_DIR,baseline,,81,81,354.0,0.0,0.0,1.0,548.8561634306747,548.8418807541566,0.01428267651802972,795.8414369744783,713.5130124598771,,713.5130124598771,,True,False,True,,,
SIM_DIR-1784876009,SIM_DIR,capstone_i,,81,81,354.0,0.0,0.0,1.0,548.8561634306747,548.8418807541566,0.01428267651802972,795.8414369744783,713.5130124598771,,713.5130124598771,1000000000.0,True,False,True,,,
SIM_DIR-1784876009,SIM_DIR,capstone_ii,,81,81,354.0,0.0,0.0,1.0,548.8561634306747,548.8418807541566,0.01428267651802972,226560548.85616344,141600548.85616344,,141600548.85616344,1000000000.0,True,False,True,,,
SIM_DIR-1784876009,SIM_DIR,capstone_iii_fit_1x,fit_1x,81,81,354.0,0.0,0.0,1.0,548.8561634306747,548.8418807541566,0.01428267651802972,,,576.3982574683826,576.3982574683826,1000000000.0,True,False,True,,,
SIM_DIR-1784876009,SIM_DIR,capstone_iii_fit_2x,fit_2x,81,81,354.0,0.0,0.0,1.0,548.8561634306747,548.8418807541566,0.01428267651802972,,,603.8403515060903,603.8403515060903,1000000000.0,True,False,True,,,
SIM_DIR-1784876009,SIM_DIR,capstone_iii_fit_activity,fit_activity,81,81,354.0,0.0,0.0,1.0,548.8561634306747,548.8418807541566,0.01428267651802972,,,598.3519326985488,598.3519326985488,1000000000.0,True,False,True,,,
SIM_DIR-1784876009,SIM_DIR,capstone_iii_fit_activity_pvt,fit_activity_pvt,81,81,354.0,0.0,0.0,1.0,548.8561634306747,548.8418807541566,0.01428267651802972,,,614.8171891211736,614.8171891211736,1000000000.0,True,False,True,,,
SIM_DIR-1784876009,SIM_DIR,capstone_iii_full,full,81,81,354.0,0.0,0.0,1.0,548.8561634306747,548.8418807541566,0.01428267651802972,,,631.2824455437982,631.2824455437982,1000000000.0,True,False,True,,,
SIM_DIR-1784876009,SIM_DIR,baseline,,82,82,359.0,0.0,0.0,1.0,557.4758376071051,557.461554930587,0.01428267651802972,808.3399645303023,724.7185888892366,,724.7185888892366,,True,False,True,,,
SIM_DIR-1784876009,SIM_DIR,capstone_i,,82,82,359.0,0.0,0.0,1.0,557.4758376071051,557.461554930587,0.01428267651802972,808.3399645303023,724.7185888892366,,724.7185888892366,1000000000.0,True,False,True,,,
SIM_DIR-1784876009,SIM_DIR,capstone_ii,,82,82,359.0,0.0,0.0,1.0,557.4758376071051,557.461554930587,0.01428267651802972,229760557.47583762,143600557.47583762,,143600557.47583762,1000000000.0,True,False,True,,,
SIM_DIR-1784876009,SIM_DIR,capstone_iii_fit_1x,fit_1x,82,82,359.0,0.0,0.0,1.0,557.4758376071051,557.461554930587,0.01428267651802972,,,585.4489153536344,585.4489153536344,1000000000.0,True,False,True,,,
SIM_DIR-1784876009,SIM_DIR,capstone_iii_fit_2x,fit_2x,82,82,359.0,0.0,0.0,1.0,557.4758376071051,557.461554930587,0.01428267651802972,,,613.3219931001638,613.3219931001638,1000000000.0,True,False,True,,,
SIM_DIR-1784876009,SIM_DIR,capstone_iii_fit_activity,fit_activity,82,82,359.0,0.0,0.0,1.0,557.4758376071051,557.461554930587,0.01428267651802972,,,607.747377550858,607.747377550858,1000000000.0,True,False,True,,,
SIM_DIR-1784876009,SIM_DIR,capstone_iii_fit_activity_pvt,fit_activity_pvt,82,82,359.0,0.0,0.0,1.0,557.4758376071051,557.461554930587,0.01428267651802972,,,624.4712241987756,624.4712241987756,1000000000.0,True,False,True,,,
SIM_DIR-1784876009,SIM_DIR,capstone_iii_full,full,82,82,359.0,0.0,0.0,1.0,557.4758376071051,557.461554930587,0.01428267651802972,,,641.1950708466932,641.1950708466932,1000000000.0,True,False,True,,,
SIM_DIR-1784876009,SIM_DIR,baseline,,83,83,360.0,0.0,0.0,1.0,559.898314587251,559.8840319107329,0.01428267651802972,811.8525561515139,727.8678089634263,,727.8678089634263,,True,False,True,,,
SIM_DIR-1784876009,SIM_DIR,capstone_i,,83,83,360.0,0.0,0.0,1.0,559.898314587251,559.8840319107329,0.01428267651802972,811.8525561515139,727.8678089634263,,727.8678089634263,1000000000.0,True,False,True,,,
SIM_DIR-1784876009,SIM_DIR,capstone_ii,,83,83,360.0,0.0,0.0,1.0,559.898314587251,559.8840319107329,0.01428267651802972,230400559.8983146,144000559.8983146,,144000559.8983146,1000000000.0,True,False,True,,,
SIM_DIR-1784876009,SIM_DIR,capstone_iii_fit_1x,fit_1x,83,83,360.0,0.0,0.0,1.0,559.898314587251,559.8840319107329,0.01428267651802972,,,587.9925161827877,587.9925161827877,1000000000.0,True,False,True,,,
SIM_DIR-1784876009,SIM_DIR,capstone_iii_fit_2x,fit_2x,83,83,360.0,0.0,0.0,1.0,559.898314587251,559.8840319107329,0.01428267651802972,,,615.9867177783243,615.9867177783243,1000000000.0,True,False,True,,,
SIM_DIR-1784876009,SIM_DIR,capstone_iii_fit_activity,fit_activity,83,83,360.0,0.0,0.0,1.0,559.898314587251,559.8840319107329,0.01428267651802972,,,610.387877459217,610.387877459217,1000000000.0,True,False,True,,,
SIM_DIR-1784876009,SIM_DIR,capstone_iii_fit_activity_pvt,fit_activity_pvt,83,83,360.0,0.0,0.0,1.0,559.898314587251,559.8840319107329,0.01428267651802972,,,627.1843984165389,627.1843984165389,1000000000.0,True,False,True,,,
SIM_DIR-1784876009,SIM_DIR,capstone_iii_full,full,83,83,360.0,0.0,0.0,1.0,559.898314587251,559.8840319107329,0.01428267651802972,,,643.980919373861,643.980919373861,1000000000.0,True,False,True,,,
SIM_DIR-1784876009,SIM_DIR,baseline,,84,84,360.0,0.0,0.0,1.0,560.767549479054,560.7532668025359,0.01428267651802972,813.1129467446282,728.9978143227702,,728.9978143227702,,True,False,True,,,
SIM_DIR-1784876009,SIM_DIR,capstone_i,,84,84,360.0,0.0,0.0,1.0,560.767549479054,560.7532668025359,0.01428267651802972,813.1129467446282,728.9978143227702,,728.9978143227702,1000000000.0,True,False,True,,,
SIM_DIR-1784876009,SIM_DIR,capstone_ii,,84,84,360.0,0.0,0.0,1.0,560.767549479054,560.7532668025359,0.01428267651802972,230400560.76754948,144000560.76754948,,144000560.76754948,1000000000.0,True,False,True,,,
SIM_DIR-1784876009,SIM_DIR,capstone_iii_fit_1x,fit_1x,84,84,360.0,0.0,0.0,1.0,560.767549479054,560.7532668025359,0.01428267651802972,,,588.9052128191809,588.9052128191809,1000000000.0,True,False,True,,,
SIM_DIR-1784876009,SIM_DIR,capstone_iii_fit_2x,fit_2x,84,84,360.0,0.0,0.0,1.0,560.767549479054,560.7532668025359,0.01428267651802972,,,616.9428761593076,616.9428761593076,1000000000.0,True,False,True,,,
SIM_DIR-1784876009,SIM_DIR,capstone_iii_fit_activity,fit_activity,84,84,360.0,0.0,0.0,1.0,560.767549479054,560.7532668025359,0.01428267651802972,,,611.3353434912823,611.3353434912823,1000000000.0,True,False,True,,,
SIM_DIR-1784876009,SIM_DIR,capstone_iii_fit_activity_pvt,fit_activity_pvt,84,84,360.0,0.0,0.0,1.0,560.767549479054,560.7532668025359,0.01428267651802972,,,628.1579414953584,628.1579414953584,1000000000.0,True,False,True,,,
SIM_DIR-1784876009,SIM_DIR,capstone_iii_full,full,84,84,360.0,0.0,0.0,1.0,560.767549479054,560.7532668025359,0.01428267651802972,,,644.9805394994345,644.9805394994345,1000000000.0,True,False,True,,,
SIM_DIR-1784876009,SIM_DIR,baseline,,85,85,365.0,0.0,0.0,1.0,569.4366700852589,569.4223874087409,0.01428267651802972,825.6831716236254,740.2676711108367,,740.2676711108367,,True,False,True,,,
SIM_DIR-1784876009,SIM_DIR,capstone_i,,85,85,365.0,0.0,0.0,1.0,569.4366700852589,569.4223874087409,0.01428267651802972,825.6831716236254,740.2676711108367,,740.2676711108367,1000000000.0,True,False,True,,,
SIM_DIR-1784876009,SIM_DIR,capstone_ii,,85,85,365.0,0.0,0.0,1.0,569.4366700852589,569.4223874087409,0.01428267651802972,233600569.4366701,146000569.4366701,,146000569.4366701,1000000000.0,True,False,True,,,
SIM_DIR-1784876009,SIM_DIR,capstone_iii_fit_1x,fit_1x,85,85,365.0,0.0,0.0,1.0,569.4366700852589,569.4223874087409,0.01428267651802972,,,598.007789455696,598.007789455696,1000000000.0,True,False,True,,,
SIM_DIR-1784876009,SIM_DIR,capstone_iii_fit_2x,fit_2x,85,85,365.0,0.0,0.0,1.0,569.4366700852589,569.4223874087409,0.01428267651802972,,,626.4789088261331,626.4789088261331,1000000000.0,True,False,True,,,
SIM_DIR-1784876009,SIM_DIR,capstone_iii_fit_activity,fit_activity,85,85,365.0,0.0,0.0,1.0,569.4366700852589,569.4223874087409,0.01428267651802972,,,620.7846849520456,620.7846849520456,1000000000.0,True,False,True,,,
SIM_DIR-1784876009,SIM_DIR,capstone_iii_fit_activity_pvt,fit_activity_pvt,85,85,365.0,0.0,0.0,1.0,569.4366700852589,569.4223874087409,0.01428267651802972,,,637.8673565743078,637.8673565743078,1000000000.0,True,False,True,,,
SIM_DIR-1784876009,SIM_DIR,capstone_iii_full,full,85,85,365.0,0.0,0.0,1.0,569.4366700852589,569.4223874087409,0.01428267651802972,,,654.9500281965701,654.9500281965701,1000000000.0,True,False,True,,,
SIM_DIR-1784876009,SIM_DIR,baseline,,86,86,374.0,0.0,0.0,1.0,584.3793894340857,584.3651067575677,0.01428267651802972,847.3501146794243,759.6932062643115,,759.6932062643115,,True,False,True,,,
SIM_DIR-1784876009,SIM_DIR,capstone_i,,86,86,374.0,0.0,0.0,1.0,584.3793894340857,584.3651067575677,0.01428267651802972,847.3501146794243,759.6932062643115,,759.6932062643115,1000000000.0,True,False,True,,,
SIM_DIR-1784876009,SIM_DIR,capstone_ii,,86,86,374.0,0.0,0.0,1.0,584.3793894340857,584.3651067575677,0.01428267651802972,239360584.37938944,149600584.37938944,,149600584.37938944,1000000000.0,True,False,True,,,
SIM_DIR-1784876009,SIM_DIR,capstone_iii_fit_1x,fit_1x,86,86,374.0,0.0,0.0,1.0,584.3793894340857,584.3651067575677,0.01428267651802972,,,613.6976447719641,613.6976447719641,1000000000.0,True,False,True,,,
SIM_DIR-1784876009,SIM_DIR,capstone_iii_fit_2x,fit_2x,86,86,374.0,0.0,0.0,1.0,584.3793894340857,584.3651067575677,0.01428267651802972,,,642.9159001098425,642.9159001098425,1000000000.0,True,False,True,,,
SIM_DIR-1784876009,SIM_DIR,capstone_iii_fit_activity,fit_activity,86,86,374.0,0.0,0.0,1.0,584.3793894340857,584.3651067575677,0.01428267651802972,,,637.0722490422669,637.0722490422669,1000000000.0,True,False,True,,,
SIM_DIR-1784876009,SIM_DIR,capstone_iii_fit_activity_pvt,fit_activity_pvt,86,86,374.0,0.0,0.0,1.0,584.3793894340857,584.3651067575677,0.01428267651802972,,,654.6032022449939,654.6032022449939,1000000000.0,True,False,True,,,
SIM_DIR-1784876009,SIM_DIR,capstone_iii_full,full,86,86,374.0,0.0,0.0,1.0,584.3793894340857,584.3651067575677,0.01428267651802972,,,672.1341554477209,672.1341554477209,1000000000.0,True,False,True,,,
SIM_DIR-1784876009,SIM_DIR,baseline,,87,87,375.0,0.0,0.0,1.0,586.8460110614402,586.8317283849221,0.01428267651802972,850.9267160390883,762.8998143798723,,762.8998143798723,,True,False,True,,,
SIM_DIR-1784876009,SIM_DIR,capstone_i,,87,87,375.0,0.0,0.0,1.0,586.8460110614402,586.8317283849221,0.01428267651802972,850.9267160390883,762.8998143798723,,762.8998143798723,1000000000.0,True,False,True,,,
SIM_DIR-1784876009,SIM_DIR,capstone_ii,,87,87,375.0,0.0,0.0,1.0,586.8460110614402,586.8317283849221,0.01428267651802972,240000586.84601107,150000586.84601107,,150000586.84601107,1000000000.0,True,False,True,,,
SIM_DIR-1784876009,SIM_DIR,capstone_iii_fit_1x,fit_1x,87,87,375.0,0.0,0.0,1.0,586.8460110614402,586.8317283849221,0.01428267651802972,,,616.2875974806864,616.2875974806864,1000000000.0,True,False,True,,,
SIM_DIR-1784876009,SIM_DIR,capstone_iii_fit_2x,fit_2x,87,87,375.0,0.0,0.0,1.0,586.8460110614402,586.8317283849221,0.01428267651802972,,,645.6291838999325,645.6291838999325,1000000000.0,True,False,True,,,
SIM_DIR-1784876009,SIM_DIR,capstone_iii_fit_activity,fit_activity,87,87,375.0,0.0,0.0,1.0,586.8460110614402,586.8317283849221,0.01428267651802972,,,639.7608666160833,639.7608666160833,1000000000.0,True,False,True,,,
SIM_DIR-1784876009,SIM_DIR,capstone_iii_fit_activity_pvt,fit_activity_pvt,87,87,375.0,0.0,0.0,1.0,586.8460110614402,586.8317283849221,0.01428267651802972,,,657.365818467631,657.365818467631,1000000000.0,True,False,True,,,
SIM_DIR-1784876009,SIM_DIR,capstone_iii_full,full,87,87,375.0,0.0,0.0,1.0,586.8460110614402,586.8317283849221,0.01428267651802972,,,674.9707703191787,674.9707703191787,1000000000.0,True,False,True,,,
SIM_DIR-1784876009,SIM_DIR,baseline,,88,88,377.0,0.0,0.0,1.0,590.8843202107311,590.870037534213,0.01428267651802972,856.78226430556,768.1496162739504,,768.1496162739504,,True,False,True,,,
SIM_DIR-1784876009,SIM_DIR,capstone_i,,88,88,377.0,0.0,0.0,1.0,590.8843202107311,590.870037534213,0.01428267651802972,856.78226430556,768.1496162739504,,768.1496162739504,1000000000.0,True,False,True,,,
SIM_DIR-1784876009,SIM_DIR,capstone_ii,,88,88,377.0,0.0,0.0,1.0,590.8843202107311,590.870037534213,0.01428267651802972,241280590.8843202,150800590.8843202,,150800590.8843202,1000000000.0,True,False,True,,,
SIM_DIR-1784876009,SIM_DIR,capstone_iii_fit_1x,fit_1x,88,88,377.0,0.0,0.0,1.0,590.8843202107311,590.870037534213,0.01428267651802972,,,620.5278220874417,620.5278220874417,1000000000.0,True,False,True,,,
SIM_DIR-1784876009,SIM_DIR,capstone_iii_fit_2x,fit_2x,88,88,377.0,0.0,0.0,1.0,590.8843202107311,590.870037534213,0.01428267651802972,,,650.0713239641524,650.0713239641524,1000000000.0,True,False,True,,,
SIM_DIR-1784876009,SIM_DIR,capstone_iii_fit_activity,fit_activity,88,88,377.0,0.0,0.0,1.0,590.8843202107311,590.870037534213,0.01428267651802972,,,644.1626235888102,644.1626235888102,1000000000.0,True,False,True,,,
SIM_DIR-1784876009,SIM_DIR,capstone_iii_fit_activity_pvt,fit_activity_pvt,88,88,377.0,0.0,0.0,1.0,590.8843202107311,590.870037534213,0.01428267651802972,,,661.8887247148367,661.8887247148367,1000000000.0,True,False,True,,,
SIM_DIR-1784876009,SIM_DIR,capstone_iii_full,full,88,88,377.0,0.0,0.0,1.0,590.8843202107311,590.870037534213,0.01428267651802972,,,679.614825840863,679.614825840863,1000000000.0,True,False,True,,,
SIM_DIR-1784876009,SIM_DIR,baseline,,89,89,384.0,0.0,0.0,1.0,602.7803565536133,602.7660738770952,0.01428267651802972,874.0315170027392,783.6144635196973,,783.6144635196973,,True,False,True,,,
SIM_DIR-1784876009,SIM_DIR,capstone_i,,89,89,384.0,0.0,0.0,1.0,602.7803565536133,602.7660738770952,0.01428267651802972,874.0315170027392,783.6144635196973,,783.6144635196973,1000000000.0,True,False,True,,,
SIM_DIR-1784876009,SIM_DIR,capstone_ii,,89,89,384.0,0.0,0.0,1.0,602.7803565536133,602.7660738770952,0.01428267651802972,245760602.78035656,153600602.78035656,,153600602.78035656,1000000000.0,True,False,True,,,
SIM_DIR-1784876009,SIM_DIR,capstone_iii_fit_1x,fit_1x,89,89,384.0,0.0,0.0,1.0,602.7803565536133,602.7660738770952,0.01428267651802972,,,633.018660247468,633.018660247468,1000000000.0,True,False,True,,,
SIM_DIR-1784876009,SIM_DIR,capstone_iii_fit_2x,fit_2x,89,89,384.0,0.0,0.0,1.0,602.7803565536133,602.7660738770952,0.01428267651802972,,,663.1569639413227,663.1569639413227,1000000000.0,True,False,True,,,
SIM_DIR-1784876009,SIM_DIR,capstone_iii_fit_activity,fit_activity,89,89,384.0,0.0,0.0,1.0,602.7803565536133,602.7660738770952,0.01428267651802972,,,657.1293032025519,657.1293032025519,1000000000.0,True,False,True,,,
SIM_DIR-1784876009,SIM_DIR,capstone_iii_fit_activity_pvt,fit_activity_pvt,89,89,384.0,0.0,0.0,1.0,602.7803565536133,602.7660738770952,0.01428267651802972,,,675.2122854188647,675.2122854188647,1000000000.0,True,False,True,,,
SIM_DIR-1784876009,SIM_DIR,capstone_iii_full,full,89,89,384.0,0.0,0.0,1.0,602.7803565536133,602.7660738770952,0.01428267651802972,,,693.2952676351775,693.2952676351775,1000000000.0,True,False,True,,,
SIM_DIR-1784876009,SIM_DIR,baseline,,90,90,390.0,0.0,0.0,1.0,613.137565846815,613.123283170297,0.01428267651802972,889.0494704778818,797.0788356008596,,797.0788356008596,,True,False,True,,,
SIM_DIR-1784876009,SIM_DIR,capstone_i,,90,90,390.0,0.0,0.0,1.0,613.137565846815,613.123283170297,0.01428267651802972,889.0494704778818,797.0788356008596,,797.0788356008596,1000000000.0,True,False,True,,,
SIM_DIR-1784876009,SIM_DIR,capstone_ii,,90,90,390.0,0.0,0.0,1.0,613.137565846815,613.123283170297,0.01428267651802972,249600613.13756585,156000613.13756585,,156000613.13756585,1000000000.0,True,False,True,,,
SIM_DIR-1784876009,SIM_DIR,capstone_iii_fit_1x,fit_1x,90,90,390.0,0.0,0.0,1.0,613.137565846815,613.123283170297,0.01428267651802972,,,643.89373000533,643.89373000533,1000000000.0,True,False,True,,,
SIM_DIR-1784876009,SIM_DIR,capstone_iii_fit_2x,fit_2x,90,90,390.0,0.0,0.0,1.0,613.137565846815,613.123283170297,0.01428267651802972,,,674.5498941638448,674.5498941638448,1000000000.0,True,False,True,,,
SIM_DIR-1784876009,SIM_DIR,capstone_iii_fit_activity,fit_activity,90,90,390.0,0.0,0.0,1.0,613.137565846815,613.123283170297,0.01428267651802972,,,668.4186613321418,668.4186613321418,1000000000.0,True,False,True,,,
SIM_DIR-1784876009,SIM_DIR,capstone_iii_fit_activity_pvt,fit_activity_pvt,90,90,390.0,0.0,0.0,1.0,613.137565846815,613.123283170297,0.01428267651802972,,,686.8123598272507,686.8123598272507,1000000000.0,True,False,True,,,
SIM_DIR-1784876009,SIM_DIR,capstone_iii_full,full,90,90,390.0,0.0,0.0,1.0,613.137565846815,613.123283170297,0.01428267651802972,,,705.2060583223596,705.2060583223596,1000000000.0,True,False,True,,,
SIM_DIR-1784876009,SIM_DIR,baseline,,91,91,391.0,0.0,0.0,1.0,615.65063831038,615.636355633862,0.01428267651802972,892.6934255500511,800.3458298034941,,800.3458298034941,,True,False,True,,,
SIM_DIR-1784876009,SIM_DIR,capstone_i,,91,91,391.0,0.0,0.0,1.0,615.65063831038,615.636355633862,0.01428267651802972,892.6934255500511,800.3458298034941,,800.3458298034941,1000000000.0,True,False,True,,,
SIM_DIR-1784876009,SIM_DIR,capstone_ii,,91,91,391.0,0.0,0.0,1.0,615.65063831038,615.636355633862,0.01428267651802972,250240615.6506383,156400615.6506383,,156400615.6506383,1000000000.0,True,False,True,,,
SIM_DIR-1784876009,SIM_DIR,capstone_iii_fit_1x,fit_1x,91,91,391.0,0.0,0.0,1.0,615.65063831038,615.636355633862,0.01428267651802972,,,646.5324560920732,646.5324560920732,1000000000.0,True,False,True,,,
SIM_DIR-1784876009,SIM_DIR,capstone_iii_fit_2x,fit_2x,91,91,391.0,0.0,0.0,1.0,615.65063831038,615.636355633862,0.01428267651802972,,,677.3142738737662,677.3142738737662,1000000000.0,True,False,True,,,
SIM_DIR-1784876009,SIM_DIR,capstone_iii_fit_activity,fit_activity,91,91,391.0,0.0,0.0,1.0,615.65063831038,615.636355633862,0.01428267651802972,,,671.1579103174276,671.1579103174276,1000000000.0,True,False,True,,,
SIM_DIR-1784876009,SIM_DIR,capstone_iii_fit_activity_pvt,fit_activity_pvt,91,91,391.0,0.0,0.0,1.0,615.65063831038,615.636355633862,0.01428267651802972,,,689.6270009864435,689.6270009864435,1000000000.0,True,False,True,,,
SIM_DIR-1784876009,SIM_DIR,capstone_iii_full,full,91,91,391.0,0.0,0.0,1.0,615.65063831038,615.636355633862,0.01428267651802972,,,708.0960916554594,708.0960916554594,1000000000.0,True,False,True,,,
SIM_DIR-1784876009,SIM_DIR,baseline,,92,92,392.0,0.0,0.0,1.0,618.1680906955883,618.1538080190702,0.01428267651802972,896.3437315086029,803.6185179042648,,803.6185179042648,,True,False,True,,,
SIM_DIR-1784876009,SIM_DIR,capstone_i,,92,92,392.0,0.0,0.0,1.0,618.1680906955883,618.1538080190702,0.01428267651802972,896.3437315086029,803.6185179042648,,803.6185179042648,1000000000.0,True,False,True,,,
SIM_DIR-1784876009,SIM_DIR,capstone_ii,,92,92,392.0,0.0,0.0,1.0,618.1680906955883,618.1538080190702,0.01428267651802972,250880618.1680907,156800618.1680907,,156800618.1680907,1000000000.0,True,False,True,,,
SIM_DIR-1784876009,SIM_DIR,capstone_iii_fit_1x,fit_1x,92,92,392.0,0.0,0.0,1.0,618.1680906955883,618.1538080190702,0.01428267651802972,,,649.1757810965419,649.1757810965419,1000000000.0,True,False,True,,,
SIM_DIR-1784876009,SIM_DIR,capstone_iii_fit_2x,fit_2x,92,92,392.0,0.0,0.0,1.0,618.1680906955883,618.1538080190702,0.01428267651802972,,,680.0834714974953,680.0834714974953,1000000000.0,True,False,True,,,
SIM_DIR-1784876009,SIM_DIR,capstone_iii_fit_activity,fit_activity,92,92,392.0,0.0,0.0,1.0,618.1680906955883,618.1538080190702,0.01428267651802972,,,673.9019334173046,673.9019334173046,1000000000.0,True,False,True,,,
SIM_DIR-1784876009,SIM_DIR,capstone_iii_fit_activity_pvt,fit_activity_pvt,92,92,392.0,0.0,0.0,1.0,618.1680906955883,618.1538080190702,0.01428267651802972,,,692.4465476578767,692.4465476578767,1000000000.0,True,False,True,,,
SIM_DIR-1784876009,SIM_DIR,capstone_iii_full,full,92,92,392.0,0.0,0.0,1.0,618.1680906955883,618.1538080190702,0.01428267651802972,,,710.9911618984489,710.9911618984489,1000000000.0,True,False,True,,,
SIM_DIR-1784876009,SIM_DIR,baseline,,93,93,392.0,0.0,0.0,1.0,619.1105958426522,619.0963131661341,0.01428267651802972,897.7103639718456,804.8437745954478,,804.8437745954478,,True,False,True,,,
SIM_DIR-1784876009,SIM_DIR,capstone_i,,93,93,392.0,0.0,0.0,1.0,619.1105958426522,619.0963131661341,0.01428267651802972,897.7103639718456,804.8437745954478,,804.8437745954478,1000000000.0,True,False,True,,,
SIM_DIR-1784876009,SIM_DIR,capstone_ii,,93,93,392.0,0.0,0.0,1.0,619.1105958426522,619.0963131661341,0.01428267651802972,250880619.11059585,156800619.11059585,,156800619.11059585,1000000000.0,True,False,True,,,
SIM_DIR-1784876009,SIM_DIR,capstone_iii_fit_1x,fit_1x,93,93,392.0,0.0,0.0,1.0,619.1105958426522,619.0963131661341,0.01428267651802972,,,650.165411500959,650.165411500959,1000000000.0,True,False,True,,,
SIM_DIR-1784876009,SIM_DIR,capstone_iii_fit_2x,fit_2x,93,93,392.0,0.0,0.0,1.0,619.1105958426522,619.0963131661341,0.01428267651802972,,,681.1202271592657,681.1202271592657,1000000000.0,True,False,True,,,
SIM_DIR-1784876009,SIM_DIR,capstone_iii_fit_activity,fit_activity,93,93,392.0,0.0,0.0,1.0,619.1105958426522,619.0963131661341,0.01428267651802972,,,674.9292640276043,674.9292640276043,1000000000.0,True,False,True,,,
SIM_DIR-1784876009,SIM_DIR,capstone_iii_fit_activity_pvt,fit_activity_pvt,93,93,392.0,0.0,0.0,1.0,619.1105958426522,619.0963131661341,0.01428267651802972,,,693.5021534225883,693.5021534225883,1000000000.0,True,False,True,,,
SIM_DIR-1784876009,SIM_DIR,capstone_iii_full,full,93,93,392.0,0.0,0.0,1.0,619.1105958426522,619.0963131661341,0.01428267651802972,,,712.0750428175724,712.0750428175724,1000000000.0,True,False,True,,,
SIM_DIR-1784876009,SIM_DIR,baseline,,94,94,393.0,0.0,0.0,1.0,621.6344053231616,621.6201226466435,0.01428267651802972,901.3698877185842,808.1247269201101,,808.1247269201101,,True,False,True,,,
SIM_DIR-1784876009,SIM_DIR,capstone_i,,94,94,393.0,0.0,0.0,1.0,621.6344053231616,621.6201226466435,0.01428267651802972,901.3698877185842,808.1247269201101,,808.1247269201101,1000000000.0,True,False,True,,,
SIM_DIR-1784876009,SIM_DIR,capstone_ii,,94,94,393.0,0.0,0.0,1.0,621.6344053231616,621.6201226466435,0.01428267651802972,251520621.63440531,157200621.63440531,,157200621.63440531,1000000000.0,True,False,True,,,
SIM_DIR-1784876009,SIM_DIR,capstone_iii_fit_1x,fit_1x,94,94,393.0,0.0,0.0,1.0,621.6344053231616,621.6201226466435,0.01428267651802972,,,652.8154114554937,652.8154114554937,1000000000.0,True,False,True,,,
SIM_DIR-1784876009,SIM_DIR,capstone_iii_fit_2x,fit_2x,94,94,393.0,0.0,0.0,1.0,621.6344053231616,621.6201226466435,0.01428267651802972,,,683.896417587826,683.896417587826,1000000000.0,True,False,True,,,
SIM_DIR-1784876009,SIM_DIR,capstone_iii_fit_activity,fit_activity,94,94,393.0,0.0,0.0,1.0,621.6344053231616,621.6201226466435,0.01428267651802972,,,677.6802163613596,677.6802163613596,1000000000.0,True,False,True,,,
SIM_DIR-1784876009,SIM_DIR,capstone_iii_fit_activity_pvt,fit_activity_pvt,94,94,393.0,0.0,0.0,1.0,621.6344053231616,621.6201226466435,0.01428267651802972,,,696.328820040759,696.328820040759,1000000000.0,True,False,True,,,
SIM_DIR-1784876009,SIM_DIR,capstone_iii_full,full,94,94,393.0,0.0,0.0,1.0,621.6344053231616,621.6201226466435,0.01428267651802972,,,714.9774237201581,714.9774237201581,1000000000.0,True,False,True,,,
SIM_DIR-1784876009,SIM_DIR,baseline,,95,95,393.0,0.0,0.0,1.0,622.5784635533324,622.5641808768144,0.01428267651802972,902.738772152332,809.3520026193322,,809.3520026193322,,True,False,True,,,
SIM_DIR-1784876009,SIM_DIR,capstone_i,,95,95,393.0,0.0,0.0,1.0,622.5784635533324,622.5641808768144,0.01428267651802972,902.738772152332,809.3520026193322,,809.3520026193322,1000000000.0,True,False,True,,,
SIM_DIR-1784876009,SIM_DIR,capstone_ii,,95,95,393.0,0.0,0.0,1.0,622.5784635533324,622.5641808768144,0.01428267651802972,251520622.57846355,157200622.57846355,,157200622.57846355,1000000000.0,True,False,True,,,
SIM_DIR-1784876009,SIM_DIR,capstone_iii_fit_1x,fit_1x,95,95,393.0,0.0,0.0,1.0,622.5784635533324,622.5641808768144,0.01428267651802972,,,653.8066725971731,653.8066725971731,1000000000.0,True,False,True,,,
SIM_DIR-1784876009,SIM_DIR,capstone_iii_fit_2x,fit_2x,95,95,393.0,0.0,0.0,1.0,622.5784635533324,622.5641808768144,0.01428267651802972,,,684.9348816410139,684.9348816410139,1000000000.0,True,False,True,,,
SIM_DIR-1784876009,SIM_DIR,capstone_iii_fit_activity,fit_activity,95,95,393.0,0.0,0.0,1.0,622.5784635533324,622.5641808768144,0.01428267651802972,,,678.7092398322458,678.7092398322458,1000000000.0,True,False,True,,,
SIM_DIR-1784876009,SIM_DIR,capstone_iii_fit_activity_pvt,fit_activity_pvt,95,95,393.0,0.0,0.0,1.0,622.5784635533324,622.5641808768144,0.01428267651802972,,,697.3861652585502,697.3861652585502,1000000000.0,True,False,True,,,
SIM_DIR-1784876009,SIM_DIR,capstone_iii_full,full,95,95,393.0,0.0,0.0,1.0,622.5784635533324,622.5641808768144,0.01428267651802972,,,716.0630906848546,716.0630906848546,1000000000.0,True,False,True,,,
SIM_DIR-1784876009,SIM_DIR,baseline,,96,96,395.0,0.0,0.0,1.0,626.6951690374107,626.6808863608926,0.01428267651802972,908.7079951042455,814.703719748634,,814.703719748634,,True,False,True,,,
SIM_DIR-1784876009,SIM_DIR,capstone_i,,96,96,395.0,0.0,0.0,1.0,626.6951690374107,626.6808863608926,0.01428267651802972,908.7079951042455,814.703719748634,,814.703719748634,1000000000.0,True,False,True,,,
SIM_DIR-1784876009,SIM_DIR,capstone_ii,,96,96,395.0,0.0,0.0,1.0,626.6951690374107,626.6808863608926,0.01428267651802972,252800626.69516903,158000626.69516903,,158000626.69516903,1000000000.0,True,False,True,,,
SIM_DIR-1784876009,SIM_DIR,capstone_iii_fit_1x,fit_1x,96,96,395.0,0.0,0.0,1.0,626.6951690374107,626.6808863608926,0.01428267651802972,,,658.1292133554552,658.1292133554552,1000000000.0,True,False,True,,,
SIM_DIR-1784876009,SIM_DIR,capstone_iii_fit_2x,fit_2x,96,96,395.0,0.0,0.0,1.0,626.6951690374107,626.6808863608926,0.01428267651802972,,,689.4632576735,689.4632576735,1000000000.0,True,False,True,,,
SIM_DIR-1784876009,SIM_DIR,capstone_iii_fit_activity,fit_activity,96,96,395.0,0.0,0.0,1.0,626.6951690374107,626.6808863608926,0.01428267651802972,,,683.196448809891,683.196448809891,1000000000.0,True,False,True,,,
SIM_DIR-1784876009,SIM_DIR,capstone_iii_fit_activity_pvt,fit_activity_pvt,96,96,395.0,0.0,0.0,1.0,626.6951690374107,626.6808863608926,0.01428267651802972,,,701.9968754007177,701.9968754007177,1000000000.0,True,False,True,,,
SIM_DIR-1784876009,SIM_DIR,capstone_iii_full,full,96,96,395.0,0.0,0.0,1.0,626.6951690374107,626.6808863608926,0.01428267651802972,,,720.7973019915446,720.7973019915446,1000000000.0,True,False,True,,,
SIM_DIR-1784876009,SIM_DIR,baseline,,97,97,397.0,0.0,0.0,1.0,630.8210575721115,630.8067748955934,0.01428267651802972,914.6905334795616,820.067374843745,,820.067374843745,,True,False,True,,,
SIM_DIR-1784876009,SIM_DIR,capstone_i,,97,97,397.0,0.0,0.0,1.0,630.8210575721115,630.8067748955934,0.01428267651802972,914.6905334795616,820.067374843745,,820.067374843745,1000000000.0,True,False,True,,,
SIM_DIR-1784876009,SIM_DIR,capstone_ii,,97,97,397.0,0.0,0.0,1.0,630.8210575721115,630.8067748955934,0.01428267651802972,254080630.82105756,158800630.82105756,,158800630.82105756,1000000000.0,True,False,True,,,
SIM_DIR-1784876009,SIM_DIR,capstone_iii_fit_1x,fit_1x,97,97,397.0,0.0,0.0,1.0,630.8210575721115,630.8067748955934,0.01428267651802972,,,662.4613963168912,662.4613963168912,1000000000.0,True,False,True,,,
SIM_DIR-1784876009,SIM_DIR,capstone_iii_fit_2x,fit_2x,97,97,397.0,0.0,0.0,1.0,630.8210575721115,630.8067748955934,0.01428267651802972,,,694.001735061671,694.001735061671,1000000000.0,True,False,True,,,
SIM_DIR-1784876009,SIM_DIR,capstone_iii_fit_activity,fit_activity,97,97,397.0,0.0,0.0,1.0,630.8210575721115,630.8067748955934,0.01428267651802972,,,687.693667312715,687.693667312715,1000000000.0,True,False,True,,,
SIM_DIR-1784876009,SIM_DIR,capstone_iii_fit_activity_pvt,fit_activity_pvt,97,97,397.0,0.0,0.0,1.0,630.8210575721115,630.8067748955934,0.01428267651802972,,,706.6178705595828,706.6178705595828,1000000000.0,True,False,True,,,
SIM_DIR-1784876009,SIM_DIR,capstone_iii_full,full,97,97,397.0,0.0,0.0,1.0,630.8210575721115,630.8067748955934,0.01428267651802972,,,725.5420738064506,725.5420738064506,1000000000.0,True,False,True,,,
SIM_DIR-1784876009,SIM_DIR,baseline,,98,98,400.0,0.0,0.0,1.0,636.5474591185576,636.5331764420396,0.01428267651802972,922.9938157219085,827.5116968541249,,827.5116968541249,,True,False,True,,,
SIM_DIR-1784876009,SIM_DIR,capstone_i,,98,98,400.0,0.0,0.0,1.0,636.5474591185576,636.5331764420396,0.01428267651802972,922.9938157219085,827.5116968541249,,827.5116968541249,1000000000.0,True,False,True,,,
SIM_DIR-1784876009,SIM_DIR,capstone_ii,,98,98,400.0,0.0,0.0,1.0,636.5474591185576,636.5331764420396,0.01428267651802972,256000636.54745913,160000636.54745913,,160000636.54745913,1000000000.0,True,False,True,,,
SIM_DIR-1784876009,SIM_DIR,capstone_iii_fit_1x,fit_1x,98,98,400.0,0.0,0.0,1.0,636.5474591185576,636.5331764420396,0.01428267651802972,,,668.4741179406595,668.4741179406595,1000000000.0,True,False,True,,,
SIM_DIR-1784876009,SIM_DIR,capstone_iii_fit_2x,fit_2x,98,98,400.0,0.0,0.0,1.0,636.5474591185576,636.5331764420396,0.01428267651802972,,,700.3007767627616,700.3007767627616,1000000000.0,True,False,True,,,
SIM_DIR-1784876009,SIM_DIR,capstone_iii_fit_activity,fit_activity,98,98,400.0,0.0,0.0,1.0,636.5474591185576,636.5331764420396,0.01428267651802972,,,693.9354449983412,693.9354449983412,1000000000.0,True,False,True,,,
SIM_DIR-1784876009,SIM_DIR,capstone_iii_fit_activity_pvt,fit_activity_pvt,98,98,400.0,0.0,0.0,1.0,636.5474591185576,636.5331764420396,0.01428267651802972,,,713.0314402916024,713.0314402916024,1000000000.0,True,False,True,,,
SIM_DIR-1784876009,SIM_DIR,capstone_iii_full,full,98,98,400.0,0.0,0.0,1.0,636.5474591185576,636.5331764420396,0.01428267651802972,,,732.1274355848636,732.1274355848636,1000000000.0,True,False,True,,,
SIM_DIR-1784876009,SIM_DIR,baseline,,99,99,401.0,0.0,0.0,1.0,639.100371912393,639.086089235875,0.01428267651802972,926.6955392729699,830.830483486111,,830.830483486111,,True,False,True,,,
SIM_DIR-1784876009,SIM_DIR,capstone_i,,99,99,401.0,0.0,0.0,1.0,639.100371912393,639.086089235875,0.01428267651802972,926.6955392729699,830.830483486111,,830.830483486111,1000000000.0,True,False,True,,,
SIM_DIR-1784876009,SIM_DIR,capstone_ii,,99,99,401.0,0.0,0.0,1.0,639.100371912393,639.086089235875,0.01428267651802972,256640639.10037193,160400639.10037193,,160400639.10037193,1000000000.0,True,False,True,,,
SIM_DIR-1784876009,SIM_DIR,capstone_iii_fit_1x,fit_1x,99,99,401.0,0.0,0.0,1.0,639.100371912393,639.086089235875,0.01428267651802972,,,671.1546763741868,671.1546763741868,1000000000.0,True,False,True,,,
SIM_DIR-1784876009,SIM_DIR,capstone_iii_fit_2x,fit_2x,99,99,401.0,0.0,0.0,1.0,639.100371912393,639.086089235875,0.01428267651802972,,,703.1089808359807,703.1089808359807,1000000000.0,True,False,True,,,
SIM_DIR-1784876009,SIM_DIR,capstone_iii_fit_activity,fit_activity,99,99,401.0,0.0,0.0,1.0,639.100371912393,639.086089235875,0.01428267651802972,,,696.7181199436219,696.7181199436219,1000000000.0,True,False,True,,,
SIM_DIR-1784876009,SIM_DIR,capstone_iii_fit_activity_pvt,fit_activity_pvt,99,99,401.0,0.0,0.0,1.0,639.100371912393,639.086089235875,0.01428267651802972,,,715.8907026206981,715.8907026206981,1000000000.0,True,False,True,,,
SIM_DIR-1784876009,SIM_DIR,capstone_iii_full,full,99,99,401.0,0.0,0.0,1.0,639.100371912393,639.086089235875,0.01428267651802972,,,735.0632852977744,735.0632852977744,1000000000.0,True,False,True,,,
SIM_DIR-1784876009,SIM_DIR,baseline,,100,100,402.0,0.0,0.0,1.0,641.6576640600462,641.6433813835281,0.01428267651802972,930.4036128870669,834.15496327806,,834.15496327806,,True,False,True,,,
SIM_DIR-1784876009,SIM_DIR,capstone_i,,100,100,402.0,0.0,0.0,1.0,641.6576640600462,641.6433813835281,0.01428267651802972,930.4036128870669,834.15496327806,,834.15496327806,1000000000.0,True,False,True,,,
SIM_DIR-1784876009,SIM_DIR,capstone_ii,,100,100,402.0,0.0,0.0,1.0,641.6576640600462,641.6433813835281,0.01428267651802972,257280641.65766403,160800641.65766403,,160800641.65766403,1000000000.0,True,False,True,,,
SIM_DIR-1784876009,SIM_DIR,capstone_iii_fit_1x,fit_1x,100,100,402.0,0.0,0.0,1.0,641.6576640600462,641.6433813835281,0.01428267651802972,,,673.8398331292226,673.8398331292226,1000000000.0,True,False,True,,,
SIM_DIR-1784876009,SIM_DIR,capstone_iii_fit_2x,fit_2x,100,100,402.0,0.0,0.0,1.0,641.6576640600462,641.6433813835281,0.01428267651802972,,,705.922002198399,705.922002198399,1000000000.0,True,False,True,,,
SIM_DIR-1784876009,SIM_DIR,capstone_iii_fit_activity,fit_activity,100,100,402.0,0.0,0.0,1.0,641.6576640600462,641.6433813835281,0.01428267651802972,,,699.5055683845637,699.5055683845637,1000000000.0,True,False,True,,,
SIM_DIR-1784876009,SIM_DIR,capstone_iii_fit_activity_pvt,fit_activity_pvt,100,100,402.0,0.0,0.0,1.0,641.6576640600462,641.6433813835281,0.01428267651802972,,,718.7548698260696,718.7548698260696,1000000000.0,True,False,True,,,
SIM_DIR-1784876009,SIM_DIR,capstone_iii_full,full,100,100,402.0,0.0,0.0,1.0,641.6576640600462,641.6433813835281,0.01428267651802972,,,738.0041712675754,738.0041712675754,1000000000.0,True,False,True,,,
SIM_DIR-1784876009,SIM_DIR,baseline,,101,101,403.0,0.0,0.0,1.0,644.2193357892279,644.2050531127098,0.01428267651802972,934.1180368943805,837.4851365259963,,837.4851365259963,,True,False,True,,,
SIM_DIR-1784876009,SIM_DIR,capstone_i,,101,101,403.0,0.0,0.0,1.0,644.2193357892279,644.2050531127098,0.01428267651802972,934.1180368943805,837.4851365259963,,837.4851365259963,1000000000.0,True,False,True,,,
SIM_DIR-1784876009,SIM_DIR,capstone_ii,,101,101,403.0,0.0,0.0,1.0,644.2193357892279,644.2050531127098,0.01428267651802972,257920644.21933582,161200644.2193358,,161200644.2193358,1000000000.0,True,False,True,,,
SIM_DIR-1784876009,SIM_DIR,capstone_iii_fit_1x,fit_1x,101,101,403.0,0.0,0.0,1.0,644.2193357892279,644.2050531127098,0.01428267651802972,,,676.5295884448634,676.5295884448634,1000000000.0,True,False,True,,,
SIM_DIR-1784876009,SIM_DIR,capstone_iii_fit_2x,fit_2x,101,101,403.0,0.0,0.0,1.0,644.2193357892279,644.2050531127098,0.01428267651802972,,,708.739841100499,708.739841100499,1000000000.0,True,False,True,,,
SIM_DIR-1784876009,SIM_DIR,capstone_iii_fit_activity,fit_activity,101,101,403.0,0.0,0.0,1.0,644.2193357892279,644.2050531127098,0.01428267651802972,,,702.2977905693718,702.2977905693718,1000000000.0,True,False,True,,,
SIM_DIR-1784876009,SIM_DIR,capstone_iii_fit_activity_pvt,fit_activity_pvt,101,101,403.0,0.0,0.0,1.0,644.2193357892279,644.2050531127098,0.01428267651802972,,,721.6239421627532,721.6239421627532,1000000000.0,True,False,True,,,
SIM_DIR-1784876009,SIM_DIR,capstone_iii_full,full,101,101,403.0,0.0,0.0,1.0,644.2193357892279,644.2050531127098,0.01428267651802972,,,740.9500937561345,740.9500937561345,1000000000.0,True,False,True,,,
SIM_DIR-1784876009,SIM_DIR,baseline,,102,102,403.0,0.0,0.0,1.0,645.184468756614,645.170186080096,0.01428267651802972,935.5174796970903,838.7398093835983,,838.7398093835983,,True,False,True,,,
SIM_DIR-1784876009,SIM_DIR,capstone_i,,102,102,403.0,0.0,0.0,1.0,645.184468756614,645.170186080096,0.01428267651802972,935.5174796970903,838.7398093835983,,838.7398093835983,1000000000.0,True,False,True,,,
SIM_DIR-1784876009,SIM_DIR,capstone_ii,,102,102,403.0,0.0,0.0,1.0,645.184468756614,645.170186080096,0.01428267651802972,257920645.18446878,161200645.18446875,,161200645.18446875,1000000000.0,True,False,True,,,
SIM_DIR-1784876009,SIM_DIR,capstone_iii_fit_1x,fit_1x,102,102,403.0,0.0,0.0,1.0,645.184468756614,645.170186080096,0.01428267651802972,,,677.5429780606188,677.5429780606188,1000000000.0,True,False,True,,,
SIM_DIR-1784876009,SIM_DIR,capstone_iii_fit_2x,fit_2x,102,102,403.0,0.0,0.0,1.0,645.184468756614,645.170186080096,0.01428267651802972,,,709.8014873646237,709.8014873646237,1000000000.0,True,False,True,,,
SIM_DIR-1784876009,SIM_DIR,capstone_iii_fit_activity,fit_activity,102,102,403.0,0.0,0.0,1.0,645.184468756614,645.170186080096,0.01428267651802972,,,703.3497855038227,703.3497855038227,1000000000.0,True,False,True,,,
SIM_DIR-1784876009,SIM_DIR,capstone_iii_fit_activity_pvt,fit_activity_pvt,102,102,403.0,0.0,0.0,1.0,645.184468756614,645.170186080096,0.01428267651802972,,,722.7048910862255,722.7048910862255,1000000000.0,True,False,True,,,
SIM_DIR-1784876009,SIM_DIR,capstone_iii_full,full,102,102,403.0,0.0,0.0,1.0,645.184468756614,645.170186080096,0.01428267651802972,,,742.0599966686284,742.0599966686284,1000000000.0,True,False,True,,,
SIM_DIR-1784876009,SIM_DIR,baseline,,103,103,404.0,0.0,0.0,1.0,647.7525064920254,647.7382238155074,0.01428267651802972,939.2411344134368,842.078258439633,,842.078258439633,,True,False,True,,,
SIM_DIR-1784876009,SIM_DIR,capstone_i,,103,103,404.0,0.0,0.0,1.0,647.7525064920254,647.7382238155074,0.01428267651802972,939.2411344134368,842.078258439633,,842.078258439633,1000000000.0,True,False,True,,,
SIM_DIR-1784876009,SIM_DIR,capstone_ii,,103,103,404.0,0.0,0.0,1.0,647.7525064920254,647.7382238155074,0.01428267651802972,258560647.7525065,161600647.7525065,,161600647.7525065,1000000000.0,True,False,True,,,
SIM_DIR-1784876009,SIM_DIR,capstone_iii_fit_1x,fit_1x,103,103,404.0,0.0,0.0,1.0,647.7525064920254,647.7382238155074,0.01428267651802972,,,680.2394176828008,680.2394176828008,1000000000.0,True,False,True,,,
SIM_DIR-1784876009,SIM_DIR,capstone_iii_fit_2x,fit_2x,103,103,404.0,0.0,0.0,1.0,647.7525064920254,647.7382238155074,0.01428267651802972,,,712.6263288735762,712.6263288735762,1000000000.0,True,False,True,,,
SIM_DIR-1784876009,SIM_DIR,capstone_iii_fit_activity,fit_activity,103,103,404.0,0.0,0.0,1.0,647.7525064920254,647.7382238155074,0.01428267651802972,,,706.1489466354211,706.1489466354211,1000000000.0,True,False,True,,,
SIM_DIR-1784876009,SIM_DIR,capstone_iii_fit_activity_pvt,fit_activity_pvt,103,103,404.0,0.0,0.0,1.0,647.7525064920254,647.7382238155074,0.01428267651802972,,,725.5810933498863,725.5810933498863,1000000000.0,True,False,True,,,
SIM_DIR-1784876009,SIM_DIR,capstone_iii_full,full,103,103,404.0,0.0,0.0,1.0,647.7525064920254,647.7382238155074,0.01428267651802972,,,745.0132400643515,745.0132400643515,1000000000.0,True,False,True,,,
SIM_DIR-1784876009,SIM_DIR,baseline,,104,104,406.0,0.0,0.0,1.0,651.930630815511,651.9163481389929,0.01428267651802972,945.2994146824909,847.5098200601643,,847.5098200601643,,True,False,True,,,
SIM_DIR-1784876009,SIM_DIR,capstone_i,,104,104,406.0,0.0,0.0,1.0,651.930630815511,651.9163481389929,0.01428267651802972,945.2994146824909,847.5098200601643,,847.5098200601643,1000000000.0,True,False,True,,,
SIM_DIR-1784876009,SIM_DIR,capstone_ii,,104,104,406.0,0.0,0.0,1.0,651.930630815511,651.9163481389929,0.01428267651802972,259840651.93063077,162400651.93063077,,162400651.93063077,1000000000.0,True,False,True,,,
SIM_DIR-1784876009,SIM_DIR,capstone_iii_fit_1x,fit_1x,104,104,406.0,0.0,0.0,1.0,651.930630815511,651.9163481389929,0.01428267651802972,,,684.6264482224607,684.6264482224607,1000000000.0,True,False,True,,,
SIM_DIR-1784876009,SIM_DIR,capstone_iii_fit_2x,fit_2x,104,104,406.0,0.0,0.0,1.0,651.930630815511,651.9163481389929,0.01428267651802972,,,717.2222656294103,717.2222656294103,1000000000.0,True,False,True,,,
SIM_DIR-1784876009,SIM_DIR,capstone_iii_fit_activity,fit_activity,104,104,406.0,0.0,0.0,1.0,651.930630815511,651.9163481389929,0.01428267651802972,,,710.7031021480204,710.7031021480204,1000000000.0,True,False,True,,,
SIM_DIR-1784876009,SIM_DIR,capstone_iii_fit_activity_pvt,fit_activity_pvt,104,104,406.0,0.0,0.0,1.0,651.930630815511,651.9163481389929,0.01428267651802972,,,730.2605925921903,730.2605925921903,1000000000.0,True,False,True,,,
SIM_DIR-1784876009,SIM_DIR,capstone_iii_full,full,104,104,406.0,0.0,0.0,1.0,651.930630815511,651.9163481389929,0.01428267651802972,,,749.81808303636,749.81808303636,1000000000.0,True,False,True,,,
SIM_DIR-1784876009,SIM_DIR,baseline,,105,105,409.0,0.0,0.0,1.0,657.7260175467948,657.7117348702767,0.01428267651802972,953.7027254428524,855.0438228108333,,855.0438228108333,,True,False,True,,,
SIM_DIR-1784876009,SIM_DIR,capstone_i,,105,105,409.0,0.0,0.0,1.0,657.7260175467948,657.7117348702767,0.01428267651802972,953.7027254428524,855.0438228108333,,855.0438228108333,1000000000.0,True,False,True,,,
SIM_DIR-1784876009,SIM_DIR,capstone_ii,,105,105,409.0,0.0,0.0,1.0,657.7260175467948,657.7117348702767,0.01428267651802972,261760657.72601753,163600657.72601753,,163600657.72601753,1000000000.0,True,False,True,,,
SIM_DIR-1784876009,SIM_DIR,capstone_iii_fit_1x,fit_1x,105,105,409.0,0.0,0.0,1.0,657.7260175467948,657.7117348702767,0.01428267651802972,,,690.7116042903086,690.7116042903086,1000000000.0,True,False,True,,,
SIM_DIR-1784876009,SIM_DIR,capstone_iii_fit_2x,fit_2x,105,105,409.0,0.0,0.0,1.0,657.7260175467948,657.7117348702767,0.01428267651802972,,,723.5971910338225,723.5971910338225,1000000000.0,True,False,True,,,
SIM_DIR-1784876009,SIM_DIR,capstone_iii_fit_activity,fit_activity,105,105,409.0,0.0,0.0,1.0,657.7260175467948,657.7117348702767,0.01428267651802972,,,717.0200736851198,717.0200736851198,1000000000.0,True,False,True,,,
SIM_DIR-1784876009,SIM_DIR,capstone_iii_fit_activity_pvt,fit_activity_pvt,105,105,409.0,0.0,0.0,1.0,657.7260175467948,657.7117348702767,0.01428267651802972,,,736.751425731228,736.751425731228,1000000000.0,True,False,True,,,
SIM_DIR-1784876009,SIM_DIR,capstone_iii_full,full,105,105,409.0,0.0,0.0,1.0,657.7260175467948,657.7117348702767,0.01428267651802972,,,756.4827777773363,756.4827777773363,1000000000.0,True,False,True,,,
SIM_DIR-1784876009,SIM_DIR,baseline,,106,106,410.0,0.0,0.0,1.0,660.3143725129621,660.300089836444,0.01428267651802972,957.4558401437951,858.4086842668507,,858.4086842668507,,True,False,True,,,
SIM_DIR-1784876009,SIM_DIR,capstone_i,,106,106,410.0,0.0,0.0,1.0,660.3143725129621,660.300089836444,0.01428267651802972,957.4558401437951,858.4086842668507,,858.4086842668507,1000000000.0,True,False,True,,,
SIM_DIR-1784876009,SIM_DIR,capstone_ii,,106,106,410.0,0.0,0.0,1.0,660.3143725129621,660.300089836444,0.01428267651802972,262400660.31437248,164000660.3143725,,164000660.3143725,1000000000.0,True,False,True,,,
SIM_DIR-1784876009,SIM_DIR,capstone_iii_fit_1x,fit_1x,106,106,410.0,0.0,0.0,1.0,660.3143725129621,660.300089836444,0.01428267651802972,,,693.4293770047843,693.4293770047843,1000000000.0,True,False,True,,,
SIM_DIR-1784876009,SIM_DIR,capstone_iii_fit_2x,fit_2x,106,106,410.0,0.0,0.0,1.0,660.3143725129621,660.300089836444,0.01428267651802972,,,726.4443814966066,726.4443814966066,1000000000.0,True,False,True,,,
SIM_DIR-1784876009,SIM_DIR,capstone_iii_fit_activity,fit_activity,106,106,410.0,0.0,0.0,1.0,660.3143725129621,660.300089836444,0.01428267651802972,,,719.8413805982422,719.8413805982422,1000000000.0,True,False,True,,,
SIM_DIR-1784876009,SIM_DIR,capstone_iii_fit_activity_pvt,fit_activity_pvt,106,106,410.0,0.0,0.0,1.0,660.3143725129621,660.300089836444,0.01428267651802972,,,739.6503832933355,739.6503832933355,1000000000.0,True,False,True,,,
SIM_DIR-1784876009,SIM_DIR,capstone_iii_full,full,106,106,410.0,0.0,0.0,1.0,660.3143725129621,660.300089836444,0.01428267651802972,,,759.4593859884288,759.4593859884288,1000000000.0,True,False,True,,,
SIM_DIR-1784876009,SIM_DIR,baseline,,107,107,410.0,0.0,0.0,1.0,661.2942286509077,661.2799459743896,0.01428267651802972,958.8766315438162,859.6824972461801,,859.6824972461801,,True,False,True,,,
SIM_DIR-1784876009,SIM_DIR,capstone_i,,107,107,410.0,0.0,0.0,1.0,661.2942286509077,661.2799459743896,0.01428267651802972,958.8766315438162,859.6824972461801,,859.6824972461801,1000000000.0,True,False,True,,,
SIM_DIR-1784876009,SIM_DIR,capstone_ii,,107,107,410.0,0.0,0.0,1.0,661.2942286509077,661.2799459743896,0.01428267651802972,262400661.2942286,164000661.29422864,,164000661.29422864,1000000000.0,True,False,True,,,
SIM_DIR-1784876009,SIM_DIR,capstone_iii_fit_1x,fit_1x,107,107,410.0,0.0,0.0,1.0,661.2942286509077,661.2799459743896,0.01428267651802972,,,694.4582259496273,694.4582259496273,1000000000.0,True,False,True,,,
SIM_DIR-1784876009,SIM_DIR,capstone_iii_fit_2x,fit_2x,107,107,410.0,0.0,0.0,1.0,661.2942286509077,661.2799459743896,0.01428267651802972,,,727.5222232483467,727.5222232483467,1000000000.0,True,False,True,,,
SIM_DIR-1784876009,SIM_DIR,capstone_iii_fit_activity,fit_activity,107,107,410.0,0.0,0.0,1.0,661.2942286509077,661.2799459743896,0.01428267651802972,,,720.9094237886028,720.9094237886028,1000000000.0,True,False,True,,,
SIM_DIR-1784876009,SIM_DIR,capstone_iii_fit_activity_pvt,fit_activity_pvt,107,107,410.0,0.0,0.0,1.0,661.2942286509077,661.2799459743896,0.01428267651802972,,,740.7478221678346,740.7478221678346,1000000000.0,True,False,True,,,
SIM_DIR-1784876009,SIM_DIR,capstone_iii_full,full,107,107,410.0,0.0,0.0,1.0,661.2942286509077,661.2799459743896,0.01428267651802972,,,760.5862205470661,760.5862205470661,1000000000.0,True,False,True,,,
SIM_DIR-1784876009,SIM_DIR,baseline,,108,108,415.0,0.0,0.0,1.0,670.350020502489,670.3357378259709,0.01428267651802972,972.007529728609,871.4550266532357,,871.4550266532357,,True,False,True,,,
SIM_DIR-1784876009,SIM_DIR,capstone_i,,108,108,415.0,0.0,0.0,1.0,670.350020502489,670.3357378259709,0.01428267651802972,972.007529728609,871.4550266532357,,871.4550266532357,1000000000.0,True,False,True,,,
SIM_DIR-1784876009,SIM_DIR,capstone_ii,,108,108,415.0,0.0,0.0,1.0,670.350020502489,670.3357378259709,0.01428267651802972,265600670.35002053,166000670.3500205,,166000670.3500205,1000000000.0,True,False,True,,,
SIM_DIR-1784876009,SIM_DIR,capstone_iii_fit_1x,fit_1x,108,108,415.0,0.0,0.0,1.0,670.350020502489,670.3357378259709,0.01428267651802972,,,703.9668073937876,703.9668073937876,1000000000.0,True,False,True,,,
SIM_DIR-1784876009,SIM_DIR,capstone_iii_fit_2x,fit_2x,108,108,415.0,0.0,0.0,1.0,670.350020502489,670.3357378259709,0.01428267651802972,,,737.4835942850862,737.4835942850862,1000000000.0,True,False,True,,,
SIM_DIR-1784876009,SIM_DIR,capstone_iii_fit_activity,fit_activity,108,108,415.0,0.0,0.0,1.0,670.350020502489,670.3357378259709,0.01428267651802972,,,730.7802369068264,730.7802369068264,1000000000.0,True,False,True,,,
SIM_DIR-1784876009,SIM_DIR,capstone_iii_fit_activity_pvt,fit_activity_pvt,108,108,415.0,0.0,0.0,1.0,670.350020502489,670.3357378259709,0.01428267651802972,,,750.8903090416056,750.8903090416056,1000000000.0,True,False,True,,,
SIM_DIR-1784876009,SIM_DIR,capstone_iii_full,full,108,108,415.0,0.0,0.0,1.0,670.350020502489,670.3357378259709,0.01428267651802972,,,771.0003811763846,771.0003811763846,1000000000.0,True,False,True,,,
SIM_DIR-1784876009,SIM_DIR,baseline,,109,109,420.0,0.0,0.0,1.0,679.4292966200506,679.4150139435326,0.01428267651802972,985.1724800990734,883.2580856060658,,883.2580856060658,,True,False,True,,,
SIM_DIR-1784876009,SIM_DIR,capstone_i,,109,109,420.0,0.0,0.0,1.0,679.4292966200506,679.4150139435326,0.01428267651802972,985.1724800990734,883.2580856060658,,883.2580856060658,1000000000.0,True,False,True,,,
SIM_DIR-1784876009,SIM_DIR,capstone_ii,,109,109,420.0,0.0,0.0,1.0,679.4292966200506,679.4150139435326,0.01428267651802972,268800679.4292966,168000679.4292966,,168000679.4292966,1000000000.0,True,False,True,,,
SIM_DIR-1784876009,SIM_DIR,capstone_iii_fit_1x,fit_1x,109,109,420.0,0.0,0.0,1.0,679.4292966200506,679.4150139435326,0.01428267651802972,,,713.5000473172274,713.5000473172274,1000000000.0,True,False,True,,,
SIM_DIR-1784876009,SIM_DIR,capstone_iii_fit_2x,fit_2x,109,109,420.0,0.0,0.0,1.0,679.4292966200506,679.4150139435326,0.01428267651802972,,,747.470798014404,747.470798014404,1000000000.0,True,False,True,,,
SIM_DIR-1784876009,SIM_DIR,capstone_iii_fit_activity,fit_activity,109,109,420.0,0.0,0.0,1.0,679.4292966200506,679.4150139435326,0.01428267651802972,,,740.6766478749687,740.6766478749687,1000000000.0,True,False,True,,,
SIM_DIR-1784876009,SIM_DIR,capstone_iii_fit_activity_pvt,fit_activity_pvt,109,109,420.0,0.0,0.0,1.0,679.4292966200506,679.4150139435326,0.01428267651802972,,,761.0590982932746,761.0590982932746,1000000000.0,True,False,True,,,
SIM_DIR-1784876009,SIM_DIR,capstone_iii_full,full,109,109,420.0,0.0,0.0,1.0,679.4292966200506,679.4150139435326,0.01428267651802972,,,781.4415487115806,781.4415487115806,1000000000.0,True,False,True,,,
SIM_DIR-1784876009,SIM_DIR,baseline,,110,110,421.0,0.0,0.0,1.0,682.0518786210648,682.0375959445468,0.01428267651802972,988.9752240005439,886.6674422073843,,886.6674422073843,,True,False,True,,,
SIM_DIR-1784876009,SIM_DIR,capstone_i,,110,110,421.0,0.0,0.0,1.0,682.0518786210648,682.0375959445468,0.01428267651802972,988.9752240005439,886.6674422073843,,886.6674422073843,1000000000.0,True,False,True,,,
SIM_DIR-1784876009,SIM_DIR,capstone_ii,,110,110,421.0,0.0,0.0,1.0,682.0518786210648,682.0375959445468,0.01428267651802972,269440682.05187863,168400682.05187863,,168400682.05187863,1000000000.0,True,False,True,,,
SIM_DIR-1784876009,SIM_DIR,capstone_iii_fit_1x,fit_1x,110,110,421.0,0.0,0.0,1.0,682.0518786210648,682.0375959445468,0.01428267651802972,,,716.2537584182923,716.2537584182923,1000000000.0,True,False,True,,,
SIM_DIR-1784876009,SIM_DIR,capstone_iii_fit_2x,fit_2x,110,110,421.0,0.0,0.0,1.0,682.0518786210648,682.0375959445468,0.01428267651802972,,,750.3556382155195,750.3556382155195,1000000000.0,True,False,True,,,
SIM_DIR-1784876009,SIM_DIR,capstone_iii_fit_activity,fit_activity,110,110,421.0,0.0,0.0,1.0,682.0518786210648,682.0375959445468,0.01428267651802972,,,743.5352622560741,743.5352622560741,1000000000.0,True,False,True,,,
SIM_DIR-1784876009,SIM_DIR,capstone_iii_fit_activity_pvt,fit_activity_pvt,110,110,421.0,0.0,0.0,1.0,682.0518786210648,682.0375959445468,0.01428267651802972,,,763.9963901344105,763.9963901344105,1000000000.0,True,False,True,,,
SIM_DIR-1784876009,SIM_DIR,capstone_iii_full,full,110,110,421.0,0.0,0.0,1.0,682.0518786210648,682.0375959445468,0.01428267651802972,,,784.457518012747,784.457518012747,1000000000.0,True,False,True,,,
SIM_DIR-1784876009,SIM_DIR,baseline,,111,111,427.0,0.0,0.0,1.0,692.7909734370762,692.7766907605582,0.01428267651802972,1004.5469114837605,900.6282654681991,,900.6282654681991,,True,False,True,,,
SIM_DIR-1784876009,SIM_DIR,capstone_i,,111,111,427.0,0.0,0.0,1.0,692.7909734370762,692.7766907605582,0.01428267651802972,1004.5469114837605,900.6282654681991,,900.6282654681991,1000000000.0,True,False,True,,,
SIM_DIR-1784876009,SIM_DIR,capstone_ii,,111,111,427.0,0.0,0.0,1.0,692.7909734370762,692.7766907605582,0.01428267651802972,273280692.7909734,170800692.7909734,,170800692.7909734,1000000000.0,True,False,True,,,
SIM_DIR-1784876009,SIM_DIR,capstone_iii_fit_1x,fit_1x,111,111,427.0,0.0,0.0,1.0,692.7909734370762,692.7766907605582,0.01428267651802972,,,727.5298079751042,727.5298079751042,1000000000.0,True,False,True,,,
SIM_DIR-1784876009,SIM_DIR,capstone_iii_fit_2x,fit_2x,111,111,427.0,0.0,0.0,1.0,692.7909734370762,692.7766907605582,0.01428267651802972,,,762.1686425131321,762.1686425131321,1000000000.0,True,False,True,,,
SIM_DIR-1784876009,SIM_DIR,capstone_iii_fit_activity,fit_activity,111,111,427.0,0.0,0.0,1.0,692.7909734370762,692.7766907605582,0.01428267651802972,,,755.2408756055264,755.2408756055264,1000000000.0,True,False,True,,,
SIM_DIR-1784876009,SIM_DIR,capstone_iii_fit_activity_pvt,fit_activity_pvt,111,111,427.0,0.0,0.0,1.0,692.7909734370762,692.7766907605582,0.01428267651802972,,,776.0241763283433,776.0241763283433,1000000000.0,True,False,True,,,
SIM_DIR-1784876009,SIM_DIR,capstone_iii_full,full,111,111,427.0,0.0,0.0,1.0,692.7909734370762,692.7766907605582,0.01428267651802972,,,796.80747705116,796.80747705116,1000000000.0,True,False,True,,,
SIM_DIR-1784876009,SIM_DIR,baseline,,112,112,429.0,0.0,0.0,1.0,697.0590414518088,697.0447587752907,0.01428267651802972,1010.7356101051226,906.1767538873514,,906.1767538873514,,True,False,True,,,
SIM_DIR-1784876009,SIM_DIR,capstone_i,,112,112,429.0,0.0,0.0,1.0,697.0590414518088,697.0447587752907,0.01428267651802972,1010.7356101051226,906.1767538873514,,906.1767538873514,1000000000.0,True,False,True,,,
SIM_DIR-1784876009,SIM_DIR,capstone_ii,,112,112,429.0,0.0,0.0,1.0,697.0590414518088,697.0447587752907,0.01428267651802972,274560697.05904144,171600697.05904144,,171600697.05904144,1000000000.0,True,False,True,,,
SIM_DIR-1784876009,SIM_DIR,capstone_iii_fit_1x,fit_1x,112,112,429.0,0.0,0.0,1.0,697.0590414518088,697.0447587752907,0.01428267651802972,,,732.0112793905735,732.0112793905735,1000000000.0,True,False,True,,,
SIM_DIR-1784876009,SIM_DIR,capstone_iii_fit_2x,fit_2x,112,112,429.0,0.0,0.0,1.0,697.0590414518088,697.0447587752907,0.01428267651802972,,,766.8635173293379,766.8635173293379,1000000000.0,True,False,True,,,
SIM_DIR-1784876009,SIM_DIR,capstone_iii_fit_activity,fit_activity,112,112,429.0,0.0,0.0,1.0,697.0590414518088,697.0447587752907,0.01428267651802972,,,759.893069741585,759.893069741585,1000000000.0,True,False,True,,,
SIM_DIR-1784876009,SIM_DIR,capstone_iii_fit_activity_pvt,fit_activity_pvt,112,112,429.0,0.0,0.0,1.0,697.0590414518088,697.0447587752907,0.01428267651802972,,,780.8044125048438,780.8044125048438,1000000000.0,True,False,True,,,
SIM_DIR-1784876009,SIM_DIR,capstone_iii_full,full,112,112,429.0,0.0,0.0,1.0,697.0590414518088,697.0447587752907,0.01428267651802972,,,801.7157552681024,801.7157552681024,1000000000.0,True,False,True,,,
SIM_DIR-1784876009,SIM_DIR,baseline,,113,113,429.0,0.0,0.0,1.0,698.0818531588078,698.0675704822897,0.01428267651802972,1012.2186870802713,907.5064091064502,,907.5064091064502,,True,False,True,,,
SIM_DIR-1784876009,SIM_DIR,capstone_i,,113,113,429.0,0.0,0.0,1.0,698.0818531588078,698.0675704822897,0.01428267651802972,1012.2186870802713,907.5064091064502,,907.5064091064502,1000000000.0,True,False,True,,,
SIM_DIR-1784876009,SIM_DIR,capstone_ii,,113,113,429.0,0.0,0.0,1.0,698.0818531588078,698.0675704822897,0.01428267651802972,274560698.08185315,171600698.08185315,,171600698.08185315,1000000000.0,True,False,True,,,
SIM_DIR-1784876009,SIM_DIR,capstone_iii_fit_1x,fit_1x,113,113,429.0,0.0,0.0,1.0,698.0818531588078,698.0675704822897,0.01428267651802972,,,733.0852316829223,733.0852316829223,1000000000.0,True,False,True,,,
SIM_DIR-1784876009,SIM_DIR,capstone_iii_fit_2x,fit_2x,113,113,429.0,0.0,0.0,1.0,698.0818531588078,698.0675704822897,0.01428267651802972,,,767.9886102070368,767.9886102070368,1000000000.0,True,False,True,,,
SIM_DIR-1784876009,SIM_DIR,capstone_iii_fit_activity,fit_activity,113,113,429.0,0.0,0.0,1.0,698.0818531588078,698.0675704822897,0.01428267651802972,,,761.007934502214,761.007934502214,1000000000.0,True,False,True,,,
SIM_DIR-1784876009,SIM_DIR,capstone_iii_fit_activity_pvt,fit_activity_pvt,113,113,429.0,0.0,0.0,1.0,698.0818531588078,698.0675704822897,0.01428267651802972,,,781.9499616166826,781.9499616166826,1000000000.0,True,False,True,,,
SIM_DIR-1784876009,SIM_DIR,capstone_iii_full,full,113,113,429.0,0.0,0.0,1.0,698.0818531588078,698.0675704822897,0.01428267651802972,,,802.8919887311512,802.8919887311512,1000000000.0,True,False,True,,,
SIM_DIR-1784876009,SIM_DIR,baseline,,114,114,431.0,0.0,0.0,1.0,702.3634282063533,702.3491455298353,0.01428267651802972,1018.4269708992123,913.0724566682593,,913.0724566682593,,True,False,True,,,
SIM_DIR-1784876009,SIM_DIR,capstone_i,,114,114,431.0,0.0,0.0,1.0,702.3634282063533,702.3491455298353,0.01428267651802972,1018.4269708992123,913.0724566682593,,913.0724566682593,1000000000.0,True,False,True,,,
SIM_DIR-1784876009,SIM_DIR,capstone_ii,,114,114,431.0,0.0,0.0,1.0,702.3634282063533,702.3491455298353,0.01428267651802972,275840702.36342824,172400702.36342818,,172400702.36342818,1000000000.0,True,False,True,,,
SIM_DIR-1784876009,SIM_DIR,capstone_iii_fit_1x,fit_1x,114,114,431.0,0.0,0.0,1.0,702.3634282063533,702.3491455298353,0.01428267651802972,,,737.5808854828451,737.5808854828451,1000000000.0,True,False,True,,,
SIM_DIR-1784876009,SIM_DIR,capstone_iii_fit_2x,fit_2x,114,114,431.0,0.0,0.0,1.0,702.3634282063533,702.3491455298353,0.01428267651802972,,,772.6983427593369,772.6983427593369,1000000000.0,True,False,True,,,
SIM_DIR-1784876009,SIM_DIR,capstone_iii_fit_activity,fit_activity,114,114,431.0,0.0,0.0,1.0,702.3634282063533,702.3491455298353,0.01428267651802972,,,765.6748513040385,765.6748513040385,1000000000.0,True,False,True,,,
SIM_DIR-1784876009,SIM_DIR,capstone_iii_fit_activity_pvt,fit_activity_pvt,114,114,431.0,0.0,0.0,1.0,702.3634282063533,702.3491455298353,0.01428267651802972,,,786.7453256699337,786.7453256699337,1000000000.0,True,False,True,,,
SIM_DIR-1784876009,SIM_DIR,capstone_iii_full,full,114,114,431.0,0.0,0.0,1.0,702.3634282063533,702.3491455298353,0.01428267651802972,,,807.8158000358287,807.8158000358287,1000000000.0,True,False,True,,,
