run_id,kernel,mode,bound_mode,iteration,breaks,f_mhz,II,raw_AHA_II,effective_power_II,P_mean_mW,P_mean_dyn_mW,P_mean_leak_mW,P_upper_anchor_mW,P_upper_spec_mW,P_upper_robust_mW,P_effective_stop_upper_mW,cap_mW,safe,stopped_here,active_after,P_oracle_mW,success,delta_cap_pct
SIM_DIR-1784848446,SIM_DIR,baseline,,0,0,55.0,0.0,0.0,1.0,153.54051666598426,153.51814528457845,0.022371381405792683,222.63374916567716,199.60267166577955,,199.60267166577955,,True,False,True,,,
SIM_DIR-1784848446,SIM_DIR,capstone_i,,0,0,55.0,0.0,0.0,1.0,153.54051666598426,153.51814528457845,0.022371381405792683,222.63374916567716,199.60267166577955,,199.60267166577955,1200.0,True,False,True,,,
SIM_DIR-1784848446,SIM_DIR,capstone_ii,,0,0,55.0,0.0,0.0,1.0,153.54051666598426,153.51814528457845,0.022371381405792683,177.54051666598426,168.54051666598426,,168.54051666598426,1200.0,True,False,True,,,
SIM_DIR-1784848446,SIM_DIR,capstone_iii_fit_1x,fit_1x,0,0,55.0,0.0,0.0,1.0,153.54051666598426,153.51814528457845,0.022371381405792683,,,161.31642393021318,161.31642393021318,1200.0,True,False,True,,,
SIM_DIR-1784848446,SIM_DIR,capstone_iii_fit_2x,fit_2x,0,0,55.0,0.0,0.0,1.0,153.54051666598426,153.51814528457845,0.022371381405792683,,,168.99233119444207,168.99233119444207,1200.0,True,False,True,,,
SIM_DIR-1784848446,SIM_DIR,capstone_iii_fit_activity,fit_activity,0,0,55.0,0.0,0.0,1.0,153.54051666598426,153.51814528457845,0.022371381405792683,,,167.4571497415963,167.4571497415963,1200.0,True,False,True,,,
SIM_DIR-1784848446,SIM_DIR,capstone_iii_fit_activity_pvt,fit_activity_pvt,0,0,55.0,0.0,0.0,1.0,153.54051666598426,153.51814528457845,0.022371381405792683,,,172.06269410013365,172.06269410013365,1200.0,True,False,True,,,
SIM_DIR-1784848446,SIM_DIR,capstone_iii_full,full,0,0,55.0,0.0,0.0,1.0,153.54051666598426,153.51814528457845,0.022371381405792683,,,176.66823845867103,176.66823845867103,1200.0,True,False,True,,,
SIM_DIR-1784848446,SIM_DIR,baseline,,1,1,59.0,0.0,0.0,1.0,164.87910281878172,164.8567314373759,0.022371381405792683,239.07469908723348,214.34283366441625,,214.34283366441625,,True,False,True,,,
SIM_DIR-1784848446,SIM_DIR,capstone_i,,1,1,59.0,0.0,0.0,1.0,164.87910281878172,164.8567314373759,0.022371381405792683,239.07469908723348,214.34283366441625,,214.34283366441625,1200.0,True,False,True,,,
SIM_DIR-1784848446,SIM_DIR,capstone_ii,,1,1,59.0,0.0,0.0,1.0,164.87910281878172,164.8567314373759,0.022371381405792683,188.87910281878172,179.87910281878172,,179.87910281878172,1200.0,True,False,True,,,
SIM_DIR-1784848446,SIM_DIR,capstone_iii_fit_1x,fit_1x,1,1,59.0,0.0,0.0,1.0,164.87910281878172,164.8567314373759,0.022371381405792683,,,173.22193939065053,173.22193939065053,1200.0,True,False,True,,,
SIM_DIR-1784848446,SIM_DIR,capstone_iii_fit_2x,fit_2x,1,1,59.0,0.0,0.0,1.0,164.87910281878172,164.8567314373759,0.022371381405792683,,,181.4647759625193,181.4647759625193,1200.0,True,False,True,,,
SIM_DIR-1784848446,SIM_DIR,capstone_iii_fit_activity,fit_activity,1,1,59.0,0.0,0.0,1.0,164.87910281878172,164.8567314373759,0.022371381405792683,,,179.81620864814556,179.81620864814556,1200.0,True,False,True,,,
SIM_DIR-1784848446,SIM_DIR,capstone_iii_fit_activity_pvt,fit_activity_pvt,1,1,59.0,0.0,0.0,1.0,164.87910281878172,164.8567314373759,0.022371381405792683,,,184.76191059126683,184.76191059126683,1200.0,True,False,True,,,
SIM_DIR-1784848446,SIM_DIR,capstone_iii_full,full,1,1,59.0,0.0,0.0,1.0,164.87910281878172,164.8567314373759,0.022371381405792683,,,189.70761253438812,189.70761253438812,1200.0,True,False,True,,,
SIM_DIR-1784848446,SIM_DIR,baseline,,2,2,63.0,0.0,0.0,1.0,176.24114707877294,176.21877569736714,0.022371381405792683,255.54966326422075,229.11349120240482,,229.11349120240482,,True,False,True,,,
SIM_DIR-1784848446,SIM_DIR,capstone_i,,2,2,63.0,0.0,0.0,1.0,176.24114707877294,176.21877569736714,0.022371381405792683,255.54966326422075,229.11349120240482,,229.11349120240482,1200.0,True,False,True,,,
SIM_DIR-1784848446,SIM_DIR,capstone_ii,,2,2,63.0,0.0,0.0,1.0,176.24114707877294,176.21877569736714,0.022371381405792683,200.24114707877294,191.24114707877294,,191.24114707877294,1200.0,True,False,True,,,
SIM_DIR-1784848446,SIM_DIR,capstone_iii_fit_1x,fit_1x,2,2,63.0,0.0,0.0,1.0,176.24114707877294,176.21877569736714,0.022371381405792683,,,185.1520858636413,185.1520858636413,1200.0,True,False,True,,,
SIM_DIR-1784848446,SIM_DIR,capstone_iii_fit_2x,fit_2x,2,2,63.0,0.0,0.0,1.0,176.24114707877294,176.21877569736714,0.022371381405792683,,,193.96302464850964,193.96302464850964,1200.0,True,False,True,,,
SIM_DIR-1784848446,SIM_DIR,capstone_iii_fit_activity,fit_activity,2,2,63.0,0.0,0.0,1.0,176.24114707877294,176.21877569736714,0.022371381405792683,,,192.20083689153597,192.20083689153597,1200.0,True,False,True,,,
SIM_DIR-1784848446,SIM_DIR,capstone_iii_fit_activity_pvt,fit_activity_pvt,2,2,63.0,0.0,0.0,1.0,176.24114707877294,176.21877569736714,0.022371381405792683,,,197.487400162457,197.487400162457,1200.0,True,False,True,,,
SIM_DIR-1784848446,SIM_DIR,capstone_iii_full,full,2,2,63.0,0.0,0.0,1.0,176.24114707877294,176.21877569736714,0.022371381405792683,,,202.77396343337801,202.77396343337801,1200.0,True,False,True,,,
SIM_DIR-1784848446,SIM_DIR,baseline,,3,3,68.0,0.0,0.0,1.0,190.42669734688826,190.40432596548246,0.022371381405792683,276.118711152988,247.55470655095473,,247.55470655095473,,True,False,True,,,
SIM_DIR-1784848446,SIM_DIR,capstone_i,,3,3,68.0,0.0,0.0,1.0,190.42669734688826,190.40432596548246,0.022371381405792683,276.118711152988,247.55470655095473,,247.55470655095473,1200.0,True,False,True,,,
SIM_DIR-1784848446,SIM_DIR,capstone_ii,,3,3,68.0,0.0,0.0,1.0,190.42669734688826,190.40432596548246,0.022371381405792683,214.42669734688826,205.42669734688826,,205.42669734688826,1200.0,True,False,True,,,
SIM_DIR-1784848446,SIM_DIR,capstone_iii_fit_1x,fit_1x,3,3,68.0,0.0,0.0,1.0,190.42669734688826,190.40432596548246,0.022371381405792683,,,200.0469136451624,200.0469136451624,1200.0,True,False,True,,,
SIM_DIR-1784848446,SIM_DIR,capstone_iii_fit_2x,fit_2x,3,3,68.0,0.0,0.0,1.0,190.42669734688826,190.40432596548246,0.022371381405792683,,,209.56712994343647,209.56712994343647,1200.0,True,False,True,,,
SIM_DIR-1784848446,SIM_DIR,capstone_iii_fit_activity,fit_activity,3,3,68.0,0.0,0.0,1.0,190.42669734688826,190.40432596548246,0.022371381405792683,,,207.66308668378167,207.66308668378167,1200.0,True,False,True,,,
SIM_DIR-1784848446,SIM_DIR,capstone_iii_fit_activity_pvt,fit_activity_pvt,3,3,68.0,0.0,0.0,1.0,190.42669734688826,190.40432596548246,0.022371381405792683,,,213.37521646274612,213.37521646274612,1200.0,True,False,True,,,
SIM_DIR-1784848446,SIM_DIR,capstone_iii_full,full,3,3,68.0,0.0,0.0,1.0,190.42669734688826,190.40432596548246,0.022371381405792683,,,219.0873462417106,219.0873462417106,1200.0,True,False,True,,,
SIM_DIR-1784848446,SIM_DIR,baseline,,4,4,70.0,0.0,0.0,1.0,196.23254468811038,196.21017330670458,0.022371381405792683,284.53718979776005,255.1023080945435,,255.1023080945435,,True,False,True,,,
SIM_DIR-1784848446,SIM_DIR,capstone_i,,4,4,70.0,0.0,0.0,1.0,196.23254468811038,196.21017330670458,0.022371381405792683,284.53718979776005,255.1023080945435,,255.1023080945435,1200.0,True,False,True,,,
SIM_DIR-1784848446,SIM_DIR,capstone_ii,,4,4,70.0,0.0,0.0,1.0,196.23254468811038,196.21017330670458,0.022371381405792683,220.23254468811038,211.23254468811038,,211.23254468811038,1200.0,True,False,True,,,
SIM_DIR-1784848446,SIM_DIR,capstone_iii_fit_1x,fit_1x,4,4,70.0,0.0,0.0,1.0,196.23254468811038,196.21017330670458,0.022371381405792683,,,206.14305335344562,206.14305335344562,1200.0,True,False,True,,,
SIM_DIR-1784848446,SIM_DIR,capstone_iii_fit_2x,fit_2x,4,4,70.0,0.0,0.0,1.0,196.23254468811038,196.21017330670458,0.022371381405792683,,,215.95356201878084,215.95356201878084,1200.0,True,False,True,,,
SIM_DIR-1784848446,SIM_DIR,capstone_iii_fit_activity,fit_activity,4,4,70.0,0.0,0.0,1.0,196.23254468811038,196.21017330670458,0.022371381405792683,,,213.99146028571383,213.99146028571383,1200.0,True,False,True,,,
SIM_DIR-1784848446,SIM_DIR,capstone_iii_fit_activity_pvt,fit_activity_pvt,4,4,70.0,0.0,0.0,1.0,196.23254468811038,196.21017330670458,0.022371381405792683,,,219.87776548491493,219.87776548491493,1200.0,True,False,True,,,
SIM_DIR-1784848446,SIM_DIR,capstone_iii_full,full,4,4,70.0,0.0,0.0,1.0,196.23254468811038,196.21017330670458,0.022371381405792683,,,225.76407068411606,225.76407068411606,1200.0,True,False,True,,,
SIM_DIR-1784848446,SIM_DIR,baseline,,5,5,75.0,0.0,0.0,1.0,210.46787188107527,210.44550049966946,0.022371381405792683,305.17841422755913,273.60823344539784,,273.60823344539784,,True,False,True,,,
SIM_DIR-1784848446,SIM_DIR,capstone_i,,5,5,75.0,0.0,0.0,1.0,210.46787188107527,210.44550049966946,0.022371381405792683,305.17841422755913,273.60823344539784,,273.60823344539784,1200.0,True,False,True,,,
SIM_DIR-1784848446,SIM_DIR,capstone_ii,,5,5,75.0,0.0,0.0,1.0,210.46787188107527,210.44550049966946,0.022371381405792683,234.46787188107527,225.46787188107527,,225.46787188107527,1200.0,True,False,True,,,
SIM_DIR-1784848446,SIM_DIR,capstone_iii_fit_1x,fit_1x,5,5,75.0,0.0,0.0,1.0,210.46787188107527,210.44550049966946,0.022371381405792683,,,221.09014690605875,221.09014690605875,1200.0,True,False,True,,,
SIM_DIR-1784848446,SIM_DIR,capstone_iii_fit_2x,fit_2x,5,5,75.0,0.0,0.0,1.0,210.46787188107527,210.44550049966946,0.022371381405792683,,,231.6124219310422,231.6124219310422,1200.0,True,False,True,,,
SIM_DIR-1784848446,SIM_DIR,capstone_iii_fit_activity,fit_activity,5,5,75.0,0.0,0.0,1.0,210.46787188107527,210.44550049966946,0.022371381405792683,,,229.5079669260455,229.5079669260455,1200.0,True,False,True,,,
SIM_DIR-1784848446,SIM_DIR,capstone_iii_fit_activity_pvt,fit_activity_pvt,5,5,75.0,0.0,0.0,1.0,210.46787188107527,210.44550049966946,0.022371381405792683,,,235.8213319410356,235.8213319410356,1200.0,True,False,True,,,
SIM_DIR-1784848446,SIM_DIR,capstone_iii_full,full,5,5,75.0,0.0,0.0,1.0,210.46787188107527,210.44550049966946,0.022371381405792683,,,242.1346969560257,242.1346969560257,1200.0,True,False,True,,,
SIM_DIR-1784848446,SIM_DIR,baseline,,6,6,77.0,0.0,0.0,1.0,216.3058400546699,216.28346867326408,0.022371381405792683,313.6434680792713,281.19759207107086,,281.19759207107086,,True,False,True,,,
SIM_DIR-1784848446,SIM_DIR,capstone_i,,6,6,77.0,0.0,0.0,1.0,216.3058400546699,216.28346867326408,0.022371381405792683,313.6434680792713,281.19759207107086,,281.19759207107086,1200.0,True,False,True,,,
SIM_DIR-1784848446,SIM_DIR,capstone_ii,,6,6,77.0,0.0,0.0,1.0,216.3058400546699,216.28346867326408,0.022371381405792683,240.3058400546699,231.3058400546699,,231.3058400546699,1200.0,True,False,True,,,
SIM_DIR-1784848446,SIM_DIR,capstone_iii_fit_1x,fit_1x,6,6,77.0,0.0,0.0,1.0,216.3058400546699,216.28346867326408,0.022371381405792683,,,227.22001348833308,227.22001348833308,1200.0,True,False,True,,,
SIM_DIR-1784848446,SIM_DIR,capstone_iii_fit_2x,fit_2x,6,6,77.0,0.0,0.0,1.0,216.3058400546699,216.28346867326408,0.022371381405792683,,,238.03418692199628,238.03418692199628,1200.0,True,False,True,,,
SIM_DIR-1784848446,SIM_DIR,capstone_iii_fit_activity,fit_activity,6,6,77.0,0.0,0.0,1.0,216.3058400546699,216.28346867326408,0.022371381405792683,,,235.87135223526363,235.87135223526363,1200.0,True,False,True,,,
SIM_DIR-1784848446,SIM_DIR,capstone_iii_fit_activity_pvt,fit_activity_pvt,6,6,77.0,0.0,0.0,1.0,216.3058400546699,216.28346867326408,0.022371381405792683,,,242.35985629546158,242.35985629546158,1200.0,True,False,True,,,
SIM_DIR-1784848446,SIM_DIR,capstone_iii_full,full,6,6,77.0,0.0,0.0,1.0,216.3058400546699,216.28346867326408,0.022371381405792683,,,248.84836035565948,248.84836035565948,1200.0,True,False,True,,,
SIM_DIR-1784848446,SIM_DIR,baseline,,7,7,85.0,0.0,0.0,1.0,239.0263159208191,239.00394453941328,0.022371381405792683,346.5881580851877,310.73421069706484,,310.73421069706484,,True,False,True,,,
SIM_DIR-1784848446,SIM_DIR,capstone_i,,7,7,85.0,0.0,0.0,1.0,239.0263159208191,239.00394453941328,0.022371381405792683,346.5881580851877,310.73421069706484,,310.73421069706484,1200.0,True,False,True,,,
SIM_DIR-1784848446,SIM_DIR,capstone_ii,,7,7,85.0,0.0,0.0,1.0,239.0263159208191,239.00394453941328,0.022371381405792683,263.0263159208191,254.0263159208191,,254.0263159208191,1200.0,True,False,True,,,
SIM_DIR-1784848446,SIM_DIR,capstone_iii_fit_1x,fit_1x,7,7,85.0,0.0,0.0,1.0,239.0263159208191,239.00394453941328,0.022371381405792683,,,251.07651314778977,251.07651314778977,1200.0,True,False,True,,,
SIM_DIR-1784848446,SIM_DIR,capstone_iii_fit_2x,fit_2x,7,7,85.0,0.0,0.0,1.0,239.0263159208191,239.00394453941328,0.022371381405792683,,,263.0267103747604,263.0267103747604,1200.0,True,False,True,,,
SIM_DIR-1784848446,SIM_DIR,capstone_iii_fit_activity,fit_activity,7,7,85.0,0.0,0.0,1.0,239.0263159208191,239.00394453941328,0.022371381405792683,,,260.6366709293663,260.6366709293663,1200.0,True,False,True,,,
SIM_DIR-1784848446,SIM_DIR,capstone_iii_fit_activity_pvt,fit_activity_pvt,7,7,85.0,0.0,0.0,1.0,239.0263159208191,239.00394453941328,0.022371381405792683,,,267.8067892655487,267.8067892655487,1200.0,True,False,True,,,
SIM_DIR-1784848446,SIM_DIR,capstone_iii_full,full,7,7,85.0,0.0,0.0,1.0,239.0263159208191,239.00394453941328,0.022371381405792683,,,274.97690760173106,274.97690760173106,1200.0,True,False,True,,,
SIM_DIR-1784848446,SIM_DIR,baseline,,8,8,86.0,0.0,0.0,1.0,242.0904156239797,242.0680442425739,0.022371381405792683,351.03110265477056,314.71754031117365,,314.71754031117365,,True,False,True,,,
SIM_DIR-1784848446,SIM_DIR,capstone_i,,8,8,86.0,0.0,0.0,1.0,242.0904156239797,242.0680442425739,0.022371381405792683,351.03110265477056,314.71754031117365,,314.71754031117365,1200.0,True,False,True,,,
SIM_DIR-1784848446,SIM_DIR,capstone_ii,,8,8,86.0,0.0,0.0,1.0,242.0904156239797,242.0680442425739,0.022371381405792683,266.0904156239797,257.0904156239797,,257.0904156239797,1200.0,True,False,True,,,
SIM_DIR-1784848446,SIM_DIR,capstone_iii_fit_1x,fit_1x,8,8,86.0,0.0,0.0,1.0,242.0904156239797,242.0680442425739,0.022371381405792683,,,254.2938178361084,254.2938178361084,1200.0,True,False,True,,,
SIM_DIR-1784848446,SIM_DIR,capstone_iii_fit_2x,fit_2x,8,8,86.0,0.0,0.0,1.0,242.0904156239797,242.0680442425739,0.022371381405792683,,,266.39722004823705,266.39722004823705,1200.0,True,False,True,,,
SIM_DIR-1784848446,SIM_DIR,capstone_iii_fit_activity,fit_activity,8,8,86.0,0.0,0.0,1.0,242.0904156239797,242.0680442425739,0.022371381405792683,,,263.97653960581135,263.97653960581135,1200.0,True,False,True,,,
SIM_DIR-1784848446,SIM_DIR,capstone_iii_fit_activity_pvt,fit_activity_pvt,8,8,86.0,0.0,0.0,1.0,242.0904156239797,242.0680442425739,0.022371381405792683,,,271.2385809330886,271.2385809330886,1200.0,True,False,True,,,
SIM_DIR-1784848446,SIM_DIR,capstone_iii_full,full,8,8,86.0,0.0,0.0,1.0,242.0904156239797,242.0680442425739,0.022371381405792683,,,278.5006222603658,278.5006222603658,1200.0,True,False,True,,,
SIM_DIR-1784848446,SIM_DIR,baseline,,9,9,96.0,0.0,0.0,1.0,270.5193622341472,270.4969908527414,0.022371381405792683,392.2530752395134,351.6751709043914,,351.6751709043914,,True,False,True,,,
SIM_DIR-1784848446,SIM_DIR,capstone_i,,9,9,96.0,0.0,0.0,1.0,270.5193622341472,270.4969908527414,0.022371381405792683,392.2530752395134,351.6751709043914,,351.6751709043914,1200.0,True,False,True,,,
SIM_DIR-1784848446,SIM_DIR,capstone_ii,,9,9,96.0,0.0,0.0,1.0,270.5193622341472,270.4969908527414,0.022371381405792683,294.5193622341472,285.5193622341472,,285.5193622341472,1200.0,True,False,True,,,
SIM_DIR-1784848446,SIM_DIR,capstone_iii_fit_1x,fit_1x,9,9,96.0,0.0,0.0,1.0,270.5193622341472,270.4969908527414,0.022371381405792683,,,284.1442117767843,284.1442117767843,1200.0,True,False,True,,,
SIM_DIR-1784848446,SIM_DIR,capstone_iii_fit_2x,fit_2x,9,9,96.0,0.0,0.0,1.0,270.5193622341472,270.4969908527414,0.022371381405792683,,,297.6690613194213,297.6690613194213,1200.0,True,False,True,,,
SIM_DIR-1784848446,SIM_DIR,capstone_iii_fit_activity,fit_activity,9,9,96.0,0.0,0.0,1.0,270.5193622341472,270.4969908527414,0.022371381405792683,,,294.96409141089396,294.96409141089396,1200.0,True,False,True,,,
SIM_DIR-1784848446,SIM_DIR,capstone_iii_fit_activity_pvt,fit_activity_pvt,9,9,96.0,0.0,0.0,1.0,270.5193622341472,270.4969908527414,0.022371381405792683,,,303.07900113647617,303.07900113647617,1200.0,True,False,True,,,
SIM_DIR-1784848446,SIM_DIR,capstone_iii_full,full,9,9,96.0,0.0,0.0,1.0,270.5193622341472,270.4969908527414,0.022371381405792683,,,311.1939108620584,311.1939108620584,1200.0,True,False,True,,,
SIM_DIR-1784848446,SIM_DIR,baseline,,10,10,97.0,0.0,0.0,1.0,273.6213455930682,273.59897421166244,0.022371381405792683,396.7509511099489,355.7077492709887,,355.7077492709887,,True,False,True,,,
SIM_DIR-1784848446,SIM_DIR,capstone_i,,10,10,97.0,0.0,0.0,1.0,273.6213455930682,273.59897421166244,0.022371381405792683,396.7509511099489,355.7077492709887,,355.7077492709887,1200.0,True,False,True,,,
SIM_DIR-1784848446,SIM_DIR,capstone_ii,,10,10,97.0,0.0,0.0,1.0,273.6213455930682,273.59897421166244,0.022371381405792683,297.6213455930682,288.6213455930682,,288.6213455930682,1200.0,True,False,True,,,
SIM_DIR-1784848446,SIM_DIR,capstone_iii_fit_1x,fit_1x,10,10,97.0,0.0,0.0,1.0,273.6213455930682,273.59897421166244,0.022371381405792683,,,287.4012943036514,287.4012943036514,1200.0,True,False,True,,,
SIM_DIR-1784848446,SIM_DIR,capstone_iii_fit_2x,fit_2x,10,10,97.0,0.0,0.0,1.0,273.6213455930682,273.59897421166244,0.022371381405792683,,,301.0812430142345,301.0812430142345,1200.0,True,False,True,,,
SIM_DIR-1784848446,SIM_DIR,capstone_iii_fit_activity,fit_activity,10,10,97.0,0.0,0.0,1.0,273.6213455930682,273.59897421166244,0.022371381405792683,,,298.3452532721178,298.3452532721178,1200.0,True,False,True,,,
SIM_DIR-1784848446,SIM_DIR,capstone_iii_fit_activity_pvt,fit_activity_pvt,10,10,97.0,0.0,0.0,1.0,273.6213455930682,273.59897421166244,0.022371381405792683,,,306.55322249846773,306.55322249846773,1200.0,True,False,True,,,
SIM_DIR-1784848446,SIM_DIR,capstone_iii_full,full,10,10,97.0,0.0,0.0,1.0,273.6213455930682,273.59897421166244,0.022371381405792683,,,314.7611917248176,314.7611917248176,1200.0,True,False,True,,,
SIM_DIR-1784848446,SIM_DIR,baseline,,11,11,99.0,0.0,0.0,1.0,279.55260246058526,279.5302310791795,0.022371381405792683,405.35127356784864,363.41838319876086,,363.41838319876086,,True,False,True,,,
SIM_DIR-1784848446,SIM_DIR,capstone_i,,11,11,99.0,0.0,0.0,1.0,279.55260246058526,279.5302310791795,0.022371381405792683,405.35127356784864,363.41838319876086,,363.41838319876086,1200.0,True,False,True,,,
SIM_DIR-1784848446,SIM_DIR,capstone_ii,,11,11,99.0,0.0,0.0,1.0,279.55260246058526,279.5302310791795,0.022371381405792683,303.55260246058526,294.55260246058526,,294.55260246058526,1200.0,True,False,True,,,
SIM_DIR-1784848446,SIM_DIR,capstone_iii_fit_1x,fit_1x,11,11,99.0,0.0,0.0,1.0,279.55260246058526,279.5302310791795,0.022371381405792683,,,293.62911401454426,293.62911401454426,1200.0,True,False,True,,,
SIM_DIR-1784848446,SIM_DIR,capstone_iii_fit_2x,fit_2x,11,11,99.0,0.0,0.0,1.0,279.55260246058526,279.5302310791795,0.022371381405792683,,,307.60562556850317,307.60562556850317,1200.0,True,False,True,,,
SIM_DIR-1784848446,SIM_DIR,capstone_iii_fit_activity,fit_activity,11,11,99.0,0.0,0.0,1.0,279.55260246058526,279.5302310791795,0.022371381405792683,,,304.8103232577114,304.8103232577114,1200.0,True,False,True,,,
SIM_DIR-1784848446,SIM_DIR,capstone_iii_fit_activity_pvt,fit_activity_pvt,11,11,99.0,0.0,0.0,1.0,279.55260246058526,279.5302310791795,0.022371381405792683,,,313.1962301900868,313.1962301900868,1200.0,True,False,True,,,
SIM_DIR-1784848446,SIM_DIR,capstone_iii_full,full,11,11,99.0,0.0,0.0,1.0,279.55260246058526,279.5302310791795,0.022371381405792683,,,321.58213712246214,321.58213712246214,1200.0,True,False,True,,,
SIM_DIR-1784848446,SIM_DIR,baseline,,12,12,107.0,0.0,0.0,1.0,302.45424546753594,302.43187408613016,0.022371381405792683,438.5586559279271,393.1905191077967,,393.1905191077967,,True,False,True,,,
SIM_DIR-1784848446,SIM_DIR,capstone_i,,12,12,107.0,0.0,0.0,1.0,302.45424546753594,302.43187408613016,0.022371381405792683,438.5586559279271,393.1905191077967,,393.1905191077967,1200.0,True,False,True,,,
SIM_DIR-1784848446,SIM_DIR,capstone_ii,,12,12,107.0,0.0,0.0,1.0,302.45424546753594,302.43187408613016,0.022371381405792683,328.13424546753595,318.50424546753595,,318.50424546753595,1200.0,True,False,True,,,
SIM_DIR-1784848446,SIM_DIR,capstone_iii_fit_1x,fit_1x,12,12,107.0,0.0,0.0,1.0,302.45424546753594,302.43187408613016,0.022371381405792683,,,317.67583917184254,317.67583917184254,1200.0,True,False,True,,,
SIM_DIR-1784848446,SIM_DIR,capstone_iii_fit_2x,fit_2x,12,12,107.0,0.0,0.0,1.0,302.45424546753594,302.43187408613016,0.022371381405792683,,,332.79743287614906,332.79743287614906,1200.0,True,False,True,,,
SIM_DIR-1784848446,SIM_DIR,capstone_iii_fit_activity,fit_activity,12,12,107.0,0.0,0.0,1.0,302.45424546753594,302.43187408613016,0.022371381405792683,,,329.7731141352877,329.7731141352877,1200.0,True,False,True,,,
SIM_DIR-1784848446,SIM_DIR,capstone_iii_fit_activity_pvt,fit_activity_pvt,12,12,107.0,0.0,0.0,1.0,302.45424546753594,302.43187408613016,0.022371381405792683,,,338.8460703578716,338.8460703578716,1200.0,True,False,True,,,
SIM_DIR-1784848446,SIM_DIR,capstone_iii_full,full,12,12,107.0,0.0,0.0,1.0,302.45424546753594,302.43187408613016,0.022371381405792683,,,347.9190265804555,347.9190265804555,1200.0,True,False,True,,,
SIM_DIR-1784848446,SIM_DIR,baseline,,13,13,108.0,0.0,0.0,1.0,305.5968438903139,305.5744725089081,0.022371381405792683,443.11542364095516,397.2758970574081,,397.2758970574081,,True,False,True,,,
SIM_DIR-1784848446,SIM_DIR,capstone_i,,13,13,108.0,0.0,0.0,1.0,305.5968438903139,305.5744725089081,0.022371381405792683,443.11542364095516,397.2758970574081,,397.2758970574081,1200.0,True,False,True,,,
SIM_DIR-1784848446,SIM_DIR,capstone_ii,,13,13,108.0,0.0,0.0,1.0,305.5968438903139,305.5744725089081,0.022371381405792683,331.5168438903139,321.7968438903139,,321.7968438903139,1200.0,True,False,True,,,
SIM_DIR-1784848446,SIM_DIR,capstone_iii_fit_1x,fit_1x,13,13,108.0,0.0,0.0,1.0,305.5968438903139,305.5744725089081,0.022371381405792683,,,320.97556751575934,320.97556751575934,1200.0,True,False,True,,,
SIM_DIR-1784848446,SIM_DIR,capstone_iii_fit_2x,fit_2x,13,13,108.0,0.0,0.0,1.0,305.5968438903139,305.5744725089081,0.022371381405792683,,,336.25429114120476,336.25429114120476,1200.0,True,False,True,,,
SIM_DIR-1784848446,SIM_DIR,capstone_iii_fit_activity,fit_activity,13,13,108.0,0.0,0.0,1.0,305.5968438903139,305.5744725089081,0.022371381405792683,,,333.1985464161157,333.1985464161157,1200.0,True,False,True,,,
SIM_DIR-1784848446,SIM_DIR,capstone_iii_fit_activity_pvt,fit_activity_pvt,13,13,108.0,0.0,0.0,1.0,305.5968438903139,305.5744725089081,0.022371381405792683,,,342.36578059138293,342.36578059138293,1200.0,True,False,True,,,
SIM_DIR-1784848446,SIM_DIR,capstone_iii_full,full,13,13,108.0,0.0,0.0,1.0,305.5968438903139,305.5744725089081,0.022371381405792683,,,351.5330147666501,351.5330147666501,1200.0,True,False,True,,,
SIM_DIR-1784848446,SIM_DIR,baseline,,14,14,109.0,0.0,0.0,1.0,308.7451584293499,308.7227870479441,0.022371381405792683,447.6804797225573,401.36870595815486,,401.36870595815486,,True,False,True,,,
SIM_DIR-1784848446,SIM_DIR,capstone_i,,14,14,109.0,0.0,0.0,1.0,308.7451584293499,308.7227870479441,0.022371381405792683,447.6804797225573,401.36870595815486,,401.36870595815486,1200.0,True,False,True,,,
SIM_DIR-1784848446,SIM_DIR,capstone_ii,,14,14,109.0,0.0,0.0,1.0,308.7451584293499,308.7227870479441,0.022371381405792683,334.9051584293499,325.0951584293499,,325.0951584293499,1200.0,True,False,True,,,
SIM_DIR-1784848446,SIM_DIR,capstone_iii_fit_1x,fit_1x,14,14,109.0,0.0,0.0,1.0,308.7451584293499,308.7227870479441,0.022371381405792683,,,324.2812977817471,324.2812977817471,1200.0,True,False,True,,,
SIM_DIR-1784848446,SIM_DIR,capstone_iii_fit_2x,fit_2x,14,14,109.0,0.0,0.0,1.0,308.7451584293499,308.7227870479441,0.022371381405792683,,,339.71743713414435,339.71743713414435,1200.0,True,False,True,,,
SIM_DIR-1784848446,SIM_DIR,capstone_iii_fit_activity,fit_activity,14,14,109.0,0.0,0.0,1.0,308.7451584293499,308.7227870479441,0.022371381405792683,,,336.6302092636649,336.6302092636649,1200.0,True,False,True,,,
SIM_DIR-1784848446,SIM_DIR,capstone_iii_fit_activity_pvt,fit_activity_pvt,14,14,109.0,0.0,0.0,1.0,308.7451584293499,308.7227870479441,0.022371381405792683,,,345.89189287510317,345.89189287510317,1200.0,True,False,True,,,
SIM_DIR-1784848446,SIM_DIR,capstone_iii_full,full,14,14,109.0,0.0,0.0,1.0,308.7451584293499,308.7227870479441,0.022371381405792683,,,355.1535764865415,355.1535764865415,1200.0,True,False,True,,,
SIM_DIR-1784848446,SIM_DIR,baseline,,15,15,115.0,0.0,0.0,1.0,326.07540483904125,326.0530334576355,0.022371381405792683,472.8093370166098,423.89802629075365,,423.89802629075365,,True,False,True,,,
SIM_DIR-1784848446,SIM_DIR,capstone_i,,15,15,115.0,0.0,0.0,1.0,326.07540483904125,326.0530334576355,0.022371381405792683,472.8093370166098,423.89802629075365,,423.89802629075365,1200.0,True,False,True,,,
SIM_DIR-1784848446,SIM_DIR,capstone_ii,,15,15,115.0,0.0,0.0,1.0,326.07540483904125,326.0530334576355,0.022371381405792683,353.6754048390413,343.32540483904125,,343.32540483904125,1200.0,True,False,True,,,
SIM_DIR-1784848446,SIM_DIR,capstone_iii_fit_1x,fit_1x,15,15,115.0,0.0,0.0,1.0,326.07540483904125,326.0530334576355,0.022371381405792683,,,342.4780565119231,342.4780565119231,1200.0,True,False,True,,,
SIM_DIR-1784848446,SIM_DIR,capstone_iii_fit_2x,fit_2x,15,15,115.0,0.0,0.0,1.0,326.07540483904125,326.0530334576355,0.022371381405792683,,,358.7807081848049,358.7807081848049,1200.0,True,False,True,,,
SIM_DIR-1784848446,SIM_DIR,capstone_iii_fit_activity,fit_activity,15,15,115.0,0.0,0.0,1.0,326.07540483904125,326.0530334576355,0.022371381405792683,,,355.5201778502285,355.5201778502285,1200.0,True,False,True,,,
SIM_DIR-1784848446,SIM_DIR,capstone_iii_fit_activity_pvt,fit_activity_pvt,15,15,115.0,0.0,0.0,1.0,326.07540483904125,326.0530334576355,0.022371381405792683,,,365.3017688539576,365.3017688539576,1200.0,True,False,True,,,
SIM_DIR-1784848446,SIM_DIR,capstone_iii_full,full,15,15,115.0,0.0,0.0,1.0,326.07540483904125,326.0530334576355,0.022371381405792683,,,375.0833598576866,375.0833598576866,1200.0,True,False,True,,,
SIM_DIR-1784848446,SIM_DIR,baseline,,16,16,121.0,0.0,0.0,1.0,343.44059487440677,343.418223493001,0.022371381405792683,497.9888625678898,446.47277333672884,,446.47277333672884,,True,False,True,,,
SIM_DIR-1784848446,SIM_DIR,capstone_i,,16,16,121.0,0.0,0.0,1.0,343.44059487440677,343.418223493001,0.022371381405792683,497.9888625678898,446.47277333672884,,446.47277333672884,1200.0,True,False,True,,,
SIM_DIR-1784848446,SIM_DIR,capstone_ii,,16,16,121.0,0.0,0.0,1.0,343.44059487440677,343.418223493001,0.022371381405792683,372.4805948744068,361.59059487440675,,361.59059487440675,1200.0,True,False,True,,,
SIM_DIR-1784848446,SIM_DIR,capstone_iii_fit_1x,fit_1x,16,16,121.0,0.0,0.0,1.0,343.44059487440677,343.418223493001,0.022371381405792683,,,360.7115060490569,360.7115060490569,1200.0,True,False,True,,,
SIM_DIR-1784848446,SIM_DIR,capstone_iii_fit_2x,fit_2x,16,16,121.0,0.0,0.0,1.0,343.44059487440677,343.418223493001,0.022371381405792683,,,377.8824172237069,377.8824172237069,1200.0,True,False,True,,,
SIM_DIR-1784848446,SIM_DIR,capstone_iii_fit_activity,fit_activity,16,16,121.0,0.0,0.0,1.0,343.44059487440677,343.418223493001,0.022371381405792683,,,374.44823498877685,374.44823498877685,1200.0,True,False,True,,,
SIM_DIR-1784848446,SIM_DIR,capstone_iii_fit_activity_pvt,fit_activity_pvt,16,16,121.0,0.0,0.0,1.0,343.44059487440677,343.418223493001,0.022371381405792683,,,384.7507816935669,384.7507816935669,1200.0,True,False,True,,,
SIM_DIR-1784848446,SIM_DIR,capstone_iii_full,full,16,16,121.0,0.0,0.0,1.0,343.44059487440677,343.418223493001,0.022371381405792683,,,395.05332839835694,395.05332839835694,1200.0,True,False,True,,,
SIM_DIR-1784848446,SIM_DIR,baseline,,17,17,123.0,0.0,0.0,1.0,349.4763497398922,349.45397835848644,0.022371381405792683,506.7407071228437,454.3192546618599,,454.3192546618599,,True,False,True,,,
SIM_DIR-1784848446,SIM_DIR,capstone_i,,17,17,123.0,0.0,0.0,1.0,349.4763497398922,349.45397835848644,0.022371381405792683,506.7407071228437,454.3192546618599,,454.3192546618599,1200.0,True,False,True,,,
SIM_DIR-1784848446,SIM_DIR,capstone_ii,,17,17,123.0,0.0,0.0,1.0,349.4763497398922,349.45397835848644,0.022371381405792683,378.9963497398922,367.9263497398922,,367.9263497398922,1200.0,True,False,True,,,
SIM_DIR-1784848446,SIM_DIR,capstone_iii_fit_1x,fit_1x,17,17,123.0,0.0,0.0,1.0,349.4763497398922,349.45397835848644,0.022371381405792683,,,367.04904865781657,367.04904865781657,1200.0,True,False,True,,,
SIM_DIR-1784848446,SIM_DIR,capstone_iii_fit_2x,fit_2x,17,17,123.0,0.0,0.0,1.0,349.4763497398922,349.45397835848644,0.022371381405792683,,,384.5217475757409,384.5217475757409,1200.0,True,False,True,,,
SIM_DIR-1784848446,SIM_DIR,capstone_iii_fit_activity,fit_activity,17,17,123.0,0.0,0.0,1.0,349.4763497398922,349.45397835848644,0.022371381405792683,,,381.027207792156,381.027207792156,1200.0,True,False,True,,,
SIM_DIR-1784848446,SIM_DIR,capstone_iii_fit_activity_pvt,fit_activity_pvt,17,17,123.0,0.0,0.0,1.0,349.4763497398922,349.45397835848644,0.022371381405792683,,,391.51082714291056,391.51082714291056,1200.0,True,False,True,,,
SIM_DIR-1784848446,SIM_DIR,capstone_iii_full,full,17,17,123.0,0.0,0.0,1.0,349.4763497398922,349.45397835848644,0.022371381405792683,,,401.9944464936652,401.9944464936652,1200.0,True,False,True,,,
SIM_DIR-1784848446,SIM_DIR,baseline,,18,18,125.0,0.0,0.0,1.0,355.523637815538,355.5012664341322,0.022371381405792683,515.5092748325301,462.1807291601994,,462.1807291601994,,True,False,True,,,
SIM_DIR-1784848446,SIM_DIR,capstone_i,,18,18,125.0,0.0,0.0,1.0,355.523637815538,355.5012664341322,0.022371381405792683,515.5092748325301,462.1807291601994,,462.1807291601994,1200.0,True,False,True,,,
SIM_DIR-1784848446,SIM_DIR,capstone_ii,,18,18,125.0,0.0,0.0,1.0,355.523637815538,355.5012664341322,0.022371381405792683,385.523637815538,374.273637815538,,374.273637815538,1200.0,True,False,True,,,
SIM_DIR-1784848446,SIM_DIR,capstone_iii_fit_1x,fit_1x,18,18,125.0,0.0,0.0,1.0,355.523637815538,355.5012664341322,0.022371381405792683,,,373.39870113724464,373.39870113724464,1200.0,True,False,True,,,
SIM_DIR-1784848446,SIM_DIR,capstone_iii_fit_2x,fit_2x,18,18,125.0,0.0,0.0,1.0,355.523637815538,355.5012664341322,0.022371381405792683,,,391.17376445895127,391.17376445895127,1200.0,True,False,True,,,
SIM_DIR-1784848446,SIM_DIR,capstone_iii_fit_activity,fit_activity,18,18,125.0,0.0,0.0,1.0,355.523637815538,355.5012664341322,0.022371381405792683,,,387.6187517946099,387.6187517946099,1200.0,True,False,True,,,
SIM_DIR-1784848446,SIM_DIR,capstone_iii_fit_activity_pvt,fit_activity_pvt,18,18,125.0,0.0,0.0,1.0,355.523637815538,355.5012664341322,0.022371381405792683,,,398.2837897876339,398.2837897876339,1200.0,True,False,True,,,
SIM_DIR-1784848446,SIM_DIR,capstone_iii_full,full,18,18,125.0,0.0,0.0,1.0,355.523637815538,355.5012664341322,0.022371381405792683,,,408.94882778065784,408.94882778065784,1200.0,True,False,True,,,
SIM_DIR-1784848446,SIM_DIR,baseline,,19,19,131.0,0.0,0.0,1.0,372.9701715393152,372.9478001579094,0.022371381405792683,540.806748732007,484.86122300110975,,484.86122300110975,,True,False,True,,,
SIM_DIR-1784848446,SIM_DIR,capstone_i,,19,19,131.0,0.0,0.0,1.0,372.9701715393152,372.9478001579094,0.022371381405792683,540.806748732007,484.86122300110975,,484.86122300110975,1200.0,True,False,True,,,
SIM_DIR-1784848446,SIM_DIR,capstone_ii,,19,19,131.0,0.0,0.0,1.0,372.9701715393152,372.9478001579094,0.022371381405792683,404.4101715393152,392.62017153931515,,392.62017153931515,1200.0,True,False,True,,,
SIM_DIR-1784848446,SIM_DIR,capstone_iii_fit_1x,fit_1x,19,19,131.0,0.0,0.0,1.0,372.9701715393152,372.9478001579094,0.022371381405792683,,,391.71756154721066,391.71756154721066,1200.0,True,False,True,,,
SIM_DIR-1784848446,SIM_DIR,capstone_iii_fit_2x,fit_2x,19,19,131.0,0.0,0.0,1.0,372.9701715393152,372.9478001579094,0.022371381405792683,,,410.36495155510613,410.36495155510613,1200.0,True,False,True,,,
SIM_DIR-1784848446,SIM_DIR,capstone_iii_fit_activity,fit_activity,19,19,131.0,0.0,0.0,1.0,372.9701715393152,372.9478001579094,0.022371381405792683,,,406.63547355352705,406.63547355352705,1200.0,True,False,True,,,
SIM_DIR-1784848446,SIM_DIR,capstone_iii_fit_activity_pvt,fit_activity_pvt,19,19,131.0,0.0,0.0,1.0,372.9701715393152,372.9478001579094,0.022371381405792683,,,417.8239075582643,417.8239075582643,1200.0,True,False,True,,,
SIM_DIR-1784848446,SIM_DIR,capstone_iii_full,full,19,19,131.0,0.0,0.0,1.0,372.9701715393152,372.9478001579094,0.022371381405792683,,,429.01234156300154,429.01234156300154,1200.0,True,False,True,,,
SIM_DIR-1784848446,SIM_DIR,baseline,,20,20,135.0,0.0,0.0,1.0,384.7518761399927,384.7295047585869,0.022371381405792683,557.8902204029894,500.1774389819905,,500.1774389819905,,True,False,True,,,
SIM_DIR-1784848446,SIM_DIR,capstone_i,,20,20,135.0,0.0,0.0,1.0,384.7518761399927,384.7295047585869,0.022371381405792683,557.8902204029894,500.1774389819905,,500.1774389819905,1200.0,True,False,True,,,
SIM_DIR-1784848446,SIM_DIR,capstone_ii,,20,20,135.0,0.0,0.0,1.0,384.7518761399927,384.7295047585869,0.022371381405792683,417.15187613999274,405.0018761399927,,405.0018761399927,1200.0,True,False,True,,,
SIM_DIR-1784848446,SIM_DIR,capstone_iii_fit_1x,fit_1x,20,20,135.0,0.0,0.0,1.0,384.7518761399927,384.7295047585869,0.022371381405792683,,,404.0883513779221,404.0883513779221,1200.0,True,False,True,,,
SIM_DIR-1784848446,SIM_DIR,capstone_iii_fit_2x,fit_2x,20,20,135.0,0.0,0.0,1.0,384.7518761399927,384.7295047585869,0.022371381405792683,,,423.3248266158514,423.3248266158514,1200.0,True,False,True,,,
SIM_DIR-1784848446,SIM_DIR,capstone_iii_fit_activity,fit_activity,20,20,135.0,0.0,0.0,1.0,384.7518761399927,384.7295047585869,0.022371381405792683,,,419.4775315682656,419.4775315682656,1200.0,True,False,True,,,
SIM_DIR-1784848446,SIM_DIR,capstone_iii_fit_activity_pvt,fit_activity_pvt,20,20,135.0,0.0,0.0,1.0,384.7518761399927,384.7295047585869,0.022371381405792683,,,431.0194167110231,431.0194167110231,1200.0,True,False,True,,,
SIM_DIR-1784848446,SIM_DIR,capstone_iii_full,full,20,20,135.0,0.0,0.0,1.0,384.7518761399927,384.7295047585869,0.022371381405792683,,,442.5613018537807,442.5613018537807,1200.0,True,False,True,,,
SIM_DIR-1784848446,SIM_DIR,baseline,,21,21,140.0,0.0,0.0,1.0,399.4095233645737,399.38715198316794,0.022371381405792683,579.1438088786318,519.2323803739458,,519.2323803739458,,True,False,True,,,
SIM_DIR-1784848446,SIM_DIR,capstone_i,,21,21,140.0,0.0,0.0,1.0,399.4095233645737,399.38715198316794,0.022371381405792683,579.1438088786318,519.2323803739458,,519.2323803739458,1200.0,True,False,True,,,
SIM_DIR-1784848446,SIM_DIR,capstone_ii,,21,21,140.0,0.0,0.0,1.0,399.4095233645737,399.38715198316794,0.022371381405792683,433.00952336457374,420.4095233645737,,420.4095233645737,1200.0,True,False,True,,,
SIM_DIR-1784848446,SIM_DIR,capstone_iii_fit_1x,fit_1x,21,21,140.0,0.0,0.0,1.0,399.4095233645737,399.38715198316794,0.022371381405792683,,,419.4788809637322,419.4788809637322,1200.0,True,False,True,,,
SIM_DIR-1784848446,SIM_DIR,capstone_iii_fit_2x,fit_2x,21,21,140.0,0.0,0.0,1.0,399.4095233645737,399.38715198316794,0.022371381405792683,,,439.4482385628906,439.4482385628906,1200.0,True,False,True,,,
SIM_DIR-1784848446,SIM_DIR,capstone_iii_fit_activity,fit_activity,21,21,140.0,0.0,0.0,1.0,399.4095233645737,399.38715198316794,0.022371381405792683,,,435.4543670430588,435.4543670430588,1200.0,True,False,True,,,
SIM_DIR-1784848446,SIM_DIR,capstone_iii_fit_activity_pvt,fit_activity_pvt,21,21,140.0,0.0,0.0,1.0,399.4095233645737,399.38715198316794,0.022371381405792683,,,447.4359816025539,447.4359816025539,1200.0,True,False,True,,,
SIM_DIR-1784848446,SIM_DIR,capstone_iii_full,full,21,21,140.0,0.0,0.0,1.0,399.4095233645737,399.38715198316794,0.022371381405792683,,,459.41759616204894,459.41759616204894,1200.0,True,False,True,,,
SIM_DIR-1784848446,SIM_DIR,baseline,,22,22,144.0,0.0,0.0,1.0,411.2404846484398,411.218113267034,0.022371381405792683,596.2987027402377,534.6126300429718,,534.6126300429718,,True,False,True,,,
SIM_DIR-1784848446,SIM_DIR,capstone_i,,22,22,144.0,0.0,0.0,1.0,411.2404846484398,411.218113267034,0.022371381405792683,596.2987027402377,534.6126300429718,,534.6126300429718,1200.0,True,False,True,,,
SIM_DIR-1784848446,SIM_DIR,capstone_ii,,22,22,144.0,0.0,0.0,1.0,411.2404846484398,411.218113267034,0.022371381405792683,445.8004846484398,432.8404846484398,,432.8404846484398,1200.0,True,False,True,,,
SIM_DIR-1784848446,SIM_DIR,capstone_iii_fit_1x,fit_1x,22,22,144.0,0.0,0.0,1.0,411.2404846484398,411.218113267034,0.022371381405792683,,,431.90139031179154,431.90139031179154,1200.0,True,False,True,,,
SIM_DIR-1784848446,SIM_DIR,capstone_iii_fit_2x,fit_2x,22,22,144.0,0.0,0.0,1.0,411.2404846484398,411.218113267034,0.022371381405792683,,,452.46229597514326,452.46229597514326,1200.0,True,False,True,,,
SIM_DIR-1784848446,SIM_DIR,capstone_iii_fit_activity,fit_activity,22,22,144.0,0.0,0.0,1.0,411.2404846484398,411.218113267034,0.022371381405792683,,,448.35011484247286,448.35011484247286,1200.0,True,False,True,,,
SIM_DIR-1784848446,SIM_DIR,capstone_iii_fit_activity_pvt,fit_activity_pvt,22,22,144.0,0.0,0.0,1.0,411.2404846484398,411.218113267034,0.022371381405792683,,,460.68665824048384,460.68665824048384,1200.0,True,False,True,,,
SIM_DIR-1784848446,SIM_DIR,capstone_iii_full,full,22,22,144.0,0.0,0.0,1.0,411.2404846484398,411.218113267034,0.022371381405792683,,,473.02320163849487,473.02320163849487,1200.0,True,False,True,,,
SIM_DIR-1784848446,SIM_DIR,baseline,,23,23,147.0,0.0,0.0,1.0,420.2359983800105,420.21362699860475,0.022371381405792683,609.3421976510152,546.3067978940137,,546.3067978940137,,True,False,True,,,
SIM_DIR-1784848446,SIM_DIR,capstone_i,,23,23,147.0,0.0,0.0,1.0,420.2359983800105,420.21362699860475,0.022371381405792683,609.3421976510152,546.3067978940137,,546.3067978940137,1200.0,True,False,True,,,
SIM_DIR-1784848446,SIM_DIR,capstone_ii,,23,23,147.0,0.0,0.0,1.0,420.2359983800105,420.21362699860475,0.022371381405792683,455.5159983800105,442.28599838001054,,442.28599838001054,1200.0,True,False,True,,,
SIM_DIR-1784848446,SIM_DIR,capstone_iii_fit_1x,fit_1x,23,23,147.0,0.0,0.0,1.0,420.2359983800105,420.21362699860475,0.022371381405792683,,,441.3466797299408,441.3466797299408,1200.0,True,False,True,,,
SIM_DIR-1784848446,SIM_DIR,capstone_iii_fit_2x,fit_2x,23,23,147.0,0.0,0.0,1.0,420.2359983800105,420.21362699860475,0.022371381405792683,,,462.35736107987105,462.35736107987105,1200.0,True,False,True,,,
SIM_DIR-1784848446,SIM_DIR,capstone_iii_fit_activity,fit_activity,23,23,147.0,0.0,0.0,1.0,420.2359983800105,420.21362699860475,0.022371381405792683,,,458.15522480988494,458.15522480988494,1200.0,True,False,True,,,
SIM_DIR-1784848446,SIM_DIR,capstone_iii_fit_activity_pvt,fit_activity_pvt,23,23,147.0,0.0,0.0,1.0,420.2359983800105,420.21362699860475,0.022371381405792683,,,470.7616336198431,470.7616336198431,1200.0,True,False,True,,,
SIM_DIR-1784848446,SIM_DIR,capstone_iii_full,full,23,23,147.0,0.0,0.0,1.0,420.2359983800105,420.21362699860475,0.022371381405792683,,,483.3680424298012,483.3680424298012,1200.0,True,False,True,,,
SIM_DIR-1784848446,SIM_DIR,baseline,,24,24,148.0,0.0,0.0,1.0,423.5258006368857,423.50342925547994,0.022371381405792683,614.1124109234843,550.5835408279514,,550.5835408279514,,True,False,True,,,
SIM_DIR-1784848446,SIM_DIR,capstone_i,,24,24,148.0,0.0,0.0,1.0,423.5258006368857,423.50342925547994,0.022371381405792683,614.1124109234843,550.5835408279514,,550.5835408279514,1200.0,True,False,True,,,
SIM_DIR-1784848446,SIM_DIR,capstone_ii,,24,24,148.0,0.0,0.0,1.0,423.5258006368857,423.50342925547994,0.022371381405792683,459.0458006368857,445.7258006368857,,445.7258006368857,1200.0,True,False,True,,,
SIM_DIR-1784848446,SIM_DIR,capstone_iii_fit_1x,fit_1x,24,24,148.0,0.0,0.0,1.0,423.5258006368857,423.50342925547994,0.022371381405792683,,,444.80097209965976,444.80097209965976,1200.0,True,False,True,,,
SIM_DIR-1784848446,SIM_DIR,capstone_iii_fit_2x,fit_2x,24,24,148.0,0.0,0.0,1.0,423.5258006368857,423.50342925547994,0.022371381405792683,,,465.9761435624338,465.9761435624338,1200.0,True,False,True,,,
SIM_DIR-1784848446,SIM_DIR,capstone_iii_fit_activity,fit_activity,24,24,148.0,0.0,0.0,1.0,423.5258006368857,423.50342925547994,0.022371381405792683,,,461.74110926987896,461.74110926987896,1200.0,True,False,True,,,
SIM_DIR-1784848446,SIM_DIR,capstone_iii_fit_activity_pvt,fit_activity_pvt,24,24,148.0,0.0,0.0,1.0,423.5258006368857,423.50342925547994,0.022371381405792683,,,474.4462121475433,474.4462121475433,1200.0,True,False,True,,,
SIM_DIR-1784848446,SIM_DIR,capstone_iii_full,full,24,24,148.0,0.0,0.0,1.0,423.5258006368857,423.50342925547994,0.022371381405792683,,,487.1513150252077,487.1513150252077,1200.0,True,False,True,,,
SIM_DIR-1784848446,SIM_DIR,baseline,,25,25,150.0,0.0,0.0,1.0,429.6856734097333,429.6633020283275,0.022371381405792683,623.0442264441133,558.5913754326533,,558.5913754326533,,True,False,True,,,
SIM_DIR-1784848446,SIM_DIR,capstone_i,,25,25,150.0,0.0,0.0,1.0,429.6856734097333,429.6633020283275,0.022371381405792683,623.0442264441133,558.5913754326533,,558.5913754326533,1200.0,True,False,True,,,
SIM_DIR-1784848446,SIM_DIR,capstone_ii,,25,25,150.0,0.0,0.0,1.0,429.6856734097333,429.6633020283275,0.022371381405792683,465.6856734097333,452.1856734097333,,452.1856734097333,1200.0,True,False,True,,,
SIM_DIR-1784848446,SIM_DIR,capstone_iii_fit_1x,fit_1x,25,25,150.0,0.0,0.0,1.0,429.6856734097333,429.6633020283275,0.022371381405792683,,,451.2688385111497,451.2688385111497,1200.0,True,False,True,,,
SIM_DIR-1784848446,SIM_DIR,capstone_iii_fit_2x,fit_2x,25,25,150.0,0.0,0.0,1.0,429.6856734097333,429.6633020283275,0.022371381405792683,,,472.75200361256606,472.75200361256606,1200.0,True,False,True,,,
SIM_DIR-1784848446,SIM_DIR,capstone_iii_fit_activity,fit_activity,25,25,150.0,0.0,0.0,1.0,429.6856734097333,429.6633020283275,0.022371381405792683,,,468.4553705922828,468.4553705922828,1200.0,True,False,True,,,
SIM_DIR-1784848446,SIM_DIR,capstone_iii_fit_activity_pvt,fit_activity_pvt,25,25,150.0,0.0,0.0,1.0,429.6856734097333,429.6633020283275,0.022371381405792683,,,481.3452696531326,481.3452696531326,1200.0,True,False,True,,,
SIM_DIR-1784848446,SIM_DIR,capstone_iii_full,full,25,25,150.0,0.0,0.0,1.0,429.6856734097333,429.6633020283275,0.022371381405792683,,,494.2351687139824,494.2351687139824,1200.0,True,False,True,,,
SIM_DIR-1784848446,SIM_DIR,baseline,,26,26,156.0,0.0,0.0,1.0,447.32634703329137,447.3039756518856,0.022371381405792683,648.6232031982724,581.5242511432788,,581.5242511432788,,True,False,True,,,
SIM_DIR-1784848446,SIM_DIR,capstone_i,,26,26,156.0,0.0,0.0,1.0,447.32634703329137,447.3039756518856,0.022371381405792683,648.6232031982724,581.5242511432788,,581.5242511432788,1200.0,True,False,True,,,
SIM_DIR-1784848446,SIM_DIR,capstone_ii,,26,26,156.0,0.0,0.0,1.0,447.32634703329137,447.3039756518856,0.022371381405792683,484.76634703329137,470.72634703329135,,470.72634703329135,1200.0,True,False,True,,,
SIM_DIR-1784848446,SIM_DIR,capstone_iii_fit_1x,fit_1x,26,26,156.0,0.0,0.0,1.0,447.32634703329137,447.3039756518856,0.022371381405792683,,,469.7915458158857,469.7915458158857,1200.0,True,False,True,,,
SIM_DIR-1784848446,SIM_DIR,capstone_iii_fit_2x,fit_2x,26,26,156.0,0.0,0.0,1.0,447.32634703329137,447.3039756518856,0.022371381405792683,,,492.15674459848,492.15674459848,1200.0,True,False,True,,,
SIM_DIR-1784848446,SIM_DIR,capstone_iii_fit_activity,fit_activity,26,26,156.0,0.0,0.0,1.0,447.32634703329137,447.3039756518856,0.022371381405792683,,,487.6837048419611,487.6837048419611,1200.0,True,False,True,,,
SIM_DIR-1784848446,SIM_DIR,capstone_iii_fit_activity_pvt,fit_activity_pvt,26,26,156.0,0.0,0.0,1.0,447.32634703329137,447.3039756518856,0.022371381405792683,,,501.1028241115177,501.1028241115177,1200.0,True,False,True,,,
SIM_DIR-1784848446,SIM_DIR,capstone_iii_full,full,26,26,156.0,0.0,0.0,1.0,447.32634703329137,447.3039756518856,0.022371381405792683,,,514.5219433810744,514.5219433810744,1200.0,True,False,True,,,
SIM_DIR-1784848446,SIM_DIR,baseline,,27,27,164.0,0.0,0.0,1.0,470.7422486945776,470.7198773131718,0.022371381405792683,682.5762606071374,611.9649233029509,,611.9649233029509,,True,False,True,,,
SIM_DIR-1784848446,SIM_DIR,capstone_i,,27,27,164.0,0.0,0.0,1.0,470.7422486945776,470.7198773131718,0.022371381405792683,682.5762606071374,611.9649233029509,,611.9649233029509,1200.0,True,False,True,,,
SIM_DIR-1784848446,SIM_DIR,capstone_ii,,27,27,164.0,0.0,0.0,1.0,470.7422486945776,470.7198773131718,0.022371381405792683,510.1022486945776,495.3422486945776,,495.3422486945776,1200.0,True,False,True,,,
SIM_DIR-1784848446,SIM_DIR,capstone_iii_fit_1x,fit_1x,27,27,164.0,0.0,0.0,1.0,470.7422486945776,470.7198773131718,0.022371381405792683,,,494.37824256023623,494.37824256023623,1200.0,True,False,True,,,
SIM_DIR-1784848446,SIM_DIR,capstone_iii_fit_2x,fit_2x,27,27,164.0,0.0,0.0,1.0,470.7422486945776,470.7198773131718,0.022371381405792683,,,517.9142364258948,517.9142364258948,1200.0,True,False,True,,,
SIM_DIR-1784848446,SIM_DIR,capstone_iii_fit_activity,fit_activity,27,27,164.0,0.0,0.0,1.0,470.7422486945776,470.7198773131718,0.022371381405792683,,,513.2070376527631,513.2070376527631,1200.0,True,False,True,,,
SIM_DIR-1784848446,SIM_DIR,capstone_iii_fit_activity_pvt,fit_activity_pvt,27,27,164.0,0.0,0.0,1.0,470.7422486945776,470.7198773131718,0.022371381405792683,,,527.3286339721583,527.3286339721583,1200.0,True,False,True,,,
SIM_DIR-1784848446,SIM_DIR,capstone_iii_full,full,27,27,164.0,0.0,0.0,1.0,470.7422486945776,470.7198773131718,0.022371381405792683,,,541.4502302915535,541.4502302915535,1200.0,True,False,True,,,
SIM_DIR-1784848446,SIM_DIR,baseline,,28,28,164.0,0.0,0.0,1.0,471.2192913095901,471.19691992818434,0.022371381405792683,683.2679723989056,612.5850787024672,,612.5850787024672,,True,False,True,,,
SIM_DIR-1784848446,SIM_DIR,capstone_i,,28,28,164.0,0.0,0.0,1.0,471.2192913095901,471.19691992818434,0.022371381405792683,683.2679723989056,612.5850787024672,,612.5850787024672,1200.0,True,False,True,,,
SIM_DIR-1784848446,SIM_DIR,capstone_ii,,28,28,164.0,0.0,0.0,1.0,471.2192913095901,471.19691992818434,0.022371381405792683,510.57929130959013,495.81929130959014,,495.81929130959014,1200.0,True,False,True,,,
SIM_DIR-1784848446,SIM_DIR,capstone_iii_fit_1x,fit_1x,28,28,164.0,0.0,0.0,1.0,471.2192913095901,471.19691992818434,0.022371381405792683,,,494.87913730599934,494.87913730599934,1200.0,True,False,True,,,
SIM_DIR-1784848446,SIM_DIR,capstone_iii_fit_2x,fit_2x,28,28,164.0,0.0,0.0,1.0,471.2192913095901,471.19691992818434,0.022371381405792683,,,518.4389833024086,518.4389833024086,1200.0,True,False,True,,,
SIM_DIR-1784848446,SIM_DIR,capstone_iii_fit_activity,fit_activity,28,28,164.0,0.0,0.0,1.0,471.2192913095901,471.19691992818434,0.022371381405792683,,,513.7270141031267,513.7270141031267,1200.0,True,False,True,,,
SIM_DIR-1784848446,SIM_DIR,capstone_iii_fit_activity_pvt,fit_activity_pvt,28,28,164.0,0.0,0.0,1.0,471.2192913095901,471.19691992818434,0.022371381405792683,,,527.8629217009723,527.8629217009723,1200.0,True,False,True,,,
SIM_DIR-1784848446,SIM_DIR,capstone_iii_full,full,28,28,164.0,0.0,0.0,1.0,471.2192913095901,471.19691992818434,0.022371381405792683,,,541.9988292988179,541.9988292988179,1200.0,True,False,True,,,
SIM_DIR-1784848446,SIM_DIR,baseline,,29,29,166.0,0.0,0.0,1.0,477.44826041635946,477.4258890349537,0.022371381405792683,692.2999776037212,620.6827385412673,,620.6827385412673,,True,False,True,,,
SIM_DIR-1784848446,SIM_DIR,capstone_i,,29,29,166.0,0.0,0.0,1.0,477.44826041635946,477.4258890349537,0.022371381405792683,692.2999776037212,620.6827385412673,,620.6827385412673,1200.0,True,False,True,,,
SIM_DIR-1784848446,SIM_DIR,capstone_ii,,29,29,166.0,0.0,0.0,1.0,477.44826041635946,477.4258890349537,0.022371381405792683,517.2882604163594,502.34826041635944,,502.34826041635944,1200.0,True,False,True,,,
SIM_DIR-1784848446,SIM_DIR,capstone_iii_fit_1x,fit_1x,29,29,166.0,0.0,0.0,1.0,477.44826041635946,477.4258890349537,0.022371381405792683,,,501.4195548681071,501.4195548681071,1200.0,True,False,True,,,
SIM_DIR-1784848446,SIM_DIR,capstone_iii_fit_2x,fit_2x,29,29,166.0,0.0,0.0,1.0,477.44826041635946,477.4258890349537,0.022371381405792683,,,525.2908493198549,525.2908493198549,1200.0,True,False,True,,,
SIM_DIR-1784848446,SIM_DIR,capstone_iii_fit_activity,fit_activity,29,29,166.0,0.0,0.0,1.0,477.44826041635946,477.4258890349537,0.022371381405792683,,,520.5165904295053,520.5165904295053,1200.0,True,False,True,,,
SIM_DIR-1784848446,SIM_DIR,capstone_iii_fit_activity_pvt,fit_activity_pvt,29,29,166.0,0.0,0.0,1.0,477.44826041635946,477.4258890349537,0.022371381405792683,,,534.8393671005539,534.8393671005539,1200.0,True,False,True,,,
SIM_DIR-1784848446,SIM_DIR,capstone_iii_full,full,29,29,166.0,0.0,0.0,1.0,477.44826041635946,477.4258890349537,0.022371381405792683,,,549.1621437716025,549.1621437716025,1200.0,True,False,True,,,
SIM_DIR-1784848446,SIM_DIR,baseline,,30,30,172.0,0.0,0.0,1.0,495.20452775238243,495.18215637097666,0.022371381405792683,718.0465652409545,643.7658860780972,,643.7658860780972,,True,False,True,,,
SIM_DIR-1784848446,SIM_DIR,capstone_i,,30,30,172.0,0.0,0.0,1.0,495.20452775238243,495.18215637097666,0.022371381405792683,718.0465652409545,643.7658860780972,,643.7658860780972,1200.0,True,False,True,,,
SIM_DIR-1784848446,SIM_DIR,capstone_ii,,30,30,172.0,0.0,0.0,1.0,495.20452775238243,495.18215637097666,0.022371381405792683,536.4845277523824,521.0045277523824,,521.0045277523824,1200.0,True,False,True,,,
SIM_DIR-1784848446,SIM_DIR,capstone_iii_fit_1x,fit_1x,30,30,172.0,0.0,0.0,1.0,495.20452775238243,495.18215637097666,0.022371381405792683,,,520.0636355709313,520.0636355709313,1200.0,True,False,True,,,
SIM_DIR-1784848446,SIM_DIR,capstone_iii_fit_2x,fit_2x,30,30,172.0,0.0,0.0,1.0,495.20452775238243,495.18215637097666,0.022371381405792683,,,544.8227433894801,544.8227433894801,1200.0,True,False,True,,,
SIM_DIR-1784848446,SIM_DIR,capstone_iii_fit_activity,fit_activity,30,30,172.0,0.0,0.0,1.0,495.20452775238243,495.18215637097666,0.022371381405792683,,,539.8709218257704,539.8709218257704,1200.0,True,False,True,,,
SIM_DIR-1784848446,SIM_DIR,capstone_iii_fit_activity_pvt,fit_activity_pvt,30,30,172.0,0.0,0.0,1.0,495.20452775238243,495.18215637097666,0.022371381405792683,,,554.7263865168997,554.7263865168997,1200.0,True,False,True,,,
SIM_DIR-1784848446,SIM_DIR,capstone_iii_full,full,30,30,172.0,0.0,0.0,1.0,495.20452775238243,495.18215637097666,0.022371381405792683,,,569.5818512080289,569.5818512080289,1200.0,True,False,True,,,
SIM_DIR-1784848446,SIM_DIR,baseline,,31,31,175.0,0.0,0.0,1.0,504.34985157554587,504.3274801941401,0.022371381405792683,731.3072847845415,655.6548070482097,,655.6548070482097,,True,False,True,,,
SIM_DIR-1784848446,SIM_DIR,capstone_i,,31,31,175.0,0.0,0.0,1.0,504.34985157554587,504.3274801941401,0.022371381405792683,731.3072847845415,655.6548070482097,,655.6548070482097,1200.0,True,False,True,,,
SIM_DIR-1784848446,SIM_DIR,capstone_ii,,31,31,175.0,0.0,0.0,1.0,504.34985157554587,504.3274801941401,0.022371381405792683,546.3498515755459,530.5998515755459,,530.5998515755459,1200.0,True,False,True,,,
SIM_DIR-1784848446,SIM_DIR,capstone_iii_fit_1x,fit_1x,31,31,175.0,0.0,0.0,1.0,504.34985157554587,504.3274801941401,0.022371381405792683,,,529.666225585253,529.666225585253,1200.0,True,False,True,,,
SIM_DIR-1784848446,SIM_DIR,capstone_iii_fit_2x,fit_2x,31,31,175.0,0.0,0.0,1.0,504.34985157554587,504.3274801941401,0.022371381405792683,,,554.88259959496,554.88259959496,1200.0,True,False,True,,,
SIM_DIR-1784848446,SIM_DIR,capstone_iii_fit_activity,fit_activity,31,31,175.0,0.0,0.0,1.0,504.34985157554587,504.3274801941401,0.022371381405792683,,,549.8393247930186,549.8393247930186,1200.0,True,False,True,,,
SIM_DIR-1784848446,SIM_DIR,capstone_iii_fit_activity_pvt,fit_activity_pvt,31,31,175.0,0.0,0.0,1.0,504.34985157554587,504.3274801941401,0.022371381405792683,,,564.9691491988427,564.9691491988427,1200.0,True,False,True,,,
SIM_DIR-1784848446,SIM_DIR,capstone_iii_full,full,31,31,175.0,0.0,0.0,1.0,504.34985157554587,504.3274801941401,0.022371381405792683,,,580.098973604667,580.098973604667,1200.0,True,False,True,,,
SIM_DIR-1784848446,SIM_DIR,baseline,,32,32,183.0,0.0,0.0,1.0,527.9362784179116,527.9139070365057,0.022371381405792683,765.5076037059717,686.3171619432851,,686.3171619432851,,True,False,True,,,
SIM_DIR-1784848446,SIM_DIR,capstone_i,,32,32,183.0,0.0,0.0,1.0,527.9362784179116,527.9139070365057,0.022371381405792683,765.5076037059717,686.3171619432851,,686.3171619432851,1200.0,True,False,True,,,
SIM_DIR-1784848446,SIM_DIR,capstone_ii,,32,32,183.0,0.0,0.0,1.0,527.9362784179116,527.9139070365057,0.022371381405792683,571.8562784179115,555.3862784179116,,555.3862784179116,1200.0,True,False,True,,,
SIM_DIR-1784848446,SIM_DIR,capstone_iii_fit_1x,fit_1x,32,32,183.0,0.0,0.0,1.0,527.9362784179116,527.9139070365057,0.022371381405792683,,,554.4319737697369,554.4319737697369,1200.0,True,False,True,,,
SIM_DIR-1784848446,SIM_DIR,capstone_iii_fit_2x,fit_2x,32,32,183.0,0.0,0.0,1.0,527.9362784179116,527.9139070365057,0.022371381405792683,,,580.8276691215623,580.8276691215623,1200.0,True,False,True,,,
SIM_DIR-1784848446,SIM_DIR,capstone_iii_fit_activity,fit_activity,32,32,183.0,0.0,0.0,1.0,527.9362784179116,527.9139070365057,0.022371381405792683,,,575.5485300511971,575.5485300511971,1200.0,True,False,True,,,
SIM_DIR-1784848446,SIM_DIR,capstone_iii_fit_activity_pvt,fit_activity_pvt,32,32,183.0,0.0,0.0,1.0,527.9362784179116,527.9139070365057,0.022371381405792683,,,591.3859472622923,591.3859472622923,1200.0,True,False,True,,,
SIM_DIR-1784848446,SIM_DIR,capstone_iii_full,full,32,32,183.0,0.0,0.0,1.0,527.9362784179116,527.9139070365057,0.022371381405792683,,,607.2233644733875,607.2233644733875,1200.0,True,False,True,,,
SIM_DIR-1784848446,SIM_DIR,baseline,,33,33,184.0,0.0,0.0,1.0,531.3552024818185,531.3328311004127,0.022371381405792683,770.4650435986368,690.7617632263641,,690.7617632263641,,True,False,True,,,
SIM_DIR-1784848446,SIM_DIR,capstone_i,,33,33,184.0,0.0,0.0,1.0,531.3552024818185,531.3328311004127,0.022371381405792683,770.4650435986368,690.7617632263641,,690.7617632263641,1200.0,True,False,True,,,
SIM_DIR-1784848446,SIM_DIR,capstone_ii,,33,33,184.0,0.0,0.0,1.0,531.3552024818185,531.3328311004127,0.022371381405792683,575.5152024818185,558.9552024818186,,558.9552024818186,1200.0,True,False,True,,,
SIM_DIR-1784848446,SIM_DIR,capstone_iii_fit_1x,fit_1x,33,33,184.0,0.0,0.0,1.0,531.3552024818185,531.3328311004127,0.022371381405792683,,,558.0218440368392,558.0218440368392,1200.0,True,False,True,,,
SIM_DIR-1784848446,SIM_DIR,capstone_iii_fit_2x,fit_2x,33,33,184.0,0.0,0.0,1.0,531.3552024818185,531.3328311004127,0.022371381405792683,,,584.5884855918599,584.5884855918599,1200.0,True,False,True,,,
SIM_DIR-1784848446,SIM_DIR,capstone_iii_fit_activity,fit_activity,33,33,184.0,0.0,0.0,1.0,531.3552024818185,531.3328311004127,0.022371381405792683,,,579.2751572808558,579.2751572808558,1200.0,True,False,True,,,
SIM_DIR-1784848446,SIM_DIR,capstone_iii_fit_activity_pvt,fit_activity_pvt,33,33,184.0,0.0,0.0,1.0,531.3552024818185,531.3328311004127,0.022371381405792683,,,595.2151422138681,595.2151422138681,1200.0,True,False,True,,,
SIM_DIR-1784848446,SIM_DIR,capstone_iii_full,full,33,33,184.0,0.0,0.0,1.0,531.3552024818185,531.3328311004127,0.022371381405792683,,,611.1551271468805,611.1551271468805,1200.0,True,False,True,,,
SIM_DIR-1784848446,SIM_DIR,baseline,,34,34,186.0,0.0,0.0,1.0,537.6703008548287,537.6479294734229,0.022371381405792683,779.6219362395017,698.9713911112774,,698.9713911112774,,True,False,True,,,
SIM_DIR-1784848446,SIM_DIR,capstone_i,,34,34,186.0,0.0,0.0,1.0,537.6703008548287,537.6479294734229,0.022371381405792683,779.6219362395017,698.9713911112774,,698.9713911112774,1200.0,True,False,True,,,
SIM_DIR-1784848446,SIM_DIR,capstone_ii,,34,34,186.0,0.0,0.0,1.0,537.6703008548287,537.6479294734229,0.022371381405792683,582.3103008548287,565.5703008548287,,565.5703008548287,1200.0,True,False,True,,,
SIM_DIR-1784848446,SIM_DIR,capstone_iii_fit_1x,fit_1x,34,34,186.0,0.0,0.0,1.0,537.6703008548287,537.6479294734229,0.022371381405792683,,,564.6526973284999,564.6526973284999,1200.0,True,False,True,,,
SIM_DIR-1784848446,SIM_DIR,capstone_iii_fit_2x,fit_2x,34,34,186.0,0.0,0.0,1.0,537.6703008548287,537.6479294734229,0.022371381405792683,,,591.5350938021711,591.5350938021711,1200.0,True,False,True,,,
SIM_DIR-1784848446,SIM_DIR,capstone_iii_fit_activity,fit_activity,34,34,186.0,0.0,0.0,1.0,537.6703008548287,537.6479294734229,0.022371381405792683,,,586.1586145074368,586.1586145074368,1200.0,True,False,True,,,
SIM_DIR-1784848446,SIM_DIR,capstone_iii_fit_activity_pvt,fit_activity_pvt,34,34,186.0,0.0,0.0,1.0,537.6703008548287,537.6479294734229,0.022371381405792683,,,602.2880523916394,602.2880523916394,1200.0,True,False,True,,,
SIM_DIR-1784848446,SIM_DIR,capstone_iii_full,full,34,34,186.0,0.0,0.0,1.0,537.6703008548287,537.6479294734229,0.022371381405792683,,,618.4174902758423,618.4174902758423,1200.0,True,False,True,,,
SIM_DIR-1784848446,SIM_DIR,baseline,,35,35,190.0,0.0,0.0,1.0,549.7837542187675,549.7613828373617,0.022371381405792683,797.1864436172128,714.7188804843978,,714.7188804843978,,True,False,True,,,
SIM_DIR-1784848446,SIM_DIR,capstone_i,,35,35,190.0,0.0,0.0,1.0,549.7837542187675,549.7613828373617,0.022371381405792683,797.1864436172128,714.7188804843978,,714.7188804843978,1200.0,True,False,True,,,
SIM_DIR-1784848446,SIM_DIR,capstone_ii,,35,35,190.0,0.0,0.0,1.0,549.7837542187675,549.7613828373617,0.022371381405792683,595.3837542187675,578.2837542187675,,578.2837542187675,1200.0,True,False,True,,,
SIM_DIR-1784848446,SIM_DIR,capstone_iii_fit_1x,fit_1x,35,35,190.0,0.0,0.0,1.0,549.7837542187675,549.7613828373617,0.022371381405792683,,,577.3718233606356,577.3718233606356,1200.0,True,False,True,,,
SIM_DIR-1784848446,SIM_DIR,capstone_iii_fit_2x,fit_2x,35,35,190.0,0.0,0.0,1.0,549.7837542187675,549.7613828373617,0.022371381405792683,,,604.8598925025037,604.8598925025037,1200.0,True,False,True,,,
SIM_DIR-1784848446,SIM_DIR,capstone_iii_fit_activity,fit_activity,35,35,190.0,0.0,0.0,1.0,549.7837542187675,549.7613828373617,0.022371381405792683,,,599.36227867413,599.36227867413,1200.0,True,False,True,,,
SIM_DIR-1784848446,SIM_DIR,capstone_iii_fit_activity_pvt,fit_activity_pvt,35,35,190.0,0.0,0.0,1.0,549.7837542187675,549.7613828373617,0.022371381405792683,,,615.8551201592509,615.8551201592509,1200.0,True,False,True,,,
SIM_DIR-1784848446,SIM_DIR,capstone_iii_full,full,35,35,190.0,0.0,0.0,1.0,549.7837542187675,549.7613828373617,0.022371381405792683,,,632.3479616443718,632.3479616443718,1200.0,True,False,True,,,
SIM_DIR-1784848446,SIM_DIR,baseline,,36,36,194.0,0.0,0.0,1.0,561.9201931430023,561.8978217615964,0.022371381405792683,814.7842800573533,730.4962510859029,,730.4962510859029,,True,False,True,,,
SIM_DIR-1784848446,SIM_DIR,capstone_i,,36,36,194.0,0.0,0.0,1.0,561.9201931430023,561.8978217615964,0.022371381405792683,814.7842800573533,730.4962510859029,,730.4962510859029,1200.0,True,False,True,,,
SIM_DIR-1784848446,SIM_DIR,capstone_ii,,36,36,194.0,0.0,0.0,1.0,561.9201931430023,561.8978217615964,0.022371381405792683,608.4801931430022,591.0201931430023,,591.0201931430023,1200.0,True,False,True,,,
SIM_DIR-1784848446,SIM_DIR,capstone_iii_fit_1x,fit_1x,36,36,194.0,0.0,0.0,1.0,561.9201931430023,561.8978217615964,0.022371381405792683,,,590.1150842310822,590.1150842310822,1200.0,True,False,True,,,
SIM_DIR-1784848446,SIM_DIR,capstone_iii_fit_2x,fit_2x,36,36,194.0,0.0,0.0,1.0,561.9201931430023,561.8978217615964,0.022371381405792683,,,618.209975319162,618.209975319162,1200.0,True,False,True,,,
SIM_DIR-1784848446,SIM_DIR,capstone_iii_fit_activity,fit_activity,36,36,194.0,0.0,0.0,1.0,561.9201931430023,561.8978217615964,0.022371381405792683,,,612.590997101546,612.590997101546,1200.0,True,False,True,,,
SIM_DIR-1784848446,SIM_DIR,capstone_iii_fit_activity_pvt,fit_activity_pvt,36,36,194.0,0.0,0.0,1.0,561.9201931430023,561.8978217615964,0.022371381405792683,,,629.4479317543938,629.4479317543938,1200.0,True,False,True,,,
SIM_DIR-1784848446,SIM_DIR,capstone_iii_full,full,36,36,194.0,0.0,0.0,1.0,561.9201931430023,561.8978217615964,0.022371381405792683,,,646.3048664072418,646.3048664072418,1200.0,True,False,True,,,
SIM_DIR-1784848446,SIM_DIR,baseline,,37,37,196.0,0.0,0.0,1.0,568.2810472245534,568.2586758431476,0.022371381405792683,824.0075184756024,738.7653613919194,,738.7653613919194,,True,False,True,,,
SIM_DIR-1784848446,SIM_DIR,capstone_i,,37,37,196.0,0.0,0.0,1.0,568.2810472245534,568.2586758431476,0.022371381405792683,824.0075184756024,738.7653613919194,,738.7653613919194,1200.0,True,False,True,,,
SIM_DIR-1784848446,SIM_DIR,capstone_ii,,37,37,196.0,0.0,0.0,1.0,568.2810472245534,568.2586758431476,0.022371381405792683,615.3210472245534,597.6810472245534,,597.6810472245534,1200.0,True,False,True,,,
SIM_DIR-1784848446,SIM_DIR,capstone_iii_fit_1x,fit_1x,37,37,196.0,0.0,0.0,1.0,568.2810472245534,568.2586758431476,0.022371381405792683,,,596.7939810167107,596.7939810167107,1200.0,True,False,True,,,
SIM_DIR-1784848446,SIM_DIR,capstone_iii_fit_2x,fit_2x,37,37,196.0,0.0,0.0,1.0,568.2810472245534,568.2586758431476,0.022371381405792683,,,625.2069148088682,625.2069148088682,1200.0,True,False,True,,,
SIM_DIR-1784848446,SIM_DIR,capstone_iii_fit_activity,fit_activity,37,37,196.0,0.0,0.0,1.0,568.2810472245534,568.2586758431476,0.022371381405792683,,,619.5243280504367,619.5243280504367,1200.0,True,False,True,,,
SIM_DIR-1784848446,SIM_DIR,capstone_iii_fit_activity_pvt,fit_activity_pvt,37,37,196.0,0.0,0.0,1.0,568.2810472245534,568.2586758431476,0.022371381405792683,,,636.5720883257311,636.5720883257311,1200.0,True,False,True,,,
SIM_DIR-1784848446,SIM_DIR,capstone_iii_full,full,37,37,196.0,0.0,0.0,1.0,568.2810472245534,568.2586758431476,0.022371381405792683,,,653.6198486010255,653.6198486010255,1200.0,True,False,True,,,
SIM_DIR-1784848446,SIM_DIR,baseline,,38,38,197.0,0.0,0.0,1.0,571.7510964642436,571.7287250828377,0.022371381405792683,829.0390898731531,743.2764254035167,,743.2764254035167,,True,False,True,,,
SIM_DIR-1784848446,SIM_DIR,capstone_i,,38,38,197.0,0.0,0.0,1.0,571.7510964642436,571.7287250828377,0.022371381405792683,829.0390898731531,743.2764254035167,,743.2764254035167,1200.0,True,False,True,,,
SIM_DIR-1784848446,SIM_DIR,capstone_ii,,38,38,197.0,0.0,0.0,1.0,571.7510964642436,571.7287250828377,0.022371381405792683,619.0310964642435,601.3010964642435,,601.3010964642435,1200.0,True,False,True,,,
SIM_DIR-1784848446,SIM_DIR,capstone_iii_fit_1x,fit_1x,38,38,197.0,0.0,0.0,1.0,571.7510964642436,571.7287250828377,0.022371381405792683,,,600.4375327183856,600.4375327183856,1200.0,True,False,True,,,
SIM_DIR-1784848446,SIM_DIR,capstone_iii_fit_2x,fit_2x,38,38,197.0,0.0,0.0,1.0,571.7510964642436,571.7287250828377,0.022371381405792683,,,629.0239689725274,629.0239689725274,1200.0,True,False,True,,,
SIM_DIR-1784848446,SIM_DIR,capstone_iii_fit_activity,fit_activity,38,38,197.0,0.0,0.0,1.0,571.7510964642436,571.7287250828377,0.022371381405792683,,,623.306681721699,623.306681721699,1200.0,True,False,True,,,
SIM_DIR-1784848446,SIM_DIR,capstone_iii_fit_activity_pvt,fit_activity_pvt,38,38,197.0,0.0,0.0,1.0,571.7510964642436,571.7287250828377,0.022371381405792683,,,640.4585434741841,640.4585434741841,1200.0,True,False,True,,,
SIM_DIR-1784848446,SIM_DIR,capstone_iii_full,full,38,38,197.0,0.0,0.0,1.0,571.7510964642436,571.7287250828377,0.022371381405792683,,,657.6104052266693,657.6104052266693,1200.0,True,False,True,,,
SIM_DIR-1784848446,SIM_DIR,baseline,,39,39,199.0,0.0,0.0,1.0,578.1317915912576,578.1094202098518,0.022371381405792683,838.2910978073236,751.571329068635,,751.571329068635,,True,False,True,,,
SIM_DIR-1784848446,SIM_DIR,capstone_i,,39,39,199.0,0.0,0.0,1.0,578.1317915912576,578.1094202098518,0.022371381405792683,838.2910978073236,751.571329068635,,751.571329068635,1200.0,True,False,True,,,
SIM_DIR-1784848446,SIM_DIR,capstone_ii,,39,39,199.0,0.0,0.0,1.0,578.1317915912576,578.1094202098518,0.022371381405792683,625.8917915912576,607.9817915912577,,607.9817915912577,1200.0,True,False,True,,,
SIM_DIR-1784848446,SIM_DIR,capstone_iii_fit_1x,fit_1x,39,39,199.0,0.0,0.0,1.0,578.1317915912576,578.1094202098518,0.022371381405792683,,,607.1372626017503,607.1372626017503,1200.0,True,False,True,,,
SIM_DIR-1784848446,SIM_DIR,capstone_iii_fit_2x,fit_2x,39,39,199.0,0.0,0.0,1.0,578.1317915912576,578.1094202098518,0.022371381405792683,,,636.042733612243,636.042733612243,1200.0,True,False,True,,,
SIM_DIR-1784848446,SIM_DIR,capstone_iii_fit_activity,fit_activity,39,39,199.0,0.0,0.0,1.0,578.1317915912576,578.1094202098518,0.022371381405792683,,,630.2616394101443,630.2616394101443,1200.0,True,False,True,,,
SIM_DIR-1784848446,SIM_DIR,capstone_iii_fit_activity_pvt,fit_activity_pvt,39,39,199.0,0.0,0.0,1.0,578.1317915912576,578.1094202098518,0.022371381405792683,,,647.60492201644,647.60492201644,1200.0,True,False,True,,,
SIM_DIR-1784848446,SIM_DIR,capstone_iii_full,full,39,39,199.0,0.0,0.0,1.0,578.1317915912576,578.1094202098518,0.022371381405792683,,,664.9482046227355,664.9482046227355,1200.0,True,False,True,,,
SIM_DIR-1784848446,SIM_DIR,baseline,,40,40,201.0,0.0,0.0,1.0,584.5238480640521,584.5014766826463,0.022371381405792683,847.5595796928756,759.8810024832678,,759.8810024832678,,True,False,True,,,
SIM_DIR-1784848446,SIM_DIR,capstone_i,,40,40,201.0,0.0,0.0,1.0,584.5238480640521,584.5014766826463,0.022371381405792683,847.5595796928756,759.8810024832678,,759.8810024832678,1200.0,True,False,True,,,
SIM_DIR-1784848446,SIM_DIR,capstone_ii,,40,40,201.0,0.0,0.0,1.0,584.5238480640521,584.5014766826463,0.022371381405792683,632.7638480640521,614.6738480640521,,614.6738480640521,1200.0,True,False,True,,,
SIM_DIR-1784848446,SIM_DIR,capstone_iii_fit_1x,fit_1x,40,40,201.0,0.0,0.0,1.0,584.5238480640521,584.5014766826463,0.022371381405792683,,,613.8489218981845,613.8489218981845,1200.0,True,False,True,,,
SIM_DIR-1784848446,SIM_DIR,capstone_iii_fit_2x,fit_2x,40,40,201.0,0.0,0.0,1.0,584.5238480640521,584.5014766826463,0.022371381405792683,,,643.0739957323168,643.0739957323168,1200.0,True,False,True,,,
SIM_DIR-1784848446,SIM_DIR,capstone_iii_fit_activity,fit_activity,40,40,201.0,0.0,0.0,1.0,584.5238480640521,584.5014766826463,0.022371381405792683,,,637.2289809654903,637.2289809654903,1200.0,True,False,True,,,
SIM_DIR-1784848446,SIM_DIR,capstone_iii_fit_activity_pvt,fit_activity_pvt,40,40,201.0,0.0,0.0,1.0,584.5238480640521,584.5014766826463,0.022371381405792683,,,654.7640252659697,654.7640252659697,1200.0,True,False,True,,,
SIM_DIR-1784848446,SIM_DIR,capstone_iii_full,full,40,40,201.0,0.0,0.0,1.0,584.5238480640521,584.5014766826463,0.022371381405792683,,,672.2990695664491,672.2990695664491,1200.0,True,False,True,,,
SIM_DIR-1784848446,SIM_DIR,baseline,,41,41,201.0,0.0,0.0,1.0,585.1055372935494,585.0831659121436,0.022371381405792683,848.4030290756467,760.6371984816143,,760.6371984816143,,True,False,True,,,
SIM_DIR-1784848446,SIM_DIR,capstone_i,,41,41,201.0,0.0,0.0,1.0,585.1055372935494,585.0831659121436,0.022371381405792683,848.4030290756467,760.6371984816143,,760.6371984816143,1200.0,True,False,True,,,
SIM_DIR-1784848446,SIM_DIR,capstone_ii,,41,41,201.0,0.0,0.0,1.0,585.1055372935494,585.0831659121436,0.022371381405792683,633.3455372935495,615.2555372935494,,615.2555372935494,1200.0,True,False,True,,,
SIM_DIR-1784848446,SIM_DIR,capstone_iii_fit_1x,fit_1x,41,41,201.0,0.0,0.0,1.0,585.1055372935494,585.0831659121436,0.022371381405792683,,,614.4596955891567,614.4596955891567,1200.0,True,False,True,,,
SIM_DIR-1784848446,SIM_DIR,capstone_iii_fit_2x,fit_2x,41,41,201.0,0.0,0.0,1.0,585.1055372935494,585.0831659121436,0.022371381405792683,,,643.7138538847638,643.7138538847638,1200.0,True,False,True,,,
SIM_DIR-1784848446,SIM_DIR,capstone_iii_fit_activity,fit_activity,41,41,201.0,0.0,0.0,1.0,585.1055372935494,585.0831659121436,0.022371381405792683,,,637.8630222256425,637.8630222256425,1200.0,True,False,True,,,
SIM_DIR-1784848446,SIM_DIR,capstone_iii_fit_activity_pvt,fit_activity_pvt,41,41,201.0,0.0,0.0,1.0,585.1055372935494,585.0831659121436,0.022371381405792683,,,655.4155172030066,655.4155172030066,1200.0,True,False,True,,,
SIM_DIR-1784848446,SIM_DIR,capstone_iii_full,full,41,41,201.0,0.0,0.0,1.0,585.1055372935494,585.0831659121436,0.022371381405792683,,,672.968012180371,672.968012180371,1200.0,True,False,True,,,
SIM_DIR-1784848446,SIM_DIR,baseline,,42,42,202.0,0.0,0.0,1.0,588.6007597109787,588.5783883295728,0.022371381405792683,853.471101580919,765.1809876242722,,765.1809876242722,,True,False,True,,,
SIM_DIR-1784848446,SIM_DIR,capstone_i,,42,42,202.0,0.0,0.0,1.0,588.6007597109787,588.5783883295728,0.022371381405792683,853.471101580919,765.1809876242722,,765.1809876242722,1200.0,True,False,True,,,
SIM_DIR-1784848446,SIM_DIR,capstone_ii,,42,42,202.0,0.0,0.0,1.0,588.6007597109787,588.5783883295728,0.022371381405792683,637.0807597109787,618.9007597109786,,618.9007597109786,1200.0,True,False,True,,,
SIM_DIR-1784848446,SIM_DIR,capstone_iii_fit_1x,fit_1x,42,42,202.0,0.0,0.0,1.0,588.6007597109787,588.5783883295728,0.022371381405792683,,,618.1296791274573,618.1296791274573,1200.0,True,False,True,,,
SIM_DIR-1784848446,SIM_DIR,capstone_iii_fit_2x,fit_2x,42,42,202.0,0.0,0.0,1.0,588.6007597109787,588.5783883295728,0.022371381405792683,,,647.5585985439359,647.5585985439359,1200.0,True,False,True,,,
SIM_DIR-1784848446,SIM_DIR,capstone_iii_fit_activity,fit_activity,42,42,202.0,0.0,0.0,1.0,588.6007597109787,588.5783883295728,0.022371381405792683,,,641.6728146606403,641.6728146606403,1200.0,True,False,True,,,
SIM_DIR-1784848446,SIM_DIR,capstone_iii_fit_activity_pvt,fit_activity_pvt,42,42,202.0,0.0,0.0,1.0,588.6007597109787,588.5783883295728,0.022371381405792683,,,659.3301663105274,659.3301663105274,1200.0,True,False,True,,,
SIM_DIR-1784848446,SIM_DIR,capstone_iii_full,full,42,42,202.0,0.0,0.0,1.0,588.6007597109787,588.5783883295728,0.022371381405792683,,,676.9875179604146,676.9875179604146,1200.0,True,False,True,,,
SIM_DIR-1784848446,SIM_DIR,baseline,,43,43,207.0,0.0,0.0,1.0,603.7681302936503,603.7457589122445,0.022371381405792683,875.4637889257929,784.8985693817455,,784.8985693817455,,True,False,True,,,
SIM_DIR-1784848446,SIM_DIR,capstone_i,,43,43,207.0,0.0,0.0,1.0,603.7681302936503,603.7457589122445,0.022371381405792683,875.4637889257929,784.8985693817455,,784.8985693817455,1200.0,True,False,True,,,
SIM_DIR-1784848446,SIM_DIR,capstone_ii,,43,43,207.0,0.0,0.0,1.0,603.7681302936503,603.7457589122445,0.022371381405792683,653.4481302936503,634.8181302936503,,634.8181302936503,1200.0,True,False,True,,,
SIM_DIR-1784848446,SIM_DIR,capstone_iii_fit_1x,fit_1x,43,43,207.0,0.0,0.0,1.0,603.7681302936503,603.7457589122445,0.022371381405792683,,,634.0554182392625,634.0554182392625,1200.0,True,False,True,,,
SIM_DIR-1784848446,SIM_DIR,capstone_iii_fit_2x,fit_2x,43,43,207.0,0.0,0.0,1.0,603.7681302936503,603.7457589122445,0.022371381405792683,,,664.2427061848748,664.2427061848748,1200.0,True,False,True,,,
SIM_DIR-1784848446,SIM_DIR,capstone_iii_fit_activity,fit_activity,43,43,207.0,0.0,0.0,1.0,603.7681302936503,603.7457589122445,0.022371381405792683,,,658.2052485957523,658.2052485957523,1200.0,True,False,True,,,
SIM_DIR-1784848446,SIM_DIR,capstone_iii_fit_activity_pvt,fit_activity_pvt,43,43,207.0,0.0,0.0,1.0,603.7681302936503,603.7457589122445,0.022371381405792683,,,676.3176213631197,676.3176213631197,1200.0,True,False,True,,,
SIM_DIR-1784848446,SIM_DIR,capstone_iii_full,full,43,43,207.0,0.0,0.0,1.0,603.7681302936503,603.7457589122445,0.022371381405792683,,,694.429994130487,694.429994130487,1200.0,True,False,True,,,
SIM_DIR-1784848446,SIM_DIR,baseline,,44,44,207.0,0.0,0.0,1.0,604.366503334893,604.3441319534871,0.022371381405792683,876.3314298355948,785.6764543353609,,785.6764543353609,,True,False,True,,,
SIM_DIR-1784848446,SIM_DIR,capstone_i,,44,44,207.0,0.0,0.0,1.0,604.366503334893,604.3441319534871,0.022371381405792683,876.3314298355948,785.6764543353609,,785.6764543353609,1200.0,True,False,True,,,
SIM_DIR-1784848446,SIM_DIR,capstone_ii,,44,44,207.0,0.0,0.0,1.0,604.366503334893,604.3441319534871,0.022371381405792683,654.0465033348929,635.4165033348929,,635.4165033348929,1200.0,True,False,True,,,
SIM_DIR-1784848446,SIM_DIR,capstone_iii_fit_1x,fit_1x,44,44,207.0,0.0,0.0,1.0,604.366503334893,604.3441319534871,0.022371381405792683,,,634.6837099325674,634.6837099325674,1200.0,True,False,True,,,
SIM_DIR-1784848446,SIM_DIR,capstone_iii_fit_2x,fit_2x,44,44,207.0,0.0,0.0,1.0,604.366503334893,604.3441319534871,0.022371381405792683,,,664.9009165302417,664.9009165302417,1200.0,True,False,True,,,
SIM_DIR-1784848446,SIM_DIR,capstone_iii_fit_activity,fit_activity,44,44,207.0,0.0,0.0,1.0,604.366503334893,604.3441319534871,0.022371381405792683,,,658.8574752107069,658.8574752107069,1200.0,True,False,True,,,
SIM_DIR-1784848446,SIM_DIR,capstone_iii_fit_activity_pvt,fit_activity_pvt,44,44,207.0,0.0,0.0,1.0,604.366503334893,604.3441319534871,0.022371381405792683,,,676.9877991693115,676.9877991693115,1200.0,True,False,True,,,
SIM_DIR-1784848446,SIM_DIR,capstone_iii_full,full,44,44,207.0,0.0,0.0,1.0,604.366503334893,604.3441319534871,0.022371381405792683,,,695.1181231279161,695.1181231279161,1200.0,True,False,True,,,
SIM_DIR-1784848446,SIM_DIR,baseline,,45,45,208.0,0.0,0.0,1.0,607.887078419383,607.8647070379772,0.022371381405792683,881.4362637081053,790.2532019451979,,790.2532019451979,,True,False,True,,,
SIM_DIR-1784848446,SIM_DIR,capstone_i,,45,45,208.0,0.0,0.0,1.0,607.887078419383,607.8647070379772,0.022371381405792683,881.4362637081053,790.2532019451979,,790.2532019451979,1200.0,True,False,True,,,
SIM_DIR-1784848446,SIM_DIR,capstone_ii,,45,45,208.0,0.0,0.0,1.0,607.887078419383,607.8647070379772,0.022371381405792683,657.807078419383,639.087078419383,,639.087078419383,1200.0,True,False,True,,,
SIM_DIR-1784848446,SIM_DIR,capstone_iii_fit_1x,fit_1x,45,45,208.0,0.0,0.0,1.0,607.887078419383,607.8647070379772,0.022371381405792683,,,638.3803137712819,638.3803137712819,1200.0,True,False,True,,,
SIM_DIR-1784848446,SIM_DIR,capstone_iii_fit_2x,fit_2x,45,45,208.0,0.0,0.0,1.0,607.887078419383,607.8647070379772,0.022371381405792683,,,668.7735491231807,668.7735491231807,1200.0,True,False,True,,,
SIM_DIR-1784848446,SIM_DIR,capstone_iii_fit_activity,fit_activity,45,45,208.0,0.0,0.0,1.0,607.887078419383,607.8647070379772,0.022371381405792683,,,662.6949020528009,662.6949020528009,1200.0,True,False,True,,,
SIM_DIR-1784848446,SIM_DIR,capstone_iii_fit_activity_pvt,fit_activity_pvt,45,45,208.0,0.0,0.0,1.0,607.887078419383,607.8647070379772,0.022371381405792683,,,680.9308432639402,680.9308432639402,1200.0,True,False,True,,,
SIM_DIR-1784848446,SIM_DIR,capstone_iii_full,full,45,45,208.0,0.0,0.0,1.0,607.887078419383,607.8647070379772,0.022371381405792683,,,699.1667844750796,699.1667844750796,1200.0,True,False,True,,,
SIM_DIR-1784848446,SIM_DIR,baseline,,46,46,208.0,0.0,0.0,1.0,608.4878922365127,608.4655208551069,0.022371381405792683,882.3074437429434,791.0342599074665,,791.0342599074665,,True,False,True,,,
SIM_DIR-1784848446,SIM_DIR,capstone_i,,46,46,208.0,0.0,0.0,1.0,608.4878922365127,608.4655208551069,0.022371381405792683,882.3074437429434,791.0342599074665,,791.0342599074665,1200.0,True,False,True,,,
SIM_DIR-1784848446,SIM_DIR,capstone_ii,,46,46,208.0,0.0,0.0,1.0,608.4878922365127,608.4655208551069,0.022371381405792683,658.4078922365127,639.6878922365128,,639.6878922365128,1200.0,True,False,True,,,
SIM_DIR-1784848446,SIM_DIR,capstone_iii_fit_1x,fit_1x,46,46,208.0,0.0,0.0,1.0,608.4878922365127,608.4655208551069,0.022371381405792683,,,639.0111682792681,639.0111682792681,1200.0,True,False,True,,,
SIM_DIR-1784848446,SIM_DIR,capstone_iii_fit_2x,fit_2x,46,46,208.0,0.0,0.0,1.0,608.4878922365127,608.4655208551069,0.022371381405792683,,,669.4344443220234,669.4344443220234,1200.0,True,False,True,,,
SIM_DIR-1784848446,SIM_DIR,capstone_iii_fit_activity,fit_activity,46,46,208.0,0.0,0.0,1.0,608.4878922365127,608.4655208551069,0.022371381405792683,,,663.3497891134724,663.3497891134724,1200.0,True,False,True,,,
SIM_DIR-1784848446,SIM_DIR,capstone_iii_fit_activity_pvt,fit_activity_pvt,46,46,208.0,0.0,0.0,1.0,608.4878922365127,608.4655208551069,0.022371381405792683,,,681.6037547391256,681.6037547391256,1200.0,True,False,True,,,
SIM_DIR-1784848446,SIM_DIR,capstone_iii_full,full,46,46,208.0,0.0,0.0,1.0,608.4878922365127,608.4655208551069,0.022371381405792683,,,699.8577203647787,699.8577203647787,1200.0,True,False,True,,,
SIM_DIR-1784848446,SIM_DIR,baseline,,47,47,214.0,0.0,0.0,1.0,626.6576975198151,626.6353261384093,0.022371381405792683,908.6536614037318,814.6550067757596,,814.6550067757596,,True,False,True,,,
SIM_DIR-1784848446,SIM_DIR,capstone_i,,47,47,214.0,0.0,0.0,1.0,626.6576975198151,626.6353261384093,0.022371381405792683,908.6536614037318,814.6550067757596,,814.6550067757596,1200.0,True,False,True,,,
SIM_DIR-1784848446,SIM_DIR,capstone_ii,,47,47,214.0,0.0,0.0,1.0,626.6576975198151,626.6353261384093,0.022371381405792683,678.0176975198151,658.7576975198151,,658.7576975198151,1200.0,True,False,True,,,
SIM_DIR-1784848446,SIM_DIR,capstone_iii_fit_1x,fit_1x,47,47,214.0,0.0,0.0,1.0,626.6576975198151,626.6353261384093,0.022371381405792683,,,658.0894638267356,658.0894638267356,1200.0,True,False,True,,,
SIM_DIR-1784848446,SIM_DIR,capstone_iii_fit_2x,fit_2x,47,47,214.0,0.0,0.0,1.0,626.6576975198151,626.6353261384093,0.022371381405792683,,,689.421230133656,689.421230133656,1200.0,True,False,True,,,
SIM_DIR-1784848446,SIM_DIR,capstone_iii_fit_activity,fit_activity,47,47,214.0,0.0,0.0,1.0,626.6576975198151,626.6353261384093,0.022371381405792683,,,683.154876872272,683.154876872272,1200.0,True,False,True,,,
SIM_DIR-1784848446,SIM_DIR,capstone_iii_fit_activity_pvt,fit_activity_pvt,47,47,214.0,0.0,0.0,1.0,626.6576975198151,626.6353261384093,0.022371381405792683,,,701.9539366564243,701.9539366564243,1200.0,True,False,True,,,
SIM_DIR-1784848446,SIM_DIR,capstone_iii_full,full,47,47,214.0,0.0,0.0,1.0,626.6576975198151,626.6353261384093,0.022371381405792683,,,720.7529964405765,720.7529964405765,1200.0,True,False,True,,,
SIM_DIR-1784848446,SIM_DIR,baseline,,48,48,216.0,0.0,0.0,1.0,633.1375618801195,633.1151904987137,0.022371381405792683,918.0494647261733,823.0788304441554,,823.0788304441554,,True,False,True,,,
SIM_DIR-1784848446,SIM_DIR,capstone_i,,48,48,216.0,0.0,0.0,1.0,633.1375618801195,633.1151904987137,0.022371381405792683,918.0494647261733,823.0788304441554,,823.0788304441554,1200.0,True,False,True,,,
SIM_DIR-1784848446,SIM_DIR,capstone_ii,,48,48,216.0,0.0,0.0,1.0,633.1375618801195,633.1151904987137,0.022371381405792683,684.9775618801195,665.5375618801195,,665.5375618801195,1200.0,True,False,True,,,
SIM_DIR-1784848446,SIM_DIR,capstone_iii_fit_1x,fit_1x,48,48,216.0,0.0,0.0,1.0,633.1375618801195,633.1151904987137,0.022371381405792683,,,664.8933214050552,664.8933214050552,1200.0,True,False,True,,,
SIM_DIR-1784848446,SIM_DIR,capstone_iii_fit_2x,fit_2x,48,48,216.0,0.0,0.0,1.0,633.1375618801195,633.1151904987137,0.022371381405792683,,,696.5490809299909,696.5490809299909,1200.0,True,False,True,,,
SIM_DIR-1784848446,SIM_DIR,capstone_iii_fit_activity,fit_activity,48,48,216.0,0.0,0.0,1.0,633.1375618801195,633.1151904987137,0.022371381405792683,,,690.2179290250037,690.2179290250037,1200.0,True,False,True,,,
SIM_DIR-1784848446,SIM_DIR,capstone_iii_fit_activity_pvt,fit_activity_pvt,48,48,216.0,0.0,0.0,1.0,633.1375618801195,633.1151904987137,0.022371381405792683,,,709.2113847399652,709.2113847399652,1200.0,True,False,True,,,
SIM_DIR-1784848446,SIM_DIR,capstone_iii_full,full,48,48,216.0,0.0,0.0,1.0,633.1375618801195,633.1151904987137,0.022371381405792683,,,728.2048404549265,728.2048404549265,1200.0,True,False,True,,,
SIM_DIR-1784848446,SIM_DIR,baseline,,49,49,218.0,0.0,0.0,1.0,639.6287400776389,639.6063686962331,0.022371381405792683,927.4616731125764,831.5173621009305,,831.5173621009305,,True,False,True,,,
SIM_DIR-1784848446,SIM_DIR,capstone_i,,49,49,218.0,0.0,0.0,1.0,639.6287400776389,639.6063686962331,0.022371381405792683,927.4616731125764,831.5173621009305,,831.5173621009305,1200.0,True,False,True,,,
SIM_DIR-1784848446,SIM_DIR,capstone_ii,,49,49,218.0,0.0,0.0,1.0,639.6287400776389,639.6063686962331,0.022371381405792683,691.948740077639,672.3287400776389,,672.3287400776389,1200.0,True,False,True,,,
SIM_DIR-1784848446,SIM_DIR,capstone_iii_fit_1x,fit_1x,49,49,218.0,0.0,0.0,1.0,639.6287400776389,639.6063686962331,0.022371381405792683,,,671.7090585124506,671.7090585124506,1200.0,True,False,True,,,
SIM_DIR-1784848446,SIM_DIR,capstone_iii_fit_2x,fit_2x,49,49,218.0,0.0,0.0,1.0,639.6287400776389,639.6063686962331,0.022371381405792683,,,703.6893769472622,703.6893769472622,1200.0,True,False,True,,,
SIM_DIR-1784848446,SIM_DIR,capstone_iii_fit_activity,fit_activity,49,49,218.0,0.0,0.0,1.0,639.6287400776389,639.6063686962331,0.022371381405792683,,,697.2933132602999,697.2933132602999,1200.0,True,False,True,,,
SIM_DIR-1784848446,SIM_DIR,capstone_iii_fit_activity_pvt,fit_activity_pvt,49,49,218.0,0.0,0.0,1.0,639.6287400776389,639.6063686962331,0.022371381405792683,,,716.4815043211869,716.4815043211869,1200.0,True,False,True,,,
SIM_DIR-1784848446,SIM_DIR,capstone_iii_full,full,49,49,218.0,0.0,0.0,1.0,639.6287400776389,639.6063686962331,0.022371381405792683,,,735.6696953820739,735.6696953820739,1200.0,True,False,True,,,
SIM_DIR-1784848446,SIM_DIR,baseline,,50,50,222.0,0.0,0.0,1.0,652.004943760057,651.9825723786512,0.022371381405792683,945.4071684520826,847.6064268880741,,847.6064268880741,,True,False,True,,,
SIM_DIR-1784848446,SIM_DIR,capstone_i,,50,50,222.0,0.0,0.0,1.0,652.004943760057,651.9825723786512,0.022371381405792683,945.4071684520826,847.6064268880741,,847.6064268880741,1200.0,True,False,True,,,
SIM_DIR-1784848446,SIM_DIR,capstone_ii,,50,50,222.0,0.0,0.0,1.0,652.004943760057,651.9825723786512,0.022371381405792683,705.284943760057,685.304943760057,,685.304943760057,1200.0,True,False,True,,,
SIM_DIR-1784848446,SIM_DIR,capstone_iii_fit_1x,fit_1x,50,50,222.0,0.0,0.0,1.0,652.004943760057,651.9825723786512,0.022371381405792683,,,684.7040723789896,684.7040723789896,1200.0,True,False,True,,,
SIM_DIR-1784848446,SIM_DIR,capstone_iii_fit_2x,fit_2x,50,50,222.0,0.0,0.0,1.0,652.004943760057,651.9825723786512,0.022371381405792683,,,717.3032009979221,717.3032009979221,1200.0,True,False,True,,,
SIM_DIR-1784848446,SIM_DIR,capstone_iii_fit_activity,fit_activity,50,50,222.0,0.0,0.0,1.0,652.004943760057,651.9825723786512,0.022371381405792683,,,710.7833752741357,710.7833752741357,1200.0,True,False,True,,,
SIM_DIR-1784848446,SIM_DIR,capstone_iii_fit_activity_pvt,fit_activity_pvt,50,50,222.0,0.0,0.0,1.0,652.004943760057,651.9825723786512,0.022371381405792683,,,730.3428524454952,730.3428524454952,1200.0,True,False,True,,,
SIM_DIR-1784848446,SIM_DIR,capstone_iii_full,full,50,50,222.0,0.0,0.0,1.0,652.004943760057,651.9825723786512,0.022371381405792683,,,749.9023296168547,749.9023296168547,1200.0,True,False,True,,,
SIM_DIR-1784848446,SIM_DIR,baseline,,51,51,222.0,0.0,0.0,1.0,652.6450171373389,652.622645755933,0.022371381405792683,946.3352748491413,848.4385222785405,,848.4385222785405,,True,False,True,,,
SIM_DIR-1784848446,SIM_DIR,capstone_i,,51,51,222.0,0.0,0.0,1.0,652.6450171373389,652.622645755933,0.022371381405792683,946.3352748491413,848.4385222785405,,848.4385222785405,1200.0,True,False,True,,,
SIM_DIR-1784848446,SIM_DIR,capstone_ii,,51,51,222.0,0.0,0.0,1.0,652.6450171373389,652.622645755933,0.022371381405792683,705.9250171373388,685.9450171373388,,685.9450171373388,1200.0,True,False,True,,,
SIM_DIR-1784848446,SIM_DIR,capstone_iii_fit_1x,fit_1x,51,51,222.0,0.0,0.0,1.0,652.6450171373389,652.622645755933,0.022371381405792683,,,685.3761494251355,685.3761494251355,1200.0,True,False,True,,,
SIM_DIR-1784848446,SIM_DIR,capstone_iii_fit_2x,fit_2x,51,51,222.0,0.0,0.0,1.0,652.6450171373389,652.622645755933,0.022371381405792683,,,718.0072817129321,718.0072817129321,1200.0,True,False,True,,,
SIM_DIR-1784848446,SIM_DIR,capstone_iii_fit_activity,fit_activity,51,51,222.0,0.0,0.0,1.0,652.6450171373389,652.622645755933,0.022371381405792683,,,711.4810552553729,711.4810552553729,1200.0,True,False,True,,,
SIM_DIR-1784848446,SIM_DIR,capstone_iii_fit_activity_pvt,fit_activity_pvt,51,51,222.0,0.0,0.0,1.0,652.6450171373389,652.622645755933,0.022371381405792683,,,731.0597346280509,731.0597346280509,1200.0,True,False,True,,,
SIM_DIR-1784848446,SIM_DIR,capstone_iii_full,full,51,51,222.0,0.0,0.0,1.0,652.6450171373389,652.622645755933,0.022371381405792683,,,750.6384140007289,750.6384140007289,1200.0,True,False,True,,,
SIM_DIR-1784848446,SIM_DIR,baseline,,52,52,225.0,0.0,0.0,1.0,662.1127294780051,662.0903580965993,0.022371381405792683,960.0634577431074,860.7465483214066,,860.7465483214066,,True,False,True,,,
SIM_DIR-1784848446,SIM_DIR,capstone_i,,52,52,225.0,0.0,0.0,1.0,662.1127294780051,662.0903580965993,0.022371381405792683,960.0634577431074,860.7465483214066,,860.7465483214066,1200.0,True,False,True,,,
SIM_DIR-1784848446,SIM_DIR,capstone_ii,,52,52,225.0,0.0,0.0,1.0,662.1127294780051,662.0903580965993,0.022371381405792683,716.1127294780051,695.8627294780051,,695.8627294780051,1200.0,True,False,True,,,
SIM_DIR-1784848446,SIM_DIR,capstone_iii_fit_1x,fit_1x,52,52,225.0,0.0,0.0,1.0,662.1127294780051,662.0903580965993,0.022371381405792683,,,695.3172473828351,695.3172473828351,1200.0,True,False,True,,,
SIM_DIR-1784848446,SIM_DIR,capstone_iii_fit_2x,fit_2x,52,52,225.0,0.0,0.0,1.0,662.1127294780051,662.0903580965993,0.022371381405792683,,,728.421765287665,728.421765287665,1200.0,True,False,True,,,
SIM_DIR-1784848446,SIM_DIR,capstone_iii_fit_activity,fit_activity,52,52,225.0,0.0,0.0,1.0,662.1127294780051,662.0903580965993,0.022371381405792683,,,721.8008617066992,721.8008617066992,1200.0,True,False,True,,,
SIM_DIR-1784848446,SIM_DIR,capstone_iii_fit_activity_pvt,fit_activity_pvt,52,52,225.0,0.0,0.0,1.0,662.1127294780051,662.0903580965993,0.022371381405792683,,,741.663572449597,741.663572449597,1200.0,True,False,True,,,
SIM_DIR-1784848446,SIM_DIR,capstone_iii_full,full,52,52,225.0,0.0,0.0,1.0,662.1127294780051,662.0903580965993,0.022371381405792683,,,761.526283192495,761.526283192495,1200.0,True,False,True,,,
SIM_DIR-1784848446,SIM_DIR,baseline,,53,53,226.0,0.0,0.0,1.0,665.7064873573092,665.6841159759034,0.022371381405792683,965.2744066680983,865.418433564502,,865.418433564502,,True,False,True,,,
SIM_DIR-1784848446,SIM_DIR,capstone_i,,53,53,226.0,0.0,0.0,1.0,665.7064873573092,665.6841159759034,0.022371381405792683,965.2744066680983,865.418433564502,,865.418433564502,1200.0,True,False,True,,,
SIM_DIR-1784848446,SIM_DIR,capstone_ii,,53,53,226.0,0.0,0.0,1.0,665.7064873573092,665.6841159759034,0.022371381405792683,719.9464873573093,699.6064873573092,,699.6064873573092,1200.0,True,False,True,,,
SIM_DIR-1784848446,SIM_DIR,capstone_iii_fit_1x,fit_1x,53,53,226.0,0.0,0.0,1.0,665.7064873573092,665.6841159759034,0.022371381405792683,,,699.0906931561044,699.0906931561044,1200.0,True,False,True,,,
SIM_DIR-1784848446,SIM_DIR,capstone_iii_fit_2x,fit_2x,53,53,226.0,0.0,0.0,1.0,665.7064873573092,665.6841159759034,0.022371381405792683,,,732.3748989548995,732.3748989548995,1200.0,True,False,True,,,
SIM_DIR-1784848446,SIM_DIR,capstone_iii_fit_activity,fit_activity,53,53,226.0,0.0,0.0,1.0,665.7064873573092,665.6841159759034,0.022371381405792683,,,725.7180577951406,725.7180577951406,1200.0,True,False,True,,,
SIM_DIR-1784848446,SIM_DIR,capstone_iii_fit_activity_pvt,fit_activity_pvt,53,53,226.0,0.0,0.0,1.0,665.7064873573092,665.6841159759034,0.022371381405792683,,,745.6885812744175,745.6885812744175,1200.0,True,False,True,,,
SIM_DIR-1784848446,SIM_DIR,capstone_iii_full,full,53,53,226.0,0.0,0.0,1.0,665.7064873573092,665.6841159759034,0.022371381405792683,,,765.6591047536947,765.6591047536947,1200.0,True,False,True,,,
SIM_DIR-1784848446,SIM_DIR,baseline,,54,54,227.0,0.0,0.0,1.0,669.3057721107598,669.283400729354,0.022371381405792683,970.4933695606016,870.0975037439878,,870.0975037439878,,True,False,True,,,
SIM_DIR-1784848446,SIM_DIR,capstone_i,,54,54,227.0,0.0,0.0,1.0,669.3057721107598,669.283400729354,0.022371381405792683,970.4933695606016,870.0975037439878,,870.0975037439878,1200.0,True,False,True,,,
SIM_DIR-1784848446,SIM_DIR,capstone_ii,,54,54,227.0,0.0,0.0,1.0,669.3057721107598,669.283400729354,0.022371381405792683,723.7857721107598,703.3557721107597,,703.3557721107597,1200.0,True,False,True,,,
SIM_DIR-1784848446,SIM_DIR,capstone_iii_fit_1x,fit_1x,54,54,227.0,0.0,0.0,1.0,669.3057721107598,669.283400729354,0.022371381405792683,,,702.8699421472274,702.8699421472274,1200.0,True,False,True,,,
SIM_DIR-1784848446,SIM_DIR,capstone_iii_fit_2x,fit_2x,54,54,227.0,0.0,0.0,1.0,669.3057721107598,669.283400729354,0.022371381405792683,,,736.3341121836952,736.3341121836952,1200.0,True,False,True,,,
SIM_DIR-1784848446,SIM_DIR,capstone_iii_fit_activity,fit_activity,54,54,227.0,0.0,0.0,1.0,669.3057721107598,669.283400729354,0.022371381405792683,,,729.6412781764017,729.6412781764017,1200.0,True,False,True,,,
SIM_DIR-1784848446,SIM_DIR,capstone_iii_fit_activity_pvt,fit_activity_pvt,54,54,227.0,0.0,0.0,1.0,669.3057721107598,669.283400729354,0.022371381405792683,,,749.7197801982823,749.7197801982823,1200.0,True,False,True,,,
SIM_DIR-1784848446,SIM_DIR,capstone_iii_full,full,54,54,227.0,0.0,0.0,1.0,669.3057721107598,669.283400729354,0.022371381405792683,,,769.7982822201628,769.7982822201628,1200.0,True,False,True,,,
SIM_DIR-1784848446,SIM_DIR,baseline,,55,55,227.0,0.0,0.0,1.0,669.9593177119159,669.9369463305101,0.022371381405792683,971.441010682278,870.9471130254907,,870.9471130254907,,True,False,True,,,
SIM_DIR-1784848446,SIM_DIR,capstone_i,,55,55,227.0,0.0,0.0,1.0,669.9593177119159,669.9369463305101,0.022371381405792683,971.441010682278,870.9471130254907,,870.9471130254907,1200.0,True,False,True,,,
SIM_DIR-1784848446,SIM_DIR,capstone_ii,,55,55,227.0,0.0,0.0,1.0,669.9593177119159,669.9369463305101,0.022371381405792683,724.4393177119159,704.0093177119159,,704.0093177119159,1200.0,True,False,True,,,
SIM_DIR-1784848446,SIM_DIR,capstone_iii_fit_1x,fit_1x,55,55,227.0,0.0,0.0,1.0,669.9593177119159,669.9369463305101,0.022371381405792683,,,703.5561650284413,703.5561650284413,1200.0,True,False,True,,,
SIM_DIR-1784848446,SIM_DIR,capstone_iii_fit_2x,fit_2x,55,55,227.0,0.0,0.0,1.0,669.9593177119159,669.9369463305101,0.022371381405792683,,,737.0530123449669,737.0530123449669,1200.0,True,False,True,,,
SIM_DIR-1784848446,SIM_DIR,capstone_iii_fit_activity,fit_activity,55,55,227.0,0.0,0.0,1.0,669.9593177119159,669.9369463305101,0.022371381405792683,,,730.3536428816618,730.3536428816618,1200.0,True,False,True,,,
SIM_DIR-1784848446,SIM_DIR,capstone_iii_fit_activity_pvt,fit_activity_pvt,55,55,227.0,0.0,0.0,1.0,669.9593177119159,669.9369463305101,0.022371381405792683,,,750.4517512715771,750.4517512715771,1200.0,True,False,True,,,
SIM_DIR-1784848446,SIM_DIR,capstone_iii_full,full,55,55,227.0,0.0,0.0,1.0,669.9593177119159,669.9369463305101,0.022371381405792683,,,770.5498596614924,770.5498596614924,1200.0,True,False,True,,,
SIM_DIR-1784848446,SIM_DIR,baseline,,56,56,233.0,0.0,0.0,1.0,688.3374829093964,688.3151115279906,0.022371381405792683,998.0893502186248,894.8387277822153,,894.8387277822153,,True,False,True,,,
SIM_DIR-1784848446,SIM_DIR,capstone_i,,56,56,233.0,0.0,0.0,1.0,688.3374829093964,688.3151115279906,0.022371381405792683,998.0893502186248,894.8387277822153,,894.8387277822153,1200.0,True,False,True,,,
SIM_DIR-1784848446,SIM_DIR,capstone_ii,,56,56,233.0,0.0,0.0,1.0,688.3374829093964,688.3151115279906,0.022371381405792683,744.2574829093963,723.2874829093964,,723.2874829093964,1200.0,True,False,True,,,
SIM_DIR-1784848446,SIM_DIR,capstone_iii_fit_1x,fit_1x,56,56,233.0,0.0,0.0,1.0,688.3374829093964,688.3151115279906,0.022371381405792683,,,722.8532384857959,722.8532384857959,1200.0,True,False,True,,,
SIM_DIR-1784848446,SIM_DIR,capstone_iii_fit_2x,fit_2x,56,56,233.0,0.0,0.0,1.0,688.3374829093964,688.3151115279906,0.022371381405792683,,,757.2689940621954,757.2689940621954,1200.0,True,False,True,,,
SIM_DIR-1784848446,SIM_DIR,capstone_iii_fit_activity,fit_activity,56,56,233.0,0.0,0.0,1.0,688.3374829093964,688.3151115279906,0.022371381405792683,,,750.3858429469155,750.3858429469155,1200.0,True,False,True,,,
SIM_DIR-1784848446,SIM_DIR,capstone_iii_fit_activity_pvt,fit_activity_pvt,56,56,233.0,0.0,0.0,1.0,688.3374829093964,688.3151115279906,0.022371381405792683,,,771.0352962927553,771.0352962927553,1200.0,True,False,True,,,
SIM_DIR-1784848446,SIM_DIR,capstone_iii_full,full,56,56,233.0,0.0,0.0,1.0,688.3374829093964,688.3151115279906,0.022371381405792683,,,791.6847496385949,791.6847496385949,1200.0,True,False,True,,,
SIM_DIR-1784848446,SIM_DIR,baseline,,57,57,233.0,0.0,0.0,1.0,689.007825578201,688.9854541967952,0.022371381405792683,999.0613470883915,895.7101732516614,,895.7101732516614,,True,False,True,,,
SIM_DIR-1784848446,SIM_DIR,capstone_i,,57,57,233.0,0.0,0.0,1.0,689.007825578201,688.9854541967952,0.022371381405792683,999.0613470883915,895.7101732516614,,895.7101732516614,1200.0,True,False,True,,,
SIM_DIR-1784848446,SIM_DIR,capstone_ii,,57,57,233.0,0.0,0.0,1.0,689.007825578201,688.9854541967952,0.022371381405792683,744.927825578201,723.9578255782011,,723.9578255782011,1200.0,True,False,True,,,
SIM_DIR-1784848446,SIM_DIR,capstone_iii_fit_1x,fit_1x,57,57,233.0,0.0,0.0,1.0,689.007825578201,688.9854541967952,0.022371381405792683,,,723.5570982880408,723.5570982880408,1200.0,True,False,True,,,
SIM_DIR-1784848446,SIM_DIR,capstone_iii_fit_2x,fit_2x,57,57,233.0,0.0,0.0,1.0,689.007825578201,688.9854541967952,0.022371381405792683,,,758.0063709978806,758.0063709978806,1200.0,True,False,True,,,
SIM_DIR-1784848446,SIM_DIR,capstone_iii_fit_activity,fit_activity,57,57,233.0,0.0,0.0,1.0,689.007825578201,688.9854541967952,0.022371381405792683,,,751.1165164559127,751.1165164559127,1200.0,True,False,True,,,
SIM_DIR-1784848446,SIM_DIR,capstone_iii_fit_activity_pvt,fit_activity_pvt,57,57,233.0,0.0,0.0,1.0,689.007825578201,688.9854541967952,0.022371381405792683,,,771.7860800818165,771.7860800818165,1200.0,True,False,True,,,
SIM_DIR-1784848446,SIM_DIR,capstone_iii_full,full,57,57,233.0,0.0,0.0,1.0,689.007825578201,688.9854541967952,0.022371381405792683,,,792.4556437077204,792.4556437077204,1200.0,True,False,True,,,
SIM_DIR-1784848446,SIM_DIR,baseline,,58,58,237.0,0.0,0.0,1.0,701.5175118023151,701.4951404209093,0.022371381405792683,1017.2003921133569,911.9727653430097,,911.9727653430097,,True,False,True,,,
SIM_DIR-1784848446,SIM_DIR,capstone_i,,58,58,237.0,0.0,0.0,1.0,701.5175118023151,701.4951404209093,0.022371381405792683,1017.2003921133569,911.9727653430097,,911.9727653430097,1200.0,True,False,True,,,
SIM_DIR-1784848446,SIM_DIR,capstone_ii,,58,58,237.0,0.0,0.0,1.0,701.5175118023151,701.4951404209093,0.022371381405792683,758.3975118023151,737.067511802315,,737.067511802315,1200.0,True,False,True,,,
SIM_DIR-1784848446,SIM_DIR,capstone_iii_fit_1x,fit_1x,58,58,237.0,0.0,0.0,1.0,701.5175118023151,701.4951404209093,0.022371381405792683,,,736.6922688233605,736.6922688233605,1200.0,True,False,True,,,
SIM_DIR-1784848446,SIM_DIR,capstone_iii_fit_2x,fit_2x,58,58,237.0,0.0,0.0,1.0,701.5175118023151,701.4951404209093,0.022371381405792683,,,771.7670258444059,771.7670258444059,1200.0,True,False,True,,,
SIM_DIR-1784848446,SIM_DIR,capstone_iii_fit_activity,fit_activity,58,58,237.0,0.0,0.0,1.0,701.5175118023151,701.4951404209093,0.022371381405792683,,,764.7520744401969,764.7520744401969,1200.0,True,False,True,,,
SIM_DIR-1784848446,SIM_DIR,capstone_iii_fit_activity_pvt,fit_activity_pvt,58,58,237.0,0.0,0.0,1.0,701.5175118023151,701.4951404209093,0.022371381405792683,,,785.7969286528242,785.7969286528242,1200.0,True,False,True,,,
SIM_DIR-1784848446,SIM_DIR,capstone_iii_full,full,58,58,237.0,0.0,0.0,1.0,701.5175118023151,701.4951404209093,0.022371381405792683,,,806.8417828654514,806.8417828654514,1200.0,True,False,True,,,
SIM_DIR-1784848446,SIM_DIR,baseline,,59,59,238.0,0.0,0.0,1.0,705.1616518892754,705.1392805078696,0.022371381405792683,1022.4843952394493,916.710147456058,,916.710147456058,,True,False,True,,,
SIM_DIR-1784848446,SIM_DIR,capstone_i,,59,59,238.0,0.0,0.0,1.0,705.1616518892754,705.1392805078696,0.022371381405792683,1022.4843952394493,916.710147456058,,916.710147456058,1200.0,True,False,True,,,
SIM_DIR-1784848446,SIM_DIR,capstone_ii,,59,59,238.0,0.0,0.0,1.0,705.1616518892754,705.1392805078696,0.022371381405792683,762.2816518892754,740.8616518892754,,740.8616518892754,1200.0,True,False,True,,,
SIM_DIR-1784848446,SIM_DIR,capstone_iii_fit_1x,fit_1x,59,59,238.0,0.0,0.0,1.0,705.1616518892754,705.1392805078696,0.022371381405792683,,,740.5186159146689,740.5186159146689,1200.0,True,False,True,,,
SIM_DIR-1784848446,SIM_DIR,capstone_iii_fit_2x,fit_2x,59,59,238.0,0.0,0.0,1.0,705.1616518892754,705.1392805078696,0.022371381405792683,,,775.7755799400624,775.7755799400624,1200.0,True,False,True,,,
SIM_DIR-1784848446,SIM_DIR,capstone_iii_fit_activity,fit_activity,59,59,238.0,0.0,0.0,1.0,705.1616518892754,705.1392805078696,0.022371381405792683,,,768.7241871349836,768.7241871349836,1200.0,True,False,True,,,
SIM_DIR-1784848446,SIM_DIR,capstone_iii_fit_activity_pvt,fit_activity_pvt,59,59,238.0,0.0,0.0,1.0,705.1616518892754,705.1392805078696,0.022371381405792683,,,789.8783655502198,789.8783655502198,1200.0,True,False,True,,,
SIM_DIR-1784848446,SIM_DIR,capstone_iii_full,full,59,59,238.0,0.0,0.0,1.0,705.1616518892754,705.1392805078696,0.022371381405792683,,,811.0325439654558,811.0325439654558,1200.0,True,False,True,,,
SIM_DIR-1784848446,SIM_DIR,baseline,,60,60,238.0,0.0,0.0,1.0,705.8456572830368,705.8232859016309,0.022371381405792683,1023.4762030604032,917.5993544679478,,917.5993544679478,,True,False,True,,,
SIM_DIR-1784848446,SIM_DIR,capstone_i,,60,60,238.0,0.0,0.0,1.0,705.8456572830368,705.8232859016309,0.022371381405792683,1023.4762030604032,917.5993544679478,,917.5993544679478,1200.0,True,False,True,,,
SIM_DIR-1784848446,SIM_DIR,capstone_ii,,60,60,238.0,0.0,0.0,1.0,705.8456572830368,705.8232859016309,0.022371381405792683,762.9656572830368,741.5456572830368,,741.5456572830368,1200.0,True,False,True,,,
SIM_DIR-1784848446,SIM_DIR,capstone_iii_fit_1x,fit_1x,60,60,238.0,0.0,0.0,1.0,705.8456572830368,705.8232859016309,0.022371381405792683,,,741.2368215781182,741.2368215781182,1200.0,True,False,True,,,
SIM_DIR-1784848446,SIM_DIR,capstone_iii_fit_2x,fit_2x,60,60,238.0,0.0,0.0,1.0,705.8456572830368,705.8232859016309,0.022371381405792683,,,776.5279858731998,776.5279858731998,1200.0,True,False,True,,,
SIM_DIR-1784848446,SIM_DIR,capstone_iii_fit_activity,fit_activity,60,60,238.0,0.0,0.0,1.0,705.8456572830368,705.8232859016309,0.022371381405792683,,,769.4697530141835,769.4697530141835,1200.0,True,False,True,,,
SIM_DIR-1784848446,SIM_DIR,capstone_iii_fit_activity_pvt,fit_activity_pvt,60,60,238.0,0.0,0.0,1.0,705.8456572830368,705.8232859016309,0.022371381405792683,,,790.6444515912324,790.6444515912324,1200.0,True,False,True,,,
SIM_DIR-1784848446,SIM_DIR,capstone_iii_full,full,60,60,238.0,0.0,0.0,1.0,705.8456572830368,705.8232859016309,0.022371381405792683,,,811.8191501682813,811.8191501682813,1200.0,True,False,True,,,
SIM_DIR-1784848446,SIM_DIR,baseline,,61,61,242.0,0.0,0.0,1.0,718.4034923820462,718.3811210006404,0.022371381405792683,1041.685063953967,933.9245400966602,,933.9245400966602,,True,False,True,,,
SIM_DIR-1784848446,SIM_DIR,capstone_i,,61,61,242.0,0.0,0.0,1.0,718.4034923820462,718.3811210006404,0.022371381405792683,1041.685063953967,933.9245400966602,,933.9245400966602,1200.0,True,False,True,,,
SIM_DIR-1784848446,SIM_DIR,capstone_ii,,61,61,242.0,0.0,0.0,1.0,718.4034923820462,718.3811210006404,0.022371381405792683,776.4834923820463,754.7034923820462,,754.7034923820462,1200.0,True,False,True,,,
SIM_DIR-1784848446,SIM_DIR,capstone_iii_fit_1x,fit_1x,61,61,242.0,0.0,0.0,1.0,718.4034923820462,718.3811210006404,0.022371381405792683,,,754.4225484320783,754.4225484320783,1200.0,True,False,True,,,
SIM_DIR-1784848446,SIM_DIR,capstone_iii_fit_2x,fit_2x,61,61,242.0,0.0,0.0,1.0,718.4034923820462,718.3811210006404,0.022371381405792683,,,790.3416044821103,790.3416044821103,1200.0,True,False,True,,,
SIM_DIR-1784848446,SIM_DIR,capstone_iii_fit_activity,fit_activity,61,61,242.0,0.0,0.0,1.0,718.4034923820462,718.3811210006404,0.022371381405792683,,,783.1577932721038,783.1577932721038,1200.0,True,False,True,,,
SIM_DIR-1784848446,SIM_DIR,capstone_iii_fit_activity_pvt,fit_activity_pvt,61,61,242.0,0.0,0.0,1.0,718.4034923820462,718.3811210006404,0.022371381405792683,,,804.7092269021232,804.7092269021232,1200.0,True,False,True,,,
SIM_DIR-1784848446,SIM_DIR,capstone_iii_full,full,61,61,242.0,0.0,0.0,1.0,718.4034923820462,718.3811210006404,0.022371381405792683,,,826.2606605321422,826.2606605321422,1200.0,True,False,True,,,
SIM_DIR-1784848446,SIM_DIR,baseline,,62,62,246.0,0.0,0.0,1.0,730.9840660291068,730.9616946477009,0.022371381405792683,1059.9268957422048,950.2792858378389,,950.2792858378389,,True,False,True,,,
SIM_DIR-1784848446,SIM_DIR,capstone_i,,62,62,246.0,0.0,0.0,1.0,730.9840660291068,730.9616946477009,0.022371381405792683,1059.9268957422048,950.2792858378389,,950.2792858378389,1200.0,True,False,True,,,
SIM_DIR-1784848446,SIM_DIR,capstone_ii,,62,62,246.0,0.0,0.0,1.0,730.9840660291068,730.9616946477009,0.022371381405792683,790.0240660291067,767.8840660291067,,767.8840660291067,1200.0,True,False,True,,,
SIM_DIR-1784848446,SIM_DIR,capstone_iii_fit_1x,fit_1x,62,62,246.0,0.0,0.0,1.0,730.9840660291068,730.9616946477009,0.022371381405792683,,,767.6321507614919,767.6321507614919,1200.0,True,False,True,,,
SIM_DIR-1784848446,SIM_DIR,capstone_iii_fit_2x,fit_2x,62,62,246.0,0.0,0.0,1.0,730.9840660291068,730.9616946477009,0.022371381405792683,,,804.1802354938769,804.1802354938769,1200.0,True,False,True,,,
SIM_DIR-1784848446,SIM_DIR,capstone_iii_fit_activity,fit_activity,62,62,246.0,0.0,0.0,1.0,730.9840660291068,730.9616946477009,0.022371381405792683,,,796.8706185473999,796.8706185473999,1200.0,True,False,True,,,
SIM_DIR-1784848446,SIM_DIR,capstone_iii_fit_activity_pvt,fit_activity_pvt,62,62,246.0,0.0,0.0,1.0,730.9840660291068,730.9616946477009,0.022371381405792683,,,818.7994693868309,818.7994693868309,1200.0,True,False,True,,,
SIM_DIR-1784848446,SIM_DIR,capstone_iii_full,full,62,62,246.0,0.0,0.0,1.0,730.9840660291068,730.9616946477009,0.022371381405792683,,,840.7283202262619,840.7283202262619,1200.0,True,False,True,,,
SIM_DIR-1784848446,SIM_DIR,baseline,,63,63,246.0,0.0,0.0,1.0,731.690327545763,731.6679561643572,0.022371381405792683,1060.9509749413564,951.197425809492,,951.197425809492,,True,False,True,,,
SIM_DIR-1784848446,SIM_DIR,capstone_i,,63,63,246.0,0.0,0.0,1.0,731.690327545763,731.6679561643572,0.022371381405792683,1060.9509749413564,951.197425809492,,951.197425809492,1200.0,True,False,True,,,
SIM_DIR-1784848446,SIM_DIR,capstone_ii,,63,63,246.0,0.0,0.0,1.0,731.690327545763,731.6679561643572,0.022371381405792683,790.730327545763,768.590327545763,,768.590327545763,1200.0,True,False,True,,,
SIM_DIR-1784848446,SIM_DIR,capstone_iii_fit_1x,fit_1x,63,63,246.0,0.0,0.0,1.0,731.690327545763,731.6679561643572,0.022371381405792683,,,768.3737253539808,768.3737253539808,1200.0,True,False,True,,,
SIM_DIR-1784848446,SIM_DIR,capstone_iii_fit_2x,fit_2x,63,63,246.0,0.0,0.0,1.0,731.690327545763,731.6679561643572,0.022371381405792683,,,804.9571231621987,804.9571231621987,1200.0,True,False,True,,,
SIM_DIR-1784848446,SIM_DIR,capstone_iii_fit_activity,fit_activity,63,63,246.0,0.0,0.0,1.0,731.690327545763,731.6679561643572,0.022371381405792683,,,797.6404436005552,797.6404436005552,1200.0,True,False,True,,,
SIM_DIR-1784848446,SIM_DIR,capstone_iii_fit_activity_pvt,fit_activity_pvt,63,63,246.0,0.0,0.0,1.0,731.690327545763,731.6679561643572,0.022371381405792683,,,819.5904822854859,819.5904822854859,1200.0,True,False,True,,,
SIM_DIR-1784848446,SIM_DIR,capstone_iii_full,full,63,63,246.0,0.0,0.0,1.0,731.690327545763,731.6679561643572,0.022371381405792683,,,841.5405209704167,841.5405209704167,1200.0,True,False,True,,,
SIM_DIR-1784848446,SIM_DIR,baseline,,64,64,246.0,0.0,0.0,1.0,732.3963462424142,732.3739748610084,0.022371381405792683,1061.9747020515006,952.1152501151385,,952.1152501151385,,True,False,True,,,
SIM_DIR-1784848446,SIM_DIR,capstone_i,,64,64,246.0,0.0,0.0,1.0,732.3963462424142,732.3739748610084,0.022371381405792683,1061.9747020515006,952.1152501151385,,952.1152501151385,1200.0,True,False,True,,,
SIM_DIR-1784848446,SIM_DIR,capstone_ii,,64,64,246.0,0.0,0.0,1.0,732.3963462424142,732.3739748610084,0.022371381405792683,791.4363462424142,769.2963462424142,,769.2963462424142,1200.0,True,False,True,,,
SIM_DIR-1784848446,SIM_DIR,capstone_iii_fit_1x,fit_1x,64,64,246.0,0.0,0.0,1.0,732.3963462424142,732.3739748610084,0.022371381405792683,,,769.1150449854646,769.1150449854646,1200.0,True,False,True,,,
SIM_DIR-1784848446,SIM_DIR,capstone_iii_fit_2x,fit_2x,64,64,246.0,0.0,0.0,1.0,732.3963462424142,732.3739748610084,0.022371381405792683,,,805.7337437285149,805.7337437285149,1200.0,True,False,True,,,
SIM_DIR-1784848446,SIM_DIR,capstone_iii_fit_activity,fit_activity,64,64,246.0,0.0,0.0,1.0,732.3963462424142,732.3739748610084,0.022371381405792683,,,798.410003979905,798.410003979905,1200.0,True,False,True,,,
SIM_DIR-1784848446,SIM_DIR,capstone_iii_fit_activity_pvt,fit_activity_pvt,64,64,246.0,0.0,0.0,1.0,732.3963462424142,732.3739748610084,0.022371381405792683,,,820.3812232257352,820.3812232257352,1200.0,True,False,True,,,
SIM_DIR-1784848446,SIM_DIR,capstone_iii_full,full,64,64,246.0,0.0,0.0,1.0,732.3963462424142,732.3739748610084,0.022371381405792683,,,842.3524424715655,842.3524424715655,1200.0,True,False,True,,,
SIM_DIR-1784848446,SIM_DIR,baseline,,65,65,247.0,0.0,0.0,1.0,736.0821222986445,736.0597509172387,0.022371381405792683,1067.3190773330346,956.9067589882379,,956.9067589882379,,True,False,True,,,
SIM_DIR-1784848446,SIM_DIR,capstone_i,,65,65,247.0,0.0,0.0,1.0,736.0821222986445,736.0597509172387,0.022371381405792683,1067.3190773330346,956.9067589882379,,956.9067589882379,1200.0,True,False,True,,,
SIM_DIR-1784848446,SIM_DIR,capstone_ii,,65,65,247.0,0.0,0.0,1.0,736.0821222986445,736.0597509172387,0.022371381405792683,795.3621222986445,773.1321222986445,,773.1321222986445,1200.0,True,False,True,,,
SIM_DIR-1784848446,SIM_DIR,capstone_iii_fit_1x,fit_1x,65,65,247.0,0.0,0.0,1.0,736.0821222986445,736.0597509172387,0.022371381405792683,,,772.9851098445065,772.9851098445065,1200.0,True,False,True,,,
SIM_DIR-1784848446,SIM_DIR,capstone_iii_fit_2x,fit_2x,65,65,247.0,0.0,0.0,1.0,736.0821222986445,736.0597509172387,0.022371381405792683,,,809.7880973903684,809.7880973903684,1200.0,True,False,True,,,
SIM_DIR-1784848446,SIM_DIR,capstone_iii_fit_activity,fit_activity,65,65,247.0,0.0,0.0,1.0,736.0821222986445,736.0597509172387,0.022371381405792683,,,802.427499881196,802.427499881196,1200.0,True,False,True,,,
SIM_DIR-1784848446,SIM_DIR,capstone_iii_fit_activity_pvt,fit_activity_pvt,65,65,247.0,0.0,0.0,1.0,736.0821222986445,736.0597509172387,0.022371381405792683,,,824.5092924087133,824.5092924087133,1200.0,True,False,True,,,
SIM_DIR-1784848446,SIM_DIR,capstone_iii_full,full,65,65,247.0,0.0,0.0,1.0,736.0821222986445,736.0597509172387,0.022371381405792683,,,846.5910849362303,846.5910849362303,1200.0,True,False,True,,,
SIM_DIR-1784848446,SIM_DIR,baseline,,66,66,251.0,0.0,0.0,1.0,748.7219950540725,748.6996236726667,0.022371381405792683,1085.646892828405,973.3385935702943,,973.3385935702943,,True,False,True,,,
SIM_DIR-1784848446,SIM_DIR,capstone_i,,66,66,251.0,0.0,0.0,1.0,748.7219950540725,748.6996236726667,0.022371381405792683,1085.646892828405,973.3385935702943,,973.3385935702943,1200.0,True,False,True,,,
SIM_DIR-1784848446,SIM_DIR,capstone_ii,,66,66,251.0,0.0,0.0,1.0,748.7219950540725,748.6996236726667,0.022371381405792683,808.9619950540725,786.3719950540725,,786.3719950540725,1200.0,True,False,True,,,
SIM_DIR-1784848446,SIM_DIR,capstone_iii_fit_1x,fit_1x,66,66,251.0,0.0,0.0,1.0,748.7219950540725,748.6996236726667,0.022371381405792683,,,786.2569762377059,786.2569762377059,1200.0,True,False,True,,,
SIM_DIR-1784848446,SIM_DIR,capstone_iii_fit_2x,fit_2x,66,66,251.0,0.0,0.0,1.0,748.7219950540725,748.6996236726667,0.022371381405792683,,,823.6919574213391,823.6919574213391,1200.0,True,False,True,,,
SIM_DIR-1784848446,SIM_DIR,capstone_iii_fit_activity,fit_activity,66,66,251.0,0.0,0.0,1.0,748.7219950540725,748.6996236726667,0.022371381405792683,,,816.2049611846126,816.2049611846126,1200.0,True,False,True,,,
SIM_DIR-1784848446,SIM_DIR,capstone_iii_fit_activity_pvt,fit_activity_pvt,66,66,251.0,0.0,0.0,1.0,748.7219950540725,748.6996236726667,0.022371381405792683,,,838.6659498947926,838.6659498947926,1200.0,True,False,True,,,
SIM_DIR-1784848446,SIM_DIR,capstone_iii_full,full,66,66,251.0,0.0,0.0,1.0,748.7219950540725,748.6996236726667,0.022371381405792683,,,861.1269386049726,861.1269386049726,1200.0,True,False,True,,,
SIM_DIR-1784848446,SIM_DIR,baseline,,67,67,255.0,0.0,0.0,1.0,761.3845640598801,761.3621926784742,0.022371381405792683,1104.007617886826,989.7999332778442,,989.7999332778442,,True,False,True,,,
SIM_DIR-1784848446,SIM_DIR,capstone_i,,67,67,255.0,0.0,0.0,1.0,761.3845640598801,761.3621926784742,0.022371381405792683,1104.007617886826,989.7999332778442,,989.7999332778442,1200.0,True,False,True,,,
SIM_DIR-1784848446,SIM_DIR,capstone_ii,,67,67,255.0,0.0,0.0,1.0,761.3845640598801,761.3621926784742,0.022371381405792683,822.5845640598801,799.6345640598801,,799.6345640598801,1200.0,True,False,True,,,
SIM_DIR-1784848446,SIM_DIR,capstone_iii_fit_1x,fit_1x,67,67,255.0,0.0,0.0,1.0,761.3845640598801,761.3621926784742,0.022371381405792683,,,799.5526736938037,799.5526736938037,1200.0,True,False,True,,,
SIM_DIR-1784848446,SIM_DIR,capstone_iii_fit_2x,fit_2x,67,67,255.0,0.0,0.0,1.0,761.3845640598801,761.3621926784742,0.022371381405792683,,,837.6207833277274,837.6207833277274,1200.0,True,False,True,,,
SIM_DIR-1784848446,SIM_DIR,capstone_iii_fit_activity,fit_activity,67,67,255.0,0.0,0.0,1.0,761.3845640598801,761.3621926784742,0.022371381405792683,,,830.0071614009427,830.0071614009427,1200.0,True,False,True,,,
SIM_DIR-1784848446,SIM_DIR,capstone_iii_fit_activity_pvt,fit_activity_pvt,67,67,255.0,0.0,0.0,1.0,761.3845640598801,761.3621926784742,0.022371381405792683,,,852.8480271812969,852.8480271812969,1200.0,True,False,True,,,
SIM_DIR-1784848446,SIM_DIR,capstone_iii_full,full,67,67,255.0,0.0,0.0,1.0,761.3845640598801,761.3621926784742,0.022371381405792683,,,875.688892961651,875.688892961651,1200.0,True,False,True,,,
SIM_DIR-1784848446,SIM_DIR,baseline,,68,68,256.0,0.0,0.0,1.0,765.1040183240136,765.0816469426078,0.022371381405792683,1109.4008265698196,994.6352238212178,,994.6352238212178,,True,False,True,,,
SIM_DIR-1784848446,SIM_DIR,capstone_i,,68,68,256.0,0.0,0.0,1.0,765.1040183240136,765.0816469426078,0.022371381405792683,1109.4008265698196,994.6352238212178,,994.6352238212178,1200.0,True,False,True,,,
SIM_DIR-1784848446,SIM_DIR,capstone_ii,,68,68,256.0,0.0,0.0,1.0,765.1040183240136,765.0816469426078,0.022371381405792683,826.5440183240137,803.5040183240136,,803.5040183240136,1200.0,True,False,True,,,
SIM_DIR-1784848446,SIM_DIR,capstone_iii_fit_1x,fit_1x,68,68,256.0,0.0,0.0,1.0,765.1040183240136,765.0816469426078,0.022371381405792683,,,803.4581006711439,803.4581006711439,1200.0,True,False,True,,,
SIM_DIR-1784848446,SIM_DIR,capstone_iii_fit_2x,fit_2x,68,68,256.0,0.0,0.0,1.0,765.1040183240136,765.0816469426078,0.022371381405792683,,,841.7121830182745,841.7121830182745,1200.0,True,False,True,,,
SIM_DIR-1784848446,SIM_DIR,capstone_iii_fit_activity,fit_activity,68,68,256.0,0.0,0.0,1.0,765.1040183240136,765.0816469426078,0.022371381405792683,,,834.0613665488484,834.0613665488484,1200.0,True,False,True,,,
SIM_DIR-1784848446,SIM_DIR,capstone_iii_fit_activity_pvt,fit_activity_pvt,68,68,256.0,0.0,0.0,1.0,765.1040183240136,765.0816469426078,0.022371381405792683,,,857.0138159571266,857.0138159571266,1200.0,True,False,True,,,
SIM_DIR-1784848446,SIM_DIR,capstone_iii_full,full,68,68,256.0,0.0,0.0,1.0,765.1040183240136,765.0816469426078,0.022371381405792683,,,879.9662653654049,879.9662653654049,1200.0,True,False,True,,,
SIM_DIR-1784848446,SIM_DIR,baseline,,69,69,257.0,0.0,0.0,1.0,768.8289572362575,768.8065858548516,0.022371381405792683,1114.8019879925732,999.4776444071347,,999.4776444071347,,True,False,True,,,
SIM_DIR-1784848446,SIM_DIR,capstone_i,,69,69,257.0,0.0,0.0,1.0,768.8289572362575,768.8065858548516,0.022371381405792683,1114.8019879925732,999.4776444071347,,999.4776444071347,1200.0,True,False,True,,,
SIM_DIR-1784848446,SIM_DIR,capstone_ii,,69,69,257.0,0.0,0.0,1.0,768.8289572362575,768.8065858548516,0.022371381405792683,830.5089572362574,807.3789572362574,,807.3789572362574,1200.0,True,False,True,,,
SIM_DIR-1784848446,SIM_DIR,capstone_iii_fit_1x,fit_1x,69,69,257.0,0.0,0.0,1.0,768.8289572362575,768.8065858548516,0.022371381405792683,,,807.369286529,807.369286529,1200.0,True,False,True,,,
SIM_DIR-1784848446,SIM_DIR,capstone_iii_fit_2x,fit_2x,69,69,257.0,0.0,0.0,1.0,768.8289572362575,768.8065858548516,0.022371381405792683,,,845.8096158217427,845.8096158217427,1200.0,True,False,True,,,
SIM_DIR-1784848446,SIM_DIR,capstone_iii_fit_activity,fit_activity,69,69,257.0,0.0,0.0,1.0,768.8289572362575,768.8065858548516,0.022371381405792683,,,838.1215499631942,838.1215499631942,1200.0,True,False,True,,,
SIM_DIR-1784848446,SIM_DIR,capstone_iii_fit_activity_pvt,fit_activity_pvt,69,69,257.0,0.0,0.0,1.0,768.8289572362575,768.8065858548516,0.022371381405792683,,,861.1857475388396,861.1857475388396,1200.0,True,False,True,,,
SIM_DIR-1784848446,SIM_DIR,capstone_iii_full,full,69,69,257.0,0.0,0.0,1.0,768.8289572362575,768.8065858548516,0.022371381405792683,,,884.2499451144852,884.2499451144852,1200.0,True,False,True,,,
SIM_DIR-1784848446,SIM_DIR,baseline,,70,70,257.0,0.0,0.0,1.0,769.5650496314356,769.5426782500298,0.022371381405792683,1115.8693219655815,1000.4345645208664,,1000.4345645208664,,True,False,True,,,
SIM_DIR-1784848446,SIM_DIR,capstone_i,,70,70,257.0,0.0,0.0,1.0,769.5650496314356,769.5426782500298,0.022371381405792683,1115.8693219655815,1000.4345645208664,,1000.4345645208664,1200.0,True,False,True,,,
SIM_DIR-1784848446,SIM_DIR,capstone_ii,,70,70,257.0,0.0,0.0,1.0,769.5650496314356,769.5426782500298,0.022371381405792683,831.2450496314356,808.1150496314356,,808.1150496314356,1200.0,True,False,True,,,
SIM_DIR-1784848446,SIM_DIR,capstone_iii_fit_1x,fit_1x,70,70,257.0,0.0,0.0,1.0,769.5650496314356,769.5426782500298,0.022371381405792683,,,808.1421835439371,808.1421835439371,1200.0,True,False,True,,,
SIM_DIR-1784848446,SIM_DIR,capstone_iii_fit_2x,fit_2x,70,70,257.0,0.0,0.0,1.0,769.5650496314356,769.5426782500298,0.022371381405792683,,,846.6193174564387,846.6193174564387,1200.0,True,False,True,,,
SIM_DIR-1784848446,SIM_DIR,capstone_iii_fit_activity,fit_activity,70,70,257.0,0.0,0.0,1.0,769.5650496314356,769.5426782500298,0.022371381405792683,,,838.9238906739382,838.9238906739382,1200.0,True,False,True,,,
SIM_DIR-1784848446,SIM_DIR,capstone_iii_fit_activity_pvt,fit_activity_pvt,70,70,257.0,0.0,0.0,1.0,769.5650496314356,769.5426782500298,0.022371381405792683,,,862.0101710214393,862.0101710214393,1200.0,True,False,True,,,
SIM_DIR-1784848446,SIM_DIR,capstone_iii_full,full,70,70,257.0,0.0,0.0,1.0,769.5650496314356,769.5426782500298,0.022371381405792683,,,885.0964513689402,885.0964513689402,1200.0,True,False,True,,,
SIM_DIR-1784848446,SIM_DIR,baseline,,71,71,262.0,0.0,0.0,1.0,785.2868604246728,785.264489043267,0.022371381405792683,1138.6659476157756,1020.8729185520747,,1020.8729185520747,,True,False,True,,,
SIM_DIR-1784848446,SIM_DIR,capstone_i,,71,71,262.0,0.0,0.0,1.0,785.2868604246728,785.264489043267,0.022371381405792683,1138.6659476157756,1020.8729185520747,,1020.8729185520747,1200.0,True,False,True,,,
SIM_DIR-1784848446,SIM_DIR,capstone_ii,,71,71,262.0,0.0,0.0,1.0,785.2868604246728,785.264489043267,0.022371381405792683,848.1668604246728,824.5868604246728,,824.5868604246728,1200.0,True,False,True,,,
SIM_DIR-1784848446,SIM_DIR,capstone_iii_fit_1x,fit_1x,71,71,262.0,0.0,0.0,1.0,785.2868604246728,785.264489043267,0.022371381405792683,,,824.6500848768361,824.6500848768361,1200.0,True,False,True,,,
SIM_DIR-1784848446,SIM_DIR,capstone_iii_fit_2x,fit_2x,71,71,262.0,0.0,0.0,1.0,785.2868604246728,785.264489043267,0.022371381405792683,,,863.9133093289996,863.9133093289996,1200.0,True,False,True,,,
SIM_DIR-1784848446,SIM_DIR,capstone_iii_fit_activity,fit_activity,71,71,262.0,0.0,0.0,1.0,785.2868604246728,785.264489043267,0.022371381405792683,,,856.0606644385667,856.0606644385667,1200.0,True,False,True,,,
SIM_DIR-1784848446,SIM_DIR,capstone_iii_fit_activity_pvt,fit_activity_pvt,71,71,262.0,0.0,0.0,1.0,785.2868604246728,785.264489043267,0.022371381405792683,,,879.6185991098648,879.6185991098648,1200.0,True,False,True,,,
SIM_DIR-1784848446,SIM_DIR,capstone_iii_full,full,71,71,262.0,0.0,0.0,1.0,785.2868604246728,785.264489043267,0.022371381405792683,,,903.1765337811629,903.1765337811629,1200.0,True,False,True,,,
SIM_DIR-1784848446,SIM_DIR,baseline,,72,72,266.0,0.0,0.0,1.0,798.0369949997418,798.0146236183359,0.022371381405792683,1157.1536427496255,1037.4480934996643,,1037.4480934996643,,True,False,True,,,
SIM_DIR-1784848446,SIM_DIR,capstone_i,,72,72,266.0,0.0,0.0,1.0,798.0369949997418,798.0146236183359,0.022371381405792683,1157.1536427496255,1037.4480934996643,,1037.4480934996643,1200.0,True,False,True,,,
SIM_DIR-1784848446,SIM_DIR,capstone_ii,,72,72,266.0,0.0,0.0,1.0,798.0369949997418,798.0146236183359,0.022371381405792683,861.8769949997418,837.9369949997417,,837.9369949997417,1200.0,True,False,True,,,
SIM_DIR-1784848446,SIM_DIR,capstone_iii_fit_1x,fit_1x,72,72,266.0,0.0,0.0,1.0,798.0369949997418,798.0146236183359,0.022371381405792683,,,838.0377261806585,838.0377261806585,1200.0,True,False,True,,,
SIM_DIR-1784848446,SIM_DIR,capstone_iii_fit_2x,fit_2x,72,72,266.0,0.0,0.0,1.0,798.0369949997418,798.0146236183359,0.022371381405792683,,,877.9384573615755,877.9384573615755,1200.0,True,False,True,,,
SIM_DIR-1784848446,SIM_DIR,capstone_iii_fit_activity,fit_activity,72,72,266.0,0.0,0.0,1.0,798.0369949997418,798.0146236183359,0.022371381405792683,,,869.958311125392,869.958311125392,1200.0,True,False,True,,,
SIM_DIR-1784848446,SIM_DIR,capstone_iii_fit_activity_pvt,fit_activity_pvt,72,72,266.0,0.0,0.0,1.0,798.0369949997418,798.0146236183359,0.022371381405792683,,,893.8987498339421,893.8987498339421,1200.0,True,False,True,,,
SIM_DIR-1784848446,SIM_DIR,capstone_iii_full,full,72,72,266.0,0.0,0.0,1.0,798.0369949997418,798.0146236183359,0.022371381405792683,,,917.8391885424923,917.8391885424923,1200.0,True,False,True,,,
SIM_DIR-1784848446,SIM_DIR,baseline,,73,73,268.0,0.0,0.0,1.0,804.8039400987121,804.7815687173063,0.022371381405792683,1166.9657131431325,1046.2451221283259,,1046.2451221283259,,True,False,True,,,
SIM_DIR-1784848446,SIM_DIR,capstone_i,,73,73,268.0,0.0,0.0,1.0,804.8039400987121,804.7815687173063,0.022371381405792683,1166.9657131431325,1046.2451221283259,,1046.2451221283259,1200.0,True,False,True,,,
SIM_DIR-1784848446,SIM_DIR,capstone_ii,,73,73,268.0,0.0,0.0,1.0,804.8039400987121,804.7815687173063,0.022371381405792683,869.1239400987122,845.0039400987122,,845.0039400987122,1200.0,True,False,True,,,
SIM_DIR-1784848446,SIM_DIR,capstone_iii_fit_1x,fit_1x,73,73,268.0,0.0,0.0,1.0,804.8039400987121,804.7815687173063,0.022371381405792683,,,845.1430185345774,845.1430185345774,1200.0,True,False,True,,,
SIM_DIR-1784848446,SIM_DIR,capstone_iii_fit_2x,fit_2x,73,73,268.0,0.0,0.0,1.0,804.8039400987121,804.7815687173063,0.022371381405792683,,,885.3820969704428,885.3820969704428,1200.0,True,False,True,,,
SIM_DIR-1784848446,SIM_DIR,capstone_iii_fit_activity,fit_activity,73,73,268.0,0.0,0.0,1.0,804.8039400987121,804.7815687173063,0.022371381405792683,,,877.3342812832698,877.3342812832698,1200.0,True,False,True,,,
SIM_DIR-1784848446,SIM_DIR,capstone_iii_fit_activity_pvt,fit_activity_pvt,73,73,268.0,0.0,0.0,1.0,804.8039400987121,804.7815687173063,0.022371381405792683,,,901.4777283447889,901.4777283447889,1200.0,True,False,True,,,
SIM_DIR-1784848446,SIM_DIR,capstone_iii_full,full,73,73,268.0,0.0,0.0,1.0,804.8039400987121,804.7815687173063,0.022371381405792683,,,925.6211754063081,925.6211754063081,1200.0,True,False,True,,,
SIM_DIR-1784848446,SIM_DIR,baseline,,74,74,268.0,0.0,0.0,1.0,805.5705233343737,805.5481519529678,0.022371381405792683,1168.0772588348418,1047.2416803346857,,1047.2416803346857,,True,False,True,,,
SIM_DIR-1784848446,SIM_DIR,capstone_i,,74,74,268.0,0.0,0.0,1.0,805.5705233343737,805.5481519529678,0.022371381405792683,1168.0772588348418,1047.2416803346857,,1047.2416803346857,1200.0,True,False,True,,,
SIM_DIR-1784848446,SIM_DIR,capstone_ii,,74,74,268.0,0.0,0.0,1.0,805.5705233343737,805.5481519529678,0.022371381405792683,869.8905233343737,845.7705233343737,,845.7705233343737,1200.0,True,False,True,,,
SIM_DIR-1784848446,SIM_DIR,capstone_iii_fit_1x,fit_1x,74,74,268.0,0.0,0.0,1.0,805.5705233343737,805.5481519529678,0.022371381405792683,,,845.947930932022,845.947930932022,1200.0,True,False,True,,,
SIM_DIR-1784848446,SIM_DIR,capstone_iii_fit_2x,fit_2x,74,74,268.0,0.0,0.0,1.0,805.5705233343737,805.5481519529678,0.022371381405792683,,,886.2253385296705,886.2253385296705,1200.0,True,False,True,,,
SIM_DIR-1784848446,SIM_DIR,capstone_iii_fit_activity,fit_activity,74,74,268.0,0.0,0.0,1.0,805.5705233343737,805.5481519529678,0.022371381405792683,,,878.1698570101407,878.1698570101407,1200.0,True,False,True,,,
SIM_DIR-1784848446,SIM_DIR,capstone_iii_fit_activity_pvt,fit_activity_pvt,74,74,268.0,0.0,0.0,1.0,805.5705233343737,805.5481519529678,0.022371381405792683,,,902.3363015687297,902.3363015687297,1200.0,True,False,True,,,
SIM_DIR-1784848446,SIM_DIR,capstone_iii_full,full,74,74,268.0,0.0,0.0,1.0,805.5705233343737,805.5481519529678,0.022371381405792683,,,926.5027461273188,926.5027461273188,1200.0,True,False,True,,,
SIM_DIR-1784848446,SIM_DIR,baseline,,75,75,273.0,0.0,0.0,1.0,821.3800365642029,821.3576651827971,0.022371381405792683,1191.0010530180941,1067.7940475334638,,1067.7940475334638,,True,False,True,,,
SIM_DIR-1784848446,SIM_DIR,capstone_i,,75,75,273.0,0.0,0.0,1.0,821.3800365642029,821.3576651827971,0.022371381405792683,1191.0010530180941,1067.7940475334638,,1067.7940475334638,1200.0,True,False,True,,,
SIM_DIR-1784848446,SIM_DIR,capstone_ii,,75,75,273.0,0.0,0.0,1.0,821.3800365642029,821.3576651827971,0.022371381405792683,886.9000365642029,862.3300365642029,,862.3300365642029,1200.0,True,False,True,,,
SIM_DIR-1784848446,SIM_DIR,capstone_iii_fit_1x,fit_1x,75,75,273.0,0.0,0.0,1.0,821.3800365642029,821.3576651827971,0.022371381405792683,,,862.5479198233427,862.5479198233427,1200.0,True,False,True,,,
SIM_DIR-1784848446,SIM_DIR,capstone_iii_fit_2x,fit_2x,75,75,273.0,0.0,0.0,1.0,821.3800365642029,821.3576651827971,0.022371381405792683,,,903.6158030824827,903.6158030824827,1200.0,True,False,True,,,
SIM_DIR-1784848446,SIM_DIR,capstone_iii_fit_activity,fit_activity,75,75,273.0,0.0,0.0,1.0,821.3800365642029,821.3576651827971,0.022371381405792683,,,895.4022264306547,895.4022264306547,1200.0,True,False,True,,,
SIM_DIR-1784848446,SIM_DIR,capstone_iii_fit_activity_pvt,fit_activity_pvt,75,75,273.0,0.0,0.0,1.0,821.3800365642029,821.3576651827971,0.022371381405792683,,,920.0429563861386,920.0429563861386,1200.0,True,False,True,,,
SIM_DIR-1784848446,SIM_DIR,capstone_iii_full,full,75,75,273.0,0.0,0.0,1.0,821.3800365642029,821.3576651827971,0.022371381405792683,,,944.6836863416224,944.6836863416224,1200.0,True,False,True,,,
SIM_DIR-1784848446,SIM_DIR,baseline,,76,76,273.0,0.0,0.0,1.0,822.1604122387115,822.1380408573057,0.022371381405792683,1192.1325977461318,1068.808535910325,,1068.808535910325,,True,False,True,,,
SIM_DIR-1784848446,SIM_DIR,capstone_i,,76,76,273.0,0.0,0.0,1.0,822.1604122387115,822.1380408573057,0.022371381405792683,1192.1325977461318,1068.808535910325,,1068.808535910325,1200.0,True,False,True,,,
SIM_DIR-1784848446,SIM_DIR,capstone_ii,,76,76,273.0,0.0,0.0,1.0,822.1604122387115,822.1380408573057,0.022371381405792683,887.6804122387115,863.1104122387115,,863.1104122387115,1200.0,True,False,True,,,
SIM_DIR-1784848446,SIM_DIR,capstone_iii_fit_1x,fit_1x,76,76,273.0,0.0,0.0,1.0,822.1604122387115,822.1380408573057,0.022371381405792683,,,863.3673142815767,863.3673142815767,1200.0,True,False,True,,,
SIM_DIR-1784848446,SIM_DIR,capstone_iii_fit_2x,fit_2x,76,76,273.0,0.0,0.0,1.0,822.1604122387115,822.1380408573057,0.022371381405792683,,,904.4742163244421,904.4742163244421,1200.0,True,False,True,,,
SIM_DIR-1784848446,SIM_DIR,capstone_iii_fit_activity,fit_activity,76,76,273.0,0.0,0.0,1.0,822.1604122387115,822.1380408573057,0.022371381405792683,,,896.2528359158689,896.2528359158689,1200.0,True,False,True,,,
SIM_DIR-1784848446,SIM_DIR,capstone_iii_fit_activity_pvt,fit_activity_pvt,76,76,273.0,0.0,0.0,1.0,822.1604122387115,822.1380408573057,0.022371381405792683,,,920.9169771415882,920.9169771415882,1200.0,True,False,True,,,
SIM_DIR-1784848446,SIM_DIR,capstone_iii_full,full,76,76,273.0,0.0,0.0,1.0,822.1604122387115,822.1380408573057,0.022371381405792683,,,945.5811183673073,945.5811183673073,1200.0,True,False,True,,,
SIM_DIR-1784848446,SIM_DIR,baseline,,77,77,279.0,0.0,0.0,1.0,841.0266485101806,841.0042771287748,0.022371381405792683,1219.4886403397618,1093.3346430632348,,1093.3346430632348,,True,False,True,,,
SIM_DIR-1784848446,SIM_DIR,capstone_i,,77,77,279.0,0.0,0.0,1.0,841.0266485101806,841.0042771287748,0.022371381405792683,1219.4886403397618,1093.3346430632348,,1093.3346430632348,1200.0,True,False,True,,,
SIM_DIR-1784848446,SIM_DIR,capstone_ii,,77,77,279.0,0.0,0.0,1.0,841.0266485101806,841.0042771287748,0.022371381405792683,907.9866485101807,882.8766485101806,,882.8766485101806,1200.0,True,False,True,,,
SIM_DIR-1784848446,SIM_DIR,capstone_iii_fit_1x,fit_1x,77,77,279.0,0.0,0.0,1.0,841.0266485101806,841.0042771287748,0.022371381405792683,,,883.1768623666193,883.1768623666193,1200.0,True,False,True,,,
SIM_DIR-1784848446,SIM_DIR,capstone_iii_fit_2x,fit_2x,77,77,279.0,0.0,0.0,1.0,841.0266485101806,841.0042771287748,0.022371381405792683,,,925.2270762230581,925.2270762230581,1200.0,True,False,True,,,
SIM_DIR-1784848446,SIM_DIR,capstone_iii_fit_activity,fit_activity,77,77,279.0,0.0,0.0,1.0,841.0266485101806,841.0042771287748,0.022371381405792683,,,916.8170334517703,916.8170334517703,1200.0,True,False,True,,,
SIM_DIR-1784848446,SIM_DIR,capstone_iii_fit_activity_pvt,fit_activity_pvt,77,77,279.0,0.0,0.0,1.0,841.0266485101806,841.0042771287748,0.022371381405792683,,,942.0471617656334,942.0471617656334,1200.0,True,False,True,,,
SIM_DIR-1784848446,SIM_DIR,capstone_iii_full,full,77,77,279.0,0.0,0.0,1.0,841.0266485101806,841.0042771287748,0.022371381405792683,,,967.2772900794968,967.2772900794968,1200.0,True,False,True,,,
SIM_DIR-1784848446,SIM_DIR,baseline,,78,78,281.0,0.0,0.0,1.0,847.8580774940392,847.8357061126334,0.022371381405792683,1229.394212366357,1102.215500742251,,1102.215500742251,,True,False,True,,,
SIM_DIR-1784848446,SIM_DIR,capstone_i,,78,78,281.0,0.0,0.0,1.0,847.8580774940392,847.8357061126334,0.022371381405792683,1229.394212366357,1102.215500742251,,1102.215500742251,1200.0,True,False,True,,,
SIM_DIR-1784848446,SIM_DIR,capstone_ii,,78,78,281.0,0.0,0.0,1.0,847.8580774940392,847.8357061126334,0.022371381405792683,915.2980774940393,890.0080774940392,,890.0080774940392,1200.0,True,False,True,,,
SIM_DIR-1784848446,SIM_DIR,capstone_iii_fit_1x,fit_1x,78,78,281.0,0.0,0.0,1.0,847.8580774940392,847.8357061126334,0.022371381405792683,,,890.3498627996709,890.3498627996709,1200.0,True,False,True,,,
SIM_DIR-1784848446,SIM_DIR,capstone_iii_fit_2x,fit_2x,78,78,281.0,0.0,0.0,1.0,847.8580774940392,847.8357061126334,0.022371381405792683,,,932.7416481053026,932.7416481053026,1200.0,True,False,True,,,
SIM_DIR-1784848446,SIM_DIR,capstone_iii_fit_activity,fit_activity,78,78,281.0,0.0,0.0,1.0,847.8580774940392,847.8357061126334,0.022371381405792683,,,924.2632910441762,924.2632910441762,1200.0,True,False,True,,,
SIM_DIR-1784848446,SIM_DIR,capstone_iii_fit_activity_pvt,fit_activity_pvt,78,78,281.0,0.0,0.0,1.0,847.8580774940392,847.8357061126334,0.022371381405792683,,,949.6983622275552,949.6983622275552,1200.0,True,False,True,,,
SIM_DIR-1784848446,SIM_DIR,capstone_iii_full,full,78,78,281.0,0.0,0.0,1.0,847.8580774940392,847.8357061126334,0.022371381405792683,,,975.1334334109342,975.1334334109342,1200.0,True,False,True,,,
SIM_DIR-1784848446,SIM_DIR,baseline,,79,79,283.0,0.0,0.0,1.0,854.7006735448147,854.6783021634088,0.022371381405792683,1239.3159766399813,1111.110875608259,,1111.110875608259,,True,False,True,,,
SIM_DIR-1784848446,SIM_DIR,capstone_i,,79,79,283.0,0.0,0.0,1.0,854.7006735448147,854.6783021634088,0.022371381405792683,1239.3159766399813,1111.110875608259,,1111.110875608259,1200.0,True,False,True,,,
SIM_DIR-1784848446,SIM_DIR,capstone_ii,,79,79,283.0,0.0,0.0,1.0,854.7006735448147,854.6783021634088,0.022371381405792683,922.6206735448146,897.1506735448147,,897.1506735448147,1200.0,True,False,True,,,
SIM_DIR-1784848446,SIM_DIR,capstone_iii_fit_1x,fit_1x,79,79,283.0,0.0,0.0,1.0,854.7006735448147,854.6783021634088,0.022371381405792683,,,897.5345886529851,897.5345886529851,1200.0,True,False,True,,,
SIM_DIR-1784848446,SIM_DIR,capstone_iii_fit_2x,fit_2x,79,79,283.0,0.0,0.0,1.0,854.7006735448147,854.6783021634088,0.022371381405792683,,,940.2685037611557,940.2685037611557,1200.0,True,False,True,,,
SIM_DIR-1784848446,SIM_DIR,capstone_iii_fit_activity,fit_activity,79,79,283.0,0.0,0.0,1.0,854.7006735448147,854.6783021634088,0.022371381405792683,,,931.7217207395215,931.7217207395215,1200.0,True,False,True,,,
SIM_DIR-1784848446,SIM_DIR,capstone_iii_fit_activity_pvt,fit_activity_pvt,79,79,283.0,0.0,0.0,1.0,854.7006735448147,854.6783021634088,0.022371381405792683,,,957.3620698044239,957.3620698044239,1200.0,True,False,True,,,
SIM_DIR-1784848446,SIM_DIR,capstone_iii_full,full,79,79,283.0,0.0,0.0,1.0,854.7006735448147,854.6783021634088,0.022371381405792683,,,983.002418869326,983.002418869326,1200.0,True,False,True,,,
SIM_DIR-1784848446,SIM_DIR,baseline,,80,80,289.0,0.0,0.0,1.0,873.6461104749811,873.6237390935753,0.022371381405792683,1266.7868601887226,1135.7399436174755,,1135.7399436174755,,True,False,True,,,
SIM_DIR-1784848446,SIM_DIR,capstone_i,,80,80,289.0,0.0,0.0,1.0,873.6461104749811,873.6237390935753,0.022371381405792683,1266.7868601887226,1135.7399436174755,,1135.7399436174755,1200.0,True,False,True,,,
SIM_DIR-1784848446,SIM_DIR,capstone_ii,,80,80,289.0,0.0,0.0,1.0,873.6461104749811,873.6237390935753,0.022371381405792683,943.0061104749811,916.9961104749812,,916.9961104749812,1200.0,True,False,True,,,
SIM_DIR-1784848446,SIM_DIR,capstone_iii_fit_1x,fit_1x,80,80,289.0,0.0,0.0,1.0,873.6461104749811,873.6237390935753,0.022371381405792683,,,917.4272974296598,917.4272974296598,1200.0,True,False,True,,,
SIM_DIR-1784848446,SIM_DIR,capstone_iii_fit_2x,fit_2x,80,80,289.0,0.0,0.0,1.0,873.6461104749811,873.6237390935753,0.022371381405792683,,,961.1084843843387,961.1084843843387,1200.0,True,False,True,,,
SIM_DIR-1784848446,SIM_DIR,capstone_iii_fit_activity,fit_activity,80,80,289.0,0.0,0.0,1.0,873.6461104749811,873.6237390935753,0.022371381405792683,,,952.3722469934029,952.3722469934029,1200.0,True,False,True,,,
SIM_DIR-1784848446,SIM_DIR,capstone_iii_fit_activity_pvt,fit_activity_pvt,80,80,289.0,0.0,0.0,1.0,873.6461104749811,873.6237390935753,0.022371381405792683,,,978.5809591662102,978.5809591662102,1200.0,True,False,True,,,
SIM_DIR-1784848446,SIM_DIR,capstone_iii_full,full,80,80,289.0,0.0,0.0,1.0,873.6461104749811,873.6237390935753,0.022371381405792683,,,1004.7896713390173,1004.7896713390173,1200.0,True,False,True,,,
SIM_DIR-1784848446,SIM_DIR,baseline,,81,81,295.0,0.0,0.0,1.0,892.6255374819604,892.6031661005545,0.022371381405792683,1294.3070293488424,1160.4131987265484,,1160.4131987265484,,True,False,True,,,
SIM_DIR-1784848446,SIM_DIR,capstone_i,,81,81,295.0,0.0,0.0,1.0,892.6255374819604,892.6031661005545,0.022371381405792683,1294.3070293488424,1160.4131987265484,,1160.4131987265484,1200.0,True,False,True,,,
SIM_DIR-1784848446,SIM_DIR,capstone_ii,,81,81,295.0,0.0,0.0,1.0,892.6255374819604,892.6031661005545,0.022371381405792683,963.4255374819604,936.8755374819604,,936.8755374819604,1200.0,True,False,True,,,
SIM_DIR-1784848446,SIM_DIR,capstone_iii_fit_1x,fit_1x,81,81,295.0,0.0,0.0,1.0,892.6255374819604,892.6031661005545,0.022371381405792683,,,937.355695786988,937.355695786988,1200.0,True,False,True,,,
SIM_DIR-1784848446,SIM_DIR,capstone_iii_fit_2x,fit_2x,81,81,295.0,0.0,0.0,1.0,892.6255374819604,892.6031661005545,0.022371381405792683,,,981.9858540920159,981.9858540920159,1200.0,True,False,True,,,
SIM_DIR-1784848446,SIM_DIR,capstone_iii_fit_activity,fit_activity,81,81,295.0,0.0,0.0,1.0,892.6255374819604,892.6031661005545,0.022371381405792683,,,973.0598224310102,973.0598224310102,1200.0,True,False,True,,,
SIM_DIR-1784848446,SIM_DIR,capstone_iii_fit_activity_pvt,fit_activity_pvt,81,81,295.0,0.0,0.0,1.0,892.6255374819604,892.6031661005545,0.022371381405792683,,,999.8379174140268,999.8379174140268,1200.0,True,False,True,,,
SIM_DIR-1784848446,SIM_DIR,capstone_iii_full,full,81,81,295.0,0.0,0.0,1.0,892.6255374819604,892.6031661005545,0.022371381405792683,,,1026.6160123970433,1026.6160123970433,1200.0,True,False,True,,,
SIM_DIR-1784848446,SIM_DIR,baseline,,82,82,295.0,0.0,0.0,1.0,893.4671807026181,893.4448093212122,0.022371381405792683,1295.5274120187962,1161.5073349134036,,1161.5073349134036,,True,False,True,,,
SIM_DIR-1784848446,SIM_DIR,capstone_i,,82,82,295.0,0.0,0.0,1.0,893.4671807026181,893.4448093212122,0.022371381405792683,1295.5274120187962,1161.5073349134036,,1161.5073349134036,1200.0,True,False,True,,,
SIM_DIR-1784848446,SIM_DIR,capstone_ii,,82,82,295.0,0.0,0.0,1.0,893.4671807026181,893.4448093212122,0.022371381405792683,964.2671807026181,937.7171807026181,,937.7171807026181,1200.0,True,False,True,,,
SIM_DIR-1784848446,SIM_DIR,capstone_iii_fit_1x,fit_1x,82,82,295.0,0.0,0.0,1.0,893.4671807026181,893.4448093212122,0.022371381405792683,,,938.2394211686786,938.2394211686786,1200.0,True,False,True,,,
SIM_DIR-1784848446,SIM_DIR,capstone_iii_fit_2x,fit_2x,82,82,295.0,0.0,0.0,1.0,893.4671807026181,893.4448093212122,0.022371381405792683,,,982.9116616347394,982.9116616347394,1200.0,True,False,True,,,
SIM_DIR-1784848446,SIM_DIR,capstone_iii_fit_activity,fit_activity,82,82,295.0,0.0,0.0,1.0,893.4671807026181,893.4448093212122,0.022371381405792683,,,973.9772135415271,973.9772135415271,1200.0,True,False,True,,,
SIM_DIR-1784848446,SIM_DIR,capstone_iii_fit_activity_pvt,fit_activity_pvt,82,82,295.0,0.0,0.0,1.0,893.4671807026181,893.4448093212122,0.022371381405792683,,,1000.7805578211636,1000.7805578211636,1200.0,True,False,True,,,
SIM_DIR-1784848446,SIM_DIR,capstone_iii_full,full,82,82,295.0,0.0,0.0,1.0,893.4671807026181,893.4448093212122,0.022371381405792683,,,1027.5839021007996,1027.5839021007996,1200.0,True,False,True,,,
SIM_DIR-1784848446,SIM_DIR,baseline,,83,83,295.0,0.0,0.0,1.0,894.308558501759,894.2861871203531,0.022371381405792683,1296.7474098275504,1162.6011260522866,,1162.6011260522866,,True,False,True,,,
SIM_DIR-1784848446,SIM_DIR,capstone_i,,83,83,295.0,0.0,0.0,1.0,894.308558501759,894.2861871203531,0.022371381405792683,1296.7474098275504,1162.6011260522866,,1162.6011260522866,1200.0,True,False,True,,,
SIM_DIR-1784848446,SIM_DIR,capstone_ii,,83,83,295.0,0.0,0.0,1.0,894.308558501759,894.2861871203531,0.022371381405792683,965.108558501759,938.558558501759,,938.558558501759,1200.0,True,False,True,,,
SIM_DIR-1784848446,SIM_DIR,capstone_iii_fit_1x,fit_1x,83,83,295.0,0.0,0.0,1.0,894.308558501759,894.2861871203531,0.022371381405792683,,,939.1228678577767,939.1228678577767,1200.0,True,False,True,,,
SIM_DIR-1784848446,SIM_DIR,capstone_iii_fit_2x,fit_2x,83,83,295.0,0.0,0.0,1.0,894.308558501759,894.2861871203531,0.022371381405792683,,,983.8371772137943,983.8371772137943,1200.0,True,False,True,,,
SIM_DIR-1784848446,SIM_DIR,capstone_iii_fit_activity,fit_activity,83,83,295.0,0.0,0.0,1.0,894.308558501759,894.2861871203531,0.022371381405792683,,,974.8943153425907,974.8943153425907,1200.0,True,False,True,,,
SIM_DIR-1784848446,SIM_DIR,capstone_iii_fit_activity_pvt,fit_activity_pvt,83,83,295.0,0.0,0.0,1.0,894.308558501759,894.2861871203531,0.022371381405792683,,,1001.7229009562013,1001.7229009562013,1200.0,True,False,True,,,
SIM_DIR-1784848446,SIM_DIR,capstone_iii_full,full,83,83,295.0,0.0,0.0,1.0,894.308558501759,894.2861871203531,0.022371381405792683,,,1028.5514865698117,1028.5514865698117,1200.0,True,False,True,,,
SIM_DIR-1784848446,SIM_DIR,baseline,,84,84,297.0,0.0,0.0,1.0,901.2183318289196,901.1959604475138,0.022371381405792683,1306.7665811519335,1171.5838313775955,,1171.5838313775955,,True,False,True,,,
SIM_DIR-1784848446,SIM_DIR,capstone_i,,84,84,297.0,0.0,0.0,1.0,901.2183318289196,901.1959604475138,0.022371381405792683,1306.7665811519335,1171.5838313775955,,1171.5838313775955,1200.0,True,False,True,,,
SIM_DIR-1784848446,SIM_DIR,capstone_ii,,84,84,297.0,0.0,0.0,1.0,901.2183318289196,901.1959604475138,0.022371381405792683,972.4983318289196,945.7683318289196,,945.7683318289196,1200.0,True,False,True,,,
SIM_DIR-1784848446,SIM_DIR,capstone_iii_fit_1x,fit_1x,84,84,297.0,0.0,0.0,1.0,901.2183318289196,901.1959604475138,0.022371381405792683,,,946.3781298512953,946.3781298512953,1200.0,True,False,True,,,
SIM_DIR-1784848446,SIM_DIR,capstone_iii_fit_2x,fit_2x,84,84,297.0,0.0,0.0,1.0,901.2183318289196,901.1959604475138,0.022371381405792683,,,991.4379278736711,991.4379278736711,1200.0,True,False,True,,,
SIM_DIR-1784848446,SIM_DIR,capstone_iii_fit_activity,fit_activity,84,84,297.0,0.0,0.0,1.0,901.2183318289196,901.1959604475138,0.022371381405792683,,,982.425968269196,982.425968269196,1200.0,True,False,True,,,
SIM_DIR-1784848446,SIM_DIR,capstone_iii_fit_activity_pvt,fit_activity_pvt,84,84,297.0,0.0,0.0,1.0,901.2183318289196,901.1959604475138,0.022371381405792683,,,1009.4618470826213,1009.4618470826213,1200.0,True,False,True,,,
SIM_DIR-1784848446,SIM_DIR,capstone_iii_full,full,84,84,297.0,0.0,0.0,1.0,901.2183318289196,901.1959604475138,0.022371381405792683,,,1036.4977258960464,1036.4977258960464,1200.0,True,False,True,,,
SIM_DIR-1784848446,SIM_DIR,baseline,,85,85,301.0,0.0,0.0,1.0,914.2136040105426,914.1912326291367,0.022371381405792683,1325.6097258152868,1188.4776852137054,,1188.4776852137054,,True,False,True,,,
SIM_DIR-1784848446,SIM_DIR,capstone_i,,85,85,301.0,0.0,0.0,1.0,914.2136040105426,914.1912326291367,0.022371381405792683,1325.6097258152868,1188.4776852137054,,1188.4776852137054,1200.0,True,False,True,,,
SIM_DIR-1784848446,SIM_DIR,capstone_ii,,85,85,301.0,0.0,0.0,1.0,914.2136040105426,914.1912326291367,0.022371381405792683,986.4536040105426,959.3636040105425,,959.3636040105425,1200.0,True,False,True,,,
SIM_DIR-1784848446,SIM_DIR,capstone_iii_fit_1x,fit_1x,85,85,301.0,0.0,0.0,1.0,914.2136040105426,914.1912326291367,0.022371381405792683,,,960.0231656419993,960.0231656419993,1200.0,True,False,True,,,
SIM_DIR-1784848446,SIM_DIR,capstone_iii_fit_2x,fit_2x,85,85,301.0,0.0,0.0,1.0,914.2136040105426,914.1912326291367,0.022371381405792683,,,1005.7327272734562,1005.7327272734562,1200.0,True,False,True,,,
SIM_DIR-1784848446,SIM_DIR,capstone_iii_fit_activity,fit_activity,85,85,301.0,0.0,0.0,1.0,914.2136040105426,914.1912326291367,0.022371381405792683,,,996.5908149471649,996.5908149471649,1200.0,True,False,True,,,
SIM_DIR-1784848446,SIM_DIR,capstone_iii_fit_activity_pvt,fit_activity_pvt,85,85,301.0,0.0,0.0,1.0,914.2136040105426,914.1912326291367,0.022371381405792683,,,1024.016551926039,1024.016551926039,1200.0,True,False,True,,,
SIM_DIR-1784848446,SIM_DIR,capstone_iii_full,full,85,85,301.0,0.0,0.0,1.0,914.2136040105426,914.1912326291367,0.022371381405792683,,,1051.4422889049129,1051.4422889049129,1200.0,True,False,True,,,
SIM_DIR-1784848446,SIM_DIR,baseline,,86,86,305.0,0.0,0.0,1.0,927.2314084655732,927.2090370841673,0.022371381405792683,1344.4855422750811,1205.4008310052452,,1205.4008310052452,,True,False,True,,,
SIM_DIR-1784848446,SIM_DIR,capstone_i,,86,86,305.0,0.0,0.0,1.0,927.2314084655732,927.2090370841673,0.022371381405792683,1344.4855422750811,1205.4008310052452,,1205.4008310052452,1200.0,False,True,False,,,
SIM_DIR-1784848446,SIM_DIR,capstone_ii,,86,86,305.0,0.0,0.0,1.0,927.2314084655732,927.2090370841673,0.022371381405792683,1000.4314084655732,972.9814084655732,,972.9814084655732,1200.0,True,False,True,,,
SIM_DIR-1784848446,SIM_DIR,capstone_iii_fit_1x,fit_1x,86,86,305.0,0.0,0.0,1.0,927.2314084655732,927.2090370841673,0.022371381405792683,,,973.6918603197815,973.6918603197815,1200.0,True,False,True,,,
SIM_DIR-1784848446,SIM_DIR,capstone_iii_fit_2x,fit_2x,86,86,305.0,0.0,0.0,1.0,927.2314084655732,927.2090370841673,0.022371381405792683,,,1020.05231217399,1020.05231217399,1200.0,True,False,True,,,
SIM_DIR-1784848446,SIM_DIR,capstone_iii_fit_activity,fit_activity,86,86,305.0,0.0,0.0,1.0,927.2314084655732,927.2090370841673,0.022371381405792683,,,1010.7802218031484,1010.7802218031484,1200.0,True,False,True,,,
SIM_DIR-1784848446,SIM_DIR,capstone_iii_fit_activity_pvt,fit_activity_pvt,86,86,305.0,0.0,0.0,1.0,927.2314084655732,927.2090370841673,0.022371381405792683,,,1038.596492915673,1038.596492915673,1200.0,True,False,True,,,
SIM_DIR-1784848446,SIM_DIR,capstone_iii_full,full,86,86,305.0,0.0,0.0,1.0,927.2314084655732,927.2090370841673,0.022371381405792683,,,1066.4127640281981,1066.4127640281981,1200.0,True,False,True,,,
SIM_DIR-1784848446,SIM_DIR,baseline,,87,87,305.0,0.0,0.0,1.0,928.1002230664839,928.077851685078,0.022371381405792683,1345.7453234464015,1206.5302899864291,,1206.5302899864291,,True,False,True,,,
SIM_DIR-1784848446,SIM_DIR,capstone_ii,,87,87,305.0,0.0,0.0,1.0,928.1002230664839,928.077851685078,0.022371381405792683,1001.3002230664838,973.8502230664839,,973.8502230664839,1200.0,True,False,True,,,
SIM_DIR-1784848446,SIM_DIR,capstone_iii_fit_1x,fit_1x,87,87,305.0,0.0,0.0,1.0,928.1002230664839,928.077851685078,0.022371381405792683,,,974.6041156507376,974.6041156507376,1200.0,True,False,True,,,
SIM_DIR-1784848446,SIM_DIR,capstone_iii_fit_2x,fit_2x,87,87,305.0,0.0,0.0,1.0,928.1002230664839,928.077851685078,0.022371381405792683,,,1021.0080082349916,1021.0080082349916,1200.0,True,False,True,,,
SIM_DIR-1784848446,SIM_DIR,capstone_iii_fit_activity,fit_activity,87,87,305.0,0.0,0.0,1.0,928.1002230664839,928.077851685078,0.022371381405792683,,,1011.7272297181407,1011.7272297181407,1200.0,True,False,True,,,
SIM_DIR-1784848446,SIM_DIR,capstone_iii_fit_activity_pvt,fit_activity_pvt,87,87,305.0,0.0,0.0,1.0,928.1002230664839,928.077851685078,0.022371381405792683,,,1039.569565268693,1039.569565268693,1200.0,True,False,True,,,
SIM_DIR-1784848446,SIM_DIR,capstone_iii_full,full,87,87,305.0,0.0,0.0,1.0,928.1002230664839,928.077851685078,0.022371381405792683,,,1067.4119008192451,1067.4119008192451,1200.0,True,False,True,,,
SIM_DIR-1784848446,SIM_DIR,baseline,,88,88,309.0,0.0,0.0,1.0,941.1516733970091,941.1293020156032,0.022371381405792683,1364.669926425663,1223.4971754161118,,1223.4971754161118,,True,False,True,,,
SIM_DIR-1784848446,SIM_DIR,capstone_ii,,88,88,309.0,0.0,0.0,1.0,941.1516733970091,941.1293020156032,0.022371381405792683,1015.311673397009,987.5016733970091,,987.5016733970091,1200.0,True,False,True,,,
SIM_DIR-1784848446,SIM_DIR,capstone_iii_fit_1x,fit_1x,88,88,309.0,0.0,0.0,1.0,941.1516733970091,941.1293020156032,0.022371381405792683,,,988.3081384977892,988.3081384977892,1200.0,True,False,True,,,
SIM_DIR-1784848446,SIM_DIR,capstone_iii_fit_2x,fit_2x,88,88,309.0,0.0,0.0,1.0,941.1516733970091,941.1293020156032,0.022371381405792683,,,1035.3646035985691,1035.3646035985691,1200.0,True,False,True,,,
SIM_DIR-1784848446,SIM_DIR,capstone_iii_fit_activity,fit_activity,88,88,309.0,0.0,0.0,1.0,941.1516733970091,941.1293020156032,0.022371381405792683,,,1025.953310578413,1025.953310578413,1200.0,True,False,True,,,
SIM_DIR-1784848446,SIM_DIR,capstone_iii_fit_activity_pvt,fit_activity_pvt,88,88,309.0,0.0,0.0,1.0,941.1516733970091,941.1293020156032,0.022371381405792683,,,1054.1871896388811,1054.1871896388811,1200.0,True,False,True,,,
SIM_DIR-1784848446,SIM_DIR,capstone_iii_full,full,88,88,309.0,0.0,0.0,1.0,941.1516733970091,941.1293020156032,0.022371381405792683,,,1082.4210686993492,1082.4210686993492,1200.0,True,False,True,,,
SIM_DIR-1784848446,SIM_DIR,baseline,,89,89,310.0,0.0,0.0,1.0,945.0799135744394,945.0575421930336,0.022371381405792683,1370.3658746829371,1228.6038876467712,,1228.6038876467712,,True,False,True,,,
SIM_DIR-1784848446,SIM_DIR,capstone_ii,,89,89,310.0,0.0,0.0,1.0,945.0799135744394,945.0575421930336,0.022371381405792683,1019.4799135744394,991.5799135744394,,991.5799135744394,1200.0,True,False,True,,,
SIM_DIR-1784848446,SIM_DIR,capstone_iii_fit_1x,fit_1x,89,89,310.0,0.0,0.0,1.0,945.0799135744394,945.0575421930336,0.022371381405792683,,,992.4327906840911,992.4327906840911,1200.0,True,False,True,,,
SIM_DIR-1784848446,SIM_DIR,capstone_iii_fit_2x,fit_2x,89,89,310.0,0.0,0.0,1.0,945.0799135744394,945.0575421930336,0.022371381405792683,,,1039.6856677937426,1039.6856677937426,1200.0,True,False,True,,,
SIM_DIR-1784848446,SIM_DIR,capstone_iii_fit_activity,fit_activity,89,89,310.0,0.0,0.0,1.0,945.0799135744394,945.0575421930336,0.022371381405792683,,,1030.2350923718122,1030.2350923718122,1200.0,True,False,True,,,
SIM_DIR-1784848446,SIM_DIR,capstone_iii_fit_activity_pvt,fit_activity_pvt,89,89,310.0,0.0,0.0,1.0,945.0799135744394,945.0575421930336,0.022371381405792683,,,1058.5868186376033,1058.5868186376033,1200.0,True,False,True,,,
SIM_DIR-1784848446,SIM_DIR,capstone_iii_full,full,89,89,310.0,0.0,0.0,1.0,945.0799135744394,945.0575421930336,0.022371381405792683,,,1086.9385449033941,1086.9385449033941,1200.0,True,False,True,,,
SIM_DIR-1784848446,SIM_DIR,baseline,,90,90,311.0,0.0,0.0,1.0,949.0135768933388,948.991205511933,0.022371381405792683,1376.0696864953413,1233.7176499613406,,1233.7176499613406,,True,False,True,,,
SIM_DIR-1784848446,SIM_DIR,capstone_ii,,90,90,311.0,0.0,0.0,1.0,949.0135768933388,948.991205511933,0.022371381405792683,1023.6535768933388,995.6635768933388,,995.6635768933388,1200.0,True,False,True,,,
SIM_DIR-1784848446,SIM_DIR,capstone_iii_fit_1x,fit_1x,90,90,311.0,0.0,0.0,1.0,949.0135768933388,948.991205511933,0.022371381405792683,,,996.5631371689354,996.5631371689354,1200.0,True,False,True,,,
SIM_DIR-1784848446,SIM_DIR,capstone_iii_fit_2x,fit_2x,90,90,311.0,0.0,0.0,1.0,949.0135768933388,948.991205511933,0.022371381405792683,,,1044.012697444532,1044.012697444532,1200.0,True,False,True,,,
SIM_DIR-1784848446,SIM_DIR,capstone_iii_fit_activity,fit_activity,90,90,311.0,0.0,0.0,1.0,949.0135768933388,948.991205511933,0.022371381405792683,,,1034.5227853894125,1034.5227853894125,1200.0,True,False,True,,,
SIM_DIR-1784848446,SIM_DIR,capstone_iii_fit_activity_pvt,fit_activity_pvt,90,90,311.0,0.0,0.0,1.0,949.0135768933388,948.991205511933,0.022371381405792683,,,1062.9925215547705,1062.9925215547705,1200.0,True,False,True,,,
SIM_DIR-1784848446,SIM_DIR,capstone_iii_full,full,90,90,311.0,0.0,0.0,1.0,949.0135768933388,948.991205511933,0.022371381405792683,,,1091.4622577201285,1091.4622577201285,1200.0,True,False,True,,,
SIM_DIR-1784848446,SIM_DIR,baseline,,91,91,313.0,0.0,0.0,1.0,956.0069258035044,955.9845544220985,0.022371381405792683,1386.2100424150813,1242.8090035445557,,1242.8090035445557,,True,False,True,,,
SIM_DIR-1784848446,SIM_DIR,capstone_ii,,91,91,313.0,0.0,0.0,1.0,956.0069258035044,955.9845544220985,0.022371381405792683,1031.1269258035045,1002.9569258035044,,1002.9569258035044,1200.0,True,False,True,,,
SIM_DIR-1784848446,SIM_DIR,capstone_iii_fit_1x,fit_1x,91,91,313.0,0.0,0.0,1.0,956.0069258035044,955.9845544220985,0.022371381405792683,,,1003.9061535246092,1003.9061535246092,1200.0,True,False,True,,,
SIM_DIR-1784848446,SIM_DIR,capstone_iii_fit_2x,fit_2x,91,91,313.0,0.0,0.0,1.0,956.0069258035044,955.9845544220985,0.022371381405792683,,,1051.705381245714,1051.705381245714,1200.0,True,False,True,,,
SIM_DIR-1784848446,SIM_DIR,capstone_iii_fit_activity,fit_activity,91,91,313.0,0.0,0.0,1.0,956.0069258035044,955.9845544220985,0.022371381405792683,,,1042.1455357014931,1042.1455357014931,1200.0,True,False,True,,,
SIM_DIR-1784848446,SIM_DIR,capstone_iii_fit_activity_pvt,fit_activity_pvt,91,91,313.0,0.0,0.0,1.0,956.0069258035044,955.9845544220985,0.022371381405792683,,,1070.825072334156,1070.825072334156,1200.0,True,False,True,,,
SIM_DIR-1784848446,SIM_DIR,capstone_iii_full,full,91,91,313.0,0.0,0.0,1.0,956.0069258035044,955.9845544220985,0.022371381405792683,,,1099.5046089668188,1099.5046089668188,1200.0,True,False,True,,,
SIM_DIR-1784848446,SIM_DIR,baseline,,92,92,319.0,0.0,0.0,1.0,975.2398156097265,975.2174442283207,0.022371381405792683,1414.0977326341035,1267.8117602926445,,1267.8117602926445,,True,False,True,,,
SIM_DIR-1784848446,SIM_DIR,capstone_ii,,92,92,319.0,0.0,0.0,1.0,975.2398156097265,975.2174442283207,0.022371381405792683,1051.7998156097265,1023.0898156097265,,1023.0898156097265,1200.0,True,False,True,,,
SIM_DIR-1784848446,SIM_DIR,capstone_iii_fit_1x,fit_1x,92,92,319.0,0.0,0.0,1.0,975.2398156097265,975.2174442283207,0.022371381405792683,,,1024.1006878211424,1024.1006878211424,1200.0,True,False,True,,,
SIM_DIR-1784848446,SIM_DIR,capstone_iii_fit_2x,fit_2x,92,92,319.0,0.0,0.0,1.0,975.2398156097265,975.2174442283207,0.022371381405792683,,,1072.8615600325584,1072.8615600325584,1200.0,True,False,True,,,
SIM_DIR-1784848446,SIM_DIR,capstone_iii_fit_activity,fit_activity,92,92,319.0,0.0,0.0,1.0,975.2398156097265,975.2174442283207,0.022371381405792683,,,1063.109385590275,1063.109385590275,1200.0,True,False,True,,,
SIM_DIR-1784848446,SIM_DIR,capstone_iii_fit_activity_pvt,fit_activity_pvt,92,92,319.0,0.0,0.0,1.0,975.2398156097265,975.2174442283207,0.022371381405792683,,,1092.365908917125,1092.365908917125,1200.0,True,False,True,,,
SIM_DIR-1784848446,SIM_DIR,capstone_iii_full,full,92,92,319.0,0.0,0.0,1.0,975.2398156097265,975.2174442283207,0.022371381405792683,,,1121.6224322439743,1121.6224322439743,1200.0,True,False,True,,,
SIM_DIR-1784848446,SIM_DIR,baseline,,93,93,327.0,0.0,0.0,1.0,1000.6264601682055,1000.6040887867997,0.022371381405792683,1450.908367243898,1300.8143982186673,,1300.8143982186673,,True,False,True,,,
SIM_DIR-1784848446,SIM_DIR,capstone_ii,,93,93,327.0,0.0,0.0,1.0,1000.6264601682055,1000.6040887867997,0.022371381405792683,1079.1064601682056,1049.6764601682055,,1049.6764601682055,1200.0,True,False,True,,,
SIM_DIR-1784848446,SIM_DIR,capstone_iii_fit_1x,fit_1x,93,93,327.0,0.0,0.0,1.0,1000.6264601682055,1000.6040887867997,0.022371381405792683,,,1050.7566646075452,1050.7566646075452,1200.0,True,False,True,,,
SIM_DIR-1784848446,SIM_DIR,capstone_iii_fit_2x,fit_2x,93,93,327.0,0.0,0.0,1.0,1000.6264601682055,1000.6040887867997,0.022371381405792683,,,1100.7868690468854,1100.7868690468854,1200.0,True,False,True,,,
SIM_DIR-1784848446,SIM_DIR,capstone_iii_fit_activity,fit_activity,93,93,327.0,0.0,0.0,1.0,1000.6264601682055,1000.6040887867997,0.022371381405792683,,,1090.7808281590173,1090.7808281590173,1200.0,True,False,True,,,
SIM_DIR-1784848446,SIM_DIR,capstone_iii_fit_activity_pvt,fit_activity_pvt,93,93,327.0,0.0,0.0,1.0,1000.6264601682055,1000.6040887867997,0.022371381405792683,,,1120.7989508226212,1120.7989508226212,1200.0,True,False,True,,,
SIM_DIR-1784848446,SIM_DIR,capstone_iii_full,full,93,93,327.0,0.0,0.0,1.0,1000.6264601682055,1000.6040887867997,0.022371381405792683,,,1150.8170734862251,1150.8170734862251,1200.0,True,False,True,,,
SIM_DIR-1784848446,SIM_DIR,baseline,,94,94,331.0,0.0,0.0,1.0,1013.8071373614292,1013.7847659800234,0.022371381405792683,1470.0203491740724,1317.949278569858,,1317.949278569858,,True,False,True,,,
SIM_DIR-1784848446,SIM_DIR,capstone_ii,,94,94,331.0,0.0,0.0,1.0,1013.8071373614292,1013.7847659800234,0.022371381405792683,1093.2471373614292,1063.4571373614292,,1063.4571373614292,1200.0,True,False,True,,,
SIM_DIR-1784848446,SIM_DIR,capstone_iii_fit_1x,fit_1x,94,94,331.0,0.0,0.0,1.0,1013.8071373614292,1013.7847659800234,0.022371381405792683,,,1064.59637566043,1064.59637566043,1200.0,True,False,True,,,
SIM_DIR-1784848446,SIM_DIR,capstone_iii_fit_2x,fit_2x,94,94,331.0,0.0,0.0,1.0,1013.8071373614292,1013.7847659800234,0.022371381405792683,,,1115.2856139594314,1115.2856139594314,1200.0,True,False,True,,,
SIM_DIR-1784848446,SIM_DIR,capstone_iii_fit_activity,fit_activity,94,94,331.0,0.0,0.0,1.0,1013.8071373614292,1013.7847659800234,0.022371381405792683,,,1105.147766299631,1105.147766299631,1200.0,True,False,True,,,
SIM_DIR-1784848446,SIM_DIR,capstone_iii_fit_activity_pvt,fit_activity_pvt,94,94,331.0,0.0,0.0,1.0,1013.8071373614292,1013.7847659800234,0.022371381405792683,,,1135.561309279032,1135.561309279032,1200.0,True,False,True,,,
SIM_DIR-1784848446,SIM_DIR,capstone_iii_full,full,94,94,331.0,0.0,0.0,1.0,1013.8071373614292,1013.7847659800234,0.022371381405792683,,,1165.9748522584325,1165.9748522584325,1200.0,True,False,True,,,
SIM_DIR-1784848446,SIM_DIR,baseline,,95,95,332.0,0.0,0.0,1.0,1017.8133636709913,1017.7909922895855,0.022371381405792683,1475.8293773229373,1323.1573727722887,,1323.1573727722887,,True,False,True,,,
SIM_DIR-1784848446,SIM_DIR,capstone_ii,,95,95,332.0,0.0,0.0,1.0,1017.8133636709913,1017.7909922895855,0.022371381405792683,1097.4933636709914,1067.6133636709912,,1067.6133636709912,1200.0,True,False,True,,,
SIM_DIR-1784848446,SIM_DIR,capstone_iii_fit_1x,fit_1x,95,95,332.0,0.0,0.0,1.0,1017.8133636709913,1017.7909922895855,0.022371381405792683,,,1068.8029132854704,1068.8029132854704,1200.0,True,False,True,,,
SIM_DIR-1784848446,SIM_DIR,capstone_iii_fit_2x,fit_2x,95,95,332.0,0.0,0.0,1.0,1017.8133636709913,1017.7909922895855,0.022371381405792683,,,1119.6924628999498,1119.6924628999498,1200.0,True,False,True,,,
SIM_DIR-1784848446,SIM_DIR,capstone_iii_fit_activity,fit_activity,95,95,332.0,0.0,0.0,1.0,1017.8133636709913,1017.7909922895855,0.022371381405792683,,,1109.5145529770539,1109.5145529770539,1200.0,True,False,True,,,
SIM_DIR-1784848446,SIM_DIR,capstone_iii_fit_activity_pvt,fit_activity_pvt,95,95,332.0,0.0,0.0,1.0,1017.8133636709913,1017.7909922895855,0.022371381405792683,,,1140.0482827457413,1140.0482827457413,1200.0,True,False,True,,,
SIM_DIR-1784848446,SIM_DIR,capstone_iii_full,full,95,95,332.0,0.0,0.0,1.0,1017.8133636709913,1017.7909922895855,0.022371381405792683,,,1170.582012514429,1170.582012514429,1200.0,True,False,True,,,
SIM_DIR-1784848446,SIM_DIR,baseline,,96,96,332.0,0.0,0.0,1.0,1018.7565155955506,1018.7341442141447,0.022371381405792683,1477.1969476135482,1324.3834702742158,,1324.3834702742158,,True,False,True,,,
SIM_DIR-1784848446,SIM_DIR,capstone_ii,,96,96,332.0,0.0,0.0,1.0,1018.7565155955506,1018.7341442141447,0.022371381405792683,1098.4365155955506,1068.5565155955505,,1068.5565155955505,1200.0,True,False,True,,,
SIM_DIR-1784848446,SIM_DIR,capstone_iii_fit_1x,fit_1x,96,96,332.0,0.0,0.0,1.0,1018.7565155955506,1018.7341442141447,0.022371381405792683,,,1069.7932228062577,1069.7932228062577,1200.0,True,False,True,,,
SIM_DIR-1784848446,SIM_DIR,capstone_iii_fit_2x,fit_2x,96,96,332.0,0.0,0.0,1.0,1018.7565155955506,1018.7341442141447,0.022371381405792683,,,1120.7299300169648,1120.7299300169648,1200.0,True,False,True,,,
SIM_DIR-1784848446,SIM_DIR,capstone_iii_fit_activity,fit_activity,96,96,332.0,0.0,0.0,1.0,1018.7565155955506,1018.7341442141447,0.022371381405792683,,,1110.5425885748234,1110.5425885748234,1200.0,True,False,True,,,
SIM_DIR-1784848446,SIM_DIR,capstone_iii_fit_activity_pvt,fit_activity_pvt,96,96,332.0,0.0,0.0,1.0,1018.7565155955506,1018.7341442141447,0.022371381405792683,,,1141.104612901248,1141.104612901248,1200.0,True,False,True,,,
SIM_DIR-1784848446,SIM_DIR,capstone_iii_full,full,96,96,332.0,0.0,0.0,1.0,1018.7565155955506,1018.7341442141447,0.022371381405792683,,,1171.6666372276723,1171.6666372276723,1200.0,True,False,True,,,
SIM_DIR-1784848446,SIM_DIR,baseline,,97,97,333.0,0.0,0.0,1.0,1022.7707046531465,1022.7483332717406,0.022371381405792683,1483.0175217470623,1329.6019160490905,,1329.6019160490905,,True,False,True,,,
SIM_DIR-1784848446,SIM_DIR,capstone_ii,,97,97,333.0,0.0,0.0,1.0,1022.7707046531465,1022.7483332717406,0.022371381405792683,1102.6907046531464,1072.7207046531464,,1072.7207046531464,1200.0,True,False,True,,,
SIM_DIR-1784848446,SIM_DIR,capstone_iii_fit_1x,fit_1x,97,97,333.0,0.0,0.0,1.0,1022.7707046531465,1022.7483332717406,0.022371381405792683,,,1074.0081213167334,1074.0081213167334,1200.0,True,False,True,,,
SIM_DIR-1784848446,SIM_DIR,capstone_iii_fit_2x,fit_2x,97,97,333.0,0.0,0.0,1.0,1022.7707046531465,1022.7483332717406,0.022371381405792683,,,1125.1455379803203,1125.1455379803203,1200.0,True,False,True,,,
SIM_DIR-1784848446,SIM_DIR,capstone_iii_fit_activity,fit_activity,97,97,333.0,0.0,0.0,1.0,1022.7707046531465,1022.7483332717406,0.022371381405792683,,,1114.918054647603,1114.918054647603,1200.0,True,False,True,,,
SIM_DIR-1784848446,SIM_DIR,capstone_iii_fit_activity_pvt,fit_activity_pvt,97,97,333.0,0.0,0.0,1.0,1022.7707046531465,1022.7483332717406,0.022371381405792683,,,1145.600504645755,1145.600504645755,1200.0,True,False,True,,,
SIM_DIR-1784848446,SIM_DIR,capstone_iii_full,full,97,97,333.0,0.0,0.0,1.0,1022.7707046531465,1022.7483332717406,0.022371381405792683,,,1176.2829546439075,1176.2829546439075,1200.0,True,False,True,,,
SIM_DIR-1784848446,SIM_DIR,baseline,,98,98,333.0,0.0,0.0,1.0,1023.7161386926442,1023.6937673112384,0.022371381405792683,1484.388401104334,1330.8309803004374,,1330.8309803004374,,True,False,True,,,
SIM_DIR-1784848446,SIM_DIR,capstone_ii,,98,98,333.0,0.0,0.0,1.0,1023.7161386926442,1023.6937673112384,0.022371381405792683,1103.6361386926442,1073.6661386926442,,1073.6661386926442,1200.0,True,False,True,,,
SIM_DIR-1784848446,SIM_DIR,capstone_iii_fit_1x,fit_1x,98,98,333.0,0.0,0.0,1.0,1023.7161386926442,1023.6937673112384,0.022371381405792683,,,1075.000827058206,1075.000827058206,1200.0,True,False,True,,,
SIM_DIR-1784848446,SIM_DIR,capstone_iii_fit_2x,fit_2x,98,98,333.0,0.0,0.0,1.0,1023.7161386926442,1023.6937673112384,0.022371381405792683,,,1126.1855154237678,1126.1855154237678,1200.0,True,False,True,,,
SIM_DIR-1784848446,SIM_DIR,capstone_iii_fit_activity,fit_activity,98,98,333.0,0.0,0.0,1.0,1023.7161386926442,1023.6937673112384,0.022371381405792683,,,1115.9485777506554,1115.9485777506554,1200.0,True,False,True,,,
SIM_DIR-1784848446,SIM_DIR,capstone_iii_fit_activity_pvt,fit_activity_pvt,98,98,333.0,0.0,0.0,1.0,1023.7161386926442,1023.6937673112384,0.022371381405792683,,,1146.6593907699928,1146.6593907699928,1200.0,True,False,True,,,
SIM_DIR-1784848446,SIM_DIR,capstone_iii_full,full,98,98,333.0,0.0,0.0,1.0,1023.7161386926442,1023.6937673112384,0.022371381405792683,,,1177.3702037893297,1177.3702037893297,1200.0,True,False,True,,,
SIM_DIR-1784848446,SIM_DIR,baseline,,99,99,334.0,0.0,0.0,1.0,1027.7382891546388,1027.715917773233,0.022371381405792683,1490.2205192742263,1336.0597759010304,,1336.0597759010304,,True,False,True,,,
SIM_DIR-1784848446,SIM_DIR,capstone_ii,,99,99,334.0,0.0,0.0,1.0,1027.7382891546388,1027.715917773233,0.022371381405792683,1107.8982891546389,1077.8382891546387,,1077.8382891546387,1200.0,True,False,True,,,
SIM_DIR-1784848446,SIM_DIR,capstone_iii_fit_1x,fit_1x,99,99,334.0,0.0,0.0,1.0,1027.7382891546388,1027.715917773233,0.022371381405792683,,,1079.2240850433004,1079.2240850433004,1200.0,True,False,True,,,
SIM_DIR-1784848446,SIM_DIR,capstone_iii_fit_2x,fit_2x,99,99,334.0,0.0,0.0,1.0,1027.7382891546388,1027.715917773233,0.022371381405792683,,,1130.609880931962,1130.609880931962,1200.0,True,False,True,,,
SIM_DIR-1784848446,SIM_DIR,capstone_iii_fit_activity,fit_activity,99,99,334.0,0.0,0.0,1.0,1027.7382891546388,1027.715917773233,0.022371381405792683,,,1120.3327217542294,1120.3327217542294,1200.0,True,False,True,,,
SIM_DIR-1784848446,SIM_DIR,capstone_iii_fit_activity_pvt,fit_activity_pvt,99,99,334.0,0.0,0.0,1.0,1027.7382891546388,1027.715917773233,0.022371381405792683,,,1151.1641992874265,1151.1641992874265,1200.0,True,False,True,,,
SIM_DIR-1784848446,SIM_DIR,capstone_iii_full,full,99,99,334.0,0.0,0.0,1.0,1027.7382891546388,1027.715917773233,0.022371381405792683,,,1181.9956768206237,1181.9956768206237,1200.0,True,False,True,,,
SIM_DIR-1784848446,SIM_DIR,baseline,,100,100,337.0,0.0,0.0,1.0,1037.9255010527986,1037.903129671393,0.022371381405792683,1504.991976526558,1349.3031513686383,,1349.3031513686383,,True,False,True,,,
SIM_DIR-1784848446,SIM_DIR,capstone_ii,,100,100,337.0,0.0,0.0,1.0,1037.9255010527986,1037.903129671393,0.022371381405792683,1118.8055010527987,1088.4755010527986,,1088.4755010527986,1200.0,True,False,True,,,
SIM_DIR-1784848446,SIM_DIR,capstone_iii_fit_1x,fit_1x,100,100,337.0,0.0,0.0,1.0,1037.9255010527986,1037.903129671393,0.022371381405792683,,,1089.9206575363683,1089.9206575363683,1200.0,True,False,True,,,
SIM_DIR-1784848446,SIM_DIR,capstone_iii_fit_2x,fit_2x,100,100,337.0,0.0,0.0,1.0,1037.9255010527986,1037.903129671393,0.022371381405792683,,,1141.8158140199378,1141.8158140199378,1200.0,True,False,True,,,
SIM_DIR-1784848446,SIM_DIR,capstone_iii_fit_activity,fit_activity,100,100,337.0,0.0,0.0,1.0,1037.9255010527986,1037.903129671393,0.022371381405792683,,,1131.4367827232238,1131.4367827232238,1200.0,True,False,True,,,
SIM_DIR-1784848446,SIM_DIR,capstone_iii_fit_activity_pvt,fit_activity_pvt,100,100,337.0,0.0,0.0,1.0,1037.9255010527986,1037.903129671393,0.022371381405792683,,,1162.5738766133657,1162.5738766133657,1200.0,True,False,True,,,
SIM_DIR-1784848446,SIM_DIR,capstone_iii_full,full,100,100,337.0,0.0,0.0,1.0,1037.9255010527986,1037.903129671393,0.022371381405792683,,,1193.7109705035073,1193.7109705035073,1200.0,True,False,True,,,
SIM_DIR-1784848446,SIM_DIR,baseline,,101,101,342.0,0.0,0.0,1.0,1054.2947931629928,1054.2724217815871,0.022371381405792683,1528.7274500863396,1370.5832311118907,,1370.5832311118907,,True,False,True,,,
SIM_DIR-1784848446,SIM_DIR,capstone_ii,,101,101,342.0,0.0,0.0,1.0,1054.2947931629928,1054.2724217815871,0.022371381405792683,1136.3747931629928,1105.5947931629928,,1105.5947931629928,1200.0,True,False,True,,,
SIM_DIR-1784848446,SIM_DIR,capstone_iii_fit_1x,fit_1x,101,101,342.0,0.0,0.0,1.0,1054.2947931629928,1054.2724217815871,0.022371381405792683,,,1107.1084142520722,1107.1084142520722,1200.0,True,False,True,,,
SIM_DIR-1784848446,SIM_DIR,capstone_iii_fit_2x,fit_2x,101,101,342.0,0.0,0.0,1.0,1054.2947931629928,1054.2724217815871,0.022371381405792683,,,1159.8220353411516,1159.8220353411516,1200.0,True,False,True,,,
SIM_DIR-1784848446,SIM_DIR,capstone_iii_fit_activity,fit_activity,101,101,342.0,0.0,0.0,1.0,1054.2947931629928,1054.2724217815871,0.022371381405792683,,,1149.2793111233357,1149.2793111233357,1200.0,True,False,True,,,
SIM_DIR-1784848446,SIM_DIR,capstone_iii_fit_activity_pvt,fit_activity_pvt,101,101,342.0,0.0,0.0,1.0,1054.2947931629928,1054.2724217815871,0.022371381405792683,,,1180.9074837767832,1180.9074837767832,1200.0,True,False,True,,,
SIM_DIR-1784848446,SIM_DIR,capstone_iii_full,full,101,101,342.0,0.0,0.0,1.0,1054.2947931629928,1054.2724217815871,0.022371381405792683,,,1212.535656430231,1212.535656430231,1200.0,False,True,False,,,
SIM_DIR-1784848446,SIM_DIR,baseline,,102,102,346.0,0.0,0.0,1.0,1067.6066632177092,1067.5842918363035,0.022371381405792683,1548.0296616656783,1387.888662183022,,1387.888662183022,,True,False,True,,,
SIM_DIR-1784848446,SIM_DIR,capstone_ii,,102,102,346.0,0.0,0.0,1.0,1067.6066632177092,1067.5842918363035,0.022371381405792683,1150.6466632177091,1119.5066632177093,,1119.5066632177093,1200.0,True,False,True,,,
SIM_DIR-1784848446,SIM_DIR,capstone_iii_fit_1x,fit_1x,102,102,346.0,0.0,0.0,1.0,1067.6066632177092,1067.5842918363035,0.022371381405792683,,,1121.0858778095244,1121.0858778095244,1200.0,True,False,True,,,
SIM_DIR-1784848446,SIM_DIR,capstone_iii_fit_2x,fit_2x,102,102,346.0,0.0,0.0,1.0,1067.6066632177092,1067.5842918363035,0.022371381405792683,,,1174.4650924013395,1174.4650924013395,1200.0,True,False,True,,,
SIM_DIR-1784848446,SIM_DIR,capstone_iii_fit_activity,fit_activity,102,102,346.0,0.0,0.0,1.0,1067.6066632177092,1067.5842918363035,0.022371381405792683,,,1163.7892494829766,1163.7892494829766,1200.0,True,False,True,,,
SIM_DIR-1784848446,SIM_DIR,capstone_iii_fit_activity_pvt,fit_activity_pvt,102,102,346.0,0.0,0.0,1.0,1067.6066632177092,1067.5842918363035,0.022371381405792683,,,1195.8167782380656,1195.8167782380656,1200.0,True,False,True,,,
SIM_DIR-1784848446,SIM_DIR,baseline,,103,103,348.0,0.0,0.0,1.0,1074.7642564860687,1074.741885104663,0.022371381405792683,1558.4081719047995,1397.1935334318894,,1397.1935334318894,,True,False,True,,,
SIM_DIR-1784848446,SIM_DIR,capstone_ii,,103,103,348.0,0.0,0.0,1.0,1074.7642564860687,1074.741885104663,0.022371381405792683,1158.2842564860687,1126.9642564860687,,1126.9642564860687,1200.0,True,False,True,,,
SIM_DIR-1784848446,SIM_DIR,capstone_iii_fit_1x,fit_1x,103,103,348.0,0.0,0.0,1.0,1074.7642564860687,1074.741885104663,0.022371381405792683,,,1128.6013507413018,1128.6013507413018,1200.0,True,False,True,,,
SIM_DIR-1784848446,SIM_DIR,capstone_iii_fit_2x,fit_2x,103,103,348.0,0.0,0.0,1.0,1074.7642564860687,1074.741885104663,0.022371381405792683,,,1182.338444996535,1182.338444996535,1200.0,True,False,True,,,
SIM_DIR-1784848446,SIM_DIR,capstone_iii_fit_activity,fit_activity,103,103,348.0,0.0,0.0,1.0,1074.7642564860687,1074.741885104663,0.022371381405792683,,,1171.5910261454883,1171.5910261454883,1200.0,True,False,True,,,
SIM_DIR-1784848446,SIM_DIR,capstone_iii_fit_activity_pvt,fit_activity_pvt,103,103,348.0,0.0,0.0,1.0,1074.7642564860687,1074.741885104663,0.022371381405792683,,,1203.833282698628,1203.833282698628,1200.0,False,True,False,,,
SIM_DIR-1784848446,SIM_DIR,baseline,,104,104,349.0,0.0,0.0,1.0,1078.8417322805628,1078.8193608991571,0.022371381405792683,1564.320511806816,1402.4942519647318,,1402.4942519647318,,True,False,True,,,
SIM_DIR-1784848446,SIM_DIR,capstone_ii,,104,104,349.0,0.0,0.0,1.0,1078.8417322805628,1078.8193608991571,0.022371381405792683,1162.6017322805628,1131.1917322805627,,1131.1917322805627,1200.0,True,False,True,,,
SIM_DIR-1784848446,SIM_DIR,capstone_iii_fit_1x,fit_1x,104,104,349.0,0.0,0.0,1.0,1078.8417322805628,1078.8193608991571,0.022371381405792683,,,1132.8827003255205,1132.8827003255205,1200.0,True,False,True,,,
SIM_DIR-1784848446,SIM_DIR,capstone_iii_fit_2x,fit_2x,104,104,349.0,0.0,0.0,1.0,1078.8417322805628,1078.8193608991571,0.022371381405792683,,,1186.8236683704783,1186.8236683704783,1200.0,True,False,True,,,
SIM_DIR-1784848446,SIM_DIR,capstone_iii_fit_activity,fit_activity,104,104,349.0,0.0,0.0,1.0,1078.8417322805628,1078.8193608991571,0.022371381405792683,,,1176.0354747614867,1176.0354747614867,1200.0,True,False,True,,,
SIM_DIR-1784848446,SIM_DIR,baseline,,105,105,350.0,0.0,0.0,1.0,1082.9245932569092,1082.9022218755035,0.022371381405792683,1570.2406602225183,1407.8019712339822,,1407.8019712339822,,True,False,True,,,
SIM_DIR-1784848446,SIM_DIR,capstone_ii,,105,105,350.0,0.0,0.0,1.0,1082.9245932569092,1082.9022218755035,0.022371381405792683,1166.9245932569092,1135.4245932569092,,1135.4245932569092,1200.0,True,False,True,,,
SIM_DIR-1784848446,SIM_DIR,capstone_iii_fit_1x,fit_1x,105,105,350.0,0.0,0.0,1.0,1082.9245932569092,1082.9022218755035,0.022371381405792683,,,1137.1697043506845,1137.1697043506845,1200.0,True,False,True,,,
SIM_DIR-1784848446,SIM_DIR,capstone_iii_fit_2x,fit_2x,105,105,350.0,0.0,0.0,1.0,1082.9245932569092,1082.9022218755035,0.022371381405792683,,,1191.3148154444596,1191.3148154444596,1200.0,True,False,True,,,
SIM_DIR-1784848446,SIM_DIR,capstone_iii_fit_activity,fit_activity,105,105,350.0,0.0,0.0,1.0,1082.9245932569092,1082.9022218755035,0.022371381405792683,,,1180.4857932257046,1180.4857932257046,1200.0,True,False,True,,,
SIM_DIR-1784848446,SIM_DIR,baseline,,106,106,353.0,0.0,0.0,1.0,1093.2065162200727,1093.184144838667,0.022371381405792683,1585.1494485191054,1421.1684710860945,,1421.1684710860945,,True,False,True,,,
SIM_DIR-1784848446,SIM_DIR,capstone_ii,,106,106,353.0,0.0,0.0,1.0,1093.2065162200727,1093.184144838667,0.022371381405792683,1177.9265162200727,1146.1565162200727,,1146.1565162200727,1200.0,True,False,True,,,
SIM_DIR-1784848446,SIM_DIR,capstone_iii_fit_1x,fit_1x,106,106,353.0,0.0,0.0,1.0,1093.2065162200727,1093.184144838667,0.022371381405792683,,,1147.965723462006,1147.965723462006,1200.0,True,False,True,,,
SIM_DIR-1784848446,SIM_DIR,capstone_iii_fit_2x,fit_2x,106,106,353.0,0.0,0.0,1.0,1093.2065162200727,1093.184144838667,0.022371381405792683,,,1202.6249307039393,1202.6249307039393,1200.0,False,True,False,,,
SIM_DIR-1784848446,SIM_DIR,capstone_iii_fit_activity,fit_activity,106,106,353.0,0.0,0.0,1.0,1093.2065162200727,1093.184144838667,0.022371381405792683,,,1191.6930892555526,1191.6930892555526,1200.0,True,False,True,,,
SIM_DIR-1784848446,SIM_DIR,baseline,,107,107,354.0,0.0,0.0,1.0,1097.3058079350917,1097.283436553686,0.022371381405792683,1591.0934215058828,1426.4975503156193,,1426.4975503156193,,True,False,True,,,
SIM_DIR-1784848446,SIM_DIR,capstone_ii,,107,107,354.0,0.0,0.0,1.0,1097.3058079350917,1097.283436553686,0.022371381405792683,1182.2658079350917,1150.4058079350916,,1150.4058079350916,1200.0,True,False,True,,,
SIM_DIR-1784848446,SIM_DIR,capstone_iii_fit_1x,fit_1x,107,107,354.0,0.0,0.0,1.0,1097.3058079350917,1097.283436553686,0.022371381405792683,,,1152.2699797627758,1152.2699797627758,1200.0,True,False,True,,,
SIM_DIR-1784848446,SIM_DIR,capstone_iii_fit_activity,fit_activity,107,107,354.0,0.0,0.0,1.0,1097.3058079350917,1097.283436553686,0.022371381405792683,,,1196.1613172249233,1196.1613172249233,1200.0,True,False,True,,,
SIM_DIR-1784848446,SIM_DIR,baseline,,108,108,360.0,0.0,0.0,1.0,1116.9229886261344,1116.9006172447287,0.022371381405792683,1619.5383335078948,1451.9998852139747,,1451.9998852139747,,True,False,True,,,
SIM_DIR-1784848446,SIM_DIR,capstone_ii,,108,108,360.0,0.0,0.0,1.0,1116.9229886261344,1116.9006172447287,0.022371381405792683,1203.3229886261345,1170.9229886261344,,1170.9229886261344,1200.0,True,False,True,,,
SIM_DIR-1784848446,SIM_DIR,capstone_iii_fit_1x,fit_1x,108,108,360.0,0.0,0.0,1.0,1116.9229886261344,1116.9006172447287,0.022371381405792683,,,1172.868019488371,1172.868019488371,1200.0,True,False,True,,,
SIM_DIR-1784848446,SIM_DIR,capstone_iii_fit_activity,fit_activity,108,108,360.0,0.0,0.0,1.0,1116.9229886261344,1116.9006172447287,0.022371381405792683,,,1217.5440441781598,1217.5440441781598,1200.0,False,True,False,,,
SIM_DIR-1784848446,SIM_DIR,baseline,,109,109,365.0,0.0,0.0,1.0,1133.4685187327648,1133.446147351359,0.022371381405792683,1643.529352162509,1473.5090743525943,,1473.5090743525943,,True,False,True,,,
SIM_DIR-1784848446,SIM_DIR,capstone_ii,,109,109,365.0,0.0,0.0,1.0,1133.4685187327648,1133.446147351359,0.022371381405792683,1221.0685187327647,1188.2185187327648,,1188.2185187327648,1200.0,True,False,True,,,
SIM_DIR-1784848446,SIM_DIR,capstone_iii_fit_1x,fit_1x,109,109,365.0,0.0,0.0,1.0,1133.4685187327648,1133.446147351359,0.022371381405792683,,,1190.2408261003327,1190.2408261003327,1200.0,True,False,True,,,
SIM_DIR-1784848446,SIM_DIR,baseline,,110,110,370.0,0.0,0.0,1.0,1150.0420584739986,1150.019687092593,0.022371381405792683,1667.560984787298,1495.0546760161983,,1495.0546760161983,,True,False,True,,,
SIM_DIR-1784848446,SIM_DIR,capstone_ii,,110,110,370.0,0.0,0.0,1.0,1150.0420584739986,1150.019687092593,0.022371381405792683,1238.8420584739986,1205.5420584739986,,1205.5420584739986,1200.0,False,True,False,,,
SIM_DIR-1784848446,SIM_DIR,capstone_iii_fit_1x,fit_1x,110,110,370.0,0.0,0.0,1.0,1150.0420584739986,1150.019687092593,0.022371381405792683,,,1207.6430428286283,1207.6430428286283,1200.0,False,True,False,,,
SIM_DIR-1784848446,SIM_DIR,baseline,,111,111,373.0,0.0,0.0,1.0,1160.4216175403906,1160.3992461589849,0.022371381405792683,1682.6113454335664,1508.5481028025079,,1508.5481028025079,,True,False,True,,,
SIM_DIR-1784848446,SIM_DIR,baseline,,112,112,373.0,0.0,0.0,1.0,1161.4764007670924,1161.4540293856867,0.022371381405792683,1684.140781112284,1509.9193209972202,,1509.9193209972202,,True,False,True,,,
SIM_DIR-1784848446,SIM_DIR,baseline,,113,113,374.0,0.0,0.0,1.0,1165.6475383266213,1165.6251669452156,0.022371381405792683,1690.1889305736008,1515.3417998246077,,1515.3417998246077,,True,False,True,,,
SIM_DIR-1784848446,SIM_DIR,baseline,,114,114,375.0,0.0,0.0,1.0,1169.8240393384137,1169.801667957008,0.022371381405792683,1696.2448570406998,1520.771251139938,,1520.771251139938,,True,False,True,,,
SIM_DIR-1784848446,SIM_DIR,baseline,,115,115,376.0,0.0,0.0,1.0,1174.0059028656526,1173.983531484247,0.022371381405792683,1702.3085591551962,1526.2076737253485,,1526.2076737253485,,True,False,True,,,
SIM_DIR-1784848446,SIM_DIR,baseline,,116,116,377.0,0.0,0.0,1.0,1178.1931279791427,1178.170756597737,0.022371381405792683,1708.3800355697567,1531.6510663728855,,1531.6510663728855,,True,False,True,,,
SIM_DIR-1784848446,SIM_DIR,baseline,,117,117,379.0,0.0,0.0,1.0,1185.5136591074584,1185.4912877260526,0.022371381405792683,1718.9948057058145,1541.1677568396958,,1541.1677568396958,,True,False,True,,,
SIM_DIR-1784848446,SIM_DIR,baseline,,118,118,381.0,0.0,0.0,1.0,1192.8451964252379,1192.8228250438322,0.022371381405792683,1729.6255348165948,1550.6987553528093,,1550.6987553528093,,True,False,True,,,
SIM_DIR-1784848446,SIM_DIR,baseline,,119,119,383.0,0.0,0.0,1.0,1200.1877367553727,1200.165365373967,0.022371381405792683,1740.2722182952905,1560.2440577819846,,1560.2440577819846,,True,False,True,,,
SIM_DIR-1784848446,SIM_DIR,baseline,,120,120,385.0,0.0,0.0,1.0,1207.5412769425866,1207.5189055611809,0.022371381405792683,1750.9348515667505,1569.8036600253627,,1569.8036600253627,,True,False,True,,,
SIM_DIR-1784848446,SIM_DIR,baseline,,121,121,385.0,0.0,0.0,1.0,1208.627346450339,1208.6049750689333,0.022371381405792683,1752.5096523529915,1571.2155503854408,,1571.2155503854408,,True,False,True,,,
SIM_DIR-1784848446,SIM_DIR,baseline,,122,122,386.0,0.0,0.0,1.0,1212.8551826300115,1212.8328112486058,0.022371381405792683,1758.6400148135167,1576.711737419015,,1576.711737419015,,True,False,True,,,
SIM_DIR-1784848446,SIM_DIR,baseline,,123,123,392.0,0.0,0.0,1.0,1232.812738804782,1232.7903674233762,0.022371381405792683,1787.5784712669338,1602.6565604462166,,1602.6565604462166,,True,False,True,,,
SIM_DIR-1784848446,SIM_DIR,baseline,,124,124,392.0,0.0,0.0,1.0,1233.9176817946654,1233.8953104132597,0.022371381405792683,1789.180638602265,1604.092986333065,,1604.092986333065,,True,False,True,,,
SIM_DIR-1784848446,SIM_DIR,baseline,,125,125,392.0,0.0,0.0,1.0,1235.0223364659707,1234.999965084565,0.022371381405792683,1790.7823878756576,1605.529037405762,,1605.529037405762,,True,False,True,,,
SIM_DIR-1784848446,SIM_DIR,baseline,,126,126,393.0,0.0,0.0,1.0,1239.280031566743,1239.2576601853373,0.022371381405792683,1796.9560457717773,1611.064041036766,,1611.064041036766,,True,False,True,,,
SIM_DIR-1784848446,SIM_DIR,baseline,,127,127,393.0,0.0,0.0,1.0,1240.3869302353492,1240.3645588539434,0.022371381405792683,1798.5610488412563,1612.503009305954,,1612.503009305954,,True,False,True,,,
SIM_DIR-1784848446,SIM_DIR,baseline,,128,128,397.0,0.0,0.0,1.0,1254.1293828514126,1254.107011470007,0.022371381405792683,1818.4876051345482,1630.3681977068366,,1630.3681977068366,,True,False,True,,,
SIM_DIR-1784848446,SIM_DIR,baseline,,129,129,399.0,0.0,0.0,1.0,1261.5705229423643,1261.5481515609586,0.022371381405792683,1829.2772582664281,1640.0416798250735,,1640.0416798250735,,True,False,True,,,
SIM_DIR-1784848446,SIM_DIR,baseline,,130,130,400.0,0.0,0.0,1.0,1265.8580461944448,1265.835674813039,0.022371381405792683,1835.494166981945,1645.6154600527782,,1645.6154600527782,,True,False,True,,,
SIM_DIR-1784848446,SIM_DIR,baseline,,131,131,402.0,0.0,0.0,1.0,1273.3183143878541,1273.2959430064484,0.022371381405792683,1846.3115558623883,1655.3138087042105,,1655.3138087042105,,True,False,True,,,
SIM_DIR-1784848446,SIM_DIR,baseline,,132,132,402.0,0.0,0.0,1.0,1274.4491182097215,1274.4267468283158,0.022371381405792683,1847.9512214040963,1656.783853672638,,1656.783853672638,,True,False,True,,,
SIM_DIR-1784848446,SIM_DIR,baseline,,133,133,402.0,0.0,0.0,1.0,1275.5796373887947,1275.557266007389,0.022371381405792683,1849.5904742137523,1658.253528605433,,1658.253528605433,,True,False,True,,,
SIM_DIR-1784848446,SIM_DIR,baseline,,134,134,403.0,0.0,0.0,1.0,1279.8857128299285,1279.8633414485228,0.022371381405792683,1855.8342836033962,1663.851426678907,,1663.851426678907,,True,False,True,,,
SIM_DIR-1784848446,SIM_DIR,baseline,,135,135,406.0,0.0,0.0,1.0,1290.5544287539374,1290.5320573725317,0.022371381405792683,1871.303921693209,1677.7207573801186,,1677.7207573801186,,True,False,True,,,
SIM_DIR-1784848446,SIM_DIR,baseline,,136,136,421.0,0.0,0.0,1.0,1339.417250399158,1339.3948790177524,0.022371381405792683,1942.1550130787791,1741.2424255189055,,1741.2424255189055,,True,False,True,,,
SIM_DIR-1784848446,SIM_DIR,baseline,,137,137,421.0,0.0,0.0,1.0,1340.6000237384292,1340.5776523570235,0.022371381405792683,1943.8700344207223,1742.780030859958,,1742.780030859958,,True,False,True,,,
SIM_DIR-1784848446,SIM_DIR,baseline,,138,138,421.0,0.0,0.0,1.0,1341.7825059697093,1341.7601345883036,0.022371381405792683,1945.5846336560785,1744.3172577606222,,1744.3172577606222,,True,False,True,,,
SIM_DIR-1784848446,SIM_DIR,baseline,,139,139,421.0,0.0,0.0,1.0,1342.964698469832,1342.9423270884263,0.022371381405792683,1947.2988127812564,1745.8541080107816,,1745.8541080107816,,True,False,True,,,
SIM_DIR-1784848446,SIM_DIR,baseline,,140,140,421.0,0.0,0.0,1.0,1344.1466026088092,1344.1242312274035,0.022371381405792683,1949.0125737827732,1747.390583391452,,1747.390583391452,,True,False,True,,,
SIM_DIR-1784848446,SIM_DIR,baseline,,141,141,421.0,0.0,0.0,1.0,1345.328219749874,1345.3058483684683,0.022371381405792683,1950.7259186373174,1748.9266856748363,,1748.9266856748363,,True,False,True,,,
SIM_DIR-1784848446,SIM_DIR,baseline,,142,142,424.0,0.0,0.0,1.0,1356.1044717711482,1356.0821003897424,0.022371381405792683,1966.3514840681648,1762.9358133024928,,1762.9358133024928,,True,False,True,,,
SIM_DIR-1784848446,SIM_DIR,baseline,,143,143,425.0,0.0,0.0,1.0,1360.4950471708735,1360.4726757894678,0.022371381405792683,1972.7178183977665,1768.6435613221356,,1768.6435613221356,,True,False,True,,,
SIM_DIR-1784848446,SIM_DIR,baseline,,144,144,426.0,0.0,0.0,1.0,1364.890946937282,1364.8685755558763,0.022371381405792683,1979.0918730590588,1774.3582310184668,,1774.3582310184668,,True,False,True,,,
SIM_DIR-1784848446,SIM_DIR,baseline,,145,145,428.0,0.0,0.0,1.0,1372.4988912505262,1372.4765198691205,0.022371381405792683,1990.123392313263,1784.2485586256842,,1784.2485586256842,,True,False,True,,,
SIM_DIR-1784848446,SIM_DIR,baseline,,146,146,429.0,0.0,0.0,1.0,1376.9082411053687,1376.885869723963,0.022371381405792683,1996.5169496027845,1789.9807134369794,,1789.9807134369794,,True,False,True,,,
SIM_DIR-1784848446,SIM_DIR,baseline,,147,147,431.0,0.0,0.0,1.0,1384.535239540606,1384.5128681592003,0.022371381405792683,2007.5760973338786,1799.8958114027878,,1799.8958114027878,,True,False,True,,,
SIM_DIR-1784850421,SIM_DIR,baseline,,0,0,55.0,0.0,0.0,1.0,153.54051666598426,153.51814528457845,0.022371381405792683,222.63374916567716,199.60267166577955,,199.60267166577955,,True,False,True,,,
SIM_DIR-1784850421,SIM_DIR,capstone_i,,0,0,55.0,0.0,0.0,1.0,153.54051666598426,153.51814528457845,0.022371381405792683,222.63374916567716,199.60267166577955,,199.60267166577955,1300.0,True,False,True,,,
SIM_DIR-1784850421,SIM_DIR,capstone_ii,,0,0,55.0,0.0,0.0,1.0,153.54051666598426,153.51814528457845,0.022371381405792683,236.74051666598427,205.54051666598426,,205.54051666598426,1300.0,True,False,True,,,
SIM_DIR-1784850421,SIM_DIR,capstone_iii_fit_1x,fit_1x,0,0,55.0,0.0,0.0,1.0,153.54051666598426,153.51814528457845,0.022371381405792683,,,161.31642393021318,161.31642393021318,1300.0,True,False,True,,,
SIM_DIR-1784850421,SIM_DIR,capstone_iii_fit_2x,fit_2x,0,0,55.0,0.0,0.0,1.0,153.54051666598426,153.51814528457845,0.022371381405792683,,,168.99233119444207,168.99233119444207,1300.0,True,False,True,,,
SIM_DIR-1784850421,SIM_DIR,capstone_iii_fit_activity,fit_activity,0,0,55.0,0.0,0.0,1.0,153.54051666598426,153.51814528457845,0.022371381405792683,,,167.4571497415963,167.4571497415963,1300.0,True,False,True,,,
SIM_DIR-1784850421,SIM_DIR,capstone_iii_fit_activity_pvt,fit_activity_pvt,0,0,55.0,0.0,0.0,1.0,153.54051666598426,153.51814528457845,0.022371381405792683,,,172.06269410013365,172.06269410013365,1300.0,True,False,True,,,
SIM_DIR-1784850421,SIM_DIR,capstone_iii_full,full,0,0,55.0,0.0,0.0,1.0,153.54051666598426,153.51814528457845,0.022371381405792683,,,176.66823845867103,176.66823845867103,1300.0,True,False,True,,,
SIM_DIR-1784850421,SIM_DIR,baseline,,1,1,59.0,0.0,0.0,1.0,164.87910281878172,164.8567314373759,0.022371381405792683,239.07469908723348,214.34283366441625,,214.34283366441625,,True,False,True,,,
SIM_DIR-1784850421,SIM_DIR,capstone_i,,1,1,59.0,0.0,0.0,1.0,164.87910281878172,164.8567314373759,0.022371381405792683,239.07469908723348,214.34283366441625,,214.34283366441625,1300.0,True,False,True,,,
SIM_DIR-1784850421,SIM_DIR,capstone_ii,,1,1,59.0,0.0,0.0,1.0,164.87910281878172,164.8567314373759,0.022371381405792683,248.07910281878173,216.87910281878172,,216.87910281878172,1300.0,True,False,True,,,
SIM_DIR-1784850421,SIM_DIR,capstone_iii_fit_1x,fit_1x,1,1,59.0,0.0,0.0,1.0,164.87910281878172,164.8567314373759,0.022371381405792683,,,173.22193939065053,173.22193939065053,1300.0,True,False,True,,,
SIM_DIR-1784850421,SIM_DIR,capstone_iii_fit_2x,fit_2x,1,1,59.0,0.0,0.0,1.0,164.87910281878172,164.8567314373759,0.022371381405792683,,,181.4647759625193,181.4647759625193,1300.0,True,False,True,,,
SIM_DIR-1784850421,SIM_DIR,capstone_iii_fit_activity,fit_activity,1,1,59.0,0.0,0.0,1.0,164.87910281878172,164.8567314373759,0.022371381405792683,,,179.81620864814556,179.81620864814556,1300.0,True,False,True,,,
SIM_DIR-1784850421,SIM_DIR,capstone_iii_fit_activity_pvt,fit_activity_pvt,1,1,59.0,0.0,0.0,1.0,164.87910281878172,164.8567314373759,0.022371381405792683,,,184.76191059126683,184.76191059126683,1300.0,True,False,True,,,
SIM_DIR-1784850421,SIM_DIR,capstone_iii_full,full,1,1,59.0,0.0,0.0,1.0,164.87910281878172,164.8567314373759,0.022371381405792683,,,189.70761253438812,189.70761253438812,1300.0,True,False,True,,,
SIM_DIR-1784850421,SIM_DIR,baseline,,2,2,63.0,0.0,0.0,1.0,176.24114707877294,176.21877569736714,0.022371381405792683,255.54966326422075,229.11349120240482,,229.11349120240482,,True,False,True,,,
SIM_DIR-1784850421,SIM_DIR,capstone_i,,2,2,63.0,0.0,0.0,1.0,176.24114707877294,176.21877569736714,0.022371381405792683,255.54966326422075,229.11349120240482,,229.11349120240482,1300.0,True,False,True,,,
SIM_DIR-1784850421,SIM_DIR,capstone_ii,,2,2,63.0,0.0,0.0,1.0,176.24114707877294,176.21877569736714,0.022371381405792683,259.44114707877293,228.24114707877294,,228.24114707877294,1300.0,True,False,True,,,
SIM_DIR-1784850421,SIM_DIR,capstone_iii_fit_1x,fit_1x,2,2,63.0,0.0,0.0,1.0,176.24114707877294,176.21877569736714,0.022371381405792683,,,185.1520858636413,185.1520858636413,1300.0,True,False,True,,,
SIM_DIR-1784850421,SIM_DIR,capstone_iii_fit_2x,fit_2x,2,2,63.0,0.0,0.0,1.0,176.24114707877294,176.21877569736714,0.022371381405792683,,,193.96302464850964,193.96302464850964,1300.0,True,False,True,,,
SIM_DIR-1784850421,SIM_DIR,capstone_iii_fit_activity,fit_activity,2,2,63.0,0.0,0.0,1.0,176.24114707877294,176.21877569736714,0.022371381405792683,,,192.20083689153597,192.20083689153597,1300.0,True,False,True,,,
SIM_DIR-1784850421,SIM_DIR,capstone_iii_fit_activity_pvt,fit_activity_pvt,2,2,63.0,0.0,0.0,1.0,176.24114707877294,176.21877569736714,0.022371381405792683,,,197.487400162457,197.487400162457,1300.0,True,False,True,,,
SIM_DIR-1784850421,SIM_DIR,capstone_iii_full,full,2,2,63.0,0.0,0.0,1.0,176.24114707877294,176.21877569736714,0.022371381405792683,,,202.77396343337801,202.77396343337801,1300.0,True,False,True,,,
SIM_DIR-1784850421,SIM_DIR,baseline,,3,3,68.0,0.0,0.0,1.0,190.42669734688826,190.40432596548246,0.022371381405792683,276.118711152988,247.55470655095473,,247.55470655095473,,True,False,True,,,
SIM_DIR-1784850421,SIM_DIR,capstone_i,,3,3,68.0,0.0,0.0,1.0,190.42669734688826,190.40432596548246,0.022371381405792683,276.118711152988,247.55470655095473,,247.55470655095473,1300.0,True,False,True,,,
SIM_DIR-1784850421,SIM_DIR,capstone_ii,,3,3,68.0,0.0,0.0,1.0,190.42669734688826,190.40432596548246,0.022371381405792683,273.62669734688825,242.42669734688826,,242.42669734688826,1300.0,True,False,True,,,
SIM_DIR-1784850421,SIM_DIR,capstone_iii_fit_1x,fit_1x,3,3,68.0,0.0,0.0,1.0,190.42669734688826,190.40432596548246,0.022371381405792683,,,200.0469136451624,200.0469136451624,1300.0,True,False,True,,,
SIM_DIR-1784850421,SIM_DIR,capstone_iii_fit_2x,fit_2x,3,3,68.0,0.0,0.0,1.0,190.42669734688826,190.40432596548246,0.022371381405792683,,,209.56712994343647,209.56712994343647,1300.0,True,False,True,,,
SIM_DIR-1784850421,SIM_DIR,capstone_iii_fit_activity,fit_activity,3,3,68.0,0.0,0.0,1.0,190.42669734688826,190.40432596548246,0.022371381405792683,,,207.66308668378167,207.66308668378167,1300.0,True,False,True,,,
SIM_DIR-1784850421,SIM_DIR,capstone_iii_fit_activity_pvt,fit_activity_pvt,3,3,68.0,0.0,0.0,1.0,190.42669734688826,190.40432596548246,0.022371381405792683,,,213.37521646274612,213.37521646274612,1300.0,True,False,True,,,
SIM_DIR-1784850421,SIM_DIR,capstone_iii_full,full,3,3,68.0,0.0,0.0,1.0,190.42669734688826,190.40432596548246,0.022371381405792683,,,219.0873462417106,219.0873462417106,1300.0,True,False,True,,,
SIM_DIR-1784850421,SIM_DIR,baseline,,4,4,70.0,0.0,0.0,1.0,196.23254468811038,196.21017330670458,0.022371381405792683,284.53718979776005,255.1023080945435,,255.1023080945435,,True,False,True,,,
SIM_DIR-1784850421,SIM_DIR,capstone_i,,4,4,70.0,0.0,0.0,1.0,196.23254468811038,196.21017330670458,0.022371381405792683,284.53718979776005,255.1023080945435,,255.1023080945435,1300.0,True,False,True,,,
SIM_DIR-1784850421,SIM_DIR,capstone_ii,,4,4,70.0,0.0,0.0,1.0,196.23254468811038,196.21017330670458,0.022371381405792683,279.4325446881104,248.23254468811038,,248.23254468811038,1300.0,True,False,True,,,
SIM_DIR-1784850421,SIM_DIR,capstone_iii_fit_1x,fit_1x,4,4,70.0,0.0,0.0,1.0,196.23254468811038,196.21017330670458,0.022371381405792683,,,206.14305335344562,206.14305335344562,1300.0,True,False,True,,,
SIM_DIR-1784850421,SIM_DIR,capstone_iii_fit_2x,fit_2x,4,4,70.0,0.0,0.0,1.0,196.23254468811038,196.21017330670458,0.022371381405792683,,,215.95356201878084,215.95356201878084,1300.0,True,False,True,,,
SIM_DIR-1784850421,SIM_DIR,capstone_iii_fit_activity,fit_activity,4,4,70.0,0.0,0.0,1.0,196.23254468811038,196.21017330670458,0.022371381405792683,,,213.99146028571383,213.99146028571383,1300.0,True,False,True,,,
SIM_DIR-1784850421,SIM_DIR,capstone_iii_fit_activity_pvt,fit_activity_pvt,4,4,70.0,0.0,0.0,1.0,196.23254468811038,196.21017330670458,0.022371381405792683,,,219.87776548491493,219.87776548491493,1300.0,True,False,True,,,
SIM_DIR-1784850421,SIM_DIR,capstone_iii_full,full,4,4,70.0,0.0,0.0,1.0,196.23254468811038,196.21017330670458,0.022371381405792683,,,225.76407068411606,225.76407068411606,1300.0,True,False,True,,,
SIM_DIR-1784850421,SIM_DIR,baseline,,5,5,75.0,0.0,0.0,1.0,210.46787188107527,210.44550049966946,0.022371381405792683,305.17841422755913,273.60823344539784,,273.60823344539784,,True,False,True,,,
SIM_DIR-1784850421,SIM_DIR,capstone_i,,5,5,75.0,0.0,0.0,1.0,210.46787188107527,210.44550049966946,0.022371381405792683,305.17841422755913,273.60823344539784,,273.60823344539784,1300.0,True,False,True,,,
SIM_DIR-1784850421,SIM_DIR,capstone_ii,,5,5,75.0,0.0,0.0,1.0,210.46787188107527,210.44550049966946,0.022371381405792683,293.66787188107526,262.46787188107527,,262.46787188107527,1300.0,True,False,True,,,
SIM_DIR-1784850421,SIM_DIR,capstone_iii_fit_1x,fit_1x,5,5,75.0,0.0,0.0,1.0,210.46787188107527,210.44550049966946,0.022371381405792683,,,221.09014690605875,221.09014690605875,1300.0,True,False,True,,,
SIM_DIR-1784850421,SIM_DIR,capstone_iii_fit_2x,fit_2x,5,5,75.0,0.0,0.0,1.0,210.46787188107527,210.44550049966946,0.022371381405792683,,,231.6124219310422,231.6124219310422,1300.0,True,False,True,,,
SIM_DIR-1784850421,SIM_DIR,capstone_iii_fit_activity,fit_activity,5,5,75.0,0.0,0.0,1.0,210.46787188107527,210.44550049966946,0.022371381405792683,,,229.5079669260455,229.5079669260455,1300.0,True,False,True,,,
SIM_DIR-1784850421,SIM_DIR,capstone_iii_fit_activity_pvt,fit_activity_pvt,5,5,75.0,0.0,0.0,1.0,210.46787188107527,210.44550049966946,0.022371381405792683,,,235.8213319410356,235.8213319410356,1300.0,True,False,True,,,
SIM_DIR-1784850421,SIM_DIR,capstone_iii_full,full,5,5,75.0,0.0,0.0,1.0,210.46787188107527,210.44550049966946,0.022371381405792683,,,242.1346969560257,242.1346969560257,1300.0,True,False,True,,,
SIM_DIR-1784850421,SIM_DIR,baseline,,6,6,77.0,0.0,0.0,1.0,216.3058400546699,216.28346867326408,0.022371381405792683,313.6434680792713,281.19759207107086,,281.19759207107086,,True,False,True,,,
SIM_DIR-1784850421,SIM_DIR,capstone_i,,6,6,77.0,0.0,0.0,1.0,216.3058400546699,216.28346867326408,0.022371381405792683,313.6434680792713,281.19759207107086,,281.19759207107086,1300.0,True,False,True,,,
SIM_DIR-1784850421,SIM_DIR,capstone_ii,,6,6,77.0,0.0,0.0,1.0,216.3058400546699,216.28346867326408,0.022371381405792683,299.5058400546699,268.3058400546699,,268.3058400546699,1300.0,True,False,True,,,
SIM_DIR-1784850421,SIM_DIR,capstone_iii_fit_1x,fit_1x,6,6,77.0,0.0,0.0,1.0,216.3058400546699,216.28346867326408,0.022371381405792683,,,227.22001348833308,227.22001348833308,1300.0,True,False,True,,,
SIM_DIR-1784850421,SIM_DIR,capstone_iii_fit_2x,fit_2x,6,6,77.0,0.0,0.0,1.0,216.3058400546699,216.28346867326408,0.022371381405792683,,,238.03418692199628,238.03418692199628,1300.0,True,False,True,,,
SIM_DIR-1784850421,SIM_DIR,capstone_iii_fit_activity,fit_activity,6,6,77.0,0.0,0.0,1.0,216.3058400546699,216.28346867326408,0.022371381405792683,,,235.87135223526363,235.87135223526363,1300.0,True,False,True,,,
SIM_DIR-1784850421,SIM_DIR,capstone_iii_fit_activity_pvt,fit_activity_pvt,6,6,77.0,0.0,0.0,1.0,216.3058400546699,216.28346867326408,0.022371381405792683,,,242.35985629546158,242.35985629546158,1300.0,True,False,True,,,
SIM_DIR-1784850421,SIM_DIR,capstone_iii_full,full,6,6,77.0,0.0,0.0,1.0,216.3058400546699,216.28346867326408,0.022371381405792683,,,248.84836035565948,248.84836035565948,1300.0,True,False,True,,,
SIM_DIR-1784850421,SIM_DIR,baseline,,7,7,85.0,0.0,0.0,1.0,239.0263159208191,239.00394453941328,0.022371381405792683,346.5881580851877,310.73421069706484,,310.73421069706484,,True,False,True,,,
SIM_DIR-1784850421,SIM_DIR,capstone_i,,7,7,85.0,0.0,0.0,1.0,239.0263159208191,239.00394453941328,0.022371381405792683,346.5881580851877,310.73421069706484,,310.73421069706484,1300.0,True,False,True,,,
SIM_DIR-1784850421,SIM_DIR,capstone_ii,,7,7,85.0,0.0,0.0,1.0,239.0263159208191,239.00394453941328,0.022371381405792683,322.2263159208191,291.0263159208191,,291.0263159208191,1300.0,True,False,True,,,
SIM_DIR-1784850421,SIM_DIR,capstone_iii_fit_1x,fit_1x,7,7,85.0,0.0,0.0,1.0,239.0263159208191,239.00394453941328,0.022371381405792683,,,251.07651314778977,251.07651314778977,1300.0,True,False,True,,,
SIM_DIR-1784850421,SIM_DIR,capstone_iii_fit_2x,fit_2x,7,7,85.0,0.0,0.0,1.0,239.0263159208191,239.00394453941328,0.022371381405792683,,,263.0267103747604,263.0267103747604,1300.0,True,False,True,,,
SIM_DIR-1784850421,SIM_DIR,capstone_iii_fit_activity,fit_activity,7,7,85.0,0.0,0.0,1.0,239.0263159208191,239.00394453941328,0.022371381405792683,,,260.6366709293663,260.6366709293663,1300.0,True,False,True,,,
SIM_DIR-1784850421,SIM_DIR,capstone_iii_fit_activity_pvt,fit_activity_pvt,7,7,85.0,0.0,0.0,1.0,239.0263159208191,239.00394453941328,0.022371381405792683,,,267.8067892655487,267.8067892655487,1300.0,True,False,True,,,
SIM_DIR-1784850421,SIM_DIR,capstone_iii_full,full,7,7,85.0,0.0,0.0,1.0,239.0263159208191,239.00394453941328,0.022371381405792683,,,274.97690760173106,274.97690760173106,1300.0,True,False,True,,,
SIM_DIR-1784850421,SIM_DIR,baseline,,8,8,86.0,0.0,0.0,1.0,242.0904156239797,242.0680442425739,0.022371381405792683,351.03110265477056,314.71754031117365,,314.71754031117365,,True,False,True,,,
SIM_DIR-1784850421,SIM_DIR,capstone_i,,8,8,86.0,0.0,0.0,1.0,242.0904156239797,242.0680442425739,0.022371381405792683,351.03110265477056,314.71754031117365,,314.71754031117365,1300.0,True,False,True,,,
SIM_DIR-1784850421,SIM_DIR,capstone_ii,,8,8,86.0,0.0,0.0,1.0,242.0904156239797,242.0680442425739,0.022371381405792683,325.2904156239797,294.0904156239797,,294.0904156239797,1300.0,True,False,True,,,
SIM_DIR-1784850421,SIM_DIR,capstone_iii_fit_1x,fit_1x,8,8,86.0,0.0,0.0,1.0,242.0904156239797,242.0680442425739,0.022371381405792683,,,254.2938178361084,254.2938178361084,1300.0,True,False,True,,,
SIM_DIR-1784850421,SIM_DIR,capstone_iii_fit_2x,fit_2x,8,8,86.0,0.0,0.0,1.0,242.0904156239797,242.0680442425739,0.022371381405792683,,,266.39722004823705,266.39722004823705,1300.0,True,False,True,,,
SIM_DIR-1784850421,SIM_DIR,capstone_iii_fit_activity,fit_activity,8,8,86.0,0.0,0.0,1.0,242.0904156239797,242.0680442425739,0.022371381405792683,,,263.97653960581135,263.97653960581135,1300.0,True,False,True,,,
SIM_DIR-1784850421,SIM_DIR,capstone_iii_fit_activity_pvt,fit_activity_pvt,8,8,86.0,0.0,0.0,1.0,242.0904156239797,242.0680442425739,0.022371381405792683,,,271.2385809330886,271.2385809330886,1300.0,True,False,True,,,
SIM_DIR-1784850421,SIM_DIR,capstone_iii_full,full,8,8,86.0,0.0,0.0,1.0,242.0904156239797,242.0680442425739,0.022371381405792683,,,278.5006222603658,278.5006222603658,1300.0,True,False,True,,,
SIM_DIR-1784850421,SIM_DIR,baseline,,9,9,96.0,0.0,0.0,1.0,270.5193622341472,270.4969908527414,0.022371381405792683,392.2530752395134,351.6751709043914,,351.6751709043914,,True,False,True,,,
SIM_DIR-1784850421,SIM_DIR,capstone_i,,9,9,96.0,0.0,0.0,1.0,270.5193622341472,270.4969908527414,0.022371381405792683,392.2530752395134,351.6751709043914,,351.6751709043914,1300.0,True,False,True,,,
SIM_DIR-1784850421,SIM_DIR,capstone_ii,,9,9,96.0,0.0,0.0,1.0,270.5193622341472,270.4969908527414,0.022371381405792683,353.7193622341472,322.5193622341472,,322.5193622341472,1300.0,True,False,True,,,
SIM_DIR-1784850421,SIM_DIR,capstone_iii_fit_1x,fit_1x,9,9,96.0,0.0,0.0,1.0,270.5193622341472,270.4969908527414,0.022371381405792683,,,284.1442117767843,284.1442117767843,1300.0,True,False,True,,,
SIM_DIR-1784850421,SIM_DIR,capstone_iii_fit_2x,fit_2x,9,9,96.0,0.0,0.0,1.0,270.5193622341472,270.4969908527414,0.022371381405792683,,,297.6690613194213,297.6690613194213,1300.0,True,False,True,,,
SIM_DIR-1784850421,SIM_DIR,capstone_iii_fit_activity,fit_activity,9,9,96.0,0.0,0.0,1.0,270.5193622341472,270.4969908527414,0.022371381405792683,,,294.96409141089396,294.96409141089396,1300.0,True,False,True,,,
SIM_DIR-1784850421,SIM_DIR,capstone_iii_fit_activity_pvt,fit_activity_pvt,9,9,96.0,0.0,0.0,1.0,270.5193622341472,270.4969908527414,0.022371381405792683,,,303.07900113647617,303.07900113647617,1300.0,True,False,True,,,
SIM_DIR-1784850421,SIM_DIR,capstone_iii_full,full,9,9,96.0,0.0,0.0,1.0,270.5193622341472,270.4969908527414,0.022371381405792683,,,311.1939108620584,311.1939108620584,1300.0,True,False,True,,,
SIM_DIR-1784850421,SIM_DIR,baseline,,10,10,97.0,0.0,0.0,1.0,273.6213455930682,273.59897421166244,0.022371381405792683,396.7509511099489,355.7077492709887,,355.7077492709887,,True,False,True,,,
SIM_DIR-1784850421,SIM_DIR,capstone_i,,10,10,97.0,0.0,0.0,1.0,273.6213455930682,273.59897421166244,0.022371381405792683,396.7509511099489,355.7077492709887,,355.7077492709887,1300.0,True,False,True,,,
SIM_DIR-1784850421,SIM_DIR,capstone_ii,,10,10,97.0,0.0,0.0,1.0,273.6213455930682,273.59897421166244,0.022371381405792683,356.8213455930682,325.6213455930682,,325.6213455930682,1300.0,True,False,True,,,
SIM_DIR-1784850421,SIM_DIR,capstone_iii_fit_1x,fit_1x,10,10,97.0,0.0,0.0,1.0,273.6213455930682,273.59897421166244,0.022371381405792683,,,287.4012943036514,287.4012943036514,1300.0,True,False,True,,,
SIM_DIR-1784850421,SIM_DIR,capstone_iii_fit_2x,fit_2x,10,10,97.0,0.0,0.0,1.0,273.6213455930682,273.59897421166244,0.022371381405792683,,,301.0812430142345,301.0812430142345,1300.0,True,False,True,,,
SIM_DIR-1784850421,SIM_DIR,capstone_iii_fit_activity,fit_activity,10,10,97.0,0.0,0.0,1.0,273.6213455930682,273.59897421166244,0.022371381405792683,,,298.3452532721178,298.3452532721178,1300.0,True,False,True,,,
SIM_DIR-1784850421,SIM_DIR,capstone_iii_fit_activity_pvt,fit_activity_pvt,10,10,97.0,0.0,0.0,1.0,273.6213455930682,273.59897421166244,0.022371381405792683,,,306.55322249846773,306.55322249846773,1300.0,True,False,True,,,
SIM_DIR-1784850421,SIM_DIR,capstone_iii_full,full,10,10,97.0,0.0,0.0,1.0,273.6213455930682,273.59897421166244,0.022371381405792683,,,314.7611917248176,314.7611917248176,1300.0,True,False,True,,,
SIM_DIR-1784850421,SIM_DIR,baseline,,11,11,99.0,0.0,0.0,1.0,279.55260246058526,279.5302310791795,0.022371381405792683,405.35127356784864,363.41838319876086,,363.41838319876086,,True,False,True,,,
SIM_DIR-1784850421,SIM_DIR,capstone_i,,11,11,99.0,0.0,0.0,1.0,279.55260246058526,279.5302310791795,0.022371381405792683,405.35127356784864,363.41838319876086,,363.41838319876086,1300.0,True,False,True,,,
SIM_DIR-1784850421,SIM_DIR,capstone_ii,,11,11,99.0,0.0,0.0,1.0,279.55260246058526,279.5302310791795,0.022371381405792683,362.75260246058525,331.55260246058526,,331.55260246058526,1300.0,True,False,True,,,
SIM_DIR-1784850421,SIM_DIR,capstone_iii_fit_1x,fit_1x,11,11,99.0,0.0,0.0,1.0,279.55260246058526,279.5302310791795,0.022371381405792683,,,293.62911401454426,293.62911401454426,1300.0,True,False,True,,,
SIM_DIR-1784850421,SIM_DIR,capstone_iii_fit_2x,fit_2x,11,11,99.0,0.0,0.0,1.0,279.55260246058526,279.5302310791795,0.022371381405792683,,,307.60562556850317,307.60562556850317,1300.0,True,False,True,,,
SIM_DIR-1784850421,SIM_DIR,capstone_iii_fit_activity,fit_activity,11,11,99.0,0.0,0.0,1.0,279.55260246058526,279.5302310791795,0.022371381405792683,,,304.8103232577114,304.8103232577114,1300.0,True,False,True,,,
SIM_DIR-1784850421,SIM_DIR,capstone_iii_fit_activity_pvt,fit_activity_pvt,11,11,99.0,0.0,0.0,1.0,279.55260246058526,279.5302310791795,0.022371381405792683,,,313.1962301900868,313.1962301900868,1300.0,True,False,True,,,
SIM_DIR-1784850421,SIM_DIR,capstone_iii_full,full,11,11,99.0,0.0,0.0,1.0,279.55260246058526,279.5302310791795,0.022371381405792683,,,321.58213712246214,321.58213712246214,1300.0,True,False,True,,,
SIM_DIR-1784850421,SIM_DIR,baseline,,12,12,107.0,0.0,0.0,1.0,302.45424546753594,302.43187408613016,0.022371381405792683,438.5586559279271,393.1905191077967,,393.1905191077967,,True,False,True,,,
SIM_DIR-1784850421,SIM_DIR,capstone_i,,12,12,107.0,0.0,0.0,1.0,302.45424546753594,302.43187408613016,0.022371381405792683,438.5586559279271,393.1905191077967,,393.1905191077967,1300.0,True,False,True,,,
SIM_DIR-1784850421,SIM_DIR,capstone_ii,,12,12,107.0,0.0,0.0,1.0,302.45424546753594,302.43187408613016,0.022371381405792683,391.47824546753594,358.0942454675359,,358.0942454675359,1300.0,True,False,True,,,
SIM_DIR-1784850421,SIM_DIR,capstone_iii_fit_1x,fit_1x,12,12,107.0,0.0,0.0,1.0,302.45424546753594,302.43187408613016,0.022371381405792683,,,317.67583917184254,317.67583917184254,1300.0,True,False,True,,,
SIM_DIR-1784850421,SIM_DIR,capstone_iii_fit_2x,fit_2x,12,12,107.0,0.0,0.0,1.0,302.45424546753594,302.43187408613016,0.022371381405792683,,,332.79743287614906,332.79743287614906,1300.0,True,False,True,,,
SIM_DIR-1784850421,SIM_DIR,capstone_iii_fit_activity,fit_activity,12,12,107.0,0.0,0.0,1.0,302.45424546753594,302.43187408613016,0.022371381405792683,,,329.7731141352877,329.7731141352877,1300.0,True,False,True,,,
SIM_DIR-1784850421,SIM_DIR,capstone_iii_fit_activity_pvt,fit_activity_pvt,12,12,107.0,0.0,0.0,1.0,302.45424546753594,302.43187408613016,0.022371381405792683,,,338.8460703578716,338.8460703578716,1300.0,True,False,True,,,
SIM_DIR-1784850421,SIM_DIR,capstone_iii_full,full,12,12,107.0,0.0,0.0,1.0,302.45424546753594,302.43187408613016,0.022371381405792683,,,347.9190265804555,347.9190265804555,1300.0,True,False,True,,,
SIM_DIR-1784850421,SIM_DIR,baseline,,13,13,108.0,0.0,0.0,1.0,305.5968438903139,305.5744725089081,0.022371381405792683,443.11542364095516,397.2758970574081,,397.2758970574081,,True,False,True,,,
SIM_DIR-1784850421,SIM_DIR,capstone_i,,13,13,108.0,0.0,0.0,1.0,305.5968438903139,305.5744725089081,0.022371381405792683,443.11542364095516,397.2758970574081,,397.2758970574081,1300.0,True,False,True,,,
SIM_DIR-1784850421,SIM_DIR,capstone_ii,,13,13,108.0,0.0,0.0,1.0,305.5968438903139,305.5744725089081,0.022371381405792683,395.4528438903139,361.7568438903139,,361.7568438903139,1300.0,True,False,True,,,
SIM_DIR-1784850421,SIM_DIR,capstone_iii_fit_1x,fit_1x,13,13,108.0,0.0,0.0,1.0,305.5968438903139,305.5744725089081,0.022371381405792683,,,320.97556751575934,320.97556751575934,1300.0,True,False,True,,,
SIM_DIR-1784850421,SIM_DIR,capstone_iii_fit_2x,fit_2x,13,13,108.0,0.0,0.0,1.0,305.5968438903139,305.5744725089081,0.022371381405792683,,,336.25429114120476,336.25429114120476,1300.0,True,False,True,,,
SIM_DIR-1784850421,SIM_DIR,capstone_iii_fit_activity,fit_activity,13,13,108.0,0.0,0.0,1.0,305.5968438903139,305.5744725089081,0.022371381405792683,,,333.1985464161157,333.1985464161157,1300.0,True,False,True,,,
SIM_DIR-1784850421,SIM_DIR,capstone_iii_fit_activity_pvt,fit_activity_pvt,13,13,108.0,0.0,0.0,1.0,305.5968438903139,305.5744725089081,0.022371381405792683,,,342.36578059138293,342.36578059138293,1300.0,True,False,True,,,
SIM_DIR-1784850421,SIM_DIR,capstone_iii_full,full,13,13,108.0,0.0,0.0,1.0,305.5968438903139,305.5744725089081,0.022371381405792683,,,351.5330147666501,351.5330147666501,1300.0,True,False,True,,,
SIM_DIR-1784850421,SIM_DIR,baseline,,14,14,109.0,0.0,0.0,1.0,308.7451584293499,308.7227870479441,0.022371381405792683,447.6804797225573,401.36870595815486,,401.36870595815486,,True,False,True,,,
SIM_DIR-1784850421,SIM_DIR,capstone_i,,14,14,109.0,0.0,0.0,1.0,308.7451584293499,308.7227870479441,0.022371381405792683,447.6804797225573,401.36870595815486,,401.36870595815486,1300.0,True,False,True,,,
SIM_DIR-1784850421,SIM_DIR,capstone_ii,,14,14,109.0,0.0,0.0,1.0,308.7451584293499,308.7227870479441,0.022371381405792683,399.4331584293499,365.4251584293499,,365.4251584293499,1300.0,True,False,True,,,
SIM_DIR-1784850421,SIM_DIR,capstone_iii_fit_1x,fit_1x,14,14,109.0,0.0,0.0,1.0,308.7451584293499,308.7227870479441,0.022371381405792683,,,324.2812977817471,324.2812977817471,1300.0,True,False,True,,,
SIM_DIR-1784850421,SIM_DIR,capstone_iii_fit_2x,fit_2x,14,14,109.0,0.0,0.0,1.0,308.7451584293499,308.7227870479441,0.022371381405792683,,,339.71743713414435,339.71743713414435,1300.0,True,False,True,,,
SIM_DIR-1784850421,SIM_DIR,capstone_iii_fit_activity,fit_activity,14,14,109.0,0.0,0.0,1.0,308.7451584293499,308.7227870479441,0.022371381405792683,,,336.6302092636649,336.6302092636649,1300.0,True,False,True,,,
SIM_DIR-1784850421,SIM_DIR,capstone_iii_fit_activity_pvt,fit_activity_pvt,14,14,109.0,0.0,0.0,1.0,308.7451584293499,308.7227870479441,0.022371381405792683,,,345.89189287510317,345.89189287510317,1300.0,True,False,True,,,
SIM_DIR-1784850421,SIM_DIR,capstone_iii_full,full,14,14,109.0,0.0,0.0,1.0,308.7451584293499,308.7227870479441,0.022371381405792683,,,355.1535764865415,355.1535764865415,1300.0,True,False,True,,,
SIM_DIR-1784850421,SIM_DIR,baseline,,15,15,115.0,0.0,0.0,1.0,326.07540483904125,326.0530334576355,0.022371381405792683,472.8093370166098,423.89802629075365,,423.89802629075365,,True,False,True,,,
SIM_DIR-1784850421,SIM_DIR,capstone_i,,15,15,115.0,0.0,0.0,1.0,326.07540483904125,326.0530334576355,0.022371381405792683,472.8093370166098,423.89802629075365,,423.89802629075365,1300.0,True,False,True,,,
SIM_DIR-1784850421,SIM_DIR,capstone_ii,,15,15,115.0,0.0,0.0,1.0,326.07540483904125,326.0530334576355,0.022371381405792683,421.75540483904126,385.87540483904127,,385.87540483904127,1300.0,True,False,True,,,
SIM_DIR-1784850421,SIM_DIR,capstone_iii_fit_1x,fit_1x,15,15,115.0,0.0,0.0,1.0,326.07540483904125,326.0530334576355,0.022371381405792683,,,342.4780565119231,342.4780565119231,1300.0,True,False,True,,,
SIM_DIR-1784850421,SIM_DIR,capstone_iii_fit_2x,fit_2x,15,15,115.0,0.0,0.0,1.0,326.07540483904125,326.0530334576355,0.022371381405792683,,,358.7807081848049,358.7807081848049,1300.0,True,False,True,,,
SIM_DIR-1784850421,SIM_DIR,capstone_iii_fit_activity,fit_activity,15,15,115.0,0.0,0.0,1.0,326.07540483904125,326.0530334576355,0.022371381405792683,,,355.5201778502285,355.5201778502285,1300.0,True,False,True,,,
SIM_DIR-1784850421,SIM_DIR,capstone_iii_fit_activity_pvt,fit_activity_pvt,15,15,115.0,0.0,0.0,1.0,326.07540483904125,326.0530334576355,0.022371381405792683,,,365.3017688539576,365.3017688539576,1300.0,True,False,True,,,
SIM_DIR-1784850421,SIM_DIR,capstone_iii_full,full,15,15,115.0,0.0,0.0,1.0,326.07540483904125,326.0530334576355,0.022371381405792683,,,375.0833598576866,375.0833598576866,1300.0,True,False,True,,,
SIM_DIR-1784850421,SIM_DIR,baseline,,16,16,121.0,0.0,0.0,1.0,343.44059487440677,343.418223493001,0.022371381405792683,497.9888625678898,446.47277333672884,,446.47277333672884,,True,False,True,,,
SIM_DIR-1784850421,SIM_DIR,capstone_i,,16,16,121.0,0.0,0.0,1.0,343.44059487440677,343.418223493001,0.022371381405792683,497.9888625678898,446.47277333672884,,446.47277333672884,1300.0,True,False,True,,,
SIM_DIR-1784850421,SIM_DIR,capstone_ii,,16,16,121.0,0.0,0.0,1.0,343.44059487440677,343.418223493001,0.022371381405792683,444.1125948744068,406.3605948744068,,406.3605948744068,1300.0,True,False,True,,,
SIM_DIR-1784850421,SIM_DIR,capstone_iii_fit_1x,fit_1x,16,16,121.0,0.0,0.0,1.0,343.44059487440677,343.418223493001,0.022371381405792683,,,360.7115060490569,360.7115060490569,1300.0,True,False,True,,,
SIM_DIR-1784850421,SIM_DIR,capstone_iii_fit_2x,fit_2x,16,16,121.0,0.0,0.0,1.0,343.44059487440677,343.418223493001,0.022371381405792683,,,377.8824172237069,377.8824172237069,1300.0,True,False,True,,,
SIM_DIR-1784850421,SIM_DIR,capstone_iii_fit_activity,fit_activity,16,16,121.0,0.0,0.0,1.0,343.44059487440677,343.418223493001,0.022371381405792683,,,374.44823498877685,374.44823498877685,1300.0,True,False,True,,,
SIM_DIR-1784850421,SIM_DIR,capstone_iii_fit_activity_pvt,fit_activity_pvt,16,16,121.0,0.0,0.0,1.0,343.44059487440677,343.418223493001,0.022371381405792683,,,384.7507816935669,384.7507816935669,1300.0,True,False,True,,,
SIM_DIR-1784850421,SIM_DIR,capstone_iii_full,full,16,16,121.0,0.0,0.0,1.0,343.44059487440677,343.418223493001,0.022371381405792683,,,395.05332839835694,395.05332839835694,1300.0,True,False,True,,,
SIM_DIR-1784850421,SIM_DIR,baseline,,17,17,123.0,0.0,0.0,1.0,349.4763497398922,349.45397835848644,0.022371381405792683,506.7407071228437,454.3192546618599,,454.3192546618599,,True,False,True,,,
SIM_DIR-1784850421,SIM_DIR,capstone_i,,17,17,123.0,0.0,0.0,1.0,349.4763497398922,349.45397835848644,0.022371381405792683,506.7407071228437,454.3192546618599,,454.3192546618599,1300.0,True,False,True,,,
SIM_DIR-1784850421,SIM_DIR,capstone_ii,,17,17,123.0,0.0,0.0,1.0,349.4763497398922,349.45397835848644,0.022371381405792683,451.8123497398922,413.4363497398922,,413.4363497398922,1300.0,True,False,True,,,
SIM_DIR-1784850421,SIM_DIR,capstone_iii_fit_1x,fit_1x,17,17,123.0,0.0,0.0,1.0,349.4763497398922,349.45397835848644,0.022371381405792683,,,367.04904865781657,367.04904865781657,1300.0,True,False,True,,,
SIM_DIR-1784850421,SIM_DIR,capstone_iii_fit_2x,fit_2x,17,17,123.0,0.0,0.0,1.0,349.4763497398922,349.45397835848644,0.022371381405792683,,,384.5217475757409,384.5217475757409,1300.0,True,False,True,,,
SIM_DIR-1784850421,SIM_DIR,capstone_iii_fit_activity,fit_activity,17,17,123.0,0.0,0.0,1.0,349.4763497398922,349.45397835848644,0.022371381405792683,,,381.027207792156,381.027207792156,1300.0,True,False,True,,,
SIM_DIR-1784850421,SIM_DIR,capstone_iii_fit_activity_pvt,fit_activity_pvt,17,17,123.0,0.0,0.0,1.0,349.4763497398922,349.45397835848644,0.022371381405792683,,,391.51082714291056,391.51082714291056,1300.0,True,False,True,,,
SIM_DIR-1784850421,SIM_DIR,capstone_iii_full,full,17,17,123.0,0.0,0.0,1.0,349.4763497398922,349.45397835848644,0.022371381405792683,,,401.9944464936652,401.9944464936652,1300.0,True,False,True,,,
SIM_DIR-1784850421,SIM_DIR,baseline,,18,18,125.0,0.0,0.0,1.0,355.523637815538,355.5012664341322,0.022371381405792683,515.5092748325301,462.1807291601994,,462.1807291601994,,True,False,True,,,
SIM_DIR-1784850421,SIM_DIR,capstone_i,,18,18,125.0,0.0,0.0,1.0,355.523637815538,355.5012664341322,0.022371381405792683,515.5092748325301,462.1807291601994,,462.1807291601994,1300.0,True,False,True,,,
SIM_DIR-1784850421,SIM_DIR,capstone_ii,,18,18,125.0,0.0,0.0,1.0,355.523637815538,355.5012664341322,0.022371381405792683,459.523637815538,420.523637815538,,420.523637815538,1300.0,True,False,True,,,
SIM_DIR-1784850421,SIM_DIR,capstone_iii_fit_1x,fit_1x,18,18,125.0,0.0,0.0,1.0,355.523637815538,355.5012664341322,0.022371381405792683,,,373.39870113724464,373.39870113724464,1300.0,True,False,True,,,
SIM_DIR-1784850421,SIM_DIR,capstone_iii_fit_2x,fit_2x,18,18,125.0,0.0,0.0,1.0,355.523637815538,355.5012664341322,0.022371381405792683,,,391.17376445895127,391.17376445895127,1300.0,True,False,True,,,
SIM_DIR-1784850421,SIM_DIR,capstone_iii_fit_activity,fit_activity,18,18,125.0,0.0,0.0,1.0,355.523637815538,355.5012664341322,0.022371381405792683,,,387.6187517946099,387.6187517946099,1300.0,True,False,True,,,
SIM_DIR-1784850421,SIM_DIR,capstone_iii_fit_activity_pvt,fit_activity_pvt,18,18,125.0,0.0,0.0,1.0,355.523637815538,355.5012664341322,0.022371381405792683,,,398.2837897876339,398.2837897876339,1300.0,True,False,True,,,
SIM_DIR-1784850421,SIM_DIR,capstone_iii_full,full,18,18,125.0,0.0,0.0,1.0,355.523637815538,355.5012664341322,0.022371381405792683,,,408.94882778065784,408.94882778065784,1300.0,True,False,True,,,
SIM_DIR-1784850421,SIM_DIR,baseline,,19,19,131.0,0.0,0.0,1.0,372.9701715393152,372.9478001579094,0.022371381405792683,540.806748732007,484.86122300110975,,484.86122300110975,,True,False,True,,,
SIM_DIR-1784850421,SIM_DIR,capstone_i,,19,19,131.0,0.0,0.0,1.0,372.9701715393152,372.9478001579094,0.022371381405792683,540.806748732007,484.86122300110975,,484.86122300110975,1300.0,True,False,True,,,
SIM_DIR-1784850421,SIM_DIR,capstone_ii,,19,19,131.0,0.0,0.0,1.0,372.9701715393152,372.9478001579094,0.022371381405792683,481.9621715393152,441.0901715393152,,441.0901715393152,1300.0,True,False,True,,,
SIM_DIR-1784850421,SIM_DIR,capstone_iii_fit_1x,fit_1x,19,19,131.0,0.0,0.0,1.0,372.9701715393152,372.9478001579094,0.022371381405792683,,,391.71756154721066,391.71756154721066,1300.0,True,False,True,,,
SIM_DIR-1784850421,SIM_DIR,capstone_iii_fit_2x,fit_2x,19,19,131.0,0.0,0.0,1.0,372.9701715393152,372.9478001579094,0.022371381405792683,,,410.36495155510613,410.36495155510613,1300.0,True,False,True,,,
SIM_DIR-1784850421,SIM_DIR,capstone_iii_fit_activity,fit_activity,19,19,131.0,0.0,0.0,1.0,372.9701715393152,372.9478001579094,0.022371381405792683,,,406.63547355352705,406.63547355352705,1300.0,True,False,True,,,
SIM_DIR-1784850421,SIM_DIR,capstone_iii_fit_activity_pvt,fit_activity_pvt,19,19,131.0,0.0,0.0,1.0,372.9701715393152,372.9478001579094,0.022371381405792683,,,417.8239075582643,417.8239075582643,1300.0,True,False,True,,,
SIM_DIR-1784850421,SIM_DIR,capstone_iii_full,full,19,19,131.0,0.0,0.0,1.0,372.9701715393152,372.9478001579094,0.022371381405792683,,,429.01234156300154,429.01234156300154,1300.0,True,False,True,,,
SIM_DIR-1784850421,SIM_DIR,baseline,,20,20,135.0,0.0,0.0,1.0,384.7518761399927,384.7295047585869,0.022371381405792683,557.8902204029894,500.1774389819905,,500.1774389819905,,True,False,True,,,
SIM_DIR-1784850421,SIM_DIR,capstone_i,,20,20,135.0,0.0,0.0,1.0,384.7518761399927,384.7295047585869,0.022371381405792683,557.8902204029894,500.1774389819905,,500.1774389819905,1300.0,True,False,True,,,
SIM_DIR-1784850421,SIM_DIR,capstone_ii,,20,20,135.0,0.0,0.0,1.0,384.7518761399927,384.7295047585869,0.022371381405792683,497.0718761399927,454.9518761399927,,454.9518761399927,1300.0,True,False,True,,,
SIM_DIR-1784850421,SIM_DIR,capstone_iii_fit_1x,fit_1x,20,20,135.0,0.0,0.0,1.0,384.7518761399927,384.7295047585869,0.022371381405792683,,,404.0883513779221,404.0883513779221,1300.0,True,False,True,,,
SIM_DIR-1784850421,SIM_DIR,capstone_iii_fit_2x,fit_2x,20,20,135.0,0.0,0.0,1.0,384.7518761399927,384.7295047585869,0.022371381405792683,,,423.3248266158514,423.3248266158514,1300.0,True,False,True,,,
SIM_DIR-1784850421,SIM_DIR,capstone_iii_fit_activity,fit_activity,20,20,135.0,0.0,0.0,1.0,384.7518761399927,384.7295047585869,0.022371381405792683,,,419.4775315682656,419.4775315682656,1300.0,True,False,True,,,
SIM_DIR-1784850421,SIM_DIR,capstone_iii_fit_activity_pvt,fit_activity_pvt,20,20,135.0,0.0,0.0,1.0,384.7518761399927,384.7295047585869,0.022371381405792683,,,431.0194167110231,431.0194167110231,1300.0,True,False,True,,,
SIM_DIR-1784850421,SIM_DIR,capstone_iii_full,full,20,20,135.0,0.0,0.0,1.0,384.7518761399927,384.7295047585869,0.022371381405792683,,,442.5613018537807,442.5613018537807,1300.0,True,False,True,,,
SIM_DIR-1784850421,SIM_DIR,baseline,,21,21,140.0,0.0,0.0,1.0,399.4095233645737,399.38715198316794,0.022371381405792683,579.1438088786318,519.2323803739458,,519.2323803739458,,True,False,True,,,
SIM_DIR-1784850421,SIM_DIR,capstone_i,,21,21,140.0,0.0,0.0,1.0,399.4095233645737,399.38715198316794,0.022371381405792683,579.1438088786318,519.2323803739458,,519.2323803739458,1300.0,True,False,True,,,
SIM_DIR-1784850421,SIM_DIR,capstone_ii,,21,21,140.0,0.0,0.0,1.0,399.4095233645737,399.38715198316794,0.022371381405792683,515.8895233645737,472.2095233645737,,472.2095233645737,1300.0,True,False,True,,,
SIM_DIR-1784850421,SIM_DIR,capstone_iii_fit_1x,fit_1x,21,21,140.0,0.0,0.0,1.0,399.4095233645737,399.38715198316794,0.022371381405792683,,,419.4788809637322,419.4788809637322,1300.0,True,False,True,,,
SIM_DIR-1784850421,SIM_DIR,capstone_iii_fit_2x,fit_2x,21,21,140.0,0.0,0.0,1.0,399.4095233645737,399.38715198316794,0.022371381405792683,,,439.4482385628906,439.4482385628906,1300.0,True,False,True,,,
SIM_DIR-1784850421,SIM_DIR,capstone_iii_fit_activity,fit_activity,21,21,140.0,0.0,0.0,1.0,399.4095233645737,399.38715198316794,0.022371381405792683,,,435.4543670430588,435.4543670430588,1300.0,True,False,True,,,
SIM_DIR-1784850421,SIM_DIR,capstone_iii_fit_activity_pvt,fit_activity_pvt,21,21,140.0,0.0,0.0,1.0,399.4095233645737,399.38715198316794,0.022371381405792683,,,447.4359816025539,447.4359816025539,1300.0,True,False,True,,,
SIM_DIR-1784850421,SIM_DIR,capstone_iii_full,full,21,21,140.0,0.0,0.0,1.0,399.4095233645737,399.38715198316794,0.022371381405792683,,,459.41759616204894,459.41759616204894,1300.0,True,False,True,,,
SIM_DIR-1784850421,SIM_DIR,baseline,,22,22,144.0,0.0,0.0,1.0,411.2404846484398,411.218113267034,0.022371381405792683,596.2987027402377,534.6126300429718,,534.6126300429718,,True,False,True,,,
SIM_DIR-1784850421,SIM_DIR,capstone_i,,22,22,144.0,0.0,0.0,1.0,411.2404846484398,411.218113267034,0.022371381405792683,596.2987027402377,534.6126300429718,,534.6126300429718,1300.0,True,False,True,,,
SIM_DIR-1784850421,SIM_DIR,capstone_ii,,22,22,144.0,0.0,0.0,1.0,411.2404846484398,411.218113267034,0.022371381405792683,531.0484846484399,486.1204846484398,,486.1204846484398,1300.0,True,False,True,,,
SIM_DIR-1784850421,SIM_DIR,capstone_iii_fit_1x,fit_1x,22,22,144.0,0.0,0.0,1.0,411.2404846484398,411.218113267034,0.022371381405792683,,,431.90139031179154,431.90139031179154,1300.0,True,False,True,,,
SIM_DIR-1784850421,SIM_DIR,capstone_iii_fit_2x,fit_2x,22,22,144.0,0.0,0.0,1.0,411.2404846484398,411.218113267034,0.022371381405792683,,,452.46229597514326,452.46229597514326,1300.0,True,False,True,,,
SIM_DIR-1784850421,SIM_DIR,capstone_iii_fit_activity,fit_activity,22,22,144.0,0.0,0.0,1.0,411.2404846484398,411.218113267034,0.022371381405792683,,,448.35011484247286,448.35011484247286,1300.0,True,False,True,,,
SIM_DIR-1784850421,SIM_DIR,capstone_iii_fit_activity_pvt,fit_activity_pvt,22,22,144.0,0.0,0.0,1.0,411.2404846484398,411.218113267034,0.022371381405792683,,,460.68665824048384,460.68665824048384,1300.0,True,False,True,,,
SIM_DIR-1784850421,SIM_DIR,capstone_iii_full,full,22,22,144.0,0.0,0.0,1.0,411.2404846484398,411.218113267034,0.022371381405792683,,,473.02320163849487,473.02320163849487,1300.0,True,False,True,,,
SIM_DIR-1784850421,SIM_DIR,baseline,,23,23,147.0,0.0,0.0,1.0,420.2359983800105,420.21362699860475,0.022371381405792683,609.3421976510152,546.3067978940137,,546.3067978940137,,True,False,True,,,
SIM_DIR-1784850421,SIM_DIR,capstone_i,,23,23,147.0,0.0,0.0,1.0,420.2359983800105,420.21362699860475,0.022371381405792683,609.3421976510152,546.3067978940137,,546.3067978940137,1300.0,True,False,True,,,
SIM_DIR-1784850421,SIM_DIR,capstone_ii,,23,23,147.0,0.0,0.0,1.0,420.2359983800105,420.21362699860475,0.022371381405792683,542.5399983800105,496.6759983800105,,496.6759983800105,1300.0,True,False,True,,,
SIM_DIR-1784850421,SIM_DIR,capstone_iii_fit_1x,fit_1x,23,23,147.0,0.0,0.0,1.0,420.2359983800105,420.21362699860475,0.022371381405792683,,,441.3466797299408,441.3466797299408,1300.0,True,False,True,,,
SIM_DIR-1784850421,SIM_DIR,capstone_iii_fit_2x,fit_2x,23,23,147.0,0.0,0.0,1.0,420.2359983800105,420.21362699860475,0.022371381405792683,,,462.35736107987105,462.35736107987105,1300.0,True,False,True,,,
SIM_DIR-1784850421,SIM_DIR,capstone_iii_fit_activity,fit_activity,23,23,147.0,0.0,0.0,1.0,420.2359983800105,420.21362699860475,0.022371381405792683,,,458.15522480988494,458.15522480988494,1300.0,True,False,True,,,
SIM_DIR-1784850421,SIM_DIR,capstone_iii_fit_activity_pvt,fit_activity_pvt,23,23,147.0,0.0,0.0,1.0,420.2359983800105,420.21362699860475,0.022371381405792683,,,470.7616336198431,470.7616336198431,1300.0,True,False,True,,,
SIM_DIR-1784850421,SIM_DIR,capstone_iii_full,full,23,23,147.0,0.0,0.0,1.0,420.2359983800105,420.21362699860475,0.022371381405792683,,,483.3680424298012,483.3680424298012,1300.0,True,False,True,,,
SIM_DIR-1784850421,SIM_DIR,baseline,,24,24,148.0,0.0,0.0,1.0,423.5258006368857,423.50342925547994,0.022371381405792683,614.1124109234843,550.5835408279514,,550.5835408279514,,True,False,True,,,
SIM_DIR-1784850421,SIM_DIR,capstone_i,,24,24,148.0,0.0,0.0,1.0,423.5258006368857,423.50342925547994,0.022371381405792683,614.1124109234843,550.5835408279514,,550.5835408279514,1300.0,True,False,True,,,
SIM_DIR-1784850421,SIM_DIR,capstone_ii,,24,24,148.0,0.0,0.0,1.0,423.5258006368857,423.50342925547994,0.022371381405792683,546.6618006368857,500.4858006368857,,500.4858006368857,1300.0,True,False,True,,,
SIM_DIR-1784850421,SIM_DIR,capstone_iii_fit_1x,fit_1x,24,24,148.0,0.0,0.0,1.0,423.5258006368857,423.50342925547994,0.022371381405792683,,,444.80097209965976,444.80097209965976,1300.0,True,False,True,,,
SIM_DIR-1784850421,SIM_DIR,capstone_iii_fit_2x,fit_2x,24,24,148.0,0.0,0.0,1.0,423.5258006368857,423.50342925547994,0.022371381405792683,,,465.9761435624338,465.9761435624338,1300.0,True,False,True,,,
SIM_DIR-1784850421,SIM_DIR,capstone_iii_fit_activity,fit_activity,24,24,148.0,0.0,0.0,1.0,423.5258006368857,423.50342925547994,0.022371381405792683,,,461.74110926987896,461.74110926987896,1300.0,True,False,True,,,
SIM_DIR-1784850421,SIM_DIR,capstone_iii_fit_activity_pvt,fit_activity_pvt,24,24,148.0,0.0,0.0,1.0,423.5258006368857,423.50342925547994,0.022371381405792683,,,474.4462121475433,474.4462121475433,1300.0,True,False,True,,,
SIM_DIR-1784850421,SIM_DIR,capstone_iii_full,full,24,24,148.0,0.0,0.0,1.0,423.5258006368857,423.50342925547994,0.022371381405792683,,,487.1513150252077,487.1513150252077,1300.0,True,False,True,,,
SIM_DIR-1784850421,SIM_DIR,baseline,,25,25,150.0,0.0,0.0,1.0,429.6856734097333,429.6633020283275,0.022371381405792683,623.0442264441133,558.5913754326533,,558.5913754326533,,True,False,True,,,
SIM_DIR-1784850421,SIM_DIR,capstone_i,,25,25,150.0,0.0,0.0,1.0,429.6856734097333,429.6633020283275,0.022371381405792683,623.0442264441133,558.5913754326533,,558.5913754326533,1300.0,True,False,True,,,
SIM_DIR-1784850421,SIM_DIR,capstone_ii,,25,25,150.0,0.0,0.0,1.0,429.6856734097333,429.6633020283275,0.022371381405792683,554.4856734097333,507.6856734097333,,507.6856734097333,1300.0,True,False,True,,,
SIM_DIR-1784850421,SIM_DIR,capstone_iii_fit_1x,fit_1x,25,25,150.0,0.0,0.0,1.0,429.6856734097333,429.6633020283275,0.022371381405792683,,,451.2688385111497,451.2688385111497,1300.0,True,False,True,,,
SIM_DIR-1784850421,SIM_DIR,capstone_iii_fit_2x,fit_2x,25,25,150.0,0.0,0.0,1.0,429.6856734097333,429.6633020283275,0.022371381405792683,,,472.75200361256606,472.75200361256606,1300.0,True,False,True,,,
SIM_DIR-1784850421,SIM_DIR,capstone_iii_fit_activity,fit_activity,25,25,150.0,0.0,0.0,1.0,429.6856734097333,429.6633020283275,0.022371381405792683,,,468.4553705922828,468.4553705922828,1300.0,True,False,True,,,
SIM_DIR-1784850421,SIM_DIR,capstone_iii_fit_activity_pvt,fit_activity_pvt,25,25,150.0,0.0,0.0,1.0,429.6856734097333,429.6633020283275,0.022371381405792683,,,481.3452696531326,481.3452696531326,1300.0,True,False,True,,,
SIM_DIR-1784850421,SIM_DIR,capstone_iii_full,full,25,25,150.0,0.0,0.0,1.0,429.6856734097333,429.6633020283275,0.022371381405792683,,,494.2351687139824,494.2351687139824,1300.0,True,False,True,,,
SIM_DIR-1784850421,SIM_DIR,baseline,,26,26,156.0,0.0,0.0,1.0,447.32634703329137,447.3039756518856,0.022371381405792683,648.6232031982724,581.5242511432788,,581.5242511432788,,True,False,True,,,
SIM_DIR-1784850421,SIM_DIR,capstone_i,,26,26,156.0,0.0,0.0,1.0,447.32634703329137,447.3039756518856,0.022371381405792683,648.6232031982724,581.5242511432788,,581.5242511432788,1300.0,True,False,True,,,
SIM_DIR-1784850421,SIM_DIR,capstone_ii,,26,26,156.0,0.0,0.0,1.0,447.32634703329137,447.3039756518856,0.022371381405792683,577.1183470332913,528.4463470332914,,528.4463470332914,1300.0,True,False,True,,,
SIM_DIR-1784850421,SIM_DIR,capstone_iii_fit_1x,fit_1x,26,26,156.0,0.0,0.0,1.0,447.32634703329137,447.3039756518856,0.022371381405792683,,,469.7915458158857,469.7915458158857,1300.0,True,False,True,,,
SIM_DIR-1784850421,SIM_DIR,capstone_iii_fit_2x,fit_2x,26,26,156.0,0.0,0.0,1.0,447.32634703329137,447.3039756518856,0.022371381405792683,,,492.15674459848,492.15674459848,1300.0,True,False,True,,,
SIM_DIR-1784850421,SIM_DIR,capstone_iii_fit_activity,fit_activity,26,26,156.0,0.0,0.0,1.0,447.32634703329137,447.3039756518856,0.022371381405792683,,,487.6837048419611,487.6837048419611,1300.0,True,False,True,,,
SIM_DIR-1784850421,SIM_DIR,capstone_iii_fit_activity_pvt,fit_activity_pvt,26,26,156.0,0.0,0.0,1.0,447.32634703329137,447.3039756518856,0.022371381405792683,,,501.1028241115177,501.1028241115177,1300.0,True,False,True,,,
SIM_DIR-1784850421,SIM_DIR,capstone_iii_full,full,26,26,156.0,0.0,0.0,1.0,447.32634703329137,447.3039756518856,0.022371381405792683,,,514.5219433810744,514.5219433810744,1300.0,True,False,True,,,
SIM_DIR-1784850421,SIM_DIR,baseline,,27,27,164.0,0.0,0.0,1.0,470.7422486945776,470.7198773131718,0.022371381405792683,682.5762606071374,611.9649233029509,,611.9649233029509,,True,False,True,,,
SIM_DIR-1784850421,SIM_DIR,capstone_i,,27,27,164.0,0.0,0.0,1.0,470.7422486945776,470.7198773131718,0.022371381405792683,682.5762606071374,611.9649233029509,,611.9649233029509,1300.0,True,False,True,,,
SIM_DIR-1784850421,SIM_DIR,capstone_ii,,27,27,164.0,0.0,0.0,1.0,470.7422486945776,470.7198773131718,0.022371381405792683,607.1902486945776,556.0222486945776,,556.0222486945776,1300.0,True,False,True,,,
SIM_DIR-1784850421,SIM_DIR,capstone_iii_fit_1x,fit_1x,27,27,164.0,0.0,0.0,1.0,470.7422486945776,470.7198773131718,0.022371381405792683,,,494.37824256023623,494.37824256023623,1300.0,True,False,True,,,
SIM_DIR-1784850421,SIM_DIR,capstone_iii_fit_2x,fit_2x,27,27,164.0,0.0,0.0,1.0,470.7422486945776,470.7198773131718,0.022371381405792683,,,517.9142364258948,517.9142364258948,1300.0,True,False,True,,,
SIM_DIR-1784850421,SIM_DIR,capstone_iii_fit_activity,fit_activity,27,27,164.0,0.0,0.0,1.0,470.7422486945776,470.7198773131718,0.022371381405792683,,,513.2070376527631,513.2070376527631,1300.0,True,False,True,,,
SIM_DIR-1784850421,SIM_DIR,capstone_iii_fit_activity_pvt,fit_activity_pvt,27,27,164.0,0.0,0.0,1.0,470.7422486945776,470.7198773131718,0.022371381405792683,,,527.3286339721583,527.3286339721583,1300.0,True,False,True,,,
SIM_DIR-1784850421,SIM_DIR,capstone_iii_full,full,27,27,164.0,0.0,0.0,1.0,470.7422486945776,470.7198773131718,0.022371381405792683,,,541.4502302915535,541.4502302915535,1300.0,True,False,True,,,
SIM_DIR-1784850421,SIM_DIR,baseline,,28,28,164.0,0.0,0.0,1.0,471.2192913095901,471.19691992818434,0.022371381405792683,683.2679723989056,612.5850787024672,,612.5850787024672,,True,False,True,,,
SIM_DIR-1784850421,SIM_DIR,capstone_i,,28,28,164.0,0.0,0.0,1.0,471.2192913095901,471.19691992818434,0.022371381405792683,683.2679723989056,612.5850787024672,,612.5850787024672,1300.0,True,False,True,,,
SIM_DIR-1784850421,SIM_DIR,capstone_ii,,28,28,164.0,0.0,0.0,1.0,471.2192913095901,471.19691992818434,0.022371381405792683,607.6672913095902,556.4992913095901,,556.4992913095901,1300.0,True,False,True,,,
SIM_DIR-1784850421,SIM_DIR,capstone_iii_fit_1x,fit_1x,28,28,164.0,0.0,0.0,1.0,471.2192913095901,471.19691992818434,0.022371381405792683,,,494.87913730599934,494.87913730599934,1300.0,True,False,True,,,
SIM_DIR-1784850421,SIM_DIR,capstone_iii_fit_2x,fit_2x,28,28,164.0,0.0,0.0,1.0,471.2192913095901,471.19691992818434,0.022371381405792683,,,518.4389833024086,518.4389833024086,1300.0,True,False,True,,,
SIM_DIR-1784850421,SIM_DIR,capstone_iii_fit_activity,fit_activity,28,28,164.0,0.0,0.0,1.0,471.2192913095901,471.19691992818434,0.022371381405792683,,,513.7270141031267,513.7270141031267,1300.0,True,False,True,,,
SIM_DIR-1784850421,SIM_DIR,capstone_iii_fit_activity_pvt,fit_activity_pvt,28,28,164.0,0.0,0.0,1.0,471.2192913095901,471.19691992818434,0.022371381405792683,,,527.8629217009723,527.8629217009723,1300.0,True,False,True,,,
SIM_DIR-1784850421,SIM_DIR,capstone_iii_full,full,28,28,164.0,0.0,0.0,1.0,471.2192913095901,471.19691992818434,0.022371381405792683,,,541.9988292988179,541.9988292988179,1300.0,True,False,True,,,
SIM_DIR-1784850421,SIM_DIR,baseline,,29,29,166.0,0.0,0.0,1.0,477.44826041635946,477.4258890349537,0.022371381405792683,692.2999776037212,620.6827385412673,,620.6827385412673,,True,False,True,,,
SIM_DIR-1784850421,SIM_DIR,capstone_i,,29,29,166.0,0.0,0.0,1.0,477.44826041635946,477.4258890349537,0.022371381405792683,692.2999776037212,620.6827385412673,,620.6827385412673,1300.0,True,False,True,,,
SIM_DIR-1784850421,SIM_DIR,capstone_ii,,29,29,166.0,0.0,0.0,1.0,477.44826041635946,477.4258890349537,0.022371381405792683,615.5602604163595,563.7682604163595,,563.7682604163595,1300.0,True,False,True,,,
SIM_DIR-1784850421,SIM_DIR,capstone_iii_fit_1x,fit_1x,29,29,166.0,0.0,0.0,1.0,477.44826041635946,477.4258890349537,0.022371381405792683,,,501.4195548681071,501.4195548681071,1300.0,True,False,True,,,
SIM_DIR-1784850421,SIM_DIR,capstone_iii_fit_2x,fit_2x,29,29,166.0,0.0,0.0,1.0,477.44826041635946,477.4258890349537,0.022371381405792683,,,525.2908493198549,525.2908493198549,1300.0,True,False,True,,,
SIM_DIR-1784850421,SIM_DIR,capstone_iii_fit_activity,fit_activity,29,29,166.0,0.0,0.0,1.0,477.44826041635946,477.4258890349537,0.022371381405792683,,,520.5165904295053,520.5165904295053,1300.0,True,False,True,,,
SIM_DIR-1784850421,SIM_DIR,capstone_iii_fit_activity_pvt,fit_activity_pvt,29,29,166.0,0.0,0.0,1.0,477.44826041635946,477.4258890349537,0.022371381405792683,,,534.8393671005539,534.8393671005539,1300.0,True,False,True,,,
SIM_DIR-1784850421,SIM_DIR,capstone_iii_full,full,29,29,166.0,0.0,0.0,1.0,477.44826041635946,477.4258890349537,0.022371381405792683,,,549.1621437716025,549.1621437716025,1300.0,True,False,True,,,
SIM_DIR-1784850421,SIM_DIR,baseline,,30,30,172.0,0.0,0.0,1.0,495.20452775238243,495.18215637097666,0.022371381405792683,718.0465652409545,643.7658860780972,,643.7658860780972,,True,False,True,,,
SIM_DIR-1784850421,SIM_DIR,capstone_i,,30,30,172.0,0.0,0.0,1.0,495.20452775238243,495.18215637097666,0.022371381405792683,718.0465652409545,643.7658860780972,,643.7658860780972,1300.0,True,False,True,,,
SIM_DIR-1784850421,SIM_DIR,capstone_ii,,30,30,172.0,0.0,0.0,1.0,495.20452775238243,495.18215637097666,0.022371381405792683,638.3085277523825,584.6445277523824,,584.6445277523824,1300.0,True,False,True,,,
SIM_DIR-1784850421,SIM_DIR,capstone_iii_fit_1x,fit_1x,30,30,172.0,0.0,0.0,1.0,495.20452775238243,495.18215637097666,0.022371381405792683,,,520.0636355709313,520.0636355709313,1300.0,True,False,True,,,
SIM_DIR-1784850421,SIM_DIR,capstone_iii_fit_2x,fit_2x,30,30,172.0,0.0,0.0,1.0,495.20452775238243,495.18215637097666,0.022371381405792683,,,544.8227433894801,544.8227433894801,1300.0,True,False,True,,,
SIM_DIR-1784850421,SIM_DIR,capstone_iii_fit_activity,fit_activity,30,30,172.0,0.0,0.0,1.0,495.20452775238243,495.18215637097666,0.022371381405792683,,,539.8709218257704,539.8709218257704,1300.0,True,False,True,,,
SIM_DIR-1784850421,SIM_DIR,capstone_iii_fit_activity_pvt,fit_activity_pvt,30,30,172.0,0.0,0.0,1.0,495.20452775238243,495.18215637097666,0.022371381405792683,,,554.7263865168997,554.7263865168997,1300.0,True,False,True,,,
SIM_DIR-1784850421,SIM_DIR,capstone_iii_full,full,30,30,172.0,0.0,0.0,1.0,495.20452775238243,495.18215637097666,0.022371381405792683,,,569.5818512080289,569.5818512080289,1300.0,True,False,True,,,
SIM_DIR-1784850421,SIM_DIR,baseline,,31,31,175.0,0.0,0.0,1.0,504.34985157554587,504.3274801941401,0.022371381405792683,731.3072847845415,655.6548070482097,,655.6548070482097,,True,False,True,,,
SIM_DIR-1784850421,SIM_DIR,capstone_i,,31,31,175.0,0.0,0.0,1.0,504.34985157554587,504.3274801941401,0.022371381405792683,731.3072847845415,655.6548070482097,,655.6548070482097,1300.0,True,False,True,,,
SIM_DIR-1784850421,SIM_DIR,capstone_ii,,31,31,175.0,0.0,0.0,1.0,504.34985157554587,504.3274801941401,0.022371381405792683,649.9498515755458,595.3498515755459,,595.3498515755459,1300.0,True,False,True,,,
SIM_DIR-1784850421,SIM_DIR,capstone_iii_fit_1x,fit_1x,31,31,175.0,0.0,0.0,1.0,504.34985157554587,504.3274801941401,0.022371381405792683,,,529.666225585253,529.666225585253,1300.0,True,False,True,,,
SIM_DIR-1784850421,SIM_DIR,capstone_iii_fit_2x,fit_2x,31,31,175.0,0.0,0.0,1.0,504.34985157554587,504.3274801941401,0.022371381405792683,,,554.88259959496,554.88259959496,1300.0,True,False,True,,,
SIM_DIR-1784850421,SIM_DIR,capstone_iii_fit_activity,fit_activity,31,31,175.0,0.0,0.0,1.0,504.34985157554587,504.3274801941401,0.022371381405792683,,,549.8393247930186,549.8393247930186,1300.0,True,False,True,,,
SIM_DIR-1784850421,SIM_DIR,capstone_iii_fit_activity_pvt,fit_activity_pvt,31,31,175.0,0.0,0.0,1.0,504.34985157554587,504.3274801941401,0.022371381405792683,,,564.9691491988427,564.9691491988427,1300.0,True,False,True,,,
SIM_DIR-1784850421,SIM_DIR,capstone_iii_full,full,31,31,175.0,0.0,0.0,1.0,504.34985157554587,504.3274801941401,0.022371381405792683,,,580.098973604667,580.098973604667,1300.0,True,False,True,,,
SIM_DIR-1784850421,SIM_DIR,baseline,,32,32,183.0,0.0,0.0,1.0,527.9362784179116,527.9139070365057,0.022371381405792683,765.5076037059717,686.3171619432851,,686.3171619432851,,True,False,True,,,
SIM_DIR-1784850421,SIM_DIR,capstone_i,,32,32,183.0,0.0,0.0,1.0,527.9362784179116,527.9139070365057,0.022371381405792683,765.5076037059717,686.3171619432851,,686.3171619432851,1300.0,True,False,True,,,
SIM_DIR-1784850421,SIM_DIR,capstone_ii,,32,32,183.0,0.0,0.0,1.0,527.9362784179116,527.9139070365057,0.022371381405792683,680.1922784179116,623.0962784179115,,623.0962784179115,1300.0,True,False,True,,,
SIM_DIR-1784850421,SIM_DIR,capstone_iii_fit_1x,fit_1x,32,32,183.0,0.0,0.0,1.0,527.9362784179116,527.9139070365057,0.022371381405792683,,,554.4319737697369,554.4319737697369,1300.0,True,False,True,,,
SIM_DIR-1784850421,SIM_DIR,capstone_iii_fit_2x,fit_2x,32,32,183.0,0.0,0.0,1.0,527.9362784179116,527.9139070365057,0.022371381405792683,,,580.8276691215623,580.8276691215623,1300.0,True,False,True,,,
SIM_DIR-1784850421,SIM_DIR,capstone_iii_fit_activity,fit_activity,32,32,183.0,0.0,0.0,1.0,527.9362784179116,527.9139070365057,0.022371381405792683,,,575.5485300511971,575.5485300511971,1300.0,True,False,True,,,
SIM_DIR-1784850421,SIM_DIR,capstone_iii_fit_activity_pvt,fit_activity_pvt,32,32,183.0,0.0,0.0,1.0,527.9362784179116,527.9139070365057,0.022371381405792683,,,591.3859472622923,591.3859472622923,1300.0,True,False,True,,,
SIM_DIR-1784850421,SIM_DIR,capstone_iii_full,full,32,32,183.0,0.0,0.0,1.0,527.9362784179116,527.9139070365057,0.022371381405792683,,,607.2233644733875,607.2233644733875,1300.0,True,False,True,,,
SIM_DIR-1784850421,SIM_DIR,baseline,,33,33,184.0,0.0,0.0,1.0,531.3552024818185,531.3328311004127,0.022371381405792683,770.4650435986368,690.7617632263641,,690.7617632263641,,True,False,True,,,
SIM_DIR-1784850421,SIM_DIR,capstone_i,,33,33,184.0,0.0,0.0,1.0,531.3552024818185,531.3328311004127,0.022371381405792683,770.4650435986368,690.7617632263641,,690.7617632263641,1300.0,True,False,True,,,
SIM_DIR-1784850421,SIM_DIR,capstone_ii,,33,33,184.0,0.0,0.0,1.0,531.3552024818185,531.3328311004127,0.022371381405792683,684.4432024818186,627.0352024818185,,627.0352024818185,1300.0,True,False,True,,,
SIM_DIR-1784850421,SIM_DIR,capstone_iii_fit_1x,fit_1x,33,33,184.0,0.0,0.0,1.0,531.3552024818185,531.3328311004127,0.022371381405792683,,,558.0218440368392,558.0218440368392,1300.0,True,False,True,,,
SIM_DIR-1784850421,SIM_DIR,capstone_iii_fit_2x,fit_2x,33,33,184.0,0.0,0.0,1.0,531.3552024818185,531.3328311004127,0.022371381405792683,,,584.5884855918599,584.5884855918599,1300.0,True,False,True,,,
SIM_DIR-1784850421,SIM_DIR,capstone_iii_fit_activity,fit_activity,33,33,184.0,0.0,0.0,1.0,531.3552024818185,531.3328311004127,0.022371381405792683,,,579.2751572808558,579.2751572808558,1300.0,True,False,True,,,
SIM_DIR-1784850421,SIM_DIR,capstone_iii_fit_activity_pvt,fit_activity_pvt,33,33,184.0,0.0,0.0,1.0,531.3552024818185,531.3328311004127,0.022371381405792683,,,595.2151422138681,595.2151422138681,1300.0,True,False,True,,,
SIM_DIR-1784850421,SIM_DIR,capstone_iii_full,full,33,33,184.0,0.0,0.0,1.0,531.3552024818185,531.3328311004127,0.022371381405792683,,,611.1551271468805,611.1551271468805,1300.0,True,False,True,,,
SIM_DIR-1784850421,SIM_DIR,baseline,,34,34,186.0,0.0,0.0,1.0,537.6703008548287,537.6479294734229,0.022371381405792683,779.6219362395017,698.9713911112774,,698.9713911112774,,True,False,True,,,
SIM_DIR-1784850421,SIM_DIR,capstone_i,,34,34,186.0,0.0,0.0,1.0,537.6703008548287,537.6479294734229,0.022371381405792683,779.6219362395017,698.9713911112774,,698.9713911112774,1300.0,True,False,True,,,
SIM_DIR-1784850421,SIM_DIR,capstone_ii,,34,34,186.0,0.0,0.0,1.0,537.6703008548287,537.6479294734229,0.022371381405792683,692.4223008548288,634.3903008548288,,634.3903008548288,1300.0,True,False,True,,,
SIM_DIR-1784850421,SIM_DIR,capstone_iii_fit_1x,fit_1x,34,34,186.0,0.0,0.0,1.0,537.6703008548287,537.6479294734229,0.022371381405792683,,,564.6526973284999,564.6526973284999,1300.0,True,False,True,,,
SIM_DIR-1784850421,SIM_DIR,capstone_iii_fit_2x,fit_2x,34,34,186.0,0.0,0.0,1.0,537.6703008548287,537.6479294734229,0.022371381405792683,,,591.5350938021711,591.5350938021711,1300.0,True,False,True,,,
SIM_DIR-1784850421,SIM_DIR,capstone_iii_fit_activity,fit_activity,34,34,186.0,0.0,0.0,1.0,537.6703008548287,537.6479294734229,0.022371381405792683,,,586.1586145074368,586.1586145074368,1300.0,True,False,True,,,
SIM_DIR-1784850421,SIM_DIR,capstone_iii_fit_activity_pvt,fit_activity_pvt,34,34,186.0,0.0,0.0,1.0,537.6703008548287,537.6479294734229,0.022371381405792683,,,602.2880523916394,602.2880523916394,1300.0,True,False,True,,,
SIM_DIR-1784850421,SIM_DIR,capstone_iii_full,full,34,34,186.0,0.0,0.0,1.0,537.6703008548287,537.6479294734229,0.022371381405792683,,,618.4174902758423,618.4174902758423,1300.0,True,False,True,,,
SIM_DIR-1784850421,SIM_DIR,baseline,,35,35,190.0,0.0,0.0,1.0,549.7837542187675,549.7613828373617,0.022371381405792683,797.1864436172128,714.7188804843978,,714.7188804843978,,True,False,True,,,
SIM_DIR-1784850421,SIM_DIR,capstone_i,,35,35,190.0,0.0,0.0,1.0,549.7837542187675,549.7613828373617,0.022371381405792683,797.1864436172128,714.7188804843978,,714.7188804843978,1300.0,True,False,True,,,
SIM_DIR-1784850421,SIM_DIR,capstone_ii,,35,35,190.0,0.0,0.0,1.0,549.7837542187675,549.7613828373617,0.022371381405792683,707.8637542187676,648.5837542187675,,648.5837542187675,1300.0,True,False,True,,,
SIM_DIR-1784850421,SIM_DIR,capstone_iii_fit_1x,fit_1x,35,35,190.0,0.0,0.0,1.0,549.7837542187675,549.7613828373617,0.022371381405792683,,,577.3718233606356,577.3718233606356,1300.0,True,False,True,,,
SIM_DIR-1784850421,SIM_DIR,capstone_iii_fit_2x,fit_2x,35,35,190.0,0.0,0.0,1.0,549.7837542187675,549.7613828373617,0.022371381405792683,,,604.8598925025037,604.8598925025037,1300.0,True,False,True,,,
SIM_DIR-1784850421,SIM_DIR,capstone_iii_fit_activity,fit_activity,35,35,190.0,0.0,0.0,1.0,549.7837542187675,549.7613828373617,0.022371381405792683,,,599.36227867413,599.36227867413,1300.0,True,False,True,,,
SIM_DIR-1784850421,SIM_DIR,capstone_iii_fit_activity_pvt,fit_activity_pvt,35,35,190.0,0.0,0.0,1.0,549.7837542187675,549.7613828373617,0.022371381405792683,,,615.8551201592509,615.8551201592509,1300.0,True,False,True,,,
SIM_DIR-1784850421,SIM_DIR,capstone_iii_full,full,35,35,190.0,0.0,0.0,1.0,549.7837542187675,549.7613828373617,0.022371381405792683,,,632.3479616443718,632.3479616443718,1300.0,True,False,True,,,
SIM_DIR-1784850421,SIM_DIR,baseline,,36,36,194.0,0.0,0.0,1.0,561.9201931430023,561.8978217615964,0.022371381405792683,814.7842800573533,730.4962510859029,,730.4962510859029,,True,False,True,,,
SIM_DIR-1784850421,SIM_DIR,capstone_i,,36,36,194.0,0.0,0.0,1.0,561.9201931430023,561.8978217615964,0.022371381405792683,814.7842800573533,730.4962510859029,,730.4962510859029,1300.0,True,False,True,,,
SIM_DIR-1784850421,SIM_DIR,capstone_ii,,36,36,194.0,0.0,0.0,1.0,561.9201931430023,561.8978217615964,0.022371381405792683,723.3281931430023,662.8001931430023,,662.8001931430023,1300.0,True,False,True,,,
SIM_DIR-1784850421,SIM_DIR,capstone_iii_fit_1x,fit_1x,36,36,194.0,0.0,0.0,1.0,561.9201931430023,561.8978217615964,0.022371381405792683,,,590.1150842310822,590.1150842310822,1300.0,True,False,True,,,
SIM_DIR-1784850421,SIM_DIR,capstone_iii_fit_2x,fit_2x,36,36,194.0,0.0,0.0,1.0,561.9201931430023,561.8978217615964,0.022371381405792683,,,618.209975319162,618.209975319162,1300.0,True,False,True,,,
SIM_DIR-1784850421,SIM_DIR,capstone_iii_fit_activity,fit_activity,36,36,194.0,0.0,0.0,1.0,561.9201931430023,561.8978217615964,0.022371381405792683,,,612.590997101546,612.590997101546,1300.0,True,False,True,,,
SIM_DIR-1784850421,SIM_DIR,capstone_iii_fit_activity_pvt,fit_activity_pvt,36,36,194.0,0.0,0.0,1.0,561.9201931430023,561.8978217615964,0.022371381405792683,,,629.4479317543938,629.4479317543938,1300.0,True,False,True,,,
SIM_DIR-1784850421,SIM_DIR,capstone_iii_full,full,36,36,194.0,0.0,0.0,1.0,561.9201931430023,561.8978217615964,0.022371381405792683,,,646.3048664072418,646.3048664072418,1300.0,True,False,True,,,
SIM_DIR-1784850421,SIM_DIR,baseline,,37,37,196.0,0.0,0.0,1.0,568.2810472245534,568.2586758431476,0.022371381405792683,824.0075184756024,738.7653613919194,,738.7653613919194,,True,False,True,,,
SIM_DIR-1784850421,SIM_DIR,capstone_i,,37,37,196.0,0.0,0.0,1.0,568.2810472245534,568.2586758431476,0.022371381405792683,824.0075184756024,738.7653613919194,,738.7653613919194,1300.0,True,False,True,,,
SIM_DIR-1784850421,SIM_DIR,capstone_ii,,37,37,196.0,0.0,0.0,1.0,568.2810472245534,568.2586758431476,0.022371381405792683,731.3530472245534,670.2010472245533,,670.2010472245533,1300.0,True,False,True,,,
SIM_DIR-1784850421,SIM_DIR,capstone_iii_fit_1x,fit_1x,37,37,196.0,0.0,0.0,1.0,568.2810472245534,568.2586758431476,0.022371381405792683,,,596.7939810167107,596.7939810167107,1300.0,True,False,True,,,
SIM_DIR-1784850421,SIM_DIR,capstone_iii_fit_2x,fit_2x,37,37,196.0,0.0,0.0,1.0,568.2810472245534,568.2586758431476,0.022371381405792683,,,625.2069148088682,625.2069148088682,1300.0,True,False,True,,,
SIM_DIR-1784850421,SIM_DIR,capstone_iii_fit_activity,fit_activity,37,37,196.0,0.0,0.0,1.0,568.2810472245534,568.2586758431476,0.022371381405792683,,,619.5243280504367,619.5243280504367,1300.0,True,False,True,,,
SIM_DIR-1784850421,SIM_DIR,capstone_iii_fit_activity_pvt,fit_activity_pvt,37,37,196.0,0.0,0.0,1.0,568.2810472245534,568.2586758431476,0.022371381405792683,,,636.5720883257311,636.5720883257311,1300.0,True,False,True,,,
SIM_DIR-1784850421,SIM_DIR,capstone_iii_full,full,37,37,196.0,0.0,0.0,1.0,568.2810472245534,568.2586758431476,0.022371381405792683,,,653.6198486010255,653.6198486010255,1300.0,True,False,True,,,
SIM_DIR-1784850421,SIM_DIR,baseline,,38,38,197.0,0.0,0.0,1.0,571.7510964642436,571.7287250828377,0.022371381405792683,829.0390898731531,743.2764254035167,,743.2764254035167,,True,False,True,,,
SIM_DIR-1784850421,SIM_DIR,capstone_i,,38,38,197.0,0.0,0.0,1.0,571.7510964642436,571.7287250828377,0.022371381405792683,829.0390898731531,743.2764254035167,,743.2764254035167,1300.0,True,False,True,,,
SIM_DIR-1784850421,SIM_DIR,capstone_ii,,38,38,197.0,0.0,0.0,1.0,571.7510964642436,571.7287250828377,0.022371381405792683,735.6550964642436,674.1910964642436,,674.1910964642436,1300.0,True,False,True,,,
SIM_DIR-1784850421,SIM_DIR,capstone_iii_fit_1x,fit_1x,38,38,197.0,0.0,0.0,1.0,571.7510964642436,571.7287250828377,0.022371381405792683,,,600.4375327183856,600.4375327183856,1300.0,True,False,True,,,
SIM_DIR-1784850421,SIM_DIR,capstone_iii_fit_2x,fit_2x,38,38,197.0,0.0,0.0,1.0,571.7510964642436,571.7287250828377,0.022371381405792683,,,629.0239689725274,629.0239689725274,1300.0,True,False,True,,,
SIM_DIR-1784850421,SIM_DIR,capstone_iii_fit_activity,fit_activity,38,38,197.0,0.0,0.0,1.0,571.7510964642436,571.7287250828377,0.022371381405792683,,,623.306681721699,623.306681721699,1300.0,True,False,True,,,
SIM_DIR-1784850421,SIM_DIR,capstone_iii_fit_activity_pvt,fit_activity_pvt,38,38,197.0,0.0,0.0,1.0,571.7510964642436,571.7287250828377,0.022371381405792683,,,640.4585434741841,640.4585434741841,1300.0,True,False,True,,,
SIM_DIR-1784850421,SIM_DIR,capstone_iii_full,full,38,38,197.0,0.0,0.0,1.0,571.7510964642436,571.7287250828377,0.022371381405792683,,,657.6104052266693,657.6104052266693,1300.0,True,False,True,,,
SIM_DIR-1784850421,SIM_DIR,baseline,,39,39,199.0,0.0,0.0,1.0,578.1317915912576,578.1094202098518,0.022371381405792683,838.2910978073236,751.571329068635,,751.571329068635,,True,False,True,,,
SIM_DIR-1784850421,SIM_DIR,capstone_i,,39,39,199.0,0.0,0.0,1.0,578.1317915912576,578.1094202098518,0.022371381405792683,838.2910978073236,751.571329068635,,751.571329068635,1300.0,True,False,True,,,
SIM_DIR-1784850421,SIM_DIR,capstone_ii,,39,39,199.0,0.0,0.0,1.0,578.1317915912576,578.1094202098518,0.022371381405792683,743.6997915912576,681.6117915912577,,681.6117915912577,1300.0,True,False,True,,,
SIM_DIR-1784850421,SIM_DIR,capstone_iii_fit_1x,fit_1x,39,39,199.0,0.0,0.0,1.0,578.1317915912576,578.1094202098518,0.022371381405792683,,,607.1372626017503,607.1372626017503,1300.0,True,False,True,,,
SIM_DIR-1784850421,SIM_DIR,capstone_iii_fit_2x,fit_2x,39,39,199.0,0.0,0.0,1.0,578.1317915912576,578.1094202098518,0.022371381405792683,,,636.042733612243,636.042733612243,1300.0,True,False,True,,,
SIM_DIR-1784850421,SIM_DIR,capstone_iii_fit_activity,fit_activity,39,39,199.0,0.0,0.0,1.0,578.1317915912576,578.1094202098518,0.022371381405792683,,,630.2616394101443,630.2616394101443,1300.0,True,False,True,,,
SIM_DIR-1784850421,SIM_DIR,capstone_iii_fit_activity_pvt,fit_activity_pvt,39,39,199.0,0.0,0.0,1.0,578.1317915912576,578.1094202098518,0.022371381405792683,,,647.60492201644,647.60492201644,1300.0,True,False,True,,,
SIM_DIR-1784850421,SIM_DIR,capstone_iii_full,full,39,39,199.0,0.0,0.0,1.0,578.1317915912576,578.1094202098518,0.022371381405792683,,,664.9482046227355,664.9482046227355,1300.0,True,False,True,,,
SIM_DIR-1784850421,SIM_DIR,baseline,,40,40,201.0,0.0,0.0,1.0,584.5238480640521,584.5014766826463,0.022371381405792683,847.5595796928756,759.8810024832678,,759.8810024832678,,True,False,True,,,
SIM_DIR-1784850421,SIM_DIR,capstone_i,,40,40,201.0,0.0,0.0,1.0,584.5238480640521,584.5014766826463,0.022371381405792683,847.5595796928756,759.8810024832678,,759.8810024832678,1300.0,True,False,True,,,
SIM_DIR-1784850421,SIM_DIR,capstone_ii,,40,40,201.0,0.0,0.0,1.0,584.5238480640521,584.5014766826463,0.022371381405792683,751.7558480640521,689.0438480640521,,689.0438480640521,1300.0,True,False,True,,,
SIM_DIR-1784850421,SIM_DIR,capstone_iii_fit_1x,fit_1x,40,40,201.0,0.0,0.0,1.0,584.5238480640521,584.5014766826463,0.022371381405792683,,,613.8489218981845,613.8489218981845,1300.0,True,False,True,,,
SIM_DIR-1784850421,SIM_DIR,capstone_iii_fit_2x,fit_2x,40,40,201.0,0.0,0.0,1.0,584.5238480640521,584.5014766826463,0.022371381405792683,,,643.0739957323168,643.0739957323168,1300.0,True,False,True,,,
SIM_DIR-1784850421,SIM_DIR,capstone_iii_fit_activity,fit_activity,40,40,201.0,0.0,0.0,1.0,584.5238480640521,584.5014766826463,0.022371381405792683,,,637.2289809654903,637.2289809654903,1300.0,True,False,True,,,
SIM_DIR-1784850421,SIM_DIR,capstone_iii_fit_activity_pvt,fit_activity_pvt,40,40,201.0,0.0,0.0,1.0,584.5238480640521,584.5014766826463,0.022371381405792683,,,654.7640252659697,654.7640252659697,1300.0,True,False,True,,,
SIM_DIR-1784850421,SIM_DIR,capstone_iii_full,full,40,40,201.0,0.0,0.0,1.0,584.5238480640521,584.5014766826463,0.022371381405792683,,,672.2990695664491,672.2990695664491,1300.0,True,False,True,,,
SIM_DIR-1784850421,SIM_DIR,baseline,,41,41,201.0,0.0,0.0,1.0,585.1055372935494,585.0831659121436,0.022371381405792683,848.4030290756467,760.6371984816143,,760.6371984816143,,True,False,True,,,
SIM_DIR-1784850421,SIM_DIR,capstone_i,,41,41,201.0,0.0,0.0,1.0,585.1055372935494,585.0831659121436,0.022371381405792683,848.4030290756467,760.6371984816143,,760.6371984816143,1300.0,True,False,True,,,
SIM_DIR-1784850421,SIM_DIR,capstone_ii,,41,41,201.0,0.0,0.0,1.0,585.1055372935494,585.0831659121436,0.022371381405792683,752.3375372935494,689.6255372935494,,689.6255372935494,1300.0,True,False,True,,,
SIM_DIR-1784850421,SIM_DIR,capstone_iii_fit_1x,fit_1x,41,41,201.0,0.0,0.0,1.0,585.1055372935494,585.0831659121436,0.022371381405792683,,,614.4596955891567,614.4596955891567,1300.0,True,False,True,,,
SIM_DIR-1784850421,SIM_DIR,capstone_iii_fit_2x,fit_2x,41,41,201.0,0.0,0.0,1.0,585.1055372935494,585.0831659121436,0.022371381405792683,,,643.7138538847638,643.7138538847638,1300.0,True,False,True,,,
SIM_DIR-1784850421,SIM_DIR,capstone_iii_fit_activity,fit_activity,41,41,201.0,0.0,0.0,1.0,585.1055372935494,585.0831659121436,0.022371381405792683,,,637.8630222256425,637.8630222256425,1300.0,True,False,True,,,
SIM_DIR-1784850421,SIM_DIR,capstone_iii_fit_activity_pvt,fit_activity_pvt,41,41,201.0,0.0,0.0,1.0,585.1055372935494,585.0831659121436,0.022371381405792683,,,655.4155172030066,655.4155172030066,1300.0,True,False,True,,,
SIM_DIR-1784850421,SIM_DIR,capstone_iii_full,full,41,41,201.0,0.0,0.0,1.0,585.1055372935494,585.0831659121436,0.022371381405792683,,,672.968012180371,672.968012180371,1300.0,True,False,True,,,
SIM_DIR-1784850421,SIM_DIR,baseline,,42,42,202.0,0.0,0.0,1.0,588.6007597109787,588.5783883295728,0.022371381405792683,853.471101580919,765.1809876242722,,765.1809876242722,,True,False,True,,,
SIM_DIR-1784850421,SIM_DIR,capstone_i,,42,42,202.0,0.0,0.0,1.0,588.6007597109787,588.5783883295728,0.022371381405792683,853.471101580919,765.1809876242722,,765.1809876242722,1300.0,True,False,True,,,
SIM_DIR-1784850421,SIM_DIR,capstone_ii,,42,42,202.0,0.0,0.0,1.0,588.6007597109787,588.5783883295728,0.022371381405792683,756.6647597109786,693.6407597109786,,693.6407597109786,1300.0,True,False,True,,,
SIM_DIR-1784850421,SIM_DIR,capstone_iii_fit_1x,fit_1x,42,42,202.0,0.0,0.0,1.0,588.6007597109787,588.5783883295728,0.022371381405792683,,,618.1296791274573,618.1296791274573,1300.0,True,False,True,,,
SIM_DIR-1784850421,SIM_DIR,capstone_iii_fit_2x,fit_2x,42,42,202.0,0.0,0.0,1.0,588.6007597109787,588.5783883295728,0.022371381405792683,,,647.5585985439359,647.5585985439359,1300.0,True,False,True,,,
SIM_DIR-1784850421,SIM_DIR,capstone_iii_fit_activity,fit_activity,42,42,202.0,0.0,0.0,1.0,588.6007597109787,588.5783883295728,0.022371381405792683,,,641.6728146606403,641.6728146606403,1300.0,True,False,True,,,
SIM_DIR-1784850421,SIM_DIR,capstone_iii_fit_activity_pvt,fit_activity_pvt,42,42,202.0,0.0,0.0,1.0,588.6007597109787,588.5783883295728,0.022371381405792683,,,659.3301663105274,659.3301663105274,1300.0,True,False,True,,,
SIM_DIR-1784850421,SIM_DIR,capstone_iii_full,full,42,42,202.0,0.0,0.0,1.0,588.6007597109787,588.5783883295728,0.022371381405792683,,,676.9875179604146,676.9875179604146,1300.0,True,False,True,,,
SIM_DIR-1784850421,SIM_DIR,baseline,,43,43,207.0,0.0,0.0,1.0,603.7681302936503,603.7457589122445,0.022371381405792683,875.4637889257929,784.8985693817455,,784.8985693817455,,True,False,True,,,
SIM_DIR-1784850421,SIM_DIR,capstone_i,,43,43,207.0,0.0,0.0,1.0,603.7681302936503,603.7457589122445,0.022371381405792683,875.4637889257929,784.8985693817455,,784.8985693817455,1300.0,True,False,True,,,
SIM_DIR-1784850421,SIM_DIR,capstone_ii,,43,43,207.0,0.0,0.0,1.0,603.7681302936503,603.7457589122445,0.022371381405792683,775.9921302936502,711.4081302936503,,711.4081302936503,1300.0,True,False,True,,,
SIM_DIR-1784850421,SIM_DIR,capstone_iii_fit_1x,fit_1x,43,43,207.0,0.0,0.0,1.0,603.7681302936503,603.7457589122445,0.022371381405792683,,,634.0554182392625,634.0554182392625,1300.0,True,False,True,,,
SIM_DIR-1784850421,SIM_DIR,capstone_iii_fit_2x,fit_2x,43,43,207.0,0.0,0.0,1.0,603.7681302936503,603.7457589122445,0.022371381405792683,,,664.2427061848748,664.2427061848748,1300.0,True,False,True,,,
SIM_DIR-1784850421,SIM_DIR,capstone_iii_fit_activity,fit_activity,43,43,207.0,0.0,0.0,1.0,603.7681302936503,603.7457589122445,0.022371381405792683,,,658.2052485957523,658.2052485957523,1300.0,True,False,True,,,
SIM_DIR-1784850421,SIM_DIR,capstone_iii_fit_activity_pvt,fit_activity_pvt,43,43,207.0,0.0,0.0,1.0,603.7681302936503,603.7457589122445,0.022371381405792683,,,676.3176213631197,676.3176213631197,1300.0,True,False,True,,,
SIM_DIR-1784850421,SIM_DIR,capstone_iii_full,full,43,43,207.0,0.0,0.0,1.0,603.7681302936503,603.7457589122445,0.022371381405792683,,,694.429994130487,694.429994130487,1300.0,True,False,True,,,
SIM_DIR-1784850421,SIM_DIR,baseline,,44,44,207.0,0.0,0.0,1.0,604.366503334893,604.3441319534871,0.022371381405792683,876.3314298355948,785.6764543353609,,785.6764543353609,,True,False,True,,,
SIM_DIR-1784850421,SIM_DIR,capstone_i,,44,44,207.0,0.0,0.0,1.0,604.366503334893,604.3441319534871,0.022371381405792683,876.3314298355948,785.6764543353609,,785.6764543353609,1300.0,True,False,True,,,
SIM_DIR-1784850421,SIM_DIR,capstone_ii,,44,44,207.0,0.0,0.0,1.0,604.366503334893,604.3441319534871,0.022371381405792683,776.5905033348929,712.006503334893,,712.006503334893,1300.0,True,False,True,,,
SIM_DIR-1784850421,SIM_DIR,capstone_iii_fit_1x,fit_1x,44,44,207.0,0.0,0.0,1.0,604.366503334893,604.3441319534871,0.022371381405792683,,,634.6837099325674,634.6837099325674,1300.0,True,False,True,,,
SIM_DIR-1784850421,SIM_DIR,capstone_iii_fit_2x,fit_2x,44,44,207.0,0.0,0.0,1.0,604.366503334893,604.3441319534871,0.022371381405792683,,,664.9009165302417,664.9009165302417,1300.0,True,False,True,,,
SIM_DIR-1784850421,SIM_DIR,capstone_iii_fit_activity,fit_activity,44,44,207.0,0.0,0.0,1.0,604.366503334893,604.3441319534871,0.022371381405792683,,,658.8574752107069,658.8574752107069,1300.0,True,False,True,,,
SIM_DIR-1784850421,SIM_DIR,capstone_iii_fit_activity_pvt,fit_activity_pvt,44,44,207.0,0.0,0.0,1.0,604.366503334893,604.3441319534871,0.022371381405792683,,,676.9877991693115,676.9877991693115,1300.0,True,False,True,,,
SIM_DIR-1784850421,SIM_DIR,capstone_iii_full,full,44,44,207.0,0.0,0.0,1.0,604.366503334893,604.3441319534871,0.022371381405792683,,,695.1181231279161,695.1181231279161,1300.0,True,False,True,,,
SIM_DIR-1784850421,SIM_DIR,baseline,,45,45,208.0,0.0,0.0,1.0,607.887078419383,607.8647070379772,0.022371381405792683,881.4362637081053,790.2532019451979,,790.2532019451979,,True,False,True,,,
SIM_DIR-1784850421,SIM_DIR,capstone_i,,45,45,208.0,0.0,0.0,1.0,607.887078419383,607.8647070379772,0.022371381405792683,881.4362637081053,790.2532019451979,,790.2532019451979,1300.0,True,False,True,,,
SIM_DIR-1784850421,SIM_DIR,capstone_ii,,45,45,208.0,0.0,0.0,1.0,607.887078419383,607.8647070379772,0.022371381405792683,780.943078419383,716.047078419383,,716.047078419383,1300.0,True,False,True,,,
SIM_DIR-1784850421,SIM_DIR,capstone_iii_fit_1x,fit_1x,45,45,208.0,0.0,0.0,1.0,607.887078419383,607.8647070379772,0.022371381405792683,,,638.3803137712819,638.3803137712819,1300.0,True,False,True,,,
SIM_DIR-1784850421,SIM_DIR,capstone_iii_fit_2x,fit_2x,45,45,208.0,0.0,0.0,1.0,607.887078419383,607.8647070379772,0.022371381405792683,,,668.7735491231807,668.7735491231807,1300.0,True,False,True,,,
SIM_DIR-1784850421,SIM_DIR,capstone_iii_fit_activity,fit_activity,45,45,208.0,0.0,0.0,1.0,607.887078419383,607.8647070379772,0.022371381405792683,,,662.6949020528009,662.6949020528009,1300.0,True,False,True,,,
SIM_DIR-1784850421,SIM_DIR,capstone_iii_fit_activity_pvt,fit_activity_pvt,45,45,208.0,0.0,0.0,1.0,607.887078419383,607.8647070379772,0.022371381405792683,,,680.9308432639402,680.9308432639402,1300.0,True,False,True,,,
SIM_DIR-1784850421,SIM_DIR,capstone_iii_full,full,45,45,208.0,0.0,0.0,1.0,607.887078419383,607.8647070379772,0.022371381405792683,,,699.1667844750796,699.1667844750796,1300.0,True,False,True,,,
SIM_DIR-1784850421,SIM_DIR,baseline,,46,46,208.0,0.0,0.0,1.0,608.4878922365127,608.4655208551069,0.022371381405792683,882.3074437429434,791.0342599074665,,791.0342599074665,,True,False,True,,,
SIM_DIR-1784850421,SIM_DIR,capstone_i,,46,46,208.0,0.0,0.0,1.0,608.4878922365127,608.4655208551069,0.022371381405792683,882.3074437429434,791.0342599074665,,791.0342599074665,1300.0,True,False,True,,,
SIM_DIR-1784850421,SIM_DIR,capstone_ii,,46,46,208.0,0.0,0.0,1.0,608.4878922365127,608.4655208551069,0.022371381405792683,781.5438922365128,716.6478922365127,,716.6478922365127,1300.0,True,False,True,,,
SIM_DIR-1784850421,SIM_DIR,capstone_iii_fit_1x,fit_1x,46,46,208.0,0.0,0.0,1.0,608.4878922365127,608.4655208551069,0.022371381405792683,,,639.0111682792681,639.0111682792681,1300.0,True,False,True,,,
SIM_DIR-1784850421,SIM_DIR,capstone_iii_fit_2x,fit_2x,46,46,208.0,0.0,0.0,1.0,608.4878922365127,608.4655208551069,0.022371381405792683,,,669.4344443220234,669.4344443220234,1300.0,True,False,True,,,
SIM_DIR-1784850421,SIM_DIR,capstone_iii_fit_activity,fit_activity,46,46,208.0,0.0,0.0,1.0,608.4878922365127,608.4655208551069,0.022371381405792683,,,663.3497891134724,663.3497891134724,1300.0,True,False,True,,,
SIM_DIR-1784850421,SIM_DIR,capstone_iii_fit_activity_pvt,fit_activity_pvt,46,46,208.0,0.0,0.0,1.0,608.4878922365127,608.4655208551069,0.022371381405792683,,,681.6037547391256,681.6037547391256,1300.0,True,False,True,,,
SIM_DIR-1784850421,SIM_DIR,capstone_iii_full,full,46,46,208.0,0.0,0.0,1.0,608.4878922365127,608.4655208551069,0.022371381405792683,,,699.8577203647787,699.8577203647787,1300.0,True,False,True,,,
SIM_DIR-1784850421,SIM_DIR,baseline,,47,47,214.0,0.0,0.0,1.0,626.6576975198151,626.6353261384093,0.022371381405792683,908.6536614037318,814.6550067757596,,814.6550067757596,,True,False,True,,,
SIM_DIR-1784850421,SIM_DIR,capstone_i,,47,47,214.0,0.0,0.0,1.0,626.6576975198151,626.6353261384093,0.022371381405792683,908.6536614037318,814.6550067757596,,814.6550067757596,1300.0,True,False,True,,,
SIM_DIR-1784850421,SIM_DIR,capstone_ii,,47,47,214.0,0.0,0.0,1.0,626.6576975198151,626.6353261384093,0.022371381405792683,804.7056975198151,737.9376975198151,,737.9376975198151,1300.0,True,False,True,,,
SIM_DIR-1784850421,SIM_DIR,capstone_iii_fit_1x,fit_1x,47,47,214.0,0.0,0.0,1.0,626.6576975198151,626.6353261384093,0.022371381405792683,,,658.0894638267356,658.0894638267356,1300.0,True,False,True,,,
SIM_DIR-1784850421,SIM_DIR,capstone_iii_fit_2x,fit_2x,47,47,214.0,0.0,0.0,1.0,626.6576975198151,626.6353261384093,0.022371381405792683,,,689.421230133656,689.421230133656,1300.0,True,False,True,,,
SIM_DIR-1784850421,SIM_DIR,capstone_iii_fit_activity,fit_activity,47,47,214.0,0.0,0.0,1.0,626.6576975198151,626.6353261384093,0.022371381405792683,,,683.154876872272,683.154876872272,1300.0,True,False,True,,,
SIM_DIR-1784850421,SIM_DIR,capstone_iii_fit_activity_pvt,fit_activity_pvt,47,47,214.0,0.0,0.0,1.0,626.6576975198151,626.6353261384093,0.022371381405792683,,,701.9539366564243,701.9539366564243,1300.0,True,False,True,,,
SIM_DIR-1784850421,SIM_DIR,capstone_iii_full,full,47,47,214.0,0.0,0.0,1.0,626.6576975198151,626.6353261384093,0.022371381405792683,,,720.7529964405765,720.7529964405765,1300.0,True,False,True,,,
SIM_DIR-1784850421,SIM_DIR,baseline,,48,48,216.0,0.0,0.0,1.0,633.1375618801195,633.1151904987137,0.022371381405792683,918.0494647261733,823.0788304441554,,823.0788304441554,,True,False,True,,,
SIM_DIR-1784850421,SIM_DIR,capstone_i,,48,48,216.0,0.0,0.0,1.0,633.1375618801195,633.1151904987137,0.022371381405792683,918.0494647261733,823.0788304441554,,823.0788304441554,1300.0,True,False,True,,,
SIM_DIR-1784850421,SIM_DIR,capstone_ii,,48,48,216.0,0.0,0.0,1.0,633.1375618801195,633.1151904987137,0.022371381405792683,812.8495618801195,745.4575618801196,,745.4575618801196,1300.0,True,False,True,,,
SIM_DIR-1784850421,SIM_DIR,capstone_iii_fit_1x,fit_1x,48,48,216.0,0.0,0.0,1.0,633.1375618801195,633.1151904987137,0.022371381405792683,,,664.8933214050552,664.8933214050552,1300.0,True,False,True,,,
SIM_DIR-1784850421,SIM_DIR,capstone_iii_fit_2x,fit_2x,48,48,216.0,0.0,0.0,1.0,633.1375618801195,633.1151904987137,0.022371381405792683,,,696.5490809299909,696.5490809299909,1300.0,True,False,True,,,
SIM_DIR-1784850421,SIM_DIR,capstone_iii_fit_activity,fit_activity,48,48,216.0,0.0,0.0,1.0,633.1375618801195,633.1151904987137,0.022371381405792683,,,690.2179290250037,690.2179290250037,1300.0,True,False,True,,,
SIM_DIR-1784850421,SIM_DIR,capstone_iii_fit_activity_pvt,fit_activity_pvt,48,48,216.0,0.0,0.0,1.0,633.1375618801195,633.1151904987137,0.022371381405792683,,,709.2113847399652,709.2113847399652,1300.0,True,False,True,,,
SIM_DIR-1784850421,SIM_DIR,capstone_iii_full,full,48,48,216.0,0.0,0.0,1.0,633.1375618801195,633.1151904987137,0.022371381405792683,,,728.2048404549265,728.2048404549265,1300.0,True,False,True,,,
SIM_DIR-1784850421,SIM_DIR,baseline,,49,49,218.0,0.0,0.0,1.0,639.6287400776389,639.6063686962331,0.022371381405792683,927.4616731125764,831.5173621009305,,831.5173621009305,,True,False,True,,,
SIM_DIR-1784850421,SIM_DIR,capstone_i,,49,49,218.0,0.0,0.0,1.0,639.6287400776389,639.6063686962331,0.022371381405792683,927.4616731125764,831.5173621009305,,831.5173621009305,1300.0,True,False,True,,,
SIM_DIR-1784850421,SIM_DIR,capstone_ii,,49,49,218.0,0.0,0.0,1.0,639.6287400776389,639.6063686962331,0.022371381405792683,821.0047400776389,752.9887400776389,,752.9887400776389,1300.0,True,False,True,,,
SIM_DIR-1784850421,SIM_DIR,capstone_iii_fit_1x,fit_1x,49,49,218.0,0.0,0.0,1.0,639.6287400776389,639.6063686962331,0.022371381405792683,,,671.7090585124506,671.7090585124506,1300.0,True,False,True,,,
SIM_DIR-1784850421,SIM_DIR,capstone_iii_fit_2x,fit_2x,49,49,218.0,0.0,0.0,1.0,639.6287400776389,639.6063686962331,0.022371381405792683,,,703.6893769472622,703.6893769472622,1300.0,True,False,True,,,
SIM_DIR-1784850421,SIM_DIR,capstone_iii_fit_activity,fit_activity,49,49,218.0,0.0,0.0,1.0,639.6287400776389,639.6063686962331,0.022371381405792683,,,697.2933132602999,697.2933132602999,1300.0,True,False,True,,,
SIM_DIR-1784850421,SIM_DIR,capstone_iii_fit_activity_pvt,fit_activity_pvt,49,49,218.0,0.0,0.0,1.0,639.6287400776389,639.6063686962331,0.022371381405792683,,,716.4815043211869,716.4815043211869,1300.0,True,False,True,,,
SIM_DIR-1784850421,SIM_DIR,capstone_iii_full,full,49,49,218.0,0.0,0.0,1.0,639.6287400776389,639.6063686962331,0.022371381405792683,,,735.6696953820739,735.6696953820739,1300.0,True,False,True,,,
SIM_DIR-1784850421,SIM_DIR,baseline,,50,50,222.0,0.0,0.0,1.0,652.004943760057,651.9825723786512,0.022371381405792683,945.4071684520826,847.6064268880741,,847.6064268880741,,True,False,True,,,
SIM_DIR-1784850421,SIM_DIR,capstone_i,,50,50,222.0,0.0,0.0,1.0,652.004943760057,651.9825723786512,0.022371381405792683,945.4071684520826,847.6064268880741,,847.6064268880741,1300.0,True,False,True,,,
SIM_DIR-1784850421,SIM_DIR,capstone_ii,,50,50,222.0,0.0,0.0,1.0,652.004943760057,651.9825723786512,0.022371381405792683,836.7089437600571,767.4449437600571,,767.4449437600571,1300.0,True,False,True,,,
SIM_DIR-1784850421,SIM_DIR,capstone_iii_fit_1x,fit_1x,50,50,222.0,0.0,0.0,1.0,652.004943760057,651.9825723786512,0.022371381405792683,,,684.7040723789896,684.7040723789896,1300.0,True,False,True,,,
SIM_DIR-1784850421,SIM_DIR,capstone_iii_fit_2x,fit_2x,50,50,222.0,0.0,0.0,1.0,652.004943760057,651.9825723786512,0.022371381405792683,,,717.3032009979221,717.3032009979221,1300.0,True,False,True,,,
SIM_DIR-1784850421,SIM_DIR,capstone_iii_fit_activity,fit_activity,50,50,222.0,0.0,0.0,1.0,652.004943760057,651.9825723786512,0.022371381405792683,,,710.7833752741357,710.7833752741357,1300.0,True,False,True,,,
SIM_DIR-1784850421,SIM_DIR,capstone_iii_fit_activity_pvt,fit_activity_pvt,50,50,222.0,0.0,0.0,1.0,652.004943760057,651.9825723786512,0.022371381405792683,,,730.3428524454952,730.3428524454952,1300.0,True,False,True,,,
SIM_DIR-1784850421,SIM_DIR,capstone_iii_full,full,50,50,222.0,0.0,0.0,1.0,652.004943760057,651.9825723786512,0.022371381405792683,,,749.9023296168547,749.9023296168547,1300.0,True,False,True,,,
SIM_DIR-1784850421,SIM_DIR,baseline,,51,51,222.0,0.0,0.0,1.0,652.6450171373389,652.622645755933,0.022371381405792683,946.3352748491413,848.4385222785405,,848.4385222785405,,True,False,True,,,
SIM_DIR-1784850421,SIM_DIR,capstone_i,,51,51,222.0,0.0,0.0,1.0,652.6450171373389,652.622645755933,0.022371381405792683,946.3352748491413,848.4385222785405,,848.4385222785405,1300.0,True,False,True,,,
SIM_DIR-1784850421,SIM_DIR,capstone_ii,,51,51,222.0,0.0,0.0,1.0,652.6450171373389,652.622645755933,0.022371381405792683,837.3490171373389,768.0850171373389,,768.0850171373389,1300.0,True,False,True,,,
SIM_DIR-1784850421,SIM_DIR,capstone_iii_fit_1x,fit_1x,51,51,222.0,0.0,0.0,1.0,652.6450171373389,652.622645755933,0.022371381405792683,,,685.3761494251355,685.3761494251355,1300.0,True,False,True,,,
SIM_DIR-1784850421,SIM_DIR,capstone_iii_fit_2x,fit_2x,51,51,222.0,0.0,0.0,1.0,652.6450171373389,652.622645755933,0.022371381405792683,,,718.0072817129321,718.0072817129321,1300.0,True,False,True,,,
SIM_DIR-1784850421,SIM_DIR,capstone_iii_fit_activity,fit_activity,51,51,222.0,0.0,0.0,1.0,652.6450171373389,652.622645755933,0.022371381405792683,,,711.4810552553729,711.4810552553729,1300.0,True,False,True,,,
SIM_DIR-1784850421,SIM_DIR,capstone_iii_fit_activity_pvt,fit_activity_pvt,51,51,222.0,0.0,0.0,1.0,652.6450171373389,652.622645755933,0.022371381405792683,,,731.0597346280509,731.0597346280509,1300.0,True,False,True,,,
SIM_DIR-1784850421,SIM_DIR,capstone_iii_full,full,51,51,222.0,0.0,0.0,1.0,652.6450171373389,652.622645755933,0.022371381405792683,,,750.6384140007289,750.6384140007289,1300.0,True,False,True,,,
SIM_DIR-1784850421,SIM_DIR,baseline,,52,52,225.0,0.0,0.0,1.0,662.1127294780051,662.0903580965993,0.022371381405792683,960.0634577431074,860.7465483214066,,860.7465483214066,,True,False,True,,,
SIM_DIR-1784850421,SIM_DIR,capstone_i,,52,52,225.0,0.0,0.0,1.0,662.1127294780051,662.0903580965993,0.022371381405792683,960.0634577431074,860.7465483214066,,860.7465483214066,1300.0,True,False,True,,,
SIM_DIR-1784850421,SIM_DIR,capstone_ii,,52,52,225.0,0.0,0.0,1.0,662.1127294780051,662.0903580965993,0.022371381405792683,849.3127294780052,779.1127294780051,,779.1127294780051,1300.0,True,False,True,,,
SIM_DIR-1784850421,SIM_DIR,capstone_iii_fit_1x,fit_1x,52,52,225.0,0.0,0.0,1.0,662.1127294780051,662.0903580965993,0.022371381405792683,,,695.3172473828351,695.3172473828351,1300.0,True,False,True,,,
SIM_DIR-1784850421,SIM_DIR,capstone_iii_fit_2x,fit_2x,52,52,225.0,0.0,0.0,1.0,662.1127294780051,662.0903580965993,0.022371381405792683,,,728.421765287665,728.421765287665,1300.0,True,False,True,,,
SIM_DIR-1784850421,SIM_DIR,capstone_iii_fit_activity,fit_activity,52,52,225.0,0.0,0.0,1.0,662.1127294780051,662.0903580965993,0.022371381405792683,,,721.8008617066992,721.8008617066992,1300.0,True,False,True,,,
SIM_DIR-1784850421,SIM_DIR,capstone_iii_fit_activity_pvt,fit_activity_pvt,52,52,225.0,0.0,0.0,1.0,662.1127294780051,662.0903580965993,0.022371381405792683,,,741.663572449597,741.663572449597,1300.0,True,False,True,,,
SIM_DIR-1784850421,SIM_DIR,capstone_iii_full,full,52,52,225.0,0.0,0.0,1.0,662.1127294780051,662.0903580965993,0.022371381405792683,,,761.526283192495,761.526283192495,1300.0,True,False,True,,,
SIM_DIR-1784850421,SIM_DIR,baseline,,53,53,226.0,0.0,0.0,1.0,665.7064873573092,665.6841159759034,0.022371381405792683,965.2744066680983,865.418433564502,,865.418433564502,,True,False,True,,,
SIM_DIR-1784850421,SIM_DIR,capstone_i,,53,53,226.0,0.0,0.0,1.0,665.7064873573092,665.6841159759034,0.022371381405792683,965.2744066680983,865.418433564502,,865.418433564502,1300.0,True,False,True,,,
SIM_DIR-1784850421,SIM_DIR,capstone_ii,,53,53,226.0,0.0,0.0,1.0,665.7064873573092,665.6841159759034,0.022371381405792683,853.7384873573092,783.2264873573092,,783.2264873573092,1300.0,True,False,True,,,
SIM_DIR-1784850421,SIM_DIR,capstone_iii_fit_1x,fit_1x,53,53,226.0,0.0,0.0,1.0,665.7064873573092,665.6841159759034,0.022371381405792683,,,699.0906931561044,699.0906931561044,1300.0,True,False,True,,,
SIM_DIR-1784850421,SIM_DIR,capstone_iii_fit_2x,fit_2x,53,53,226.0,0.0,0.0,1.0,665.7064873573092,665.6841159759034,0.022371381405792683,,,732.3748989548995,732.3748989548995,1300.0,True,False,True,,,
SIM_DIR-1784850421,SIM_DIR,capstone_iii_fit_activity,fit_activity,53,53,226.0,0.0,0.0,1.0,665.7064873573092,665.6841159759034,0.022371381405792683,,,725.7180577951406,725.7180577951406,1300.0,True,False,True,,,
SIM_DIR-1784850421,SIM_DIR,capstone_iii_fit_activity_pvt,fit_activity_pvt,53,53,226.0,0.0,0.0,1.0,665.7064873573092,665.6841159759034,0.022371381405792683,,,745.6885812744175,745.6885812744175,1300.0,True,False,True,,,
SIM_DIR-1784850421,SIM_DIR,capstone_iii_full,full,53,53,226.0,0.0,0.0,1.0,665.7064873573092,665.6841159759034,0.022371381405792683,,,765.6591047536947,765.6591047536947,1300.0,True,False,True,,,
SIM_DIR-1784850421,SIM_DIR,baseline,,54,54,227.0,0.0,0.0,1.0,669.3057721107598,669.283400729354,0.022371381405792683,970.4933695606016,870.0975037439878,,870.0975037439878,,True,False,True,,,
SIM_DIR-1784850421,SIM_DIR,capstone_i,,54,54,227.0,0.0,0.0,1.0,669.3057721107598,669.283400729354,0.022371381405792683,970.4933695606016,870.0975037439878,,870.0975037439878,1300.0,True,False,True,,,
SIM_DIR-1784850421,SIM_DIR,capstone_ii,,54,54,227.0,0.0,0.0,1.0,669.3057721107598,669.283400729354,0.022371381405792683,858.1697721107598,787.3457721107598,,787.3457721107598,1300.0,True,False,True,,,
SIM_DIR-1784850421,SIM_DIR,capstone_iii_fit_1x,fit_1x,54,54,227.0,0.0,0.0,1.0,669.3057721107598,669.283400729354,0.022371381405792683,,,702.8699421472274,702.8699421472274,1300.0,True,False,True,,,
SIM_DIR-1784850421,SIM_DIR,capstone_iii_fit_2x,fit_2x,54,54,227.0,0.0,0.0,1.0,669.3057721107598,669.283400729354,0.022371381405792683,,,736.3341121836952,736.3341121836952,1300.0,True,False,True,,,
SIM_DIR-1784850421,SIM_DIR,capstone_iii_fit_activity,fit_activity,54,54,227.0,0.0,0.0,1.0,669.3057721107598,669.283400729354,0.022371381405792683,,,729.6412781764017,729.6412781764017,1300.0,True,False,True,,,
SIM_DIR-1784850421,SIM_DIR,capstone_iii_fit_activity_pvt,fit_activity_pvt,54,54,227.0,0.0,0.0,1.0,669.3057721107598,669.283400729354,0.022371381405792683,,,749.7197801982823,749.7197801982823,1300.0,True,False,True,,,
SIM_DIR-1784850421,SIM_DIR,capstone_iii_full,full,54,54,227.0,0.0,0.0,1.0,669.3057721107598,669.283400729354,0.022371381405792683,,,769.7982822201628,769.7982822201628,1300.0,True,False,True,,,
SIM_DIR-1784850421,SIM_DIR,baseline,,55,55,227.0,0.0,0.0,1.0,669.9593177119159,669.9369463305101,0.022371381405792683,971.441010682278,870.9471130254907,,870.9471130254907,,True,False,True,,,
SIM_DIR-1784850421,SIM_DIR,capstone_i,,55,55,227.0,0.0,0.0,1.0,669.9593177119159,669.9369463305101,0.022371381405792683,971.441010682278,870.9471130254907,,870.9471130254907,1300.0,True,False,True,,,
SIM_DIR-1784850421,SIM_DIR,capstone_ii,,55,55,227.0,0.0,0.0,1.0,669.9593177119159,669.9369463305101,0.022371381405792683,858.8233177119159,787.9993177119159,,787.9993177119159,1300.0,True,False,True,,,
SIM_DIR-1784850421,SIM_DIR,capstone_iii_fit_1x,fit_1x,55,55,227.0,0.0,0.0,1.0,669.9593177119159,669.9369463305101,0.022371381405792683,,,703.5561650284413,703.5561650284413,1300.0,True,False,True,,,
SIM_DIR-1784850421,SIM_DIR,capstone_iii_fit_2x,fit_2x,55,55,227.0,0.0,0.0,1.0,669.9593177119159,669.9369463305101,0.022371381405792683,,,737.0530123449669,737.0530123449669,1300.0,True,False,True,,,
SIM_DIR-1784850421,SIM_DIR,capstone_iii_fit_activity,fit_activity,55,55,227.0,0.0,0.0,1.0,669.9593177119159,669.9369463305101,0.022371381405792683,,,730.3536428816618,730.3536428816618,1300.0,True,False,True,,,
SIM_DIR-1784850421,SIM_DIR,capstone_iii_fit_activity_pvt,fit_activity_pvt,55,55,227.0,0.0,0.0,1.0,669.9593177119159,669.9369463305101,0.022371381405792683,,,750.4517512715771,750.4517512715771,1300.0,True,False,True,,,
SIM_DIR-1784850421,SIM_DIR,capstone_iii_full,full,55,55,227.0,0.0,0.0,1.0,669.9593177119159,669.9369463305101,0.022371381405792683,,,770.5498596614924,770.5498596614924,1300.0,True,False,True,,,
SIM_DIR-1784850421,SIM_DIR,baseline,,56,56,233.0,0.0,0.0,1.0,688.3374829093964,688.3151115279906,0.022371381405792683,998.0893502186248,894.8387277822153,,894.8387277822153,,True,False,True,,,
SIM_DIR-1784850421,SIM_DIR,capstone_i,,56,56,233.0,0.0,0.0,1.0,688.3374829093964,688.3151115279906,0.022371381405792683,998.0893502186248,894.8387277822153,,894.8387277822153,1300.0,True,False,True,,,
SIM_DIR-1784850421,SIM_DIR,capstone_ii,,56,56,233.0,0.0,0.0,1.0,688.3374829093964,688.3151115279906,0.022371381405792683,882.1934829093964,809.4974829093964,,809.4974829093964,1300.0,True,False,True,,,
SIM_DIR-1784850421,SIM_DIR,capstone_iii_fit_1x,fit_1x,56,56,233.0,0.0,0.0,1.0,688.3374829093964,688.3151115279906,0.022371381405792683,,,722.8532384857959,722.8532384857959,1300.0,True,False,True,,,
SIM_DIR-1784850421,SIM_DIR,capstone_iii_fit_2x,fit_2x,56,56,233.0,0.0,0.0,1.0,688.3374829093964,688.3151115279906,0.022371381405792683,,,757.2689940621954,757.2689940621954,1300.0,True,False,True,,,
SIM_DIR-1784850421,SIM_DIR,capstone_iii_fit_activity,fit_activity,56,56,233.0,0.0,0.0,1.0,688.3374829093964,688.3151115279906,0.022371381405792683,,,750.3858429469155,750.3858429469155,1300.0,True,False,True,,,
SIM_DIR-1784850421,SIM_DIR,capstone_iii_fit_activity_pvt,fit_activity_pvt,56,56,233.0,0.0,0.0,1.0,688.3374829093964,688.3151115279906,0.022371381405792683,,,771.0352962927553,771.0352962927553,1300.0,True,False,True,,,
SIM_DIR-1784850421,SIM_DIR,capstone_iii_full,full,56,56,233.0,0.0,0.0,1.0,688.3374829093964,688.3151115279906,0.022371381405792683,,,791.6847496385949,791.6847496385949,1300.0,True,False,True,,,
SIM_DIR-1784850421,SIM_DIR,baseline,,57,57,233.0,0.0,0.0,1.0,689.007825578201,688.9854541967952,0.022371381405792683,999.0613470883915,895.7101732516614,,895.7101732516614,,True,False,True,,,
SIM_DIR-1784850421,SIM_DIR,capstone_i,,57,57,233.0,0.0,0.0,1.0,689.007825578201,688.9854541967952,0.022371381405792683,999.0613470883915,895.7101732516614,,895.7101732516614,1300.0,True,False,True,,,
SIM_DIR-1784850421,SIM_DIR,capstone_ii,,57,57,233.0,0.0,0.0,1.0,689.007825578201,688.9854541967952,0.022371381405792683,882.863825578201,810.167825578201,,810.167825578201,1300.0,True,False,True,,,
SIM_DIR-1784850421,SIM_DIR,capstone_iii_fit_1x,fit_1x,57,57,233.0,0.0,0.0,1.0,689.007825578201,688.9854541967952,0.022371381405792683,,,723.5570982880408,723.5570982880408,1300.0,True,False,True,,,
SIM_DIR-1784850421,SIM_DIR,capstone_iii_fit_2x,fit_2x,57,57,233.0,0.0,0.0,1.0,689.007825578201,688.9854541967952,0.022371381405792683,,,758.0063709978806,758.0063709978806,1300.0,True,False,True,,,
SIM_DIR-1784850421,SIM_DIR,capstone_iii_fit_activity,fit_activity,57,57,233.0,0.0,0.0,1.0,689.007825578201,688.9854541967952,0.022371381405792683,,,751.1165164559127,751.1165164559127,1300.0,True,False,True,,,
SIM_DIR-1784850421,SIM_DIR,capstone_iii_fit_activity_pvt,fit_activity_pvt,57,57,233.0,0.0,0.0,1.0,689.007825578201,688.9854541967952,0.022371381405792683,,,771.7860800818165,771.7860800818165,1300.0,True,False,True,,,
SIM_DIR-1784850421,SIM_DIR,capstone_iii_full,full,57,57,233.0,0.0,0.0,1.0,689.007825578201,688.9854541967952,0.022371381405792683,,,792.4556437077204,792.4556437077204,1300.0,True,False,True,,,
SIM_DIR-1784850421,SIM_DIR,baseline,,58,58,237.0,0.0,0.0,1.0,701.5175118023151,701.4951404209093,0.022371381405792683,1017.2003921133569,911.9727653430097,,911.9727653430097,,True,False,True,,,
SIM_DIR-1784850421,SIM_DIR,capstone_i,,58,58,237.0,0.0,0.0,1.0,701.5175118023151,701.4951404209093,0.022371381405792683,1017.2003921133569,911.9727653430097,,911.9727653430097,1300.0,True,False,True,,,
SIM_DIR-1784850421,SIM_DIR,capstone_ii,,58,58,237.0,0.0,0.0,1.0,701.5175118023151,701.4951404209093,0.022371381405792683,898.701511802315,824.7575118023151,,824.7575118023151,1300.0,True,False,True,,,
SIM_DIR-1784850421,SIM_DIR,capstone_iii_fit_1x,fit_1x,58,58,237.0,0.0,0.0,1.0,701.5175118023151,701.4951404209093,0.022371381405792683,,,736.6922688233605,736.6922688233605,1300.0,True,False,True,,,
SIM_DIR-1784850421,SIM_DIR,capstone_iii_fit_2x,fit_2x,58,58,237.0,0.0,0.0,1.0,701.5175118023151,701.4951404209093,0.022371381405792683,,,771.7670258444059,771.7670258444059,1300.0,True,False,True,,,
SIM_DIR-1784850421,SIM_DIR,capstone_iii_fit_activity,fit_activity,58,58,237.0,0.0,0.0,1.0,701.5175118023151,701.4951404209093,0.022371381405792683,,,764.7520744401969,764.7520744401969,1300.0,True,False,True,,,
SIM_DIR-1784850421,SIM_DIR,capstone_iii_fit_activity_pvt,fit_activity_pvt,58,58,237.0,0.0,0.0,1.0,701.5175118023151,701.4951404209093,0.022371381405792683,,,785.7969286528242,785.7969286528242,1300.0,True,False,True,,,
SIM_DIR-1784850421,SIM_DIR,capstone_iii_full,full,58,58,237.0,0.0,0.0,1.0,701.5175118023151,701.4951404209093,0.022371381405792683,,,806.8417828654514,806.8417828654514,1300.0,True,False,True,,,
SIM_DIR-1784850421,SIM_DIR,baseline,,59,59,238.0,0.0,0.0,1.0,705.1616518892754,705.1392805078696,0.022371381405792683,1022.4843952394493,916.710147456058,,916.710147456058,,True,False,True,,,
SIM_DIR-1784850421,SIM_DIR,capstone_i,,59,59,238.0,0.0,0.0,1.0,705.1616518892754,705.1392805078696,0.022371381405792683,1022.4843952394493,916.710147456058,,916.710147456058,1300.0,True,False,True,,,
SIM_DIR-1784850421,SIM_DIR,capstone_ii,,59,59,238.0,0.0,0.0,1.0,705.1616518892754,705.1392805078696,0.022371381405792683,903.1776518892754,828.9216518892754,,828.9216518892754,1300.0,True,False,True,,,
SIM_DIR-1784850421,SIM_DIR,capstone_iii_fit_1x,fit_1x,59,59,238.0,0.0,0.0,1.0,705.1616518892754,705.1392805078696,0.022371381405792683,,,740.5186159146689,740.5186159146689,1300.0,True,False,True,,,
SIM_DIR-1784850421,SIM_DIR,capstone_iii_fit_2x,fit_2x,59,59,238.0,0.0,0.0,1.0,705.1616518892754,705.1392805078696,0.022371381405792683,,,775.7755799400624,775.7755799400624,1300.0,True,False,True,,,
SIM_DIR-1784850421,SIM_DIR,capstone_iii_fit_activity,fit_activity,59,59,238.0,0.0,0.0,1.0,705.1616518892754,705.1392805078696,0.022371381405792683,,,768.7241871349836,768.7241871349836,1300.0,True,False,True,,,
SIM_DIR-1784850421,SIM_DIR,capstone_iii_fit_activity_pvt,fit_activity_pvt,59,59,238.0,0.0,0.0,1.0,705.1616518892754,705.1392805078696,0.022371381405792683,,,789.8783655502198,789.8783655502198,1300.0,True,False,True,,,
SIM_DIR-1784850421,SIM_DIR,capstone_iii_full,full,59,59,238.0,0.0,0.0,1.0,705.1616518892754,705.1392805078696,0.022371381405792683,,,811.0325439654558,811.0325439654558,1300.0,True,False,True,,,
SIM_DIR-1784850421,SIM_DIR,baseline,,60,60,238.0,0.0,0.0,1.0,705.8456572830368,705.8232859016309,0.022371381405792683,1023.4762030604032,917.5993544679478,,917.5993544679478,,True,False,True,,,
SIM_DIR-1784850421,SIM_DIR,capstone_i,,60,60,238.0,0.0,0.0,1.0,705.8456572830368,705.8232859016309,0.022371381405792683,1023.4762030604032,917.5993544679478,,917.5993544679478,1300.0,True,False,True,,,
SIM_DIR-1784850421,SIM_DIR,capstone_ii,,60,60,238.0,0.0,0.0,1.0,705.8456572830368,705.8232859016309,0.022371381405792683,903.8616572830367,829.6056572830367,,829.6056572830367,1300.0,True,False,True,,,
SIM_DIR-1784850421,SIM_DIR,capstone_iii_fit_1x,fit_1x,60,60,238.0,0.0,0.0,1.0,705.8456572830368,705.8232859016309,0.022371381405792683,,,741.2368215781182,741.2368215781182,1300.0,True,False,True,,,
SIM_DIR-1784850421,SIM_DIR,capstone_iii_fit_2x,fit_2x,60,60,238.0,0.0,0.0,1.0,705.8456572830368,705.8232859016309,0.022371381405792683,,,776.5279858731998,776.5279858731998,1300.0,True,False,True,,,
SIM_DIR-1784850421,SIM_DIR,capstone_iii_fit_activity,fit_activity,60,60,238.0,0.0,0.0,1.0,705.8456572830368,705.8232859016309,0.022371381405792683,,,769.4697530141835,769.4697530141835,1300.0,True,False,True,,,
SIM_DIR-1784850421,SIM_DIR,capstone_iii_fit_activity_pvt,fit_activity_pvt,60,60,238.0,0.0,0.0,1.0,705.8456572830368,705.8232859016309,0.022371381405792683,,,790.6444515912324,790.6444515912324,1300.0,True,False,True,,,
SIM_DIR-1784850421,SIM_DIR,capstone_iii_full,full,60,60,238.0,0.0,0.0,1.0,705.8456572830368,705.8232859016309,0.022371381405792683,,,811.8191501682813,811.8191501682813,1300.0,True,False,True,,,
SIM_DIR-1784850421,SIM_DIR,baseline,,61,61,242.0,0.0,0.0,1.0,718.4034923820462,718.3811210006404,0.022371381405792683,1041.685063953967,933.9245400966602,,933.9245400966602,,True,False,True,,,
SIM_DIR-1784850421,SIM_DIR,capstone_i,,61,61,242.0,0.0,0.0,1.0,718.4034923820462,718.3811210006404,0.022371381405792683,1041.685063953967,933.9245400966602,,933.9245400966602,1300.0,True,False,True,,,
SIM_DIR-1784850421,SIM_DIR,capstone_ii,,61,61,242.0,0.0,0.0,1.0,718.4034923820462,718.3811210006404,0.022371381405792683,919.7474923820462,844.2434923820463,,844.2434923820463,1300.0,True,False,True,,,
SIM_DIR-1784850421,SIM_DIR,capstone_iii_fit_1x,fit_1x,61,61,242.0,0.0,0.0,1.0,718.4034923820462,718.3811210006404,0.022371381405792683,,,754.4225484320783,754.4225484320783,1300.0,True,False,True,,,
SIM_DIR-1784850421,SIM_DIR,capstone_iii_fit_2x,fit_2x,61,61,242.0,0.0,0.0,1.0,718.4034923820462,718.3811210006404,0.022371381405792683,,,790.3416044821103,790.3416044821103,1300.0,True,False,True,,,
SIM_DIR-1784850421,SIM_DIR,capstone_iii_fit_activity,fit_activity,61,61,242.0,0.0,0.0,1.0,718.4034923820462,718.3811210006404,0.022371381405792683,,,783.1577932721038,783.1577932721038,1300.0,True,False,True,,,
SIM_DIR-1784850421,SIM_DIR,capstone_iii_fit_activity_pvt,fit_activity_pvt,61,61,242.0,0.0,0.0,1.0,718.4034923820462,718.3811210006404,0.022371381405792683,,,804.7092269021232,804.7092269021232,1300.0,True,False,True,,,
SIM_DIR-1784850421,SIM_DIR,capstone_iii_full,full,61,61,242.0,0.0,0.0,1.0,718.4034923820462,718.3811210006404,0.022371381405792683,,,826.2606605321422,826.2606605321422,1300.0,True,False,True,,,
SIM_DIR-1784850421,SIM_DIR,baseline,,62,62,246.0,0.0,0.0,1.0,730.9840660291068,730.9616946477009,0.022371381405792683,1059.9268957422048,950.2792858378389,,950.2792858378389,,True,False,True,,,
SIM_DIR-1784850421,SIM_DIR,capstone_i,,62,62,246.0,0.0,0.0,1.0,730.9840660291068,730.9616946477009,0.022371381405792683,1059.9268957422048,950.2792858378389,,950.2792858378389,1300.0,True,False,True,,,
SIM_DIR-1784850421,SIM_DIR,capstone_ii,,62,62,246.0,0.0,0.0,1.0,730.9840660291068,730.9616946477009,0.022371381405792683,935.6560660291068,858.9040660291067,,858.9040660291067,1300.0,True,False,True,,,
SIM_DIR-1784850421,SIM_DIR,capstone_iii_fit_1x,fit_1x,62,62,246.0,0.0,0.0,1.0,730.9840660291068,730.9616946477009,0.022371381405792683,,,767.6321507614919,767.6321507614919,1300.0,True,False,True,,,
SIM_DIR-1784850421,SIM_DIR,capstone_iii_fit_2x,fit_2x,62,62,246.0,0.0,0.0,1.0,730.9840660291068,730.9616946477009,0.022371381405792683,,,804.1802354938769,804.1802354938769,1300.0,True,False,True,,,
SIM_DIR-1784850421,SIM_DIR,capstone_iii_fit_activity,fit_activity,62,62,246.0,0.0,0.0,1.0,730.9840660291068,730.9616946477009,0.022371381405792683,,,796.8706185473999,796.8706185473999,1300.0,True,False,True,,,
SIM_DIR-1784850421,SIM_DIR,capstone_iii_fit_activity_pvt,fit_activity_pvt,62,62,246.0,0.0,0.0,1.0,730.9840660291068,730.9616946477009,0.022371381405792683,,,818.7994693868309,818.7994693868309,1300.0,True,False,True,,,
SIM_DIR-1784850421,SIM_DIR,capstone_iii_full,full,62,62,246.0,0.0,0.0,1.0,730.9840660291068,730.9616946477009,0.022371381405792683,,,840.7283202262619,840.7283202262619,1300.0,True,False,True,,,
SIM_DIR-1784850421,SIM_DIR,baseline,,63,63,246.0,0.0,0.0,1.0,731.690327545763,731.6679561643572,0.022371381405792683,1060.9509749413564,951.197425809492,,951.197425809492,,True,False,True,,,
SIM_DIR-1784850421,SIM_DIR,capstone_i,,63,63,246.0,0.0,0.0,1.0,731.690327545763,731.6679561643572,0.022371381405792683,1060.9509749413564,951.197425809492,,951.197425809492,1300.0,True,False,True,,,
SIM_DIR-1784850421,SIM_DIR,capstone_ii,,63,63,246.0,0.0,0.0,1.0,731.690327545763,731.6679561643572,0.022371381405792683,936.362327545763,859.610327545763,,859.610327545763,1300.0,True,False,True,,,
SIM_DIR-1784850421,SIM_DIR,capstone_iii_fit_1x,fit_1x,63,63,246.0,0.0,0.0,1.0,731.690327545763,731.6679561643572,0.022371381405792683,,,768.3737253539808,768.3737253539808,1300.0,True,False,True,,,
SIM_DIR-1784850421,SIM_DIR,capstone_iii_fit_2x,fit_2x,63,63,246.0,0.0,0.0,1.0,731.690327545763,731.6679561643572,0.022371381405792683,,,804.9571231621987,804.9571231621987,1300.0,True,False,True,,,
SIM_DIR-1784850421,SIM_DIR,capstone_iii_fit_activity,fit_activity,63,63,246.0,0.0,0.0,1.0,731.690327545763,731.6679561643572,0.022371381405792683,,,797.6404436005552,797.6404436005552,1300.0,True,False,True,,,
SIM_DIR-1784850421,SIM_DIR,capstone_iii_fit_activity_pvt,fit_activity_pvt,63,63,246.0,0.0,0.0,1.0,731.690327545763,731.6679561643572,0.022371381405792683,,,819.5904822854859,819.5904822854859,1300.0,True,False,True,,,
SIM_DIR-1784850421,SIM_DIR,capstone_iii_full,full,63,63,246.0,0.0,0.0,1.0,731.690327545763,731.6679561643572,0.022371381405792683,,,841.5405209704167,841.5405209704167,1300.0,True,False,True,,,
SIM_DIR-1784850421,SIM_DIR,baseline,,64,64,246.0,0.0,0.0,1.0,732.3963462424142,732.3739748610084,0.022371381405792683,1061.9747020515006,952.1152501151385,,952.1152501151385,,True,False,True,,,
SIM_DIR-1784850421,SIM_DIR,capstone_i,,64,64,246.0,0.0,0.0,1.0,732.3963462424142,732.3739748610084,0.022371381405792683,1061.9747020515006,952.1152501151385,,952.1152501151385,1300.0,True,False,True,,,
SIM_DIR-1784850421,SIM_DIR,capstone_ii,,64,64,246.0,0.0,0.0,1.0,732.3963462424142,732.3739748610084,0.022371381405792683,937.0683462424142,860.3163462424142,,860.3163462424142,1300.0,True,False,True,,,
SIM_DIR-1784850421,SIM_DIR,capstone_iii_fit_1x,fit_1x,64,64,246.0,0.0,0.0,1.0,732.3963462424142,732.3739748610084,0.022371381405792683,,,769.1150449854646,769.1150449854646,1300.0,True,False,True,,,
SIM_DIR-1784850421,SIM_DIR,capstone_iii_fit_2x,fit_2x,64,64,246.0,0.0,0.0,1.0,732.3963462424142,732.3739748610084,0.022371381405792683,,,805.7337437285149,805.7337437285149,1300.0,True,False,True,,,
SIM_DIR-1784850421,SIM_DIR,capstone_iii_fit_activity,fit_activity,64,64,246.0,0.0,0.0,1.0,732.3963462424142,732.3739748610084,0.022371381405792683,,,798.410003979905,798.410003979905,1300.0,True,False,True,,,
SIM_DIR-1784850421,SIM_DIR,capstone_iii_fit_activity_pvt,fit_activity_pvt,64,64,246.0,0.0,0.0,1.0,732.3963462424142,732.3739748610084,0.022371381405792683,,,820.3812232257352,820.3812232257352,1300.0,True,False,True,,,
SIM_DIR-1784850421,SIM_DIR,capstone_iii_full,full,64,64,246.0,0.0,0.0,1.0,732.3963462424142,732.3739748610084,0.022371381405792683,,,842.3524424715655,842.3524424715655,1300.0,True,False,True,,,
SIM_DIR-1784850421,SIM_DIR,baseline,,65,65,247.0,0.0,0.0,1.0,736.0821222986445,736.0597509172387,0.022371381405792683,1067.3190773330346,956.9067589882379,,956.9067589882379,,True,False,True,,,
SIM_DIR-1784850421,SIM_DIR,capstone_i,,65,65,247.0,0.0,0.0,1.0,736.0821222986445,736.0597509172387,0.022371381405792683,1067.3190773330346,956.9067589882379,,956.9067589882379,1300.0,True,False,True,,,
SIM_DIR-1784850421,SIM_DIR,capstone_ii,,65,65,247.0,0.0,0.0,1.0,736.0821222986445,736.0597509172387,0.022371381405792683,941.5861222986446,864.5221222986445,,864.5221222986445,1300.0,True,False,True,,,
SIM_DIR-1784850421,SIM_DIR,capstone_iii_fit_1x,fit_1x,65,65,247.0,0.0,0.0,1.0,736.0821222986445,736.0597509172387,0.022371381405792683,,,772.9851098445065,772.9851098445065,1300.0,True,False,True,,,
SIM_DIR-1784850421,SIM_DIR,capstone_iii_fit_2x,fit_2x,65,65,247.0,0.0,0.0,1.0,736.0821222986445,736.0597509172387,0.022371381405792683,,,809.7880973903684,809.7880973903684,1300.0,True,False,True,,,
SIM_DIR-1784850421,SIM_DIR,capstone_iii_fit_activity,fit_activity,65,65,247.0,0.0,0.0,1.0,736.0821222986445,736.0597509172387,0.022371381405792683,,,802.427499881196,802.427499881196,1300.0,True,False,True,,,
SIM_DIR-1784850421,SIM_DIR,capstone_iii_fit_activity_pvt,fit_activity_pvt,65,65,247.0,0.0,0.0,1.0,736.0821222986445,736.0597509172387,0.022371381405792683,,,824.5092924087133,824.5092924087133,1300.0,True,False,True,,,
SIM_DIR-1784850421,SIM_DIR,capstone_iii_full,full,65,65,247.0,0.0,0.0,1.0,736.0821222986445,736.0597509172387,0.022371381405792683,,,846.5910849362303,846.5910849362303,1300.0,True,False,True,,,
SIM_DIR-1784850421,SIM_DIR,baseline,,66,66,251.0,0.0,0.0,1.0,748.7219950540725,748.6996236726667,0.022371381405792683,1085.646892828405,973.3385935702943,,973.3385935702943,,True,False,True,,,
SIM_DIR-1784850421,SIM_DIR,capstone_i,,66,66,251.0,0.0,0.0,1.0,748.7219950540725,748.6996236726667,0.022371381405792683,1085.646892828405,973.3385935702943,,973.3385935702943,1300.0,True,False,True,,,
SIM_DIR-1784850421,SIM_DIR,capstone_ii,,66,66,251.0,0.0,0.0,1.0,748.7219950540725,748.6996236726667,0.022371381405792683,957.5539950540725,879.2419950540725,,879.2419950540725,1300.0,True,False,True,,,
SIM_DIR-1784850421,SIM_DIR,capstone_iii_fit_1x,fit_1x,66,66,251.0,0.0,0.0,1.0,748.7219950540725,748.6996236726667,0.022371381405792683,,,786.2569762377059,786.2569762377059,1300.0,True,False,True,,,
SIM_DIR-1784850421,SIM_DIR,capstone_iii_fit_2x,fit_2x,66,66,251.0,0.0,0.0,1.0,748.7219950540725,748.6996236726667,0.022371381405792683,,,823.6919574213391,823.6919574213391,1300.0,True,False,True,,,
SIM_DIR-1784850421,SIM_DIR,capstone_iii_fit_activity,fit_activity,66,66,251.0,0.0,0.0,1.0,748.7219950540725,748.6996236726667,0.022371381405792683,,,816.2049611846126,816.2049611846126,1300.0,True,False,True,,,
SIM_DIR-1784850421,SIM_DIR,capstone_iii_fit_activity_pvt,fit_activity_pvt,66,66,251.0,0.0,0.0,1.0,748.7219950540725,748.6996236726667,0.022371381405792683,,,838.6659498947926,838.6659498947926,1300.0,True,False,True,,,
SIM_DIR-1784850421,SIM_DIR,capstone_iii_full,full,66,66,251.0,0.0,0.0,1.0,748.7219950540725,748.6996236726667,0.022371381405792683,,,861.1269386049726,861.1269386049726,1300.0,True,False,True,,,
SIM_DIR-1784850421,SIM_DIR,baseline,,67,67,255.0,0.0,0.0,1.0,761.3845640598801,761.3621926784742,0.022371381405792683,1104.007617886826,989.7999332778442,,989.7999332778442,,True,False,True,,,
SIM_DIR-1784850421,SIM_DIR,capstone_i,,67,67,255.0,0.0,0.0,1.0,761.3845640598801,761.3621926784742,0.022371381405792683,1104.007617886826,989.7999332778442,,989.7999332778442,1300.0,True,False,True,,,
SIM_DIR-1784850421,SIM_DIR,capstone_ii,,67,67,255.0,0.0,0.0,1.0,761.3845640598801,761.3621926784742,0.022371381405792683,973.54456405988,893.9845640598801,,893.9845640598801,1300.0,True,False,True,,,
SIM_DIR-1784850421,SIM_DIR,capstone_iii_fit_1x,fit_1x,67,67,255.0,0.0,0.0,1.0,761.3845640598801,761.3621926784742,0.022371381405792683,,,799.5526736938037,799.5526736938037,1300.0,True,False,True,,,
SIM_DIR-1784850421,SIM_DIR,capstone_iii_fit_2x,fit_2x,67,67,255.0,0.0,0.0,1.0,761.3845640598801,761.3621926784742,0.022371381405792683,,,837.6207833277274,837.6207833277274,1300.0,True,False,True,,,
SIM_DIR-1784850421,SIM_DIR,capstone_iii_fit_activity,fit_activity,67,67,255.0,0.0,0.0,1.0,761.3845640598801,761.3621926784742,0.022371381405792683,,,830.0071614009427,830.0071614009427,1300.0,True,False,True,,,
SIM_DIR-1784850421,SIM_DIR,capstone_iii_fit_activity_pvt,fit_activity_pvt,67,67,255.0,0.0,0.0,1.0,761.3845640598801,761.3621926784742,0.022371381405792683,,,852.8480271812969,852.8480271812969,1300.0,True,False,True,,,
SIM_DIR-1784850421,SIM_DIR,capstone_iii_full,full,67,67,255.0,0.0,0.0,1.0,761.3845640598801,761.3621926784742,0.022371381405792683,,,875.688892961651,875.688892961651,1300.0,True,False,True,,,
SIM_DIR-1784850421,SIM_DIR,baseline,,68,68,256.0,0.0,0.0,1.0,765.1040183240136,765.0816469426078,0.022371381405792683,1109.4008265698196,994.6352238212178,,994.6352238212178,,True,False,True,,,
SIM_DIR-1784850421,SIM_DIR,capstone_i,,68,68,256.0,0.0,0.0,1.0,765.1040183240136,765.0816469426078,0.022371381405792683,1109.4008265698196,994.6352238212178,,994.6352238212178,1300.0,True,False,True,,,
SIM_DIR-1784850421,SIM_DIR,capstone_ii,,68,68,256.0,0.0,0.0,1.0,765.1040183240136,765.0816469426078,0.022371381405792683,978.0960183240136,898.2240183240136,,898.2240183240136,1300.0,True,False,True,,,
SIM_DIR-1784850421,SIM_DIR,capstone_iii_fit_1x,fit_1x,68,68,256.0,0.0,0.0,1.0,765.1040183240136,765.0816469426078,0.022371381405792683,,,803.4581006711439,803.4581006711439,1300.0,True,False,True,,,
SIM_DIR-1784850421,SIM_DIR,capstone_iii_fit_2x,fit_2x,68,68,256.0,0.0,0.0,1.0,765.1040183240136,765.0816469426078,0.022371381405792683,,,841.7121830182745,841.7121830182745,1300.0,True,False,True,,,
SIM_DIR-1784850421,SIM_DIR,capstone_iii_fit_activity,fit_activity,68,68,256.0,0.0,0.0,1.0,765.1040183240136,765.0816469426078,0.022371381405792683,,,834.0613665488484,834.0613665488484,1300.0,True,False,True,,,
SIM_DIR-1784850421,SIM_DIR,capstone_iii_fit_activity_pvt,fit_activity_pvt,68,68,256.0,0.0,0.0,1.0,765.1040183240136,765.0816469426078,0.022371381405792683,,,857.0138159571266,857.0138159571266,1300.0,True,False,True,,,
SIM_DIR-1784850421,SIM_DIR,capstone_iii_full,full,68,68,256.0,0.0,0.0,1.0,765.1040183240136,765.0816469426078,0.022371381405792683,,,879.9662653654049,879.9662653654049,1300.0,True,False,True,,,
SIM_DIR-1784850421,SIM_DIR,baseline,,69,69,257.0,0.0,0.0,1.0,768.8289572362575,768.8065858548516,0.022371381405792683,1114.8019879925732,999.4776444071347,,999.4776444071347,,True,False,True,,,
SIM_DIR-1784850421,SIM_DIR,capstone_i,,69,69,257.0,0.0,0.0,1.0,768.8289572362575,768.8065858548516,0.022371381405792683,1114.8019879925732,999.4776444071347,,999.4776444071347,1300.0,True,False,True,,,
SIM_DIR-1784850421,SIM_DIR,capstone_ii,,69,69,257.0,0.0,0.0,1.0,768.8289572362575,768.8065858548516,0.022371381405792683,982.6529572362574,902.4689572362574,,902.4689572362574,1300.0,True,False,True,,,
SIM_DIR-1784850421,SIM_DIR,capstone_iii_fit_1x,fit_1x,69,69,257.0,0.0,0.0,1.0,768.8289572362575,768.8065858548516,0.022371381405792683,,,807.369286529,807.369286529,1300.0,True,False,True,,,
SIM_DIR-1784850421,SIM_DIR,capstone_iii_fit_2x,fit_2x,69,69,257.0,0.0,0.0,1.0,768.8289572362575,768.8065858548516,0.022371381405792683,,,845.8096158217427,845.8096158217427,1300.0,True,False,True,,,
SIM_DIR-1784850421,SIM_DIR,capstone_iii_fit_activity,fit_activity,69,69,257.0,0.0,0.0,1.0,768.8289572362575,768.8065858548516,0.022371381405792683,,,838.1215499631942,838.1215499631942,1300.0,True,False,True,,,
SIM_DIR-1784850421,SIM_DIR,capstone_iii_fit_activity_pvt,fit_activity_pvt,69,69,257.0,0.0,0.0,1.0,768.8289572362575,768.8065858548516,0.022371381405792683,,,861.1857475388396,861.1857475388396,1300.0,True,False,True,,,
SIM_DIR-1784850421,SIM_DIR,capstone_iii_full,full,69,69,257.0,0.0,0.0,1.0,768.8289572362575,768.8065858548516,0.022371381405792683,,,884.2499451144852,884.2499451144852,1300.0,True,False,True,,,
SIM_DIR-1784850421,SIM_DIR,baseline,,70,70,257.0,0.0,0.0,1.0,769.5650496314356,769.5426782500298,0.022371381405792683,1115.8693219655815,1000.4345645208664,,1000.4345645208664,,True,False,True,,,
SIM_DIR-1784850421,SIM_DIR,capstone_i,,70,70,257.0,0.0,0.0,1.0,769.5650496314356,769.5426782500298,0.022371381405792683,1115.8693219655815,1000.4345645208664,,1000.4345645208664,1300.0,True,False,True,,,
SIM_DIR-1784850421,SIM_DIR,capstone_ii,,70,70,257.0,0.0,0.0,1.0,769.5650496314356,769.5426782500298,0.022371381405792683,983.3890496314356,903.2050496314356,,903.2050496314356,1300.0,True,False,True,,,
SIM_DIR-1784850421,SIM_DIR,capstone_iii_fit_1x,fit_1x,70,70,257.0,0.0,0.0,1.0,769.5650496314356,769.5426782500298,0.022371381405792683,,,808.1421835439371,808.1421835439371,1300.0,True,False,True,,,
SIM_DIR-1784850421,SIM_DIR,capstone_iii_fit_2x,fit_2x,70,70,257.0,0.0,0.0,1.0,769.5650496314356,769.5426782500298,0.022371381405792683,,,846.6193174564387,846.6193174564387,1300.0,True,False,True,,,
SIM_DIR-1784850421,SIM_DIR,capstone_iii_fit_activity,fit_activity,70,70,257.0,0.0,0.0,1.0,769.5650496314356,769.5426782500298,0.022371381405792683,,,838.9238906739382,838.9238906739382,1300.0,True,False,True,,,
SIM_DIR-1784850421,SIM_DIR,capstone_iii_fit_activity_pvt,fit_activity_pvt,70,70,257.0,0.0,0.0,1.0,769.5650496314356,769.5426782500298,0.022371381405792683,,,862.0101710214393,862.0101710214393,1300.0,True,False,True,,,
SIM_DIR-1784850421,SIM_DIR,capstone_iii_full,full,70,70,257.0,0.0,0.0,1.0,769.5650496314356,769.5426782500298,0.022371381405792683,,,885.0964513689402,885.0964513689402,1300.0,True,False,True,,,
SIM_DIR-1784850421,SIM_DIR,baseline,,71,71,262.0,0.0,0.0,1.0,785.2868604246728,785.264489043267,0.022371381405792683,1138.6659476157756,1020.8729185520747,,1020.8729185520747,,True,False,True,,,
SIM_DIR-1784850421,SIM_DIR,capstone_i,,71,71,262.0,0.0,0.0,1.0,785.2868604246728,785.264489043267,0.022371381405792683,1138.6659476157756,1020.8729185520747,,1020.8729185520747,1300.0,True,False,True,,,
SIM_DIR-1784850421,SIM_DIR,capstone_ii,,71,71,262.0,0.0,0.0,1.0,785.2868604246728,785.264489043267,0.022371381405792683,1003.2708604246728,921.5268604246728,,921.5268604246728,1300.0,True,False,True,,,
SIM_DIR-1784850421,SIM_DIR,capstone_iii_fit_1x,fit_1x,71,71,262.0,0.0,0.0,1.0,785.2868604246728,785.264489043267,0.022371381405792683,,,824.6500848768361,824.6500848768361,1300.0,True,False,True,,,
SIM_DIR-1784850421,SIM_DIR,capstone_iii_fit_2x,fit_2x,71,71,262.0,0.0,0.0,1.0,785.2868604246728,785.264489043267,0.022371381405792683,,,863.9133093289996,863.9133093289996,1300.0,True,False,True,,,
SIM_DIR-1784850421,SIM_DIR,capstone_iii_fit_activity,fit_activity,71,71,262.0,0.0,0.0,1.0,785.2868604246728,785.264489043267,0.022371381405792683,,,856.0606644385667,856.0606644385667,1300.0,True,False,True,,,
SIM_DIR-1784850421,SIM_DIR,capstone_iii_fit_activity_pvt,fit_activity_pvt,71,71,262.0,0.0,0.0,1.0,785.2868604246728,785.264489043267,0.022371381405792683,,,879.6185991098648,879.6185991098648,1300.0,True,False,True,,,
SIM_DIR-1784850421,SIM_DIR,capstone_iii_full,full,71,71,262.0,0.0,0.0,1.0,785.2868604246728,785.264489043267,0.022371381405792683,,,903.1765337811629,903.1765337811629,1300.0,True,False,True,,,
SIM_DIR-1784850421,SIM_DIR,baseline,,72,72,266.0,0.0,0.0,1.0,798.0369949997418,798.0146236183359,0.022371381405792683,1157.1536427496255,1037.4480934996643,,1037.4480934996643,,True,False,True,,,
SIM_DIR-1784850421,SIM_DIR,capstone_i,,72,72,266.0,0.0,0.0,1.0,798.0369949997418,798.0146236183359,0.022371381405792683,1157.1536427496255,1037.4480934996643,,1037.4480934996643,1300.0,True,False,True,,,
SIM_DIR-1784850421,SIM_DIR,capstone_ii,,72,72,266.0,0.0,0.0,1.0,798.0369949997418,798.0146236183359,0.022371381405792683,1019.3489949997418,936.3569949997418,,936.3569949997418,1300.0,True,False,True,,,
SIM_DIR-1784850421,SIM_DIR,capstone_iii_fit_1x,fit_1x,72,72,266.0,0.0,0.0,1.0,798.0369949997418,798.0146236183359,0.022371381405792683,,,838.0377261806585,838.0377261806585,1300.0,True,False,True,,,
SIM_DIR-1784850421,SIM_DIR,capstone_iii_fit_2x,fit_2x,72,72,266.0,0.0,0.0,1.0,798.0369949997418,798.0146236183359,0.022371381405792683,,,877.9384573615755,877.9384573615755,1300.0,True,False,True,,,
SIM_DIR-1784850421,SIM_DIR,capstone_iii_fit_activity,fit_activity,72,72,266.0,0.0,0.0,1.0,798.0369949997418,798.0146236183359,0.022371381405792683,,,869.958311125392,869.958311125392,1300.0,True,False,True,,,
SIM_DIR-1784850421,SIM_DIR,capstone_iii_fit_activity_pvt,fit_activity_pvt,72,72,266.0,0.0,0.0,1.0,798.0369949997418,798.0146236183359,0.022371381405792683,,,893.8987498339421,893.8987498339421,1300.0,True,False,True,,,
SIM_DIR-1784850421,SIM_DIR,capstone_iii_full,full,72,72,266.0,0.0,0.0,1.0,798.0369949997418,798.0146236183359,0.022371381405792683,,,917.8391885424923,917.8391885424923,1300.0,True,False,True,,,
SIM_DIR-1784850421,SIM_DIR,baseline,,73,73,268.0,0.0,0.0,1.0,804.8039400987121,804.7815687173063,0.022371381405792683,1166.9657131431325,1046.2451221283259,,1046.2451221283259,,True,False,True,,,
SIM_DIR-1784850421,SIM_DIR,capstone_i,,73,73,268.0,0.0,0.0,1.0,804.8039400987121,804.7815687173063,0.022371381405792683,1166.9657131431325,1046.2451221283259,,1046.2451221283259,1300.0,True,False,True,,,
SIM_DIR-1784850421,SIM_DIR,capstone_ii,,73,73,268.0,0.0,0.0,1.0,804.8039400987121,804.7815687173063,0.022371381405792683,1027.7799400987121,944.1639400987121,,944.1639400987121,1300.0,True,False,True,,,
SIM_DIR-1784850421,SIM_DIR,capstone_iii_fit_1x,fit_1x,73,73,268.0,0.0,0.0,1.0,804.8039400987121,804.7815687173063,0.022371381405792683,,,845.1430185345774,845.1430185345774,1300.0,True,False,True,,,
SIM_DIR-1784850421,SIM_DIR,capstone_iii_fit_2x,fit_2x,73,73,268.0,0.0,0.0,1.0,804.8039400987121,804.7815687173063,0.022371381405792683,,,885.3820969704428,885.3820969704428,1300.0,True,False,True,,,
SIM_DIR-1784850421,SIM_DIR,capstone_iii_fit_activity,fit_activity,73,73,268.0,0.0,0.0,1.0,804.8039400987121,804.7815687173063,0.022371381405792683,,,877.3342812832698,877.3342812832698,1300.0,True,False,True,,,
SIM_DIR-1784850421,SIM_DIR,capstone_iii_fit_activity_pvt,fit_activity_pvt,73,73,268.0,0.0,0.0,1.0,804.8039400987121,804.7815687173063,0.022371381405792683,,,901.4777283447889,901.4777283447889,1300.0,True,False,True,,,
SIM_DIR-1784850421,SIM_DIR,capstone_iii_full,full,73,73,268.0,0.0,0.0,1.0,804.8039400987121,804.7815687173063,0.022371381405792683,,,925.6211754063081,925.6211754063081,1300.0,True,False,True,,,
SIM_DIR-1784850421,SIM_DIR,baseline,,74,74,268.0,0.0,0.0,1.0,805.5705233343737,805.5481519529678,0.022371381405792683,1168.0772588348418,1047.2416803346857,,1047.2416803346857,,True,False,True,,,
SIM_DIR-1784850421,SIM_DIR,capstone_i,,74,74,268.0,0.0,0.0,1.0,805.5705233343737,805.5481519529678,0.022371381405792683,1168.0772588348418,1047.2416803346857,,1047.2416803346857,1300.0,True,False,True,,,
SIM_DIR-1784850421,SIM_DIR,capstone_ii,,74,74,268.0,0.0,0.0,1.0,805.5705233343737,805.5481519529678,0.022371381405792683,1028.5465233343737,944.9305233343737,,944.9305233343737,1300.0,True,False,True,,,
SIM_DIR-1784850421,SIM_DIR,capstone_iii_fit_1x,fit_1x,74,74,268.0,0.0,0.0,1.0,805.5705233343737,805.5481519529678,0.022371381405792683,,,845.947930932022,845.947930932022,1300.0,True,False,True,,,
SIM_DIR-1784850421,SIM_DIR,capstone_iii_fit_2x,fit_2x,74,74,268.0,0.0,0.0,1.0,805.5705233343737,805.5481519529678,0.022371381405792683,,,886.2253385296705,886.2253385296705,1300.0,True,False,True,,,
SIM_DIR-1784850421,SIM_DIR,capstone_iii_fit_activity,fit_activity,74,74,268.0,0.0,0.0,1.0,805.5705233343737,805.5481519529678,0.022371381405792683,,,878.1698570101407,878.1698570101407,1300.0,True,False,True,,,
SIM_DIR-1784850421,SIM_DIR,capstone_iii_fit_activity_pvt,fit_activity_pvt,74,74,268.0,0.0,0.0,1.0,805.5705233343737,805.5481519529678,0.022371381405792683,,,902.3363015687297,902.3363015687297,1300.0,True,False,True,,,
SIM_DIR-1784850421,SIM_DIR,capstone_iii_full,full,74,74,268.0,0.0,0.0,1.0,805.5705233343737,805.5481519529678,0.022371381405792683,,,926.5027461273188,926.5027461273188,1300.0,True,False,True,,,
SIM_DIR-1784850421,SIM_DIR,baseline,,75,75,273.0,0.0,0.0,1.0,821.3800365642029,821.3576651827971,0.022371381405792683,1191.0010530180941,1067.7940475334638,,1067.7940475334638,,True,False,True,,,
SIM_DIR-1784850421,SIM_DIR,capstone_i,,75,75,273.0,0.0,0.0,1.0,821.3800365642029,821.3576651827971,0.022371381405792683,1191.0010530180941,1067.7940475334638,,1067.7940475334638,1300.0,True,False,True,,,
SIM_DIR-1784850421,SIM_DIR,capstone_ii,,75,75,273.0,0.0,0.0,1.0,821.3800365642029,821.3576651827971,0.022371381405792683,1048.516036564203,963.3400365642029,,963.3400365642029,1300.0,True,False,True,,,
SIM_DIR-1784850421,SIM_DIR,capstone_iii_fit_1x,fit_1x,75,75,273.0,0.0,0.0,1.0,821.3800365642029,821.3576651827971,0.022371381405792683,,,862.5479198233427,862.5479198233427,1300.0,True,False,True,,,
SIM_DIR-1784850421,SIM_DIR,capstone_iii_fit_2x,fit_2x,75,75,273.0,0.0,0.0,1.0,821.3800365642029,821.3576651827971,0.022371381405792683,,,903.6158030824827,903.6158030824827,1300.0,True,False,True,,,
SIM_DIR-1784850421,SIM_DIR,capstone_iii_fit_activity,fit_activity,75,75,273.0,0.0,0.0,1.0,821.3800365642029,821.3576651827971,0.022371381405792683,,,895.4022264306547,895.4022264306547,1300.0,True,False,True,,,
SIM_DIR-1784850421,SIM_DIR,capstone_iii_fit_activity_pvt,fit_activity_pvt,75,75,273.0,0.0,0.0,1.0,821.3800365642029,821.3576651827971,0.022371381405792683,,,920.0429563861386,920.0429563861386,1300.0,True,False,True,,,
SIM_DIR-1784850421,SIM_DIR,capstone_iii_full,full,75,75,273.0,0.0,0.0,1.0,821.3800365642029,821.3576651827971,0.022371381405792683,,,944.6836863416224,944.6836863416224,1300.0,True,False,True,,,
SIM_DIR-1784850421,SIM_DIR,baseline,,76,76,273.0,0.0,0.0,1.0,822.1604122387115,822.1380408573057,0.022371381405792683,1192.1325977461318,1068.808535910325,,1068.808535910325,,True,False,True,,,
SIM_DIR-1784850421,SIM_DIR,capstone_i,,76,76,273.0,0.0,0.0,1.0,822.1604122387115,822.1380408573057,0.022371381405792683,1192.1325977461318,1068.808535910325,,1068.808535910325,1300.0,True,False,True,,,
SIM_DIR-1784850421,SIM_DIR,capstone_ii,,76,76,273.0,0.0,0.0,1.0,822.1604122387115,822.1380408573057,0.022371381405792683,1049.2964122387116,964.1204122387115,,964.1204122387115,1300.0,True,False,True,,,
SIM_DIR-1784850421,SIM_DIR,capstone_iii_fit_1x,fit_1x,76,76,273.0,0.0,0.0,1.0,822.1604122387115,822.1380408573057,0.022371381405792683,,,863.3673142815767,863.3673142815767,1300.0,True,False,True,,,
SIM_DIR-1784850421,SIM_DIR,capstone_iii_fit_2x,fit_2x,76,76,273.0,0.0,0.0,1.0,822.1604122387115,822.1380408573057,0.022371381405792683,,,904.4742163244421,904.4742163244421,1300.0,True,False,True,,,
SIM_DIR-1784850421,SIM_DIR,capstone_iii_fit_activity,fit_activity,76,76,273.0,0.0,0.0,1.0,822.1604122387115,822.1380408573057,0.022371381405792683,,,896.2528359158689,896.2528359158689,1300.0,True,False,True,,,
SIM_DIR-1784850421,SIM_DIR,capstone_iii_fit_activity_pvt,fit_activity_pvt,76,76,273.0,0.0,0.0,1.0,822.1604122387115,822.1380408573057,0.022371381405792683,,,920.9169771415882,920.9169771415882,1300.0,True,False,True,,,
SIM_DIR-1784850421,SIM_DIR,capstone_iii_full,full,76,76,273.0,0.0,0.0,1.0,822.1604122387115,822.1380408573057,0.022371381405792683,,,945.5811183673073,945.5811183673073,1300.0,True,False,True,,,
SIM_DIR-1784850421,SIM_DIR,baseline,,77,77,279.0,0.0,0.0,1.0,841.0266485101806,841.0042771287748,0.022371381405792683,1219.4886403397618,1093.3346430632348,,1093.3346430632348,,True,False,True,,,
SIM_DIR-1784850421,SIM_DIR,capstone_i,,77,77,279.0,0.0,0.0,1.0,841.0266485101806,841.0042771287748,0.022371381405792683,1219.4886403397618,1093.3346430632348,,1093.3346430632348,1300.0,True,False,True,,,
SIM_DIR-1784850421,SIM_DIR,capstone_ii,,77,77,279.0,0.0,0.0,1.0,841.0266485101806,841.0042771287748,0.022371381405792683,1073.1546485101806,986.1066485101807,,986.1066485101807,1300.0,True,False,True,,,
SIM_DIR-1784850421,SIM_DIR,capstone_iii_fit_1x,fit_1x,77,77,279.0,0.0,0.0,1.0,841.0266485101806,841.0042771287748,0.022371381405792683,,,883.1768623666193,883.1768623666193,1300.0,True,False,True,,,
SIM_DIR-1784850421,SIM_DIR,capstone_iii_fit_2x,fit_2x,77,77,279.0,0.0,0.0,1.0,841.0266485101806,841.0042771287748,0.022371381405792683,,,925.2270762230581,925.2270762230581,1300.0,True,False,True,,,
SIM_DIR-1784850421,SIM_DIR,capstone_iii_fit_activity,fit_activity,77,77,279.0,0.0,0.0,1.0,841.0266485101806,841.0042771287748,0.022371381405792683,,,916.8170334517703,916.8170334517703,1300.0,True,False,True,,,
SIM_DIR-1784850421,SIM_DIR,capstone_iii_fit_activity_pvt,fit_activity_pvt,77,77,279.0,0.0,0.0,1.0,841.0266485101806,841.0042771287748,0.022371381405792683,,,942.0471617656334,942.0471617656334,1300.0,True,False,True,,,
SIM_DIR-1784850421,SIM_DIR,capstone_iii_full,full,77,77,279.0,0.0,0.0,1.0,841.0266485101806,841.0042771287748,0.022371381405792683,,,967.2772900794968,967.2772900794968,1300.0,True,False,True,,,
SIM_DIR-1784850421,SIM_DIR,baseline,,78,78,281.0,0.0,0.0,1.0,847.8580774940392,847.8357061126334,0.022371381405792683,1229.394212366357,1102.215500742251,,1102.215500742251,,True,False,True,,,
SIM_DIR-1784850421,SIM_DIR,capstone_i,,78,78,281.0,0.0,0.0,1.0,847.8580774940392,847.8357061126334,0.022371381405792683,1229.394212366357,1102.215500742251,,1102.215500742251,1300.0,True,False,True,,,
SIM_DIR-1784850421,SIM_DIR,capstone_ii,,78,78,281.0,0.0,0.0,1.0,847.8580774940392,847.8357061126334,0.022371381405792683,1081.6500774940391,993.9780774940392,,993.9780774940392,1300.0,True,False,True,,,
SIM_DIR-1784850421,SIM_DIR,capstone_iii_fit_1x,fit_1x,78,78,281.0,0.0,0.0,1.0,847.8580774940392,847.8357061126334,0.022371381405792683,,,890.3498627996709,890.3498627996709,1300.0,True,False,True,,,
SIM_DIR-1784850421,SIM_DIR,capstone_iii_fit_2x,fit_2x,78,78,281.0,0.0,0.0,1.0,847.8580774940392,847.8357061126334,0.022371381405792683,,,932.7416481053026,932.7416481053026,1300.0,True,False,True,,,
SIM_DIR-1784850421,SIM_DIR,capstone_iii_fit_activity,fit_activity,78,78,281.0,0.0,0.0,1.0,847.8580774940392,847.8357061126334,0.022371381405792683,,,924.2632910441762,924.2632910441762,1300.0,True,False,True,,,
SIM_DIR-1784850421,SIM_DIR,capstone_iii_fit_activity_pvt,fit_activity_pvt,78,78,281.0,0.0,0.0,1.0,847.8580774940392,847.8357061126334,0.022371381405792683,,,949.6983622275552,949.6983622275552,1300.0,True,False,True,,,
SIM_DIR-1784850421,SIM_DIR,capstone_iii_full,full,78,78,281.0,0.0,0.0,1.0,847.8580774940392,847.8357061126334,0.022371381405792683,,,975.1334334109342,975.1334334109342,1300.0,True,False,True,,,
SIM_DIR-1784850421,SIM_DIR,baseline,,79,79,283.0,0.0,0.0,1.0,854.7006735448147,854.6783021634088,0.022371381405792683,1239.3159766399813,1111.110875608259,,1111.110875608259,,True,False,True,,,
SIM_DIR-1784850421,SIM_DIR,capstone_i,,79,79,283.0,0.0,0.0,1.0,854.7006735448147,854.6783021634088,0.022371381405792683,1239.3159766399813,1111.110875608259,,1111.110875608259,1300.0,True,False,True,,,
SIM_DIR-1784850421,SIM_DIR,capstone_ii,,79,79,283.0,0.0,0.0,1.0,854.7006735448147,854.6783021634088,0.022371381405792683,1090.1566735448146,1001.8606735448146,,1001.8606735448146,1300.0,True,False,True,,,
SIM_DIR-1784850421,SIM_DIR,capstone_iii_fit_1x,fit_1x,79,79,283.0,0.0,0.0,1.0,854.7006735448147,854.6783021634088,0.022371381405792683,,,897.5345886529851,897.5345886529851,1300.0,True,False,True,,,
SIM_DIR-1784850421,SIM_DIR,capstone_iii_fit_2x,fit_2x,79,79,283.0,0.0,0.0,1.0,854.7006735448147,854.6783021634088,0.022371381405792683,,,940.2685037611557,940.2685037611557,1300.0,True,False,True,,,
SIM_DIR-1784850421,SIM_DIR,capstone_iii_fit_activity,fit_activity,79,79,283.0,0.0,0.0,1.0,854.7006735448147,854.6783021634088,0.022371381405792683,,,931.7217207395215,931.7217207395215,1300.0,True,False,True,,,
SIM_DIR-1784850421,SIM_DIR,capstone_iii_fit_activity_pvt,fit_activity_pvt,79,79,283.0,0.0,0.0,1.0,854.7006735448147,854.6783021634088,0.022371381405792683,,,957.3620698044239,957.3620698044239,1300.0,True,False,True,,,
SIM_DIR-1784850421,SIM_DIR,capstone_iii_full,full,79,79,283.0,0.0,0.0,1.0,854.7006735448147,854.6783021634088,0.022371381405792683,,,983.002418869326,983.002418869326,1300.0,True,False,True,,,
SIM_DIR-1784850421,SIM_DIR,baseline,,80,80,289.0,0.0,0.0,1.0,873.6461104749811,873.6237390935753,0.022371381405792683,1266.7868601887226,1135.7399436174755,,1135.7399436174755,,True,False,True,,,
SIM_DIR-1784850421,SIM_DIR,capstone_i,,80,80,289.0,0.0,0.0,1.0,873.6461104749811,873.6237390935753,0.022371381405792683,1266.7868601887226,1135.7399436174755,,1135.7399436174755,1300.0,True,False,True,,,
SIM_DIR-1784850421,SIM_DIR,capstone_ii,,80,80,289.0,0.0,0.0,1.0,873.6461104749811,873.6237390935753,0.022371381405792683,1114.094110474981,1023.9261104749811,,1023.9261104749811,1300.0,True,False,True,,,
SIM_DIR-1784850421,SIM_DIR,capstone_iii_fit_1x,fit_1x,80,80,289.0,0.0,0.0,1.0,873.6461104749811,873.6237390935753,0.022371381405792683,,,917.4272974296598,917.4272974296598,1300.0,True,False,True,,,
SIM_DIR-1784850421,SIM_DIR,capstone_iii_fit_2x,fit_2x,80,80,289.0,0.0,0.0,1.0,873.6461104749811,873.6237390935753,0.022371381405792683,,,961.1084843843387,961.1084843843387,1300.0,True,False,True,,,
SIM_DIR-1784850421,SIM_DIR,capstone_iii_fit_activity,fit_activity,80,80,289.0,0.0,0.0,1.0,873.6461104749811,873.6237390935753,0.022371381405792683,,,952.3722469934029,952.3722469934029,1300.0,True,False,True,,,
SIM_DIR-1784850421,SIM_DIR,capstone_iii_fit_activity_pvt,fit_activity_pvt,80,80,289.0,0.0,0.0,1.0,873.6461104749811,873.6237390935753,0.022371381405792683,,,978.5809591662102,978.5809591662102,1300.0,True,False,True,,,
SIM_DIR-1784850421,SIM_DIR,capstone_iii_full,full,80,80,289.0,0.0,0.0,1.0,873.6461104749811,873.6237390935753,0.022371381405792683,,,1004.7896713390173,1004.7896713390173,1300.0,True,False,True,,,
SIM_DIR-1784850421,SIM_DIR,baseline,,81,81,295.0,0.0,0.0,1.0,892.6255374819604,892.6031661005545,0.022371381405792683,1294.3070293488424,1160.4131987265484,,1160.4131987265484,,True,False,True,,,
SIM_DIR-1784850421,SIM_DIR,capstone_i,,81,81,295.0,0.0,0.0,1.0,892.6255374819604,892.6031661005545,0.022371381405792683,1294.3070293488424,1160.4131987265484,,1160.4131987265484,1300.0,True,False,True,,,
SIM_DIR-1784850421,SIM_DIR,capstone_ii,,81,81,295.0,0.0,0.0,1.0,892.6255374819604,892.6031661005545,0.022371381405792683,1138.0655374819603,1046.0255374819603,,1046.0255374819603,1300.0,True,False,True,,,
SIM_DIR-1784850421,SIM_DIR,capstone_iii_fit_1x,fit_1x,81,81,295.0,0.0,0.0,1.0,892.6255374819604,892.6031661005545,0.022371381405792683,,,937.355695786988,937.355695786988,1300.0,True,False,True,,,
SIM_DIR-1784850421,SIM_DIR,capstone_iii_fit_2x,fit_2x,81,81,295.0,0.0,0.0,1.0,892.6255374819604,892.6031661005545,0.022371381405792683,,,981.9858540920159,981.9858540920159,1300.0,True,False,True,,,
SIM_DIR-1784850421,SIM_DIR,capstone_iii_fit_activity,fit_activity,81,81,295.0,0.0,0.0,1.0,892.6255374819604,892.6031661005545,0.022371381405792683,,,973.0598224310102,973.0598224310102,1300.0,True,False,True,,,
SIM_DIR-1784850421,SIM_DIR,capstone_iii_fit_activity_pvt,fit_activity_pvt,81,81,295.0,0.0,0.0,1.0,892.6255374819604,892.6031661005545,0.022371381405792683,,,999.8379174140268,999.8379174140268,1300.0,True,False,True,,,
SIM_DIR-1784850421,SIM_DIR,capstone_iii_full,full,81,81,295.0,0.0,0.0,1.0,892.6255374819604,892.6031661005545,0.022371381405792683,,,1026.6160123970433,1026.6160123970433,1300.0,True,False,True,,,
SIM_DIR-1784850421,SIM_DIR,baseline,,82,82,295.0,0.0,0.0,1.0,893.4671807026181,893.4448093212122,0.022371381405792683,1295.5274120187962,1161.5073349134036,,1161.5073349134036,,True,False,True,,,
SIM_DIR-1784850421,SIM_DIR,capstone_i,,82,82,295.0,0.0,0.0,1.0,893.4671807026181,893.4448093212122,0.022371381405792683,1295.5274120187962,1161.5073349134036,,1161.5073349134036,1300.0,True,False,True,,,
SIM_DIR-1784850421,SIM_DIR,capstone_ii,,82,82,295.0,0.0,0.0,1.0,893.4671807026181,893.4448093212122,0.022371381405792683,1138.907180702618,1046.867180702618,,1046.867180702618,1300.0,True,False,True,,,
SIM_DIR-1784850421,SIM_DIR,capstone_iii_fit_1x,fit_1x,82,82,295.0,0.0,0.0,1.0,893.4671807026181,893.4448093212122,0.022371381405792683,,,938.2394211686786,938.2394211686786,1300.0,True,False,True,,,
SIM_DIR-1784850421,SIM_DIR,capstone_iii_fit_2x,fit_2x,82,82,295.0,0.0,0.0,1.0,893.4671807026181,893.4448093212122,0.022371381405792683,,,982.9116616347394,982.9116616347394,1300.0,True,False,True,,,
SIM_DIR-1784850421,SIM_DIR,capstone_iii_fit_activity,fit_activity,82,82,295.0,0.0,0.0,1.0,893.4671807026181,893.4448093212122,0.022371381405792683,,,973.9772135415271,973.9772135415271,1300.0,True,False,True,,,
SIM_DIR-1784850421,SIM_DIR,capstone_iii_fit_activity_pvt,fit_activity_pvt,82,82,295.0,0.0,0.0,1.0,893.4671807026181,893.4448093212122,0.022371381405792683,,,1000.7805578211636,1000.7805578211636,1300.0,True,False,True,,,
SIM_DIR-1784850421,SIM_DIR,capstone_iii_full,full,82,82,295.0,0.0,0.0,1.0,893.4671807026181,893.4448093212122,0.022371381405792683,,,1027.5839021007996,1027.5839021007996,1300.0,True,False,True,,,
SIM_DIR-1784850421,SIM_DIR,baseline,,83,83,295.0,0.0,0.0,1.0,894.308558501759,894.2861871203531,0.022371381405792683,1296.7474098275504,1162.6011260522866,,1162.6011260522866,,True,False,True,,,
SIM_DIR-1784850421,SIM_DIR,capstone_i,,83,83,295.0,0.0,0.0,1.0,894.308558501759,894.2861871203531,0.022371381405792683,1296.7474098275504,1162.6011260522866,,1162.6011260522866,1300.0,True,False,True,,,
SIM_DIR-1784850421,SIM_DIR,capstone_ii,,83,83,295.0,0.0,0.0,1.0,894.308558501759,894.2861871203531,0.022371381405792683,1139.748558501759,1047.708558501759,,1047.708558501759,1300.0,True,False,True,,,
SIM_DIR-1784850421,SIM_DIR,capstone_iii_fit_1x,fit_1x,83,83,295.0,0.0,0.0,1.0,894.308558501759,894.2861871203531,0.022371381405792683,,,939.1228678577767,939.1228678577767,1300.0,True,False,True,,,
SIM_DIR-1784850421,SIM_DIR,capstone_iii_fit_2x,fit_2x,83,83,295.0,0.0,0.0,1.0,894.308558501759,894.2861871203531,0.022371381405792683,,,983.8371772137943,983.8371772137943,1300.0,True,False,True,,,
SIM_DIR-1784850421,SIM_DIR,capstone_iii_fit_activity,fit_activity,83,83,295.0,0.0,0.0,1.0,894.308558501759,894.2861871203531,0.022371381405792683,,,974.8943153425907,974.8943153425907,1300.0,True,False,True,,,
SIM_DIR-1784850421,SIM_DIR,capstone_iii_fit_activity_pvt,fit_activity_pvt,83,83,295.0,0.0,0.0,1.0,894.308558501759,894.2861871203531,0.022371381405792683,,,1001.7229009562013,1001.7229009562013,1300.0,True,False,True,,,
SIM_DIR-1784850421,SIM_DIR,capstone_iii_full,full,83,83,295.0,0.0,0.0,1.0,894.308558501759,894.2861871203531,0.022371381405792683,,,1028.5514865698117,1028.5514865698117,1300.0,True,False,True,,,
SIM_DIR-1784850421,SIM_DIR,baseline,,84,84,297.0,0.0,0.0,1.0,901.2183318289196,901.1959604475138,0.022371381405792683,1306.7665811519335,1171.5838313775955,,1171.5838313775955,,True,False,True,,,
SIM_DIR-1784850421,SIM_DIR,capstone_i,,84,84,297.0,0.0,0.0,1.0,901.2183318289196,901.1959604475138,0.022371381405792683,1306.7665811519335,1171.5838313775955,,1171.5838313775955,1300.0,True,False,True,,,
SIM_DIR-1784850421,SIM_DIR,capstone_ii,,84,84,297.0,0.0,0.0,1.0,901.2183318289196,901.1959604475138,0.022371381405792683,1148.3223318289197,1055.6583318289197,,1055.6583318289197,1300.0,True,False,True,,,
SIM_DIR-1784850421,SIM_DIR,capstone_iii_fit_1x,fit_1x,84,84,297.0,0.0,0.0,1.0,901.2183318289196,901.1959604475138,0.022371381405792683,,,946.3781298512953,946.3781298512953,1300.0,True,False,True,,,
SIM_DIR-1784850421,SIM_DIR,capstone_iii_fit_2x,fit_2x,84,84,297.0,0.0,0.0,1.0,901.2183318289196,901.1959604475138,0.022371381405792683,,,991.4379278736711,991.4379278736711,1300.0,True,False,True,,,
SIM_DIR-1784850421,SIM_DIR,capstone_iii_fit_activity,fit_activity,84,84,297.0,0.0,0.0,1.0,901.2183318289196,901.1959604475138,0.022371381405792683,,,982.425968269196,982.425968269196,1300.0,True,False,True,,,
SIM_DIR-1784850421,SIM_DIR,capstone_iii_fit_activity_pvt,fit_activity_pvt,84,84,297.0,0.0,0.0,1.0,901.2183318289196,901.1959604475138,0.022371381405792683,,,1009.4618470826213,1009.4618470826213,1300.0,True,False,True,,,
SIM_DIR-1784850421,SIM_DIR,capstone_iii_full,full,84,84,297.0,0.0,0.0,1.0,901.2183318289196,901.1959604475138,0.022371381405792683,,,1036.4977258960464,1036.4977258960464,1300.0,True,False,True,,,
SIM_DIR-1784850421,SIM_DIR,baseline,,85,85,301.0,0.0,0.0,1.0,914.2136040105426,914.1912326291367,0.022371381405792683,1325.6097258152868,1188.4776852137054,,1188.4776852137054,,True,False,True,,,
SIM_DIR-1784850421,SIM_DIR,capstone_i,,85,85,301.0,0.0,0.0,1.0,914.2136040105426,914.1912326291367,0.022371381405792683,1325.6097258152868,1188.4776852137054,,1188.4776852137054,1300.0,True,False,True,,,
SIM_DIR-1784850421,SIM_DIR,capstone_ii,,85,85,301.0,0.0,0.0,1.0,914.2136040105426,914.1912326291367,0.022371381405792683,1164.6456040105425,1070.7336040105424,,1070.7336040105424,1300.0,True,False,True,,,
SIM_DIR-1784850421,SIM_DIR,capstone_iii_fit_1x,fit_1x,85,85,301.0,0.0,0.0,1.0,914.2136040105426,914.1912326291367,0.022371381405792683,,,960.0231656419993,960.0231656419993,1300.0,True,False,True,,,
SIM_DIR-1784850421,SIM_DIR,capstone_iii_fit_2x,fit_2x,85,85,301.0,0.0,0.0,1.0,914.2136040105426,914.1912326291367,0.022371381405792683,,,1005.7327272734562,1005.7327272734562,1300.0,True,False,True,,,
SIM_DIR-1784850421,SIM_DIR,capstone_iii_fit_activity,fit_activity,85,85,301.0,0.0,0.0,1.0,914.2136040105426,914.1912326291367,0.022371381405792683,,,996.5908149471649,996.5908149471649,1300.0,True,False,True,,,
SIM_DIR-1784850421,SIM_DIR,capstone_iii_fit_activity_pvt,fit_activity_pvt,85,85,301.0,0.0,0.0,1.0,914.2136040105426,914.1912326291367,0.022371381405792683,,,1024.016551926039,1024.016551926039,1300.0,True,False,True,,,
SIM_DIR-1784850421,SIM_DIR,capstone_iii_full,full,85,85,301.0,0.0,0.0,1.0,914.2136040105426,914.1912326291367,0.022371381405792683,,,1051.4422889049129,1051.4422889049129,1300.0,True,False,True,,,
SIM_DIR-1784850421,SIM_DIR,baseline,,86,86,305.0,0.0,0.0,1.0,927.2314084655732,927.2090370841673,0.022371381405792683,1344.4855422750811,1205.4008310052452,,1205.4008310052452,,True,False,True,,,
SIM_DIR-1784850421,SIM_DIR,capstone_i,,86,86,305.0,0.0,0.0,1.0,927.2314084655732,927.2090370841673,0.022371381405792683,1344.4855422750811,1205.4008310052452,,1205.4008310052452,1300.0,True,False,True,,,
SIM_DIR-1784850421,SIM_DIR,capstone_ii,,86,86,305.0,0.0,0.0,1.0,927.2314084655732,927.2090370841673,0.022371381405792683,1180.9914084655732,1085.831408465573,,1085.831408465573,1300.0,True,False,True,,,
SIM_DIR-1784850421,SIM_DIR,capstone_iii_fit_1x,fit_1x,86,86,305.0,0.0,0.0,1.0,927.2314084655732,927.2090370841673,0.022371381405792683,,,973.6918603197815,973.6918603197815,1300.0,True,False,True,,,
SIM_DIR-1784850421,SIM_DIR,capstone_iii_fit_2x,fit_2x,86,86,305.0,0.0,0.0,1.0,927.2314084655732,927.2090370841673,0.022371381405792683,,,1020.05231217399,1020.05231217399,1300.0,True,False,True,,,
SIM_DIR-1784850421,SIM_DIR,capstone_iii_fit_activity,fit_activity,86,86,305.0,0.0,0.0,1.0,927.2314084655732,927.2090370841673,0.022371381405792683,,,1010.7802218031484,1010.7802218031484,1300.0,True,False,True,,,
SIM_DIR-1784850421,SIM_DIR,capstone_iii_fit_activity_pvt,fit_activity_pvt,86,86,305.0,0.0,0.0,1.0,927.2314084655732,927.2090370841673,0.022371381405792683,,,1038.596492915673,1038.596492915673,1300.0,True,False,True,,,
SIM_DIR-1784850421,SIM_DIR,capstone_iii_full,full,86,86,305.0,0.0,0.0,1.0,927.2314084655732,927.2090370841673,0.022371381405792683,,,1066.4127640281981,1066.4127640281981,1300.0,True,False,True,,,
SIM_DIR-1784850421,SIM_DIR,baseline,,87,87,305.0,0.0,0.0,1.0,928.1002230664839,928.077851685078,0.022371381405792683,1345.7453234464015,1206.5302899864291,,1206.5302899864291,,True,False,True,,,
SIM_DIR-1784850421,SIM_DIR,capstone_i,,87,87,305.0,0.0,0.0,1.0,928.1002230664839,928.077851685078,0.022371381405792683,1345.7453234464015,1206.5302899864291,,1206.5302899864291,1300.0,True,False,True,,,
SIM_DIR-1784850421,SIM_DIR,capstone_ii,,87,87,305.0,0.0,0.0,1.0,928.1002230664839,928.077851685078,0.022371381405792683,1181.8602230664837,1086.7002230664839,,1086.7002230664839,1300.0,True,False,True,,,
SIM_DIR-1784850421,SIM_DIR,capstone_iii_fit_1x,fit_1x,87,87,305.0,0.0,0.0,1.0,928.1002230664839,928.077851685078,0.022371381405792683,,,974.6041156507376,974.6041156507376,1300.0,True,False,True,,,
SIM_DIR-1784850421,SIM_DIR,capstone_iii_fit_2x,fit_2x,87,87,305.0,0.0,0.0,1.0,928.1002230664839,928.077851685078,0.022371381405792683,,,1021.0080082349916,1021.0080082349916,1300.0,True,False,True,,,
SIM_DIR-1784850421,SIM_DIR,capstone_iii_fit_activity,fit_activity,87,87,305.0,0.0,0.0,1.0,928.1002230664839,928.077851685078,0.022371381405792683,,,1011.7272297181407,1011.7272297181407,1300.0,True,False,True,,,
SIM_DIR-1784850421,SIM_DIR,capstone_iii_fit_activity_pvt,fit_activity_pvt,87,87,305.0,0.0,0.0,1.0,928.1002230664839,928.077851685078,0.022371381405792683,,,1039.569565268693,1039.569565268693,1300.0,True,False,True,,,
SIM_DIR-1784850421,SIM_DIR,capstone_iii_full,full,87,87,305.0,0.0,0.0,1.0,928.1002230664839,928.077851685078,0.022371381405792683,,,1067.4119008192451,1067.4119008192451,1300.0,True,False,True,,,
SIM_DIR-1784850421,SIM_DIR,baseline,,88,88,309.0,0.0,0.0,1.0,941.1516733970091,941.1293020156032,0.022371381405792683,1364.669926425663,1223.4971754161118,,1223.4971754161118,,True,False,True,,,
SIM_DIR-1784850421,SIM_DIR,capstone_i,,88,88,309.0,0.0,0.0,1.0,941.1516733970091,941.1293020156032,0.022371381405792683,1364.669926425663,1223.4971754161118,,1223.4971754161118,1300.0,True,False,True,,,
SIM_DIR-1784850421,SIM_DIR,capstone_ii,,88,88,309.0,0.0,0.0,1.0,941.1516733970091,941.1293020156032,0.022371381405792683,1198.239673397009,1101.8316733970091,,1101.8316733970091,1300.0,True,False,True,,,
SIM_DIR-1784850421,SIM_DIR,capstone_iii_fit_1x,fit_1x,88,88,309.0,0.0,0.0,1.0,941.1516733970091,941.1293020156032,0.022371381405792683,,,988.3081384977892,988.3081384977892,1300.0,True,False,True,,,
SIM_DIR-1784850421,SIM_DIR,capstone_iii_fit_2x,fit_2x,88,88,309.0,0.0,0.0,1.0,941.1516733970091,941.1293020156032,0.022371381405792683,,,1035.3646035985691,1035.3646035985691,1300.0,True,False,True,,,
SIM_DIR-1784850421,SIM_DIR,capstone_iii_fit_activity,fit_activity,88,88,309.0,0.0,0.0,1.0,941.1516733970091,941.1293020156032,0.022371381405792683,,,1025.953310578413,1025.953310578413,1300.0,True,False,True,,,
SIM_DIR-1784850421,SIM_DIR,capstone_iii_fit_activity_pvt,fit_activity_pvt,88,88,309.0,0.0,0.0,1.0,941.1516733970091,941.1293020156032,0.022371381405792683,,,1054.1871896388811,1054.1871896388811,1300.0,True,False,True,,,
SIM_DIR-1784850421,SIM_DIR,capstone_iii_full,full,88,88,309.0,0.0,0.0,1.0,941.1516733970091,941.1293020156032,0.022371381405792683,,,1082.4210686993492,1082.4210686993492,1300.0,True,False,True,,,
SIM_DIR-1784850421,SIM_DIR,baseline,,89,89,310.0,0.0,0.0,1.0,945.0799135744394,945.0575421930336,0.022371381405792683,1370.3658746829371,1228.6038876467712,,1228.6038876467712,,True,False,True,,,
SIM_DIR-1784850421,SIM_DIR,capstone_i,,89,89,310.0,0.0,0.0,1.0,945.0799135744394,945.0575421930336,0.022371381405792683,1370.3658746829371,1228.6038876467712,,1228.6038876467712,1300.0,True,False,True,,,
SIM_DIR-1784850421,SIM_DIR,capstone_ii,,89,89,310.0,0.0,0.0,1.0,945.0799135744394,945.0575421930336,0.022371381405792683,1202.9999135744395,1106.2799135744394,,1106.2799135744394,1300.0,True,False,True,,,
SIM_DIR-1784850421,SIM_DIR,capstone_iii_fit_1x,fit_1x,89,89,310.0,0.0,0.0,1.0,945.0799135744394,945.0575421930336,0.022371381405792683,,,992.4327906840911,992.4327906840911,1300.0,True,False,True,,,
SIM_DIR-1784850421,SIM_DIR,capstone_iii_fit_2x,fit_2x,89,89,310.0,0.0,0.0,1.0,945.0799135744394,945.0575421930336,0.022371381405792683,,,1039.6856677937426,1039.6856677937426,1300.0,True,False,True,,,
SIM_DIR-1784850421,SIM_DIR,capstone_iii_fit_activity,fit_activity,89,89,310.0,0.0,0.0,1.0,945.0799135744394,945.0575421930336,0.022371381405792683,,,1030.2350923718122,1030.2350923718122,1300.0,True,False,True,,,
SIM_DIR-1784850421,SIM_DIR,capstone_iii_fit_activity_pvt,fit_activity_pvt,89,89,310.0,0.0,0.0,1.0,945.0799135744394,945.0575421930336,0.022371381405792683,,,1058.5868186376033,1058.5868186376033,1300.0,True,False,True,,,
SIM_DIR-1784850421,SIM_DIR,capstone_iii_full,full,89,89,310.0,0.0,0.0,1.0,945.0799135744394,945.0575421930336,0.022371381405792683,,,1086.9385449033941,1086.9385449033941,1300.0,True,False,True,,,
SIM_DIR-1784850421,SIM_DIR,baseline,,90,90,311.0,0.0,0.0,1.0,949.0135768933388,948.991205511933,0.022371381405792683,1376.0696864953413,1233.7176499613406,,1233.7176499613406,,True,False,True,,,
SIM_DIR-1784850421,SIM_DIR,capstone_i,,90,90,311.0,0.0,0.0,1.0,949.0135768933388,948.991205511933,0.022371381405792683,1376.0696864953413,1233.7176499613406,,1233.7176499613406,1300.0,True,False,True,,,
SIM_DIR-1784850421,SIM_DIR,capstone_ii,,90,90,311.0,0.0,0.0,1.0,949.0135768933388,948.991205511933,0.022371381405792683,1207.765576893339,1110.7335768933387,,1110.7335768933387,1300.0,True,False,True,,,
SIM_DIR-1784850421,SIM_DIR,capstone_iii_fit_1x,fit_1x,90,90,311.0,0.0,0.0,1.0,949.0135768933388,948.991205511933,0.022371381405792683,,,996.5631371689354,996.5631371689354,1300.0,True,False,True,,,
SIM_DIR-1784850421,SIM_DIR,capstone_iii_fit_2x,fit_2x,90,90,311.0,0.0,0.0,1.0,949.0135768933388,948.991205511933,0.022371381405792683,,,1044.012697444532,1044.012697444532,1300.0,True,False,True,,,
SIM_DIR-1784850421,SIM_DIR,capstone_iii_fit_activity,fit_activity,90,90,311.0,0.0,0.0,1.0,949.0135768933388,948.991205511933,0.022371381405792683,,,1034.5227853894125,1034.5227853894125,1300.0,True,False,True,,,
SIM_DIR-1784850421,SIM_DIR,capstone_iii_fit_activity_pvt,fit_activity_pvt,90,90,311.0,0.0,0.0,1.0,949.0135768933388,948.991205511933,0.022371381405792683,,,1062.9925215547705,1062.9925215547705,1300.0,True,False,True,,,
SIM_DIR-1784850421,SIM_DIR,capstone_iii_full,full,90,90,311.0,0.0,0.0,1.0,949.0135768933388,948.991205511933,0.022371381405792683,,,1091.4622577201285,1091.4622577201285,1300.0,True,False,True,,,
SIM_DIR-1784850421,SIM_DIR,baseline,,91,91,313.0,0.0,0.0,1.0,956.0069258035044,955.9845544220985,0.022371381405792683,1386.2100424150813,1242.8090035445557,,1242.8090035445557,,True,False,True,,,
SIM_DIR-1784850421,SIM_DIR,capstone_i,,91,91,313.0,0.0,0.0,1.0,956.0069258035044,955.9845544220985,0.022371381405792683,1386.2100424150813,1242.8090035445557,,1242.8090035445557,1300.0,True,False,True,,,
SIM_DIR-1784850421,SIM_DIR,capstone_ii,,91,91,313.0,0.0,0.0,1.0,956.0069258035044,955.9845544220985,0.022371381405792683,1216.4229258035043,1118.7669258035044,,1118.7669258035044,1300.0,True,False,True,,,
SIM_DIR-1784850421,SIM_DIR,capstone_iii_fit_1x,fit_1x,91,91,313.0,0.0,0.0,1.0,956.0069258035044,955.9845544220985,0.022371381405792683,,,1003.9061535246092,1003.9061535246092,1300.0,True,False,True,,,
SIM_DIR-1784850421,SIM_DIR,capstone_iii_fit_2x,fit_2x,91,91,313.0,0.0,0.0,1.0,956.0069258035044,955.9845544220985,0.022371381405792683,,,1051.705381245714,1051.705381245714,1300.0,True,False,True,,,
SIM_DIR-1784850421,SIM_DIR,capstone_iii_fit_activity,fit_activity,91,91,313.0,0.0,0.0,1.0,956.0069258035044,955.9845544220985,0.022371381405792683,,,1042.1455357014931,1042.1455357014931,1300.0,True,False,True,,,
SIM_DIR-1784850421,SIM_DIR,capstone_iii_fit_activity_pvt,fit_activity_pvt,91,91,313.0,0.0,0.0,1.0,956.0069258035044,955.9845544220985,0.022371381405792683,,,1070.825072334156,1070.825072334156,1300.0,True,False,True,,,
SIM_DIR-1784850421,SIM_DIR,capstone_iii_full,full,91,91,313.0,0.0,0.0,1.0,956.0069258035044,955.9845544220985,0.022371381405792683,,,1099.5046089668188,1099.5046089668188,1300.0,True,False,True,,,
SIM_DIR-1784850421,SIM_DIR,baseline,,92,92,319.0,0.0,0.0,1.0,975.2398156097265,975.2174442283207,0.022371381405792683,1414.0977326341035,1267.8117602926445,,1267.8117602926445,,True,False,True,,,
SIM_DIR-1784850421,SIM_DIR,capstone_i,,92,92,319.0,0.0,0.0,1.0,975.2398156097265,975.2174442283207,0.022371381405792683,1414.0977326341035,1267.8117602926445,,1267.8117602926445,1300.0,True,False,True,,,
SIM_DIR-1784850421,SIM_DIR,capstone_ii,,92,92,319.0,0.0,0.0,1.0,975.2398156097265,975.2174442283207,0.022371381405792683,1240.6478156097264,1141.1198156097266,,1141.1198156097266,1300.0,True,False,True,,,
SIM_DIR-1784850421,SIM_DIR,capstone_iii_fit_1x,fit_1x,92,92,319.0,0.0,0.0,1.0,975.2398156097265,975.2174442283207,0.022371381405792683,,,1024.1006878211424,1024.1006878211424,1300.0,True,False,True,,,
SIM_DIR-1784850421,SIM_DIR,capstone_iii_fit_2x,fit_2x,92,92,319.0,0.0,0.0,1.0,975.2398156097265,975.2174442283207,0.022371381405792683,,,1072.8615600325584,1072.8615600325584,1300.0,True,False,True,,,
SIM_DIR-1784850421,SIM_DIR,capstone_iii_fit_activity,fit_activity,92,92,319.0,0.0,0.0,1.0,975.2398156097265,975.2174442283207,0.022371381405792683,,,1063.109385590275,1063.109385590275,1300.0,True,False,True,,,
SIM_DIR-1784850421,SIM_DIR,capstone_iii_fit_activity_pvt,fit_activity_pvt,92,92,319.0,0.0,0.0,1.0,975.2398156097265,975.2174442283207,0.022371381405792683,,,1092.365908917125,1092.365908917125,1300.0,True,False,True,,,
SIM_DIR-1784850421,SIM_DIR,capstone_iii_full,full,92,92,319.0,0.0,0.0,1.0,975.2398156097265,975.2174442283207,0.022371381405792683,,,1121.6224322439743,1121.6224322439743,1300.0,True,False,True,,,
SIM_DIR-1784850421,SIM_DIR,baseline,,93,93,327.0,0.0,0.0,1.0,1000.6264601682055,1000.6040887867997,0.022371381405792683,1450.908367243898,1300.8143982186673,,1300.8143982186673,,True,False,True,,,
SIM_DIR-1784850421,SIM_DIR,capstone_i,,93,93,327.0,0.0,0.0,1.0,1000.6264601682055,1000.6040887867997,0.022371381405792683,1450.908367243898,1300.8143982186673,,1300.8143982186673,1300.0,False,True,False,,,
SIM_DIR-1784850421,SIM_DIR,capstone_ii,,93,93,327.0,0.0,0.0,1.0,1000.6264601682055,1000.6040887867997,0.022371381405792683,1272.6904601682056,1170.6664601682055,,1170.6664601682055,1300.0,True,False,True,,,
SIM_DIR-1784850421,SIM_DIR,capstone_iii_fit_1x,fit_1x,93,93,327.0,0.0,0.0,1.0,1000.6264601682055,1000.6040887867997,0.022371381405792683,,,1050.7566646075452,1050.7566646075452,1300.0,True,False,True,,,
SIM_DIR-1784850421,SIM_DIR,capstone_iii_fit_2x,fit_2x,93,93,327.0,0.0,0.0,1.0,1000.6264601682055,1000.6040887867997,0.022371381405792683,,,1100.7868690468854,1100.7868690468854,1300.0,True,False,True,,,
SIM_DIR-1784850421,SIM_DIR,capstone_iii_fit_activity,fit_activity,93,93,327.0,0.0,0.0,1.0,1000.6264601682055,1000.6040887867997,0.022371381405792683,,,1090.7808281590173,1090.7808281590173,1300.0,True,False,True,,,
SIM_DIR-1784850421,SIM_DIR,capstone_iii_fit_activity_pvt,fit_activity_pvt,93,93,327.0,0.0,0.0,1.0,1000.6264601682055,1000.6040887867997,0.022371381405792683,,,1120.7989508226212,1120.7989508226212,1300.0,True,False,True,,,
SIM_DIR-1784850421,SIM_DIR,capstone_iii_full,full,93,93,327.0,0.0,0.0,1.0,1000.6264601682055,1000.6040887867997,0.022371381405792683,,,1150.8170734862251,1150.8170734862251,1300.0,True,False,True,,,
SIM_DIR-1784850421,SIM_DIR,baseline,,94,94,331.0,0.0,0.0,1.0,1013.8071373614292,1013.7847659800234,0.022371381405792683,1470.0203491740724,1317.949278569858,,1317.949278569858,,True,False,True,,,
SIM_DIR-1784850421,SIM_DIR,capstone_ii,,94,94,331.0,0.0,0.0,1.0,1013.8071373614292,1013.7847659800234,0.022371381405792683,1289.1991373614292,1185.9271373614292,,1185.9271373614292,1300.0,True,False,True,,,
SIM_DIR-1784850421,SIM_DIR,capstone_iii_fit_1x,fit_1x,94,94,331.0,0.0,0.0,1.0,1013.8071373614292,1013.7847659800234,0.022371381405792683,,,1064.59637566043,1064.59637566043,1300.0,True,False,True,,,
SIM_DIR-1784850421,SIM_DIR,capstone_iii_fit_2x,fit_2x,94,94,331.0,0.0,0.0,1.0,1013.8071373614292,1013.7847659800234,0.022371381405792683,,,1115.2856139594314,1115.2856139594314,1300.0,True,False,True,,,
SIM_DIR-1784850421,SIM_DIR,capstone_iii_fit_activity,fit_activity,94,94,331.0,0.0,0.0,1.0,1013.8071373614292,1013.7847659800234,0.022371381405792683,,,1105.147766299631,1105.147766299631,1300.0,True,False,True,,,
SIM_DIR-1784850421,SIM_DIR,capstone_iii_fit_activity_pvt,fit_activity_pvt,94,94,331.0,0.0,0.0,1.0,1013.8071373614292,1013.7847659800234,0.022371381405792683,,,1135.561309279032,1135.561309279032,1300.0,True,False,True,,,
SIM_DIR-1784850421,SIM_DIR,capstone_iii_full,full,94,94,331.0,0.0,0.0,1.0,1013.8071373614292,1013.7847659800234,0.022371381405792683,,,1165.9748522584325,1165.9748522584325,1300.0,True,False,True,,,
SIM_DIR-1784850421,SIM_DIR,baseline,,95,95,332.0,0.0,0.0,1.0,1017.8133636709913,1017.7909922895855,0.022371381405792683,1475.8293773229373,1323.1573727722887,,1323.1573727722887,,True,False,True,,,
SIM_DIR-1784850421,SIM_DIR,capstone_ii,,95,95,332.0,0.0,0.0,1.0,1017.8133636709913,1017.7909922895855,0.022371381405792683,1294.0373636709912,1190.4533636709912,,1190.4533636709912,1300.0,True,False,True,,,
SIM_DIR-1784850421,SIM_DIR,capstone_iii_fit_1x,fit_1x,95,95,332.0,0.0,0.0,1.0,1017.8133636709913,1017.7909922895855,0.022371381405792683,,,1068.8029132854704,1068.8029132854704,1300.0,True,False,True,,,
SIM_DIR-1784850421,SIM_DIR,capstone_iii_fit_2x,fit_2x,95,95,332.0,0.0,0.0,1.0,1017.8133636709913,1017.7909922895855,0.022371381405792683,,,1119.6924628999498,1119.6924628999498,1300.0,True,False,True,,,
SIM_DIR-1784850421,SIM_DIR,capstone_iii_fit_activity,fit_activity,95,95,332.0,0.0,0.0,1.0,1017.8133636709913,1017.7909922895855,0.022371381405792683,,,1109.5145529770539,1109.5145529770539,1300.0,True,False,True,,,
SIM_DIR-1784850421,SIM_DIR,capstone_iii_fit_activity_pvt,fit_activity_pvt,95,95,332.0,0.0,0.0,1.0,1017.8133636709913,1017.7909922895855,0.022371381405792683,,,1140.0482827457413,1140.0482827457413,1300.0,True,False,True,,,
SIM_DIR-1784850421,SIM_DIR,capstone_iii_full,full,95,95,332.0,0.0,0.0,1.0,1017.8133636709913,1017.7909922895855,0.022371381405792683,,,1170.582012514429,1170.582012514429,1300.0,True,False,True,,,
SIM_DIR-1784850421,SIM_DIR,baseline,,96,96,332.0,0.0,0.0,1.0,1018.7565155955506,1018.7341442141447,0.022371381405792683,1477.1969476135482,1324.3834702742158,,1324.3834702742158,,True,False,True,,,
SIM_DIR-1784850421,SIM_DIR,capstone_ii,,96,96,332.0,0.0,0.0,1.0,1018.7565155955506,1018.7341442141447,0.022371381405792683,1294.9805155955505,1191.3965155955507,,1191.3965155955507,1300.0,True,False,True,,,
SIM_DIR-1784850421,SIM_DIR,capstone_iii_fit_1x,fit_1x,96,96,332.0,0.0,0.0,1.0,1018.7565155955506,1018.7341442141447,0.022371381405792683,,,1069.7932228062577,1069.7932228062577,1300.0,True,False,True,,,
SIM_DIR-1784850421,SIM_DIR,capstone_iii_fit_2x,fit_2x,96,96,332.0,0.0,0.0,1.0,1018.7565155955506,1018.7341442141447,0.022371381405792683,,,1120.7299300169648,1120.7299300169648,1300.0,True,False,True,,,
SIM_DIR-1784850421,SIM_DIR,capstone_iii_fit_activity,fit_activity,96,96,332.0,0.0,0.0,1.0,1018.7565155955506,1018.7341442141447,0.022371381405792683,,,1110.5425885748234,1110.5425885748234,1300.0,True,False,True,,,
SIM_DIR-1784850421,SIM_DIR,capstone_iii_fit_activity_pvt,fit_activity_pvt,96,96,332.0,0.0,0.0,1.0,1018.7565155955506,1018.7341442141447,0.022371381405792683,,,1141.104612901248,1141.104612901248,1300.0,True,False,True,,,
SIM_DIR-1784850421,SIM_DIR,capstone_iii_full,full,96,96,332.0,0.0,0.0,1.0,1018.7565155955506,1018.7341442141447,0.022371381405792683,,,1171.6666372276723,1171.6666372276723,1300.0,True,False,True,,,
SIM_DIR-1784850421,SIM_DIR,baseline,,97,97,333.0,0.0,0.0,1.0,1022.7707046531465,1022.7483332717406,0.022371381405792683,1483.0175217470623,1329.6019160490905,,1329.6019160490905,,True,False,True,,,
SIM_DIR-1784850421,SIM_DIR,capstone_ii,,97,97,333.0,0.0,0.0,1.0,1022.7707046531465,1022.7483332717406,0.022371381405792683,1299.8267046531464,1195.9307046531464,,1195.9307046531464,1300.0,True,False,True,,,
SIM_DIR-1784850421,SIM_DIR,capstone_iii_fit_1x,fit_1x,97,97,333.0,0.0,0.0,1.0,1022.7707046531465,1022.7483332717406,0.022371381405792683,,,1074.0081213167334,1074.0081213167334,1300.0,True,False,True,,,
SIM_DIR-1784850421,SIM_DIR,capstone_iii_fit_2x,fit_2x,97,97,333.0,0.0,0.0,1.0,1022.7707046531465,1022.7483332717406,0.022371381405792683,,,1125.1455379803203,1125.1455379803203,1300.0,True,False,True,,,
SIM_DIR-1784850421,SIM_DIR,capstone_iii_fit_activity,fit_activity,97,97,333.0,0.0,0.0,1.0,1022.7707046531465,1022.7483332717406,0.022371381405792683,,,1114.918054647603,1114.918054647603,1300.0,True,False,True,,,
SIM_DIR-1784850421,SIM_DIR,capstone_iii_fit_activity_pvt,fit_activity_pvt,97,97,333.0,0.0,0.0,1.0,1022.7707046531465,1022.7483332717406,0.022371381405792683,,,1145.600504645755,1145.600504645755,1300.0,True,False,True,,,
SIM_DIR-1784850421,SIM_DIR,capstone_iii_full,full,97,97,333.0,0.0,0.0,1.0,1022.7707046531465,1022.7483332717406,0.022371381405792683,,,1176.2829546439075,1176.2829546439075,1300.0,True,False,True,,,
SIM_DIR-1784850421,SIM_DIR,baseline,,98,98,333.0,0.0,0.0,1.0,1023.7161386926442,1023.6937673112384,0.022371381405792683,1484.388401104334,1330.8309803004374,,1330.8309803004374,,True,False,True,,,
SIM_DIR-1784850421,SIM_DIR,capstone_ii,,98,98,333.0,0.0,0.0,1.0,1023.7161386926442,1023.6937673112384,0.022371381405792683,1300.7721386926441,1196.8761386926442,,1196.8761386926442,1300.0,True,False,True,,,
SIM_DIR-1784850421,SIM_DIR,capstone_iii_fit_1x,fit_1x,98,98,333.0,0.0,0.0,1.0,1023.7161386926442,1023.6937673112384,0.022371381405792683,,,1075.000827058206,1075.000827058206,1300.0,True,False,True,,,
SIM_DIR-1784850421,SIM_DIR,capstone_iii_fit_2x,fit_2x,98,98,333.0,0.0,0.0,1.0,1023.7161386926442,1023.6937673112384,0.022371381405792683,,,1126.1855154237678,1126.1855154237678,1300.0,True,False,True,,,
SIM_DIR-1784850421,SIM_DIR,capstone_iii_fit_activity,fit_activity,98,98,333.0,0.0,0.0,1.0,1023.7161386926442,1023.6937673112384,0.022371381405792683,,,1115.9485777506554,1115.9485777506554,1300.0,True,False,True,,,
SIM_DIR-1784850421,SIM_DIR,capstone_iii_fit_activity_pvt,fit_activity_pvt,98,98,333.0,0.0,0.0,1.0,1023.7161386926442,1023.6937673112384,0.022371381405792683,,,1146.6593907699928,1146.6593907699928,1300.0,True,False,True,,,
SIM_DIR-1784850421,SIM_DIR,capstone_iii_full,full,98,98,333.0,0.0,0.0,1.0,1023.7161386926442,1023.6937673112384,0.022371381405792683,,,1177.3702037893297,1177.3702037893297,1300.0,True,False,True,,,
SIM_DIR-1784850421,SIM_DIR,baseline,,99,99,334.0,0.0,0.0,1.0,1027.7382891546388,1027.715917773233,0.022371381405792683,1490.2205192742263,1336.0597759010304,,1336.0597759010304,,True,False,True,,,
SIM_DIR-1784850421,SIM_DIR,capstone_ii,,99,99,334.0,0.0,0.0,1.0,1027.7382891546388,1027.715917773233,0.022371381405792683,1305.6262891546387,1201.4182891546388,,1201.4182891546388,1300.0,True,False,True,,,
SIM_DIR-1784850421,SIM_DIR,capstone_iii_fit_1x,fit_1x,99,99,334.0,0.0,0.0,1.0,1027.7382891546388,1027.715917773233,0.022371381405792683,,,1079.2240850433004,1079.2240850433004,1300.0,True,False,True,,,
SIM_DIR-1784850421,SIM_DIR,capstone_iii_fit_2x,fit_2x,99,99,334.0,0.0,0.0,1.0,1027.7382891546388,1027.715917773233,0.022371381405792683,,,1130.609880931962,1130.609880931962,1300.0,True,False,True,,,
SIM_DIR-1784850421,SIM_DIR,capstone_iii_fit_activity,fit_activity,99,99,334.0,0.0,0.0,1.0,1027.7382891546388,1027.715917773233,0.022371381405792683,,,1120.3327217542294,1120.3327217542294,1300.0,True,False,True,,,
SIM_DIR-1784850421,SIM_DIR,capstone_iii_fit_activity_pvt,fit_activity_pvt,99,99,334.0,0.0,0.0,1.0,1027.7382891546388,1027.715917773233,0.022371381405792683,,,1151.1641992874265,1151.1641992874265,1300.0,True,False,True,,,
SIM_DIR-1784850421,SIM_DIR,capstone_iii_full,full,99,99,334.0,0.0,0.0,1.0,1027.7382891546388,1027.715917773233,0.022371381405792683,,,1181.9956768206237,1181.9956768206237,1300.0,True,False,True,,,
SIM_DIR-1784850421,SIM_DIR,baseline,,100,100,337.0,0.0,0.0,1.0,1037.9255010527986,1037.903129671393,0.022371381405792683,1504.991976526558,1349.3031513686383,,1349.3031513686383,,True,False,True,,,
SIM_DIR-1784850421,SIM_DIR,capstone_ii,,100,100,337.0,0.0,0.0,1.0,1037.9255010527986,1037.903129671393,0.022371381405792683,1318.3095010527986,1213.1655010527986,,1213.1655010527986,1300.0,True,False,True,,,
SIM_DIR-1784850421,SIM_DIR,capstone_iii_fit_1x,fit_1x,100,100,337.0,0.0,0.0,1.0,1037.9255010527986,1037.903129671393,0.022371381405792683,,,1089.9206575363683,1089.9206575363683,1300.0,True,False,True,,,
SIM_DIR-1784850421,SIM_DIR,capstone_iii_fit_2x,fit_2x,100,100,337.0,0.0,0.0,1.0,1037.9255010527986,1037.903129671393,0.022371381405792683,,,1141.8158140199378,1141.8158140199378,1300.0,True,False,True,,,
SIM_DIR-1784850421,SIM_DIR,capstone_iii_fit_activity,fit_activity,100,100,337.0,0.0,0.0,1.0,1037.9255010527986,1037.903129671393,0.022371381405792683,,,1131.4367827232238,1131.4367827232238,1300.0,True,False,True,,,
SIM_DIR-1784850421,SIM_DIR,capstone_iii_fit_activity_pvt,fit_activity_pvt,100,100,337.0,0.0,0.0,1.0,1037.9255010527986,1037.903129671393,0.022371381405792683,,,1162.5738766133657,1162.5738766133657,1300.0,True,False,True,,,
SIM_DIR-1784850421,SIM_DIR,capstone_iii_full,full,100,100,337.0,0.0,0.0,1.0,1037.9255010527986,1037.903129671393,0.022371381405792683,,,1193.7109705035073,1193.7109705035073,1300.0,True,False,True,,,
SIM_DIR-1784850421,SIM_DIR,baseline,,101,101,342.0,0.0,0.0,1.0,1054.2947931629928,1054.2724217815871,0.022371381405792683,1528.7274500863396,1370.5832311118907,,1370.5832311118907,,True,False,True,,,
SIM_DIR-1784850421,SIM_DIR,capstone_ii,,101,101,342.0,0.0,0.0,1.0,1054.2947931629928,1054.2724217815871,0.022371381405792683,1338.8387931629927,1232.1347931629928,,1232.1347931629928,1300.0,True,False,True,,,
SIM_DIR-1784850421,SIM_DIR,capstone_iii_fit_1x,fit_1x,101,101,342.0,0.0,0.0,1.0,1054.2947931629928,1054.2724217815871,0.022371381405792683,,,1107.1084142520722,1107.1084142520722,1300.0,True,False,True,,,
SIM_DIR-1784850421,SIM_DIR,capstone_iii_fit_2x,fit_2x,101,101,342.0,0.0,0.0,1.0,1054.2947931629928,1054.2724217815871,0.022371381405792683,,,1159.8220353411516,1159.8220353411516,1300.0,True,False,True,,,
SIM_DIR-1784850421,SIM_DIR,capstone_iii_fit_activity,fit_activity,101,101,342.0,0.0,0.0,1.0,1054.2947931629928,1054.2724217815871,0.022371381405792683,,,1149.2793111233357,1149.2793111233357,1300.0,True,False,True,,,
SIM_DIR-1784850421,SIM_DIR,capstone_iii_fit_activity_pvt,fit_activity_pvt,101,101,342.0,0.0,0.0,1.0,1054.2947931629928,1054.2724217815871,0.022371381405792683,,,1180.9074837767832,1180.9074837767832,1300.0,True,False,True,,,
SIM_DIR-1784850421,SIM_DIR,capstone_iii_full,full,101,101,342.0,0.0,0.0,1.0,1054.2947931629928,1054.2724217815871,0.022371381405792683,,,1212.535656430231,1212.535656430231,1300.0,True,False,True,,,
SIM_DIR-1784850421,SIM_DIR,baseline,,102,102,346.0,0.0,0.0,1.0,1067.6066632177092,1067.5842918363035,0.022371381405792683,1548.0296616656783,1387.888662183022,,1387.888662183022,,True,False,True,,,
SIM_DIR-1784850421,SIM_DIR,capstone_ii,,102,102,346.0,0.0,0.0,1.0,1067.6066632177092,1067.5842918363035,0.022371381405792683,1355.4786632177093,1247.5266632177093,,1247.5266632177093,1300.0,True,False,True,,,
SIM_DIR-1784850421,SIM_DIR,capstone_iii_fit_1x,fit_1x,102,102,346.0,0.0,0.0,1.0,1067.6066632177092,1067.5842918363035,0.022371381405792683,,,1121.0858778095244,1121.0858778095244,1300.0,True,False,True,,,
SIM_DIR-1784850421,SIM_DIR,capstone_iii_fit_2x,fit_2x,102,102,346.0,0.0,0.0,1.0,1067.6066632177092,1067.5842918363035,0.022371381405792683,,,1174.4650924013395,1174.4650924013395,1300.0,True,False,True,,,
SIM_DIR-1784850421,SIM_DIR,capstone_iii_fit_activity,fit_activity,102,102,346.0,0.0,0.0,1.0,1067.6066632177092,1067.5842918363035,0.022371381405792683,,,1163.7892494829766,1163.7892494829766,1300.0,True,False,True,,,
SIM_DIR-1784850421,SIM_DIR,capstone_iii_fit_activity_pvt,fit_activity_pvt,102,102,346.0,0.0,0.0,1.0,1067.6066632177092,1067.5842918363035,0.022371381405792683,,,1195.8167782380656,1195.8167782380656,1300.0,True,False,True,,,
SIM_DIR-1784850421,SIM_DIR,capstone_iii_full,full,102,102,346.0,0.0,0.0,1.0,1067.6066632177092,1067.5842918363035,0.022371381405792683,,,1227.8443069931548,1227.8443069931548,1300.0,True,False,True,,,
SIM_DIR-1784850421,SIM_DIR,baseline,,103,103,348.0,0.0,0.0,1.0,1074.7642564860687,1074.741885104663,0.022371381405792683,1558.4081719047995,1397.1935334318894,,1397.1935334318894,,True,False,True,,,
SIM_DIR-1784850421,SIM_DIR,capstone_ii,,103,103,348.0,0.0,0.0,1.0,1074.7642564860687,1074.741885104663,0.022371381405792683,1364.3002564860687,1255.7242564860687,,1255.7242564860687,1300.0,True,False,True,,,
SIM_DIR-1784850421,SIM_DIR,capstone_iii_fit_1x,fit_1x,103,103,348.0,0.0,0.0,1.0,1074.7642564860687,1074.741885104663,0.022371381405792683,,,1128.6013507413018,1128.6013507413018,1300.0,True,False,True,,,
SIM_DIR-1784850421,SIM_DIR,capstone_iii_fit_2x,fit_2x,103,103,348.0,0.0,0.0,1.0,1074.7642564860687,1074.741885104663,0.022371381405792683,,,1182.338444996535,1182.338444996535,1300.0,True,False,True,,,
SIM_DIR-1784850421,SIM_DIR,capstone_iii_fit_activity,fit_activity,103,103,348.0,0.0,0.0,1.0,1074.7642564860687,1074.741885104663,0.022371381405792683,,,1171.5910261454883,1171.5910261454883,1300.0,True,False,True,,,
SIM_DIR-1784850421,SIM_DIR,capstone_iii_fit_activity_pvt,fit_activity_pvt,103,103,348.0,0.0,0.0,1.0,1074.7642564860687,1074.741885104663,0.022371381405792683,,,1203.833282698628,1203.833282698628,1300.0,True,False,True,,,
SIM_DIR-1784850421,SIM_DIR,capstone_iii_full,full,103,103,348.0,0.0,0.0,1.0,1074.7642564860687,1074.741885104663,0.022371381405792683,,,1236.0755392517679,1236.0755392517679,1300.0,True,False,True,,,
SIM_DIR-1784850421,SIM_DIR,baseline,,104,104,349.0,0.0,0.0,1.0,1078.8417322805628,1078.8193608991571,0.022371381405792683,1564.320511806816,1402.4942519647318,,1402.4942519647318,,True,False,True,,,
SIM_DIR-1784850421,SIM_DIR,capstone_ii,,104,104,349.0,0.0,0.0,1.0,1078.8417322805628,1078.8193608991571,0.022371381405792683,1369.209732280563,1260.3217322805629,,1260.3217322805629,1300.0,True,False,True,,,
SIM_DIR-1784850421,SIM_DIR,capstone_iii_fit_1x,fit_1x,104,104,349.0,0.0,0.0,1.0,1078.8417322805628,1078.8193608991571,0.022371381405792683,,,1132.8827003255205,1132.8827003255205,1300.0,True,False,True,,,
SIM_DIR-1784850421,SIM_DIR,capstone_iii_fit_2x,fit_2x,104,104,349.0,0.0,0.0,1.0,1078.8417322805628,1078.8193608991571,0.022371381405792683,,,1186.8236683704783,1186.8236683704783,1300.0,True,False,True,,,
SIM_DIR-1784850421,SIM_DIR,capstone_iii_fit_activity,fit_activity,104,104,349.0,0.0,0.0,1.0,1078.8417322805628,1078.8193608991571,0.022371381405792683,,,1176.0354747614867,1176.0354747614867,1300.0,True,False,True,,,
SIM_DIR-1784850421,SIM_DIR,capstone_iii_fit_activity_pvt,fit_activity_pvt,104,104,349.0,0.0,0.0,1.0,1078.8417322805628,1078.8193608991571,0.022371381405792683,,,1208.4000555884616,1208.4000555884616,1300.0,True,False,True,,,
SIM_DIR-1784850421,SIM_DIR,capstone_iii_full,full,104,104,349.0,0.0,0.0,1.0,1078.8417322805628,1078.8193608991571,0.022371381405792683,,,1240.7646364154364,1240.7646364154364,1300.0,True,False,True,,,
SIM_DIR-1784850421,SIM_DIR,baseline,,105,105,350.0,0.0,0.0,1.0,1082.9245932569092,1082.9022218755035,0.022371381405792683,1570.2406602225183,1407.8019712339822,,1407.8019712339822,,True,False,True,,,
SIM_DIR-1784850421,SIM_DIR,capstone_ii,,105,105,350.0,0.0,0.0,1.0,1082.9245932569092,1082.9022218755035,0.022371381405792683,1374.1245932569093,1264.9245932569092,,1264.9245932569092,1300.0,True,False,True,,,
SIM_DIR-1784850421,SIM_DIR,capstone_iii_fit_1x,fit_1x,105,105,350.0,0.0,0.0,1.0,1082.9245932569092,1082.9022218755035,0.022371381405792683,,,1137.1697043506845,1137.1697043506845,1300.0,True,False,True,,,
SIM_DIR-1784850421,SIM_DIR,capstone_iii_fit_2x,fit_2x,105,105,350.0,0.0,0.0,1.0,1082.9245932569092,1082.9022218755035,0.022371381405792683,,,1191.3148154444596,1191.3148154444596,1300.0,True,False,True,,,
SIM_DIR-1784850421,SIM_DIR,capstone_iii_fit_activity,fit_activity,105,105,350.0,0.0,0.0,1.0,1082.9245932569092,1082.9022218755035,0.022371381405792683,,,1180.4857932257046,1180.4857932257046,1300.0,True,False,True,,,
SIM_DIR-1784850421,SIM_DIR,capstone_iii_fit_activity_pvt,fit_activity_pvt,105,105,350.0,0.0,0.0,1.0,1082.9245932569092,1082.9022218755035,0.022371381405792683,,,1212.9728598819695,1212.9728598819695,1300.0,True,False,True,,,
SIM_DIR-1784850421,SIM_DIR,capstone_iii_full,full,105,105,350.0,0.0,0.0,1.0,1082.9245932569092,1082.9022218755035,0.022371381405792683,,,1245.4599265382346,1245.4599265382346,1300.0,True,False,True,,,
SIM_DIR-1784850421,SIM_DIR,baseline,,106,106,353.0,0.0,0.0,1.0,1093.2065162200727,1093.184144838667,0.022371381405792683,1585.1494485191054,1421.1684710860945,,1421.1684710860945,,True,False,True,,,
SIM_DIR-1784850421,SIM_DIR,capstone_ii,,106,106,353.0,0.0,0.0,1.0,1093.2065162200727,1093.184144838667,0.022371381405792683,1386.9025162200726,1276.7665162200726,,1276.7665162200726,1300.0,True,False,True,,,
SIM_DIR-1784850421,SIM_DIR,capstone_iii_fit_1x,fit_1x,106,106,353.0,0.0,0.0,1.0,1093.2065162200727,1093.184144838667,0.022371381405792683,,,1147.965723462006,1147.965723462006,1300.0,True,False,True,,,
SIM_DIR-1784850421,SIM_DIR,capstone_iii_fit_2x,fit_2x,106,106,353.0,0.0,0.0,1.0,1093.2065162200727,1093.184144838667,0.022371381405792683,,,1202.6249307039393,1202.6249307039393,1300.0,True,False,True,,,
SIM_DIR-1784850421,SIM_DIR,capstone_iii_fit_activity,fit_activity,106,106,353.0,0.0,0.0,1.0,1093.2065162200727,1093.184144838667,0.022371381405792683,,,1191.6930892555526,1191.6930892555526,1300.0,True,False,True,,,
SIM_DIR-1784850421,SIM_DIR,capstone_iii_fit_activity_pvt,fit_activity_pvt,106,106,353.0,0.0,0.0,1.0,1093.2065162200727,1093.184144838667,0.022371381405792683,,,1224.4886136007126,1224.4886136007126,1300.0,True,False,True,,,
SIM_DIR-1784850421,SIM_DIR,capstone_iii_full,full,106,106,353.0,0.0,0.0,1.0,1093.2065162200727,1093.184144838667,0.022371381405792683,,,1257.2841379458728,1257.2841379458728,1300.0,True,False,True,,,
SIM_DIR-1784850421,SIM_DIR,baseline,,107,107,354.0,0.0,0.0,1.0,1097.3058079350917,1097.283436553686,0.022371381405792683,1591.0934215058828,1426.4975503156193,,1426.4975503156193,,True,False,True,,,
SIM_DIR-1784850421,SIM_DIR,capstone_ii,,107,107,354.0,0.0,0.0,1.0,1097.3058079350917,1097.283436553686,0.022371381405792683,1391.8338079350917,1281.3858079350916,,1281.3858079350916,1300.0,True,False,True,,,
SIM_DIR-1784850421,SIM_DIR,capstone_iii_fit_1x,fit_1x,107,107,354.0,0.0,0.0,1.0,1097.3058079350917,1097.283436553686,0.022371381405792683,,,1152.2699797627758,1152.2699797627758,1300.0,True,False,True,,,
SIM_DIR-1784850421,SIM_DIR,capstone_iii_fit_2x,fit_2x,107,107,354.0,0.0,0.0,1.0,1097.3058079350917,1097.283436553686,0.022371381405792683,,,1207.13415159046,1207.13415159046,1300.0,True,False,True,,,
SIM_DIR-1784850421,SIM_DIR,capstone_iii_fit_activity,fit_activity,107,107,354.0,0.0,0.0,1.0,1097.3058079350917,1097.283436553686,0.022371381405792683,,,1196.1613172249233,1196.1613172249233,1300.0,True,False,True,,,
SIM_DIR-1784850421,SIM_DIR,capstone_iii_fit_activity_pvt,fit_activity_pvt,107,107,354.0,0.0,0.0,1.0,1097.3058079350917,1097.283436553686,0.022371381405792683,,,1229.0798203215338,1229.0798203215338,1300.0,True,False,True,,,
SIM_DIR-1784850421,SIM_DIR,capstone_iii_full,full,107,107,354.0,0.0,0.0,1.0,1097.3058079350917,1097.283436553686,0.022371381405792683,,,1261.9983234181445,1261.9983234181445,1300.0,True,False,True,,,
SIM_DIR-1784850421,SIM_DIR,baseline,,108,108,360.0,0.0,0.0,1.0,1116.9229886261344,1116.9006172447287,0.022371381405792683,1619.5383335078948,1451.9998852139747,,1451.9998852139747,,True,False,True,,,
SIM_DIR-1784850421,SIM_DIR,capstone_ii,,108,108,360.0,0.0,0.0,1.0,1116.9229886261344,1116.9006172447287,0.022371381405792683,1416.4429886261344,1304.1229886261344,,1304.1229886261344,1300.0,False,True,False,,,
SIM_DIR-1784850421,SIM_DIR,capstone_iii_fit_1x,fit_1x,108,108,360.0,0.0,0.0,1.0,1116.9229886261344,1116.9006172447287,0.022371381405792683,,,1172.868019488371,1172.868019488371,1300.0,True,False,True,,,
SIM_DIR-1784850421,SIM_DIR,capstone_iii_fit_2x,fit_2x,108,108,360.0,0.0,0.0,1.0,1116.9229886261344,1116.9006172447287,0.022371381405792683,,,1228.713050350607,1228.713050350607,1300.0,True,False,True,,,
SIM_DIR-1784850421,SIM_DIR,capstone_iii_fit_activity,fit_activity,108,108,360.0,0.0,0.0,1.0,1116.9229886261344,1116.9006172447287,0.022371381405792683,,,1217.5440441781598,1217.5440441781598,1300.0,True,False,True,,,
SIM_DIR-1784850421,SIM_DIR,capstone_iii_fit_activity_pvt,fit_activity_pvt,108,108,360.0,0.0,0.0,1.0,1116.9229886261344,1116.9006172447287,0.022371381405792683,,,1251.0510626955017,1251.0510626955017,1300.0,True,False,True,,,
SIM_DIR-1784850421,SIM_DIR,capstone_iii_full,full,108,108,360.0,0.0,0.0,1.0,1116.9229886261344,1116.9006172447287,0.022371381405792683,,,1284.5580812128437,1284.5580812128437,1300.0,True,False,True,,,
SIM_DIR-1784850421,SIM_DIR,baseline,,109,109,365.0,0.0,0.0,1.0,1133.4685187327648,1133.446147351359,0.022371381405792683,1643.529352162509,1473.5090743525943,,1473.5090743525943,,True,False,True,,,
SIM_DIR-1784850421,SIM_DIR,capstone_iii_fit_1x,fit_1x,109,109,365.0,0.0,0.0,1.0,1133.4685187327648,1133.446147351359,0.022371381405792683,,,1190.2408261003327,1190.2408261003327,1300.0,True,False,True,,,
SIM_DIR-1784850421,SIM_DIR,capstone_iii_fit_2x,fit_2x,109,109,365.0,0.0,0.0,1.0,1133.4685187327648,1133.446147351359,0.022371381405792683,,,1246.9131334679005,1246.9131334679005,1300.0,True,False,True,,,
SIM_DIR-1784850421,SIM_DIR,capstone_iii_fit_activity,fit_activity,109,109,365.0,0.0,0.0,1.0,1133.4685187327648,1133.446147351359,0.022371381405792683,,,1235.5786719943867,1235.5786719943867,1300.0,True,False,True,,,
SIM_DIR-1784850421,SIM_DIR,capstone_iii_fit_activity_pvt,fit_activity_pvt,109,109,365.0,0.0,0.0,1.0,1133.4685187327648,1133.446147351359,0.022371381405792683,,,1269.5820564149276,1269.5820564149276,1300.0,True,False,True,,,
SIM_DIR-1784850421,SIM_DIR,capstone_iii_full,full,109,109,365.0,0.0,0.0,1.0,1133.4685187327648,1133.446147351359,0.022371381405792683,,,1303.5854408354685,1303.5854408354685,1300.0,False,True,False,,,
SIM_DIR-1784850421,SIM_DIR,baseline,,110,110,370.0,0.0,0.0,1.0,1150.0420584739986,1150.019687092593,0.022371381405792683,1667.560984787298,1495.0546760161983,,1495.0546760161983,,True,False,True,,,
SIM_DIR-1784850421,SIM_DIR,capstone_iii_fit_1x,fit_1x,110,110,370.0,0.0,0.0,1.0,1150.0420584739986,1150.019687092593,0.022371381405792683,,,1207.6430428286283,1207.6430428286283,1300.0,True,False,True,,,
SIM_DIR-1784850421,SIM_DIR,capstone_iii_fit_2x,fit_2x,110,110,370.0,0.0,0.0,1.0,1150.0420584739986,1150.019687092593,0.022371381405792683,,,1265.1440271832578,1265.1440271832578,1300.0,True,False,True,,,
SIM_DIR-1784850421,SIM_DIR,capstone_iii_fit_activity,fit_activity,110,110,370.0,0.0,0.0,1.0,1150.0420584739986,1150.019687092593,0.022371381405792683,,,1253.6438303123318,1253.6438303123318,1300.0,True,False,True,,,
SIM_DIR-1784850421,SIM_DIR,capstone_iii_fit_activity_pvt,fit_activity_pvt,110,110,370.0,0.0,0.0,1.0,1150.0420584739986,1150.019687092593,0.022371381405792683,,,1288.1444209251094,1288.1444209251094,1300.0,True,False,True,,,
SIM_DIR-1784850421,SIM_DIR,baseline,,111,111,373.0,0.0,0.0,1.0,1160.4216175403906,1160.3992461589849,0.022371381405792683,1682.6113454335664,1508.5481028025079,,1508.5481028025079,,True,False,True,,,
SIM_DIR-1784850421,SIM_DIR,capstone_iii_fit_1x,fit_1x,111,111,373.0,0.0,0.0,1.0,1160.4216175403906,1160.3992461589849,0.022371381405792683,,,1218.5415798483398,1218.5415798483398,1300.0,True,False,True,,,
SIM_DIR-1784850421,SIM_DIR,capstone_iii_fit_2x,fit_2x,111,111,373.0,0.0,0.0,1.0,1160.4216175403906,1160.3992461589849,0.022371381405792683,,,1276.561542156289,1276.561542156289,1300.0,True,False,True,,,
SIM_DIR-1784850421,SIM_DIR,capstone_iii_fit_activity,fit_activity,111,111,373.0,0.0,0.0,1.0,1160.4216175403906,1160.3992461589849,0.022371381405792683,,,1264.9575496946993,1264.9575496946993,1300.0,True,False,True,,,
SIM_DIR-1784850421,SIM_DIR,capstone_iii_fit_activity_pvt,fit_activity_pvt,111,111,373.0,0.0,0.0,1.0,1160.4216175403906,1160.3992461589849,0.022371381405792683,,,1299.7695270794688,1299.7695270794688,1300.0,True,False,True,,,
SIM_DIR-1784850421,SIM_DIR,baseline,,112,112,373.0,0.0,0.0,1.0,1161.4764007670924,1161.4540293856867,0.022371381405792683,1684.140781112284,1509.9193209972202,,1509.9193209972202,,True,False,True,,,
SIM_DIR-1784850421,SIM_DIR,capstone_iii_fit_1x,fit_1x,112,112,373.0,0.0,0.0,1.0,1161.4764007670924,1161.4540293856867,0.022371381405792683,,,1219.6491022363766,1219.6491022363766,1300.0,True,False,True,,,
SIM_DIR-1784850421,SIM_DIR,capstone_iii_fit_2x,fit_2x,112,112,373.0,0.0,0.0,1.0,1161.4764007670924,1161.4540293856867,0.022371381405792683,,,1277.721803705661,1277.721803705661,1300.0,True,False,True,,,
SIM_DIR-1784850421,SIM_DIR,capstone_iii_fit_activity,fit_activity,112,112,373.0,0.0,0.0,1.0,1161.4764007670924,1161.4540293856867,0.022371381405792683,,,1266.107263411804,1266.107263411804,1300.0,True,False,True,,,
SIM_DIR-1784850421,SIM_DIR,capstone_iii_fit_activity_pvt,fit_activity_pvt,112,112,373.0,0.0,0.0,1.0,1161.4764007670924,1161.4540293856867,0.022371381405792683,,,1300.9508842933747,1300.9508842933747,1300.0,False,True,False,,,
SIM_DIR-1784850421,SIM_DIR,baseline,,113,113,374.0,0.0,0.0,1.0,1165.6475383266213,1165.6251669452156,0.022371381405792683,1690.1889305736008,1515.3417998246077,,1515.3417998246077,,True,False,True,,,
SIM_DIR-1784850421,SIM_DIR,capstone_iii_fit_1x,fit_1x,113,113,374.0,0.0,0.0,1.0,1165.6475383266213,1165.6251669452156,0.022371381405792683,,,1224.028796673882,1224.028796673882,1300.0,True,False,True,,,
SIM_DIR-1784850421,SIM_DIR,capstone_iii_fit_2x,fit_2x,113,113,374.0,0.0,0.0,1.0,1165.6475383266213,1165.6251669452156,0.022371381405792683,,,1282.3100550211427,1282.3100550211427,1300.0,True,False,True,,,
SIM_DIR-1784850421,SIM_DIR,capstone_iii_fit_activity,fit_activity,113,113,374.0,0.0,0.0,1.0,1165.6475383266213,1165.6251669452156,0.022371381405792683,,,1270.6538033516906,1270.6538033516906,1300.0,True,False,True,,,
SIM_DIR-1784850421,SIM_DIR,baseline,,114,114,375.0,0.0,0.0,1.0,1169.8240393384137,1169.801667957008,0.022371381405792683,1696.2448570406998,1520.771251139938,,1520.771251139938,,True,False,True,,,
SIM_DIR-1784850421,SIM_DIR,capstone_iii_fit_1x,fit_1x,114,114,375.0,0.0,0.0,1.0,1169.8240393384137,1169.801667957008,0.022371381405792683,,,1228.414122736264,1228.414122736264,1300.0,True,False,True,,,
SIM_DIR-1784850421,SIM_DIR,capstone_iii_fit_2x,fit_2x,114,114,375.0,0.0,0.0,1.0,1169.8240393384137,1169.801667957008,0.022371381405792683,,,1286.9042061341145,1286.9042061341145,1300.0,True,False,True,,,
SIM_DIR-1784850421,SIM_DIR,capstone_iii_fit_activity,fit_activity,114,114,375.0,0.0,0.0,1.0,1169.8240393384137,1169.801667957008,0.022371381405792683,,,1275.2061894545443,1275.2061894545443,1300.0,True,False,True,,,
SIM_DIR-1784850421,SIM_DIR,baseline,,115,115,376.0,0.0,0.0,1.0,1174.0059028656526,1173.983531484247,0.022371381405792683,1702.3085591551962,1526.2076737253485,,1526.2076737253485,,True,False,True,,,
SIM_DIR-1784850421,SIM_DIR,capstone_iii_fit_1x,fit_1x,115,115,376.0,0.0,0.0,1.0,1174.0059028656526,1173.983531484247,0.022371381405792683,,,1232.805079439865,1232.805079439865,1300.0,True,False,True,,,
SIM_DIR-1784850421,SIM_DIR,capstone_iii_fit_2x,fit_2x,115,115,376.0,0.0,0.0,1.0,1174.0059028656526,1173.983531484247,0.022371381405792683,,,1291.504256014077,1291.504256014077,1300.0,True,False,True,,,
SIM_DIR-1784850421,SIM_DIR,capstone_iii_fit_activity,fit_activity,115,115,376.0,0.0,0.0,1.0,1174.0059028656526,1173.983531484247,0.022371381405792683,,,1279.7644206992347,1279.7644206992347,1300.0,True,False,True,,,
SIM_DIR-1784850421,SIM_DIR,baseline,,116,116,377.0,0.0,0.0,1.0,1178.1931279791427,1178.170756597737,0.022371381405792683,1708.3800355697567,1531.6510663728855,,1531.6510663728855,,True,False,True,,,
SIM_DIR-1784850421,SIM_DIR,capstone_iii_fit_1x,fit_1x,116,116,377.0,0.0,0.0,1.0,1178.1931279791427,1178.170756597737,0.022371381405792683,,,1237.2016658090295,1237.2016658090295,1300.0,True,False,True,,,
SIM_DIR-1784850421,SIM_DIR,capstone_iii_fit_2x,fit_2x,116,116,377.0,0.0,0.0,1.0,1178.1931279791427,1178.170756597737,0.022371381405792683,,,1296.1102036389161,1296.1102036389161,1300.0,True,False,True,,,
SIM_DIR-1784850421,SIM_DIR,capstone_iii_fit_activity,fit_activity,116,116,377.0,0.0,0.0,1.0,1178.1931279791427,1178.170756597737,0.022371381405792683,,,1284.3284960729388,1284.3284960729388,1300.0,True,False,True,,,
SIM_DIR-1784850421,SIM_DIR,baseline,,117,117,379.0,0.0,0.0,1.0,1185.5136591074584,1185.4912877260526,0.022371381405792683,1718.9948057058145,1541.1677568396958,,1541.1677568396958,,True,False,True,,,
SIM_DIR-1784850421,SIM_DIR,capstone_iii_fit_1x,fit_1x,117,117,379.0,0.0,0.0,1.0,1185.5136591074584,1185.4912877260526,0.022371381405792683,,,1244.888223493761,1244.888223493761,1300.0,True,False,True,,,
SIM_DIR-1784850421,SIM_DIR,capstone_iii_fit_2x,fit_2x,117,117,379.0,0.0,0.0,1.0,1185.5136591074584,1185.4912877260526,0.022371381405792683,,,1304.1627878800637,1304.1627878800637,1300.0,False,True,False,,,
SIM_DIR-1784850421,SIM_DIR,capstone_iii_fit_activity,fit_activity,117,117,379.0,0.0,0.0,1.0,1185.5136591074584,1185.4912877260526,0.022371381405792683,,,1292.3078750028033,1292.3078750028033,1300.0,True,False,True,,,
SIM_DIR-1784850421,SIM_DIR,baseline,,118,118,381.0,0.0,0.0,1.0,1192.8451964252379,1192.8228250438322,0.022371381405792683,1729.6255348165948,1550.6987553528093,,1550.6987553528093,,True,False,True,,,
SIM_DIR-1784850421,SIM_DIR,capstone_iii_fit_1x,fit_1x,118,118,381.0,0.0,0.0,1.0,1192.8451964252379,1192.8228250438322,0.022371381405792683,,,1252.5863376774294,1252.5863376774294,1300.0,True,False,True,,,
SIM_DIR-1784850421,SIM_DIR,capstone_iii_fit_activity,fit_activity,118,118,381.0,0.0,0.0,1.0,1192.8451964252379,1192.8228250438322,0.022371381405792683,,,1300.2992506791827,1300.2992506791827,1300.0,False,True,False,,,
SIM_DIR-1784850421,SIM_DIR,baseline,,119,119,383.0,0.0,0.0,1.0,1200.1877367553727,1200.165365373967,0.022371381405792683,1740.2722182952905,1560.2440577819846,,1560.2440577819846,,True,False,True,,,
SIM_DIR-1784850421,SIM_DIR,capstone_iii_fit_1x,fit_1x,119,119,383.0,0.0,0.0,1.0,1200.1877367553727,1200.165365373967,0.022371381405792683,,,1260.296005024071,1260.296005024071,1300.0,True,False,True,,,
SIM_DIR-1784850421,SIM_DIR,baseline,,120,120,385.0,0.0,0.0,1.0,1207.5412769425866,1207.5189055611809,0.022371381405792683,1750.9348515667505,1569.8036600253627,,1569.8036600253627,,True,False,True,,,
SIM_DIR-1784850421,SIM_DIR,capstone_iii_fit_1x,fit_1x,120,120,385.0,0.0,0.0,1.0,1207.5412769425866,1207.5189055611809,0.022371381405792683,,,1268.0172222206456,1268.0172222206456,1300.0,True,False,True,,,
SIM_DIR-1784850421,SIM_DIR,baseline,,121,121,385.0,0.0,0.0,1.0,1208.627346450339,1208.6049750689333,0.022371381405792683,1752.5096523529915,1571.2155503854408,,1571.2155503854408,,True,False,True,,,
SIM_DIR-1784850421,SIM_DIR,capstone_iii_fit_1x,fit_1x,121,121,385.0,0.0,0.0,1.0,1208.627346450339,1208.6049750689333,0.022371381405792683,,,1269.1575952037856,1269.1575952037856,1300.0,True,False,True,,,
SIM_DIR-1784850421,SIM_DIR,baseline,,122,122,386.0,0.0,0.0,1.0,1212.8551826300115,1212.8328112486058,0.022371381405792683,1758.6400148135167,1576.711737419015,,1576.711737419015,,True,False,True,,,
SIM_DIR-1784850421,SIM_DIR,capstone_iii_fit_1x,fit_1x,122,122,386.0,0.0,0.0,1.0,1212.8551826300115,1212.8328112486058,0.022371381405792683,,,1273.596823192442,1273.596823192442,1300.0,True,False,True,,,
SIM_DIR-1784850421,SIM_DIR,baseline,,123,123,392.0,0.0,0.0,1.0,1232.812738804782,1232.7903674233762,0.022371381405792683,1787.5784712669338,1602.6565604462166,,1602.6565604462166,,True,False,True,,,
SIM_DIR-1784850421,SIM_DIR,capstone_iii_fit_1x,fit_1x,123,123,392.0,0.0,0.0,1.0,1232.812738804782,1232.7903674233762,0.022371381405792683,,,1294.5522571759507,1294.5522571759507,1300.0,True,False,True,,,
SIM_DIR-1784850421,SIM_DIR,baseline,,124,124,392.0,0.0,0.0,1.0,1233.9176817946654,1233.8953104132597,0.022371381405792683,1789.180638602265,1604.092986333065,,1604.092986333065,,True,False,True,,,
SIM_DIR-1784850421,SIM_DIR,capstone_iii_fit_1x,fit_1x,124,124,392.0,0.0,0.0,1.0,1233.9176817946654,1233.8953104132597,0.022371381405792683,,,1295.7124473153283,1295.7124473153283,1300.0,True,False,True,,,
SIM_DIR-1784850421,SIM_DIR,baseline,,125,125,392.0,0.0,0.0,1.0,1235.0223364659707,1234.999965084565,0.022371381405792683,1790.7823878756576,1605.529037405762,,1605.529037405762,,True,False,True,,,
SIM_DIR-1784850421,SIM_DIR,capstone_iii_fit_1x,fit_1x,125,125,392.0,0.0,0.0,1.0,1235.0223364659707,1234.999965084565,0.022371381405792683,,,1296.872334720199,1296.872334720199,1300.0,True,False,True,,,
SIM_DIR-1784850421,SIM_DIR,baseline,,126,126,393.0,0.0,0.0,1.0,1239.280031566743,1239.2576601853373,0.022371381405792683,1796.9560457717773,1611.064041036766,,1611.064041036766,,True,False,True,,,
SIM_DIR-1784850421,SIM_DIR,capstone_iii_fit_1x,fit_1x,126,126,393.0,0.0,0.0,1.0,1239.280031566743,1239.2576601853373,0.022371381405792683,,,1301.34291457601,1301.34291457601,1300.0,False,True,False,,,
SIM_DIR-1784850421,SIM_DIR,baseline,,127,127,393.0,0.0,0.0,1.0,1240.3869302353492,1240.3645588539434,0.022371381405792683,1798.5610488412563,1612.503009305954,,1612.503009305954,,True,False,True,,,
SIM_DIR-1784850421,SIM_DIR,baseline,,128,128,397.0,0.0,0.0,1.0,1254.1293828514126,1254.107011470007,0.022371381405792683,1818.4876051345482,1630.3681977068366,,1630.3681977068366,,True,False,True,,,
SIM_DIR-1784850421,SIM_DIR,baseline,,129,129,399.0,0.0,0.0,1.0,1261.5705229423643,1261.5481515609586,0.022371381405792683,1829.2772582664281,1640.0416798250735,,1640.0416798250735,,True,False,True,,,
SIM_DIR-1784850421,SIM_DIR,baseline,,130,130,400.0,0.0,0.0,1.0,1265.8580461944448,1265.835674813039,0.022371381405792683,1835.494166981945,1645.6154600527782,,1645.6154600527782,,True,False,True,,,
SIM_DIR-1784850421,SIM_DIR,baseline,,131,131,402.0,0.0,0.0,1.0,1273.3183143878541,1273.2959430064484,0.022371381405792683,1846.3115558623883,1655.3138087042105,,1655.3138087042105,,True,False,True,,,
SIM_DIR-1784850421,SIM_DIR,baseline,,132,132,402.0,0.0,0.0,1.0,1274.4491182097215,1274.4267468283158,0.022371381405792683,1847.9512214040963,1656.783853672638,,1656.783853672638,,True,False,True,,,
SIM_DIR-1784850421,SIM_DIR,baseline,,133,133,402.0,0.0,0.0,1.0,1275.5796373887947,1275.557266007389,0.022371381405792683,1849.5904742137523,1658.253528605433,,1658.253528605433,,True,False,True,,,
SIM_DIR-1784850421,SIM_DIR,baseline,,134,134,403.0,0.0,0.0,1.0,1279.8857128299285,1279.8633414485228,0.022371381405792683,1855.8342836033962,1663.851426678907,,1663.851426678907,,True,False,True,,,
SIM_DIR-1784850421,SIM_DIR,baseline,,135,135,406.0,0.0,0.0,1.0,1290.5544287539374,1290.5320573725317,0.022371381405792683,1871.303921693209,1677.7207573801186,,1677.7207573801186,,True,False,True,,,
SIM_DIR-1784850421,SIM_DIR,baseline,,136,136,421.0,0.0,0.0,1.0,1339.417250399158,1339.3948790177524,0.022371381405792683,1942.1550130787791,1741.2424255189055,,1741.2424255189055,,True,False,True,,,
SIM_DIR-1784850421,SIM_DIR,baseline,,137,137,421.0,0.0,0.0,1.0,1340.6000237384292,1340.5776523570235,0.022371381405792683,1943.8700344207223,1742.780030859958,,1742.780030859958,,True,False,True,,,
SIM_DIR-1784850421,SIM_DIR,baseline,,138,138,421.0,0.0,0.0,1.0,1341.7825059697093,1341.7601345883036,0.022371381405792683,1945.5846336560785,1744.3172577606222,,1744.3172577606222,,True,False,True,,,
SIM_DIR-1784850421,SIM_DIR,baseline,,139,139,421.0,0.0,0.0,1.0,1342.964698469832,1342.9423270884263,0.022371381405792683,1947.2988127812564,1745.8541080107816,,1745.8541080107816,,True,False,True,,,
SIM_DIR-1784850421,SIM_DIR,baseline,,140,140,421.0,0.0,0.0,1.0,1344.1466026088092,1344.1242312274035,0.022371381405792683,1949.0125737827732,1747.390583391452,,1747.390583391452,,True,False,True,,,
SIM_DIR-1784850421,SIM_DIR,baseline,,141,141,421.0,0.0,0.0,1.0,1345.328219749874,1345.3058483684683,0.022371381405792683,1950.7259186373174,1748.9266856748363,,1748.9266856748363,,True,False,True,,,
SIM_DIR-1784850421,SIM_DIR,baseline,,142,142,424.0,0.0,0.0,1.0,1356.1044717711482,1356.0821003897424,0.022371381405792683,1966.3514840681648,1762.9358133024928,,1762.9358133024928,,True,False,True,,,
SIM_DIR-1784850421,SIM_DIR,baseline,,143,143,425.0,0.0,0.0,1.0,1360.4950471708735,1360.4726757894678,0.022371381405792683,1972.7178183977665,1768.6435613221356,,1768.6435613221356,,True,False,True,,,
SIM_DIR-1784850421,SIM_DIR,baseline,,144,144,426.0,0.0,0.0,1.0,1364.890946937282,1364.8685755558763,0.022371381405792683,1979.0918730590588,1774.3582310184668,,1774.3582310184668,,True,False,True,,,
SIM_DIR-1784850421,SIM_DIR,baseline,,145,145,428.0,0.0,0.0,1.0,1372.4988912505262,1372.4765198691205,0.022371381405792683,1990.123392313263,1784.2485586256842,,1784.2485586256842,,True,False,True,,,
SIM_DIR-1784850421,SIM_DIR,baseline,,146,146,429.0,0.0,0.0,1.0,1376.9082411053687,1376.885869723963,0.022371381405792683,1996.5169496027845,1789.9807134369794,,1789.9807134369794,,True,False,True,,,
SIM_DIR-1784850421,SIM_DIR,baseline,,147,147,431.0,0.0,0.0,1.0,1384.535239540606,1384.5128681592003,0.022371381405792683,2007.5760973338786,1799.8958114027878,,1799.8958114027878,,True,False,True,,,
